{
  "product_title": "Kashi GOLEAN Instant Hot Cereal, Creamy Truly Vanilla, 11.2 Ounce Boxes (Pack of 6)",
  "byline_info": "Visit the Kashi Store",
  "product_description": "Product Description   Our creamy hot cereal has the staying power of protein and a light touch of vanilla sweetness. Kashi GOLEAN hot cereals give you the goodness of whole grains and protein with a warm touch. Treat yourself to a bowl of warm, creamy, whole grain cereal touched with the lightly sweet taste of real vanilla.   About the Brand   Kashi Company was founded in 1984 on the belief that everyone has the power to make healthful changes. The San Diego-based companys mission is to provide great tasting, all natural, and innovative foods that enable people to achieve optimal health, wellness, and weight management goals. All Kashi products are natural, minimally processed, and free of highly refined sugars, artificial additives, and preservatives.The Name \"Kashi\" In 1984, when Kashi Company founders Philip and Gayle Tauber created their unique Seven Whole Grains and Sesame blend, they considered several names for the product: Gold'n Grains, Kushi, Graino... Finally, they decided on Kashi--a synthesis of \"kashruth\" or kosher and \"Kushi\" the last name of the founders of Macrobiotics (a whole foods way of eating/living).  Later, they discovered that the word \"Kashi\" has many meanings around the world. In Russian, the name means porridge. In Hebrew, the word kashruth signifies simple or pure food. In Japanese, Kashi implies energy food. And in Chinese, it means happy food. To the company, Kashi means purity and healthy nutrition, and that's what you'll find in their unique blend of Seven Whole Grains and Sesame. Kashi products are foods for a balanced life.",
  "category": [
    "Grocery & Gourmet Food",
    "Breakfast Cereal",
    "Oatmeal"
  ],
  "alt_images": [
    "https://m.media-amazon.com/images/I/51ggdMqNefL.jpg",
    "https://m.media-amazon.com/images/I/51qco2DQPCL.jpg",
    "https://m.media-amazon.com/images/I/51zMdRVa5tL.jpg",
    "https://m.media-amazon.com/images/I/31t0RGKlfYL.jpg",
    "https://m.media-amazon.com/images/I/51-TwY9KreL.jpg",
    "https://m.media-amazon.com/images/I/41iic8k+mWL.jpg",
    "https://m.media-amazon.com/images/I/61YGDoet8UL.jpg"
  ],
  "product_detail": {
    "Package Dimensions": "16.2 x 7.4 x 6.7 inches; 5.1 Pounds",
    "Item model number": "10018627742002",
    "UPC": "018627742005",
    "Manufacturer": "Kashi",
    "ASIN": "B000EHP62Q",
    "Units": "67.2 Ounce",
    "Customer Reviews": "4.0 4.0 out of 5 stars 63 ratings"
  },
  "important_information": {
    "Safety Information": "Contains wheat, milk and soy ingredients.Contains wheat, milk and soy ingredients.",
    "Ingredients": "Whole Grain Rolled Oats, Evaporated Cane Juice, Chicory Root Fiber, Kashi Seven Whole Grains and Sesame Blend (Whole: Hard Red Winter Wheat, Oats, Rye, Barley, Triticale, Long Grain Brown Rice, Buckwheat, Sesame Seeds), Whey Protein Isolate, Soy Protein Isolate, Whole Flax Seeds, Potassium Chloride, Guar Gum, Molasses, Natural Vanilla Flavor, Evaporated Salt, Cinnamon.Whole Grain Rolled Oats, Evaporated Cane Juice, Chicory Root Fiber, Kashi Seven Whole Grains and Sesame Blend (Whole: Hard Red Winter Wheat, Oats, Rye, Barley, Triticale, Long Grain Brown Rice, Buckwheat, Sesame Seeds), Whey Protein Isolate, Soy Protein Isolate, Whole Flax Seeds, Potassium Chloride, Guar Gum, Molasses, Natural Vanilla Flavor, Evaporated Salt, Cinnamon.",
    "Directions": "For best results, make in microwave only. Just adding boiling water will no cook the whole grains. 1. Empty packet into microwave-safe bowl. 2. Add 2/3 cup water and stir ingredients. 3. Microwave on High 1 minute; stir. 4. Cook for additional 30 seconds to 1 minute. Allow to sit for desired consistency. For thicker hot cereal, use less water. For thinner hot cereal, use more water. Use a pot holder to handle a hot bowl.For best results, make in microwave only. Just adding boiling water will no cook the whole grains. 1. Empty packet into microwave-safe bowl. 2. Add 2/3 cup water and stir ingredients. 3. Microwave on High 1 minute; stir. 4. Cook for additional 30 seconds to 1 minute. Allow to sit for desired consistency. For thicker hot cereal, use less water. For thinner hot cereal, use more water. Use a pot holder to handle a hot bowl.",
    "Legal Disclaimer": "Statements regarding dietary supplements have not been evaluated by the FDA and are not intended to diagnose, treat, cure, or prevent any disease or health condition.Statements regarding dietary supplements have not been evaluated by the FDA and are not intended to diagnose, treat, cure, or prevent any disease or health condition."
  },
  "rating": {
    "score": "4 out of 5",
    "dist": {
      "5 star": "62%",
      "4 star": "12%",
      "3 star": "6%",
      "2 star": "8%",
      "1 star": "12%"
    }
  },
  "top_comments": [
    {
      "date": "July 13, 2013",
      "title": "Good product",
      "score": "5.0 out of 5 stars",
      "text": "To start with, Amazon is mixing reviews again.  The featured product, which this review applies to, is Kashi Creamy Truly Vanilla.  Other products, such as the Kashi Honey and Cinnamon, have different flavors and different availability.  Reviews for other products are meaningless and should be ignored.  In actual fact, the local Krogers only has the Honey and Cinnamon in their hot cereal selections (they have a vast array of Kashi cold cereals).  This Creamy Truly Vanilla is a basic cereal that you can dress up with other ingredients to your own taste.  I personally add cinnamon, nutmeg, and local fresh honey, along with dried fruit Good Sense Berry Medley, 5 Ounce Bags (Pack of 6)  The prepared product can be eaten without milk because it already has a creamy texture - that is an advantage over dry cereals as some people do not drink milk - it is also helpful when you forgot to buy milk at the grocery store.  Overall, this is an excellent cereal, particularly because you can add ingredients to your own taste.  Some reviewers have recommended almond butter and/or bananas, although I have not personally tried those combinations.  I would note that the Amazon price is good, and is comparable to what local grocery stores charge for comparable cereals.  They only down side is that you have to buy six boxes at a time.  I would note that I remember somewhat larger portions when I first started using Kashi cereal.  You can double the portion size by using two packets, but be aware that you need a larger bowl for the microwave to keep it from boiling over the sides.",
      "helpfulness": "3"
    },
    {
      "date": "May 12, 2015",
      "title": "I have eaten this product for years and just learned ...",
      "score": "1.0 out of 5 stars",
      "text": "I have eaten this product for years and just learned it has GMO ingredients. My reason for eating it was the high fiber. I considered it oatmeal which it is not. I now will never eat it again. A lawsuit was filed against Kashi for calling it natural. Kashi lost. I am switching to a non GMO organic cereal.",
      "helpfulness": "One"
    },
    {
      "date": "June 19, 2015",
      "title": "Two Stars",
      "score": "2.0 out of 5 stars",
      "text": "Thought it was oatmeal it is a packet of powder",
      "helpfulness": "0"
    },
    {
      "date": "August 27, 2015",
      "title": "It's good oatmeal.......",
      "score": "4.0 out of 5 stars",
      "text": "What can you say about oatmeal....  This one is good and healthy.  I put brown sugar and bananas on mine.",
      "helpfulness": "0"
    },
    {
      "date": "June 29, 2016",
      "title": "Small portioned bags",
      "score": "3.0 out of 5 stars",
      "text": "Very sweet and a lot of flax seed.If you're looking for fiber, this is for you!Preportioned bags are smaller and don't need a lot of milk or water.",
      "helpfulness": "0"
    },
    {
      "date": "January 12, 2016",
      "title": "wonderful, healthy cereal",
      "score": "5.0 out of 5 stars",
      "text": "I love this cereal, it really helps control my blood sugar and a great way to start the day. It's hard to find and can be expensive. Having it delivered from Amazon is great, I don't have to worry about running out and it's a good price.  Thank you  Amazon",
      "helpfulness": "0"
    },
    {
      "date": "October 12, 2015",
      "title": "Horrible Taste",
      "score": "1.0 out of 5 stars",
      "text": "If you like eating cardboard, this is the oatmeal for you. One of the most bland things I've ever tasted. Great deal if you've tried and like this, though.",
      "helpfulness": "0"
    },
    {
      "date": "April 23, 2014",
      "title": "Good taste for Healthy stuff but bad on the stomach",
      "score": "2.0 out of 5 stars",
      "text": "The taste and texture are different from most oatmeal but I enjoyed it, not too sweet and not too plain. My largest complaint is that it bothers my stomach so bad that I feel it the rest of the day, making it impossible to workout later.If they didn't add so much extra fiber it would be better, will not buy again.",
      "helpfulness": "0"
    }
  ]
}