{
  "product_title": "Gustaf's Dutch Licorice, Double Salt, 7-Ounce Containers (Pack of 6)",
  "byline_info": "Visit the Gustaf's Store",
  "product_description": "Double Salt licorice is not for everybody, it takes an acquired taste to appreciate it. Yet many Europeans and people that have traveled Europe just love it! For \"sweet licorice\", please try our Gustaf's Soft Drops or Gustaf's Cats. Traditional Dutch. Made in Holland.",
  "category": [
    "Grocery & Gourmet Food",
    "Snacks & Sweets",
    "Candy & Chocolate",
    "Licorice"
  ],
  "alt_images": [
    "https://m.media-amazon.com/images/I/51nKJcZdCOL.jpg",
    "https://m.media-amazon.com/images/I/51EugewRAWL.jpg",
    "https://m.media-amazon.com/images/I/31MT7qxHgML.jpg",
    "https://m.media-amazon.com/images/I/31+kog-wrUL.jpg"
  ],
  "product_detail": {
    "Package Dimensions": "11.3 x 6.6 x 3.9 inches; 7 ounces",
    "UPC": "086232311206 086232311107 086232311121",
    "Manufacturer": "Gustaf's",
    "ASIN": "B000ETXO8M",
    "Units": "42 Ounce",
    "Customer Reviews": "3.9 3.9 out of 5 stars 67 ratings"
  },
  "important_information": {
    "Ingredients": "Sugar, Glucose Syrup, Modified Starch, Starch, Ammonium Chloride, Cane Sugar Syrup, Licorice Extract, ColourSugar, Glucose Syrup, Modified Starch, Starch, Ammonium Chloride, Cane Sugar Syrup, Licorice Extract, Colour",
    "Legal Disclaimer": "Statements regarding dietary supplements have not been evaluated by the FDA and are not intended to diagnose, treat, cure, or prevent any disease or health condition.Statements regarding dietary supplements have not been evaluated by the FDA and are not intended to diagnose, treat, cure, or prevent any disease or health condition."
  },
  "rating": {
    "score": "3.9 out of 5",
    "dist": {
      "5 star": "48%",
      "4 star": "25%",
      "3 star": "9%",
      "2 star": "9%",
      "1 star": "9%"
    }
  },
  "top_comments": [
    {
      "date": "February 12, 2009",
      "title": "\"Acquired Taste\" is an Understatement!",
      "score": "5.0 out of 5 stars",
      "text": "So the story goes like this.  I'm working at the office one day several years ago when a co-worker pulls out a tub of Gustaf's and tells me to try a licorice coin.  Now, I hate licorice.  Always have.  But I decided to humor him.  Within 5 seconds that candy was out of my mouth and into the nearest trash can.  He assured me that his initial response to the candy was similar, but that several weeks later he began to crave their curious flavor.It took a bit longer for me to come around, but it's true.  There is definitely something about this candy that I love.  It's not your traditional candy.  There's nothing \"sweet\" about it.  It's like a salt-lick for humans, tapping into that part of our primal instinct that craves a salty flavor every now and then.The initial insertion of the candy is a shock, like a weird chemical burn on your tongue that you want absolutely no part of!  Wait it out.  Suck on one of the coins for a while.  Put it in between your teeth and squeeze out the salty, licorice flavor.  It's different than regular licorice, whose flavor is only really apparent towards then end of the candy when you've sucked all the saltiness from it.Take your time with a piece and give it a shot. It's an acquired taste; like coffee or beer, and it's definitely not for everyone.  And it's not one of those candies that you just want to keep in a jar on your desk year round.  But occasionally - say, once every 12 - 16 months - you'll want to pick up a tub and go through it.  That's the way it is for me, at least, and I wouldn't have it any other way!",
      "helpfulness": "One"
    },
    {
      "date": "September 15, 2010",
      "title": "Love it or hate it, these are unique",
      "score": "4.0 out of 5 stars",
      "text": "If you've never tasted salty licorice, don't buy this bulk pack. It's not the same as sweet black licorice at all, and I don't blame the folks giving it one star. You absolutely need to find a $.50 roll of salmaki first, or you might wind up throwing the whole shipment out, because these are a very acquired taste. But I love them, a few at a time, and they were just what I'd been looking for ever since a friend introduced me. Best of all, they're vegan-friendly, with no glycerin at all.The first taste that hits your tongue feels like a salt lick; once you've melted off the outer layer the taste and texture mellows out quite a bit. They're hard but not especially gummy; they dissolve easily in the mouth. After a couple you get quite used to the taste and it's no longer a shock, more of a savory that gets you to munch some more, but it does leave the palate quite cleansed for a while. I haven't yet found a red wine or liquor these don't clash violently with, but a very acidic white works pretty well.The only trouble is that there are so many; I've had the 6-pack for a month and I'm not even half way through the first tin! I can't in good conscience palm them off on friends and family!",
      "helpfulness": "One"
    },
    {
      "date": "November 30, 2014",
      "title": "I love salted licorice",
      "score": "1.0 out of 5 stars",
      "text": "I love salted licorice.  This had very little flavor and an aftertaste like ammonia. Opened two packages, same results.  Threw all six tubs away.",
      "helpfulness": "0"
    },
    {
      "date": "January 19, 2013",
      "title": "Double Salt",
      "score": "2.0 out of 5 stars",
      "text": "I love licorice,  but this was just  too salty for me.  I know it's not for everyone.  Even my licorice LOVING horse won't eat it.  I gave it to my Dutch asst. mgr. at work, & she doesn't care for it either.  On the upside, however, her mom & sister's love it, so in truth, just because it's not for me, I cannot say negative things about it.  Different tastes are what makes the world interesting.",
      "helpfulness": "0"
    },
    {
      "date": "January 12, 2011",
      "title": "A disappointment - too flat",
      "score": "3.0 out of 5 stars",
      "text": "First of all, I'm a licorice fiend - and not the so-called licorice typically sold in the US.  I grew up in Sweden with the real deal - I even bought ultra-bitter licorice sticks from the pharmacy, back when they sold that.My favorites range from Malaco to Fazer - with ammonium chloride filled licorice candy like Turkish Pepper at the top.Bassett's is the substitute of choice in the US - not much available here.With that said, here's what I thought about Gustaf's - and I bought a whole case.  It's too flat, it hits a very narrow band of licorice flavor - something missing to make it bloom.Great chewability, lots of licorice flavor, but no depth - if that makes sense to you.  Most other licorice versions that I like hit a much broader range.It's worth a try, but I suggest that you make this a small portion of a mixed plate of various licorice types.",
      "helpfulness": "9"
    },
    {
      "date": "June 8, 2007",
      "title": "Genuine Article",
      "score": "5.0 out of 5 stars",
      "text": "I love licorice and thought I would try this stuff out. I wondered how a double-salt licorice could have 0 mg of sodium. Well, the answer is, the saltiness is the ammonium chloride. There is no sodium chloride (table salt) in this licorice. I'm not sure that ammonium chloride is any better for you than plain old salt, but since it is 'sodium free' it appears on the surface to be a healthy choice. Bottom line: This stuff is salty. A very close friend of mine is Dutch. He's not the typical, \"I'm Dutch because my grandparents came from Holland.\" He is the real deal. He is not even remotely interested in visits to Amsterdam, like most people are. I told him I had some Dubbel Zout (Dutch for double-salt) and he was over to see me instantly. He loved it. Where most people immediately spat it out or nearly choked on it, he was crazy about it. I think that says a lot about its authenticity. Now, as to the saltiness, if that's not your thing, I suggest not buying six tubs at first (though the price is great), but rather pick up a single tub from an import market. If you have tried the double-salt and think that all of the dutch licorice is like that, then you need to try Gustaf's Licorice Coins (which my friend refers to as single-salt). They are outstanding as well. Both the double-salt and single-salt are interesting and authentic Dutch confections and I highly recommend them both.",
      "helpfulness": "11"
    },
    {
      "date": "January 9, 2007",
      "title": "The Real Salt",
      "score": "4.0 out of 5 stars",
      "text": "This is a good price for this amount of quality licorice.  This is the traditional Dutch concoction containing a strong salt taste and smell.Not for everyone, the taste of this product is less sweet but more long lasting than the licorice candies we are used to eating in America.  If you know you like this strongly flavored licorice this is a bargain.",
      "helpfulness": "2"
    }
  ]
}