{
  "product_title": "Stash Tea Organic Earl Grey Black Tea, 18 Count Tea Bags in Foil (Pack of 6) Individual Tea Bags for Use in Teapots Mugs or Cups, Black Tea and Green Tea, Brew Hot or Iced",
  "byline_info": "Visit the Stash Store",
  "product_description": "Product Description   Our Organic Earl Grey has a golden color in the cup, and an invigorating, full-bodied taste that refreshes the body and spirit.   About the Brand   The Stash Tea Company is headquartered in Tigard, Oregon, a suburb of Portland. Founded in 1972, Stash Tea originally operated out of an old Portland Victorian style house, supplying loose herbal teas and bulk herbs to natural food stores. Starting in 1975, the company broadened its focus to include bagged teas and then began to sell a full line of traditional, specialty blend and herbal teas directly to fine restaurants and through a mail-order catalog to consumers. Today, Stash Tea is enjoying steady growth and has become one of the largest specialty tea companies in the United States, with products available through foodservice, grocery stores, tea and coffee shops, club stores, mass merchandisers, natural foods stores, mail order, and the Internet. Stash Tea is also available in Canada and in several foreign countries. The company derives its name from an entertaining aspect of tea folklore. In earlier centuries, tea was a valuable commodity traditionally transported by clipper ship. The ship's captain often was presented with some of the finest teas for his personal use. This supply was his \"stash,\" stowed carefully as his \"private reserve.\" Today, the term still is used to denote anything put away carefully because of its preciousness.",
  "category": [
    "Grocery & Gourmet Food",
    "Beverages",
    "Tea",
    "Black"
  ],
  "alt_images": [
    "https://m.media-amazon.com/images/I/41eUo-hEI0L.jpg",
    "https://m.media-amazon.com/images/I/41LBRa4JX0L.jpg"
  ],
  "product_detail": {
    "Is Discontinued By Manufacturer": "No",
    "Package Dimensions": "9.69 x 5.91 x 5.67 inches; 1.31 Pounds",
    "Item model number": "08284",
    "Manufacturer": "Stash Tea",
    "ASIN": "B000CQIDK6",
    "Units": "6.6 Ounce",
    "Customer Reviews": "4.8 4.8 out of 5 stars 65 ratings"
  },
  "important_information": {
    "Safety Information": "This product is labelled to United States standards and may differ from similar products sold elsewhere in its ingredients, labeling and allergen warnings.This product is labelled to United States standards and may differ from similar products sold elsewhere in its ingredients, labeling and allergen warnings.",
    "Ingredients": "Organic Black Tea; Organic Green Tea; Organic Bergamot OilOrganic Black Tea; Organic Green Tea; Organic Bergamot Oil",
    "Directions": "To savor the full flavor of our teas, bring fresh water to a rolling boil. Pour hot water directly over the tea bag in a pre-heated pot or cup. Brew 3-5 minutes or to desired taste. One tea bag makes 8 ounces of hot tea. For iced tea, brew double strength.To savor the full flavor of our teas, bring fresh water to a rolling boil. Pour hot water directly over the tea bag in a pre-heated pot or cup. Brew 3-5 minutes or to desired taste. One tea bag makes 8 ounces of hot tea. For iced tea, brew double strength.",
    "Legal Disclaimer": "Statements regarding dietary supplements have not been evaluated by the FDA and are not intended to diagnose, treat, cure, or prevent any disease or health condition.Statements regarding dietary supplements have not been evaluated by the FDA and are not intended to diagnose, treat, cure, or prevent any disease or health condition."
  },
  "rating": {
    "score": "4.8 out of 5",
    "dist": {
      "5 star": "86%",
      "4 star": "11%",
      "3 star": "3%",
      "2 star": "0%",
      "1 star": "0%"
    }
  },
  "top_comments": [
    {
      "date": "October 10, 2010",
      "title": "This is a staple at my house",
      "score": "5.0 out of 5 stars",
      "text": "I love this tea!  I'd underestimated that, however, when I subscribed to the Stash organic sampler.  Stash Premium Organic Tea Sampler, Variety Pack of Eight Flavors, Tea Bags, 18-Count Boxes (Pack of 6)  I (mistakenly) figured that I'd still get enough of this to suit me, but was wrong.  Yes, I do enjoy the options, but even so, was too soon out of this one.  That's why I came here to subscribe to it.Many times only this particular tea will satisfy, such as first thing in the morning, or when I want an afternoon lift.  I was brought up with the old German custom of \"tea time,\" where black tea was daily served at 4 pm., and so I've been a black tea fan for most of my life.  That tea was OK (it was all I knew), but this black tea is significantly better!  I'm attached to the taste, which carries the familiar acidic \"bite\" of black tea, but balances it with the alkaline health effects of green tea.  Like some others, I'd been initially put off by the black/green combo, wondering what to expect.  Now, however, I can say to anyone considering it, that if you like Earl Grey tea, then you'll love this version!For me, the flavor is best when the tea is piping hot (and less enjoyable if allowed to cool).  Consequently, I tend to brew it in an insulated stainless steel mug, which is then topped by a silicone cup lid (similar to the one at this link).  [...]Currently I'm exploring infused tea, being curious about why gourmet tea drinkers will tend to disdain bagged tea.  I just may discover flavors unexperienced!  Even so, I doubt this Earl Grey version will lose its high placement on my favorites list.  Simply put, it hits the spot.  Anyway, teabags are very convenient to use first thing in the morning!I've been a long-time fan of Stash (even before I switched to organic tea only), and so I've welcomed Amazon's prices.  With the addition of the \"subscribe & save\" option, this is an especially good deal.",
      "helpfulness": "3"
    },
    {
      "date": "January 9, 2013",
      "title": "Good basic tea",
      "score": "4.0 out of 5 stars",
      "text": "I love my tea in the afternoon. I have always liked Earle Grey teas even though if I drink alot of it, the bergamot oil bothers my stomach. I also like green teas so when I found this one at my local store I thought I would give it a try. It is very pleasant, accommodating my cream and honey very well. I also feel good about getting benefit from both black and green tea. The price is better on Amazon then in my store and subscribe and save makes it easy for me to continually have it on hand. My closest store is sixteen miles away so this service is appreciated.",
      "helpfulness": "One"
    },
    {
      "date": "February 3, 2013",
      "title": "I love this tea combination.",
      "score": "5.0 out of 5 stars",
      "text": "I came across this tea in the grocery store and had to give it go.  Early Grey is one of my fav's then mixed with green tea, which I'm ho hum about but like the idea that it may have very beneficial properties, I though it would be a perfect combo.  It is a perfect combo. They stopped caring it at my grocery store and luckily I found it here, and in a cases to boot.  Well, I've gone through about 5 cases personally so far of this tea.  I love it and it's my all time favorite tea but with a disclaimer, I ice it.  This is the best ice tea ever. I brew it in the Am and it goes straight on ice.  So good.  I hope Stash keeps this tea in it's stable for ever cause if they stop producing it, I'm screwed.",
      "helpfulness": "4"
    },
    {
      "date": "June 2, 2010",
      "title": "SeattleLee",
      "score": "3.0 out of 5 stars",
      "text": "Loved the distinct flavor of Stash Organic Chai Black and Green Tea and, when I could not find it, finally purchased the Earl Grey Black and Green.  Found it okay, but nothing unusual or extremely tasty.  Will not repurchase and will continue to locally watch for the Organic Chai Black and Green Tea.",
      "helpfulness": "0"
    },
    {
      "date": "April 8, 2011",
      "title": "Time for Tea!",
      "score": "5.0 out of 5 stars",
      "text": "I have been buying this tea for a while from a local grocery store but it must be popular b/c it was often out of stock on the shelf so I decided to start buying from  Amazon to ensure I would not have a tea shortage.  Like one reviewer mentioned the bergamot or earl grey flavor is not as strong as some brands but this particular combination of earl grey black and green together is difficult to find especially in an affordable organic tea.  Prior to discovering this tea I used to use one earl grey tea bag and one green tea tea bag, but this product just makes it simpler.  This is also a great tea if you're like me and really prefer the taste of black tea but want to get the benefits of the green tea too.",
      "helpfulness": "0"
    },
    {
      "date": "December 11, 2010",
      "title": "This stuff is awesome",
      "score": "5.0 out of 5 stars",
      "text": "Seriously, it is so good!  Tea snobs that insist on using a decanter make me laugh.  \"Who uses tea bags?\", they say.  If you're feeling hip, you could go down to your local shopping mall, go inside a Teavana store, and spend over $100 bucks on a fancy teapot.  Or, you could just buy a stainless-steel electric water heater for $10 and this tea for under $20.  I drink at least 2 cups of the stuff at work.  While it's super easy to screw up a good cup of coffee, it's impossible to screw up a good cup of Stash Early Grey Black and Green!",
      "helpfulness": "0"
    },
    {
      "date": "January 24, 2016",
      "title": "Good value, but less flavorful than earlier orders",
      "score": "4.0 out of 5 stars",
      "text": "Ok, but not as flavorful as previous orders. Less \"Earl Gray\" (bergamot) flavor than when I've purchased this from then previously. Don't know if they have put less bergamot in each tea bag. Disappointed, as it used to be totally great, now just ok.",
      "helpfulness": "0"
    },
    {
      "date": "October 31, 2018",
      "title": "LOVE",
      "score": "5.0 out of 5 stars",
      "text": "I love this tea.  If you like Earl Grey and green tea I don't think you will be disappointed.  I used to buy the straight Stash Earl Grey, and then I saw this option with the mixed black tea with green tea and I bought an entire case!  Besides how good the taste is, I also like that I'm getting the benefits of some green each day while still getting my earl grey black tea fix =)",
      "helpfulness": "One"
    }
  ]
}