{
  "product_title": "George's Aloe Vera Liquid Supplement, 128 oz",
  "byline_info": "Brand: George's",
  "product_description": "George's Always Active Aloe Vera Description: Fractionally Distilled Liquid from Aloe Vera Leaves. Free Of Preservatives, additives, bitterness and anthraquinone. Disclaimer: These statements have not been evaluated by the FDA. These products are not intended to diagnose, treat, cure, or prevent any disease.",
  "category": [
    "Health & Household",
    "Vitamins, Minerals & Supplements",
    "Herbal Supplements",
    "Aloe Vera"
  ],
  "alt_images": [
    "https://m.media-amazon.com/images/I/31KPRMbrMdL.jpg",
    "https://m.media-amazon.com/images/I/31cj4MeaLzL.jpg",
    "https://m.media-amazon.com/images/I/31AMtY7HMFL.jpg",
    "https://m.media-amazon.com/images/I/41nuKTlMheL.jpg",
    "https://m.media-amazon.com/images/I/31FIrzaAMHL.jpg",
    "https://m.media-amazon.com/images/I/31CscLwve4L.jpg"
  ],
  "product_detail": {
    "Is Discontinued By Manufacturer": "No",
    "Product Dimensions": "11.86 x 6.1 x 6.1 inches; 8 Pounds",
    "Item model number": "GE10098",
    "Material Feature": "Compostable Warning",
    "Date First Available": "June 10, 2004",
    "Manufacturer": "George's Aloe Vera",
    "ASIN": "B00014EB6O",
    "Best Sellers Rank": "#11,594 in Health & Household (See Top 100 in Health & Household) #7 in Aloe Vera Herbal Supplements #1,259 in Diet & Sports Nutrition #1,325 in Sales & Deals",
    "#7 in Aloe Vera Herbal Supplements": "",
    "#1,259 in Diet & Sports Nutrition": "",
    "#1,325 in Sales & Deals": "",
    "Customer Reviews": "4.6 4.6 out of 5 stars 12,695 ratings"
  },
  "important_information": {},
  "rating": {
    "score": "4.6 out of 5",
    "dist": {
      "5 star": "80%",
      "4 star": "9%",
      "3 star": "5%",
      "2 star": "1%",
      "1 star": "5%"
    }
  },
  "top_comments": [
    {
      "date": "October 27, 2024",
      "title": "help minimize my gluten issues",
      "score": "5.0 out of 5 stars",
      "text": "Aloe vera juice is great for digestion and it helps lessen the severity of my sensitivity to gluten.  But the thing that sets George's apart from other brands that I have tried is that it is tasteless.  It's just like drinking water.  Aloe juice has a pretty strong flavor that I don't particularly care for, but George's aloe vera juice removes that objectionable taste.  I really wondered if it wasn't simply water, but I have found when I fail to drink it for several days that my digestive system goes off kilter.  I am happy that it works well and is easy to take.",
      "helpfulness": "44"
    },
    {
      "date": "March 31, 2025",
      "title": "great product with no taste.",
      "score": "5.0 out of 5 stars",
      "text": "I have been using this product since the 1980s. It is consistent and great product. It stops heartburn. It has stopped my stomach cramps in a few minutes. I also use it to help the tissue in my mouth heal after dental work. I have applied it to burns and bug bites with success at stopping the irritation. I have meant the owner. One time I went to his house and he spent time with me. He is a great person.",
      "helpfulness": "12"
    },
    {
      "date": "October 2, 2017",
      "title": "This is the perfect aloe. My naturopath recommended it several years ago ...",
      "score": "5.0 out of 5 stars",
      "text": "This is the perfect aloe.  My naturopath recommended it several years ago to calm my Barrett's Esophagus, and I had never been a fan of aloe for two specific reasons--the taste and the side effects.But George's is very different.  If you refrigerate it, you're treated to an ice cold beverage that looks and tastes like the best distilled water.  It also has zero side effects, so no worries about aftertaste or diarrhea.  There is absolutely no taste, and George's goes through a process that removes the laxative property.  This allows me to focus on the healing properties of the aloe, and I never dread drinking itIt's clear, clean, and delicious (if you like water). It is also the ideal liquid aloe to add to smoothies.I'm thrilled to report that drinking two ounces twice a day and when in distress, along with some necessary dietary restrictions, has cleared up the esophageal bleeds.I recommend George's to friends and colleagues at every opportunity.  I was thrilled to find it here.  Ordering was easy, and a dash button makes reorders a breeze.  The large bottle may be tall for your fridge, but I keep mine on the bottom shelf.  You could also transfer it to a pitcher.l'm so grateful for this incredibly great natural product.",
      "helpfulness": "481"
    },
    {
      "date": "November 24, 2017",
      "title": "A miracle juice for Acid Reflux (LPR/GERD)",
      "score": "5.0 out of 5 stars",
      "text": "I started taking this Aloe Vera juice a month ago and it’s really helping my nocturnal acid reflux (LPR and GERD). I used to wake up choking from reflux at night, heart burn at times, and wake up with a sore throat, but after 3 weeks of drinking this, 2 oz per day, I don’t have these problems anymore. I’m finally sleeping through the night and my throat is really healing. My theory is the enzymes and the anti inflammatory properties in Aloe Vera really helped my digestion. I used to have a lot of belching after meals with food fermenting and creating gases which caused the LES (lower spinchter) to relax and let acid up. I no longer experience this. My stomach is emptying as it should now. I researched side effects of Aloe Vera juice and this is the best kind. Unlike the other Aloe Vera juices, they removed the toxic ingredients that have the laxative effect. I also love how they removed the bitterness from this juice and it’s free from preservatives. This is the only kind of Aloe Vera juice I would dare to take long term. It’s a fantastic product. Now when I know it’s helping I take 2 oz twice a day before breakfast and dinner. I’m combining this treatment with eating slowly, chewing well and smaller meals but I have been able to have wine and dessert without having any problems.",
      "helpfulness": "25"
    },
    {
      "date": "July 25, 2025",
      "title": "tasteless and works great",
      "score": "4.0 out of 5 stars",
      "text": "wonderful product no nasty taste and works great",
      "helpfulness": "0"
    },
    {
      "date": "August 25, 2016",
      "title": "I LOVE this stuff",
      "score": "5.0 out of 5 stars",
      "text": "I LOVE this stuff.  I bought it after I had several unfortunate bouts with kidney stones.  I read somewhere that aloe vera juice could help with kidney stones, and I was desperate to try anything that might work at the time!  If you told me to stand on my head and sing out loud to end the kidney stones I would have!  I say this because I am not one to easily believe in homeopathic treatments or non-FDA approved supplements.I can't speak to the scientific efficacy of the product or if it truly treats/cures kidney stones. What I can say is that anecdotally, I have not had a single kidney stone since beginning to drink this stuff.  That could be coincidence, but I'll take it!I also had occasional trouble with GERD and once had a stomach ulcer.  When I drink this stuff I seem to have no issues with acid reflux at all.  It's not the kind of thing you can take after you feel the reflux to treat it...but if you start a regiment of this every day, it will keep the acid from ever being a problem.  In other words, it's preventative and I wouldn't buy it expecting anything else.Finally, I read a review that claimed this aloe vera juice was nothing more than water and I would like to address this.  I can understand why someone might think that, because it tastes just like water.  There is no weird after taste or no bitter taste whatsoever.  So I can understand why someone might wonder if it is simply water...however, I can verify that it is definitely not water.  It has a lower freezing point than water.  I like to put the bottle of aloe vera in the very back of my fridge were it is coldest.  If I put water bottles in this spot of my fridge, the water begins to freeze, however this aloe vera never freezes but gets nice and cold, just the way I like it :)",
      "helpfulness": "46"
    },
    {
      "date": "September 3, 2025",
      "title": "I loved it",
      "score": "5.0 out of 5 stars",
      "text": "Very good, it cleansed my body and removed some fungus I had. I highly recommend it. Super good.",
      "helpfulness": "0"
    },
    {
      "date": "May 29, 2025",
      "title": "Aloe is a must",
      "score": "5.0 out of 5 stars",
      "text": "Love it! No real taste! Got me off my Gerd medications! Take a shot every night before bed and if I feel like I need it, whenever.",
      "helpfulness": "9"
    }
  ]
}