{
  "product_title": "Altoids Curiously Strong Mints, Liquorice, 1.76-Ounce Tins (Pack of 12)",
  "byline_info": "Brand: Altoids",
  "product_description": "Product Description   The old-world taste of Liquorice Altoids delivers the same bittersweet, aromatic intensity, and authentic flavor expected from Altoids.   About the Brand   Around the turn of the 19th century, during the reign of King George III, the recipe for the original Altoids was perfected by Smith & Company, a London confectionary firm. They were first sold in the U.S. in 1918, at that time sold in small, rectangular cardboard cartons. The tins so recognizable today were first introduced in the 1920s to help protect the mints and to stay neatly closed in pockets and handbags. Today, the Altoids line includes mints, sours, and gum. Why Are They Called Altoids? The exact origin of the name is unclear, but it seems that during the 19th century confections were given names employing the -oids suffix to imply a medicinal benefit (Altoids were promoted for more than a century as a \"stomach calmative,\" though of course Altoids provides no medicinal benefit). Smith & Company also marketed several other remedies with oids in their names, such as Benoids for delicate throats and chests, Zenoids for an easy digestion, Cyphoids to defend your throat, and Notoids antiseptic voice and throat pastilles.",
  "category": [
    "Grocery & Gourmet Food",
    "Snacks & Sweets",
    "Candy & Chocolate",
    "Mints"
  ],
  "alt_images": [
    "https://m.media-amazon.com/images/I/51xmEB8iVNL.jpg",
    "https://m.media-amazon.com/images/I/414-g2tm8uL.jpg",
    "https://m.media-amazon.com/images/I/51282EoO-ML.jpg",
    "https://m.media-amazon.com/images/I/51iIGebIGaL.jpg",
    "https://m.media-amazon.com/images/I/412roeThauL.jpg"
  ],
  "product_detail": {
    "Package Dimensions": "7.9 x 7.5 x 1.8 inches; 1.76 ounces",
    "UPC": "066510551388 022000158994",
    "Manufacturer": "Altoids",
    "ASIN": "B000FKL0D6",
    "Units": "21.12 Ounce",
    "Customer Reviews": "4.5 4.5 out of 5 stars 187 ratings"
  },
  "important_information": {
    "Legal Disclaimer": "Statements regarding dietary supplements have not been evaluated by the FDA and are not intended to diagnose, treat, cure, or prevent any disease or health condition.Statements regarding dietary supplements have not been evaluated by the FDA and are not intended to diagnose, treat, cure, or prevent any disease or health condition."
  },
  "rating": {
    "score": "4.5 out of 5",
    "dist": {
      "5 star": "80%",
      "4 star": "5%",
      "3 star": "5%",
      "2 star": "5%",
      "1 star": "5%"
    }
  },
  "top_comments": [
    {
      "date": "January 18, 2013",
      "title": "ONE REMARKABLE MINT!",
      "score": "5.0 out of 5 stars",
      "text": "If you are a fan of incredibly strong flavors, if you like the Altoids way of creating them, if you cannot exist without licorice in your life and think that you have experienced it all, and if you like the Altoids way of provoking a flavor sensation to an extreme - you, like me, will be hooked. It will become a unique, acquired taste - in the Altoids way of doing things.I found these a few years ago at my local drug store chain. Thought them remarkable and let enough time pass that I could no longer find them at retail. I thought I learned then that they were discontinued. Imagine joy and you will have the essence of the feeling when I found them at Amazon. And - yes! - they are a fresh and dated product!And before they disappear from me again, this reminds me to plan a second order. Most particularly from this merchant. Excellent service.",
      "helpfulness": "3"
    },
    {
      "date": "November 25, 2011",
      "title": "Liquorice Altoids",
      "score": "5.0 out of 5 stars",
      "text": "I was hesitant to order this product, not knowing how strong the mints would be, and with it being a whole case of 12.  But they are very tasty.  I've shared them with at least 15 people, and most of them liked the flavor.  Some found the licorice flavor to be strong, but if you like licorice jellybeans, you will like these.  It is best to let them dissolve slowly, rather than chew them quickly.  The flavor does have a soothing effect on the throat.  The scent is very strong.  People notice that you are using them if they are nearby.  If you leave them in a drawer or cabinet, the scent will surround the space.  But I think they are worth it because they are different, not quite a mint, and leave a good feeling in one's mouth after you have had one.",
      "helpfulness": "0"
    },
    {
      "date": "March 20, 2012",
      "title": "HORRAY  !",
      "score": "5.0 out of 5 stars",
      "text": "Finally Altoids made a most tempting Altoids flavor of liquorice !  I have tried almost all varieties & since liquorice candy is my favorite I tried this and loved it.  Its especially strong  ( which is great ) and since the mints are white as all of Altoids falvors are;  they do NOT stain your mouth like other black liquorice candy.  Everyone in my family loves these.  I bought a whole case.  Horray for this item.  5 stars.  Nutritional label is as follows :  Calories  ( for 3 pcs ) is 10, total fat zero, sodium zero, total carbs 2 grams, sugars 2 grams.  Ingredients are: Sugar, natural flavors, gum arabic, gelatin.  I highly recommend these to anyone whom loves liquorice without the black stain.",
      "helpfulness": "One"
    },
    {
      "date": "March 15, 2025",
      "title": "Buy it",
      "score": "5.0 out of 5 stars",
      "text": "Great product",
      "helpfulness": "0"
    },
    {
      "date": "October 22, 2023",
      "title": "Fantastic. The best Altoid flavor every. NO LONGER AVAILABLE",
      "score": "5.0 out of 5 stars",
      "text": "I love these and I am very disappointed that they are no longer available.",
      "helpfulness": "0"
    },
    {
      "date": "September 19, 2011",
      "title": "multi-purpose mints",
      "score": "5.0 out of 5 stars",
      "text": "Liquorice Altoids are the most versatile \"candy\" I have ever tasted. They are delicious as as a candy, breath mint, help with nausea and stomach acid. Since I take many medications, I cannot take the usual anti-acids. I have found out that if I take some liquorice altoids my stomach problems go away. The liquorice taste is awesome - and I should know, having grown up in Holland where liquorice is big business. The only wish I have is that I would like to see it in sugar-free, because I am a diabetic.",
      "helpfulness": "0"
    },
    {
      "date": "September 13, 2009",
      "title": "Licorice candy, Great! Altoids Licorice Mints, UGH!",
      "score": "1.0 out of 5 stars",
      "text": "After seeing the Altoids advertisement in Amazon and based on the many favorable reviews, I quickly ordered the 12 pack. When it arrived and I took the first mint in my mouth, the aroma and taste wasn't what I expected. After the first mint, I felt a queasy feeling and quickly brushed my teeth and tongue to get rid of the lingering, nauseating taste, YUK!The tin's shelf life was less than a year and half from time of receipt: 14 Nov 2010 and the ingredients seemed okay: sugar, natural flavors, gum arabic and gelatin, but the freshness of the ingredients?? The mints in the tin were larger when compared to an aspirin or tylenol pill and the uniformity of mints shape were uneven giving suspect to faulty production quality control. The distributor was Callard and Browser of Chicago, but the source of production is unknown.If you like licorice candy and want to try ordering a 12 pack of Altoids Licorice mints from Amazon, I suggest to find a outlet where you can buy just one tine and sample it to determine that it meets your expectations in terms of value, taste, aroma, and after experience.",
      "helpfulness": "One"
    },
    {
      "date": "August 15, 2014",
      "title": "I can't believe I wasted my money on those nasty Altoids",
      "score": "2.0 out of 5 stars",
      "text": "This low rating has everything to do with the flavor and not the seller.  I can't believe I wasted my money on those nasty Altoids.  No wonder you can't find Liquorice in the stores.  I'll just stick with the other flavors they do sell",
      "helpfulness": "0"
    }
  ]
}