{
  "product_title": "Exclusively Dog Best Buddy Bits Training Treats for Dogs and Puppies - All Natural, Baked in The USA, Ideal for Training & Agility, No Animal Byproducts - Peanut Butter Flavor, 5.5oz Resealable Bag",
  "byline_info": "Visit the Exclusively Dog Store",
  "product_description": "Exclusively Dog Best Buddy Bits Peanut Butter Flavor Training Treats are the perfect snack for your dog, whether you're working on training, going for a walk, or just rewarding your best buddy with something tasty. These bite-sized, natural treats are crafted with care, using only high-quality ingredients to ensure your dog gets the best with every bite. Made without animal parts or by-products, Best Buddy Bits are a healthy and delicious choice for any pup, big or small. Proudly baked in the USA, Best Buddy Bits are baked in small batches to maintain quality and freshness. Their irresistible peanut butter flavor will have your dog excited to work or play, while their small, easy-to-chew size makes them ideal for pups who may have trouble eating larger treats. Whether you're training your dog for agility or simply treating them after a good walk, these treats are designed to be both tasty and functional. The natural ingredients used in these treats provide your dog with a wholesome snack, free from artificial flavors, colors, and fillers. You can feel confident knowing that your dog is enjoying a treat made with love and care. Best Buddy Bits are also great for road trips, long walks, or anytime you want to show your dog how much they mean to you. Recommended feeding guidelines: 5-10 treats per day for toy/mini size dogs, 8-15 treats per day for small/medium breed dogs, 12-25 treats per day for large breed dogs. Treat your dog to a healthy, tasty reward with Exclusively Dog Best Buddy Bits Peanut Butter Flavor Training Treats. Perfect for any occasion, these treats are sure to become your dog’s favorite go-to snack!",
  "category": [
    "Pet Supplies",
    "Dogs",
    "Treats",
    "Cookies, Biscuits & Snacks"
  ],
  "alt_images": [
    "https://m.media-amazon.com/images/I/41wUhnen4tL.jpg",
    "https://m.media-amazon.com/images/I/41bNA+ds3-L.jpg",
    "https://m.media-amazon.com/images/I/51-NPcOE6lL.jpg",
    "https://m.media-amazon.com/images/I/61HJsJPkxBL.jpg",
    "https://m.media-amazon.com/images/I/51u6jw5Oj0L.jpg",
    "https://m.media-amazon.com/images/I/41Nsc+sn1wL.jpg",
    "https://m.media-amazon.com/images/I/611HvkYAUNL.jpg"
  ],
  "product_detail": {
    "Is Discontinued By Manufacturer": "No",
    "Product Dimensions": "2 x 6 x 7.5 inches; 5.5 ounces",
    "Item model number": "44300",
    "Department": "dog-treats",
    "Date First Available": "June 20, 2004",
    "Manufacturer": "Exclusively Dog",
    "ASIN": "B0002DJNNK",
    "Best Sellers Rank": "#9,827 in Pet Supplies (See Top 100 in Pet Supplies) #705 in Dog Treat Cookies, Biscuits & Snacks",
    "#705 in Dog Treat Cookies, Biscuits & Snacks": "",
    "Customer Reviews": "4.5 4.5 out of 5 stars 1,618 ratings"
  },
  "important_information": {},
  "rating": {
    "score": "4.5 out of 5",
    "dist": {
      "5 star": "76%",
      "4 star": "12%",
      "3 star": "7%",
      "2 star": "2%",
      "1 star": "3%"
    }
  },
  "top_comments": [
    {
      "date": "July 2, 2025",
      "title": "Great doggy treats",
      "score": "5.0 out of 5 stars",
      "text": "My little Yorkie lost his mind over these cheesy treats!",
      "helpfulness": "0"
    },
    {
      "date": "August 9, 2025",
      "title": "Great training treats",
      "score": "5.0 out of 5 stars",
      "text": "The puppy loves cheese. These cheese bites are great food motivated training treats ...",
      "helpfulness": "0"
    },
    {
      "date": "August 10, 2025",
      "title": "Crunchy excellent Cheese treats",
      "score": "5.0 out of 5 stars",
      "text": "Perfect size for my 10 lb dog. These are great crunchy treats. She loves the cheese flavor.",
      "helpfulness": "0"
    },
    {
      "date": "March 9, 2022",
      "title": "You can't go wrong with peanut butter",
      "score": "4.0 out of 5 stars",
      "text": "I really like the small size for anyone that has dogs they understand any type of Treat means the world to the dog. It doesn't seem to matter what size. Both of my girls are on a diet so these small little treats are perfect",
      "helpfulness": "0"
    },
    {
      "date": "September 11, 2025",
      "title": "Good Training Treat",
      "score": "5.0 out of 5 stars",
      "text": "Good value. Dog likes them. Would buy again",
      "helpfulness": "0"
    },
    {
      "date": "July 9, 2025",
      "title": "Just the Right Treat",
      "score": "5.0 out of 5 stars",
      "text": "They used to sell something similar at a local pet store however they were discontinued. I have been looking and found these and absolutely love them!! My dog has a toy that dispenses these treats and he enjoys them once again. They are just perfect especially since I have a senior dog.",
      "helpfulness": "0"
    },
    {
      "date": "May 19, 2010",
      "title": "Yeah  for Best Buddy Bits",
      "score": "5.0 out of 5 stars",
      "text": "Our dog Callie loves these treats.  Her Auntie from Connecticut sent her these for her birthday and she loved them so much that after she ran out, we found them at Amazon. (of course)  We bought 2 more bags.  Callie sniffed the box they came in and got all excited.  She has the nose of a lab.  She is a 60 pound dog and these little treats go a long long ways.  They are small in size but get so much reward for the bite.  One bag will lasts for several weeks because you choose how much to give.  You can give 1 or 10.  The bag never seems to finish.  There is a lot of enjoyment out of one of these little bags because you can teach your dog tricks and reward them with like I say 1-10 little bits.  We love them also because they are healthier than other treats.  She loves them because they are good.  That's all that matters.  By the way you can't beat the price.",
      "helpfulness": "0"
    },
    {
      "date": "October 5, 2023",
      "title": "Crunchy, not great for training",
      "score": "3.0 out of 5 stars",
      "text": "These are OK dog treats, just not good for training. They crumble in the pouch and end up making a mess. Takes my lab a bit to crunch them down since they're dry. Just not good overall all for training sessions.",
      "helpfulness": "2"
    }
  ]
}