{
  "product_title": "Dried Green Cabbage, 2 oz.",
  "byline_info": "Brand: Barry Farm",
  "product_description": "Dried Green Cabbage, 2 oz.",
  "category": [
    "Grocery & Gourmet Food",
    "Produce",
    "Dried Fruits & Vegetables",
    "Dried Vegetables"
  ],
  "alt_images": [
    "https://m.media-amazon.com/images/I/51CDhwBKJzL.jpg"
  ],
  "product_detail": {
    "Package Dimensions": "4.3 x 3.3 x 0.9 inches; 1.6 ounces",
    "UPC": "050647108362",
    "Manufacturer": "Barry Farm",
    "ASIN": "B0001BGTSU",
    "Units": "1.0 Ounce",
    "Customer Reviews": "3.8 3.8 out of 5 stars 11 ratings"
  },
  "important_information": {
    "Legal Disclaimer": "Statements regarding dietary supplements have not been evaluated by the FDA and are not intended to diagnose, treat, cure, or prevent any disease or health condition.Statements regarding dietary supplements have not been evaluated by the FDA and are not intended to diagnose, treat, cure, or prevent any disease or health condition."
  },
  "rating": {
    "score": "3.8 out of 5",
    "dist": {
      "5 star": "41%",
      "4 star": "19%",
      "3 star": "30%",
      "2 star": "0%",
      "1 star": "10%"
    }
  },
  "top_comments": [
    {
      "date": "January 7, 2016",
      "title": "Better then the can",
      "score": "5.0 out of 5 stars",
      "text": "I made a cup of this cabbage up and boy it was so good .I will never go back to can vegetables again.The way I see it is that you will save time and money and no more wasting.The taste is way better then the can vegetables I could go on and on you can not go wrong so buy this item",
      "helpfulness": "One"
    },
    {
      "date": "November 8, 2013",
      "title": "Not acceptable at any price...",
      "score": "1.0 out of 5 stars",
      "text": "Because there are no negative stars... Item appeared to be  old stock... Left immersed in liquid for 72 hrs and still did not reconstitute...",
      "helpfulness": "0"
    },
    {
      "date": "June 19, 2012",
      "title": "Sweet and very convenient",
      "score": "5.0 out of 5 stars",
      "text": "Love these. Dry, they're chewy but not crunchy and very sweet. I add them to cups of soup and nutrasystem foods to provide bulk and get my veggies. These might be good in burger meat.",
      "helpfulness": "One"
    },
    {
      "date": "December 23, 2012",
      "title": "Soup addition",
      "score": "5.0 out of 5 stars",
      "text": "I bought this to add to beef stew foradditional nutrition as well as for avariance. Being dried, it is convenientshredded and ready to use whenever needed.",
      "helpfulness": "0"
    },
    {
      "date": "December 12, 2012",
      "title": "BE CAREFUL NOT TO USE TOO MUCH AT ONCE",
      "score": "5.0 out of 5 stars",
      "text": "I PUT THE WHOLE BAG IN AND IT WAS TOO MUCH TO EAT. SO USED A SMALL PORTION TO TEST IT THE FIRST TIME. TASTES REALLY GOOD.",
      "helpfulness": "0"
    },
    {
      "date": "April 8, 2009",
      "title": "great",
      "score": "5.0 out of 5 stars",
      "text": "I bought a bunch of the veggies from the company for soups. I am very happy. It seems high quality.",
      "helpfulness": "2"
    }
  ]
}