{
  "product_title": "Kraft Creamy Poppyseed Salad Dressing (6 ct Pack, 16 fl oz Bottles)",
  "byline_info": "Brand: Kraft",
  "product_description": "Poppy Seed Dressing",
  "category": [
    "Grocery & Gourmet Food",
    "Pantry Staples",
    "Condiments & Salad Dressings",
    "Salad Dressings",
    "Italian"
  ],
  "alt_images": [
    "https://m.media-amazon.com/images/I/41dhn-ece8L.jpg",
    "https://m.media-amazon.com/images/I/51MGqsMGuyL.jpg",
    "https://m.media-amazon.com/images/I/51kG7V3TzzL.jpg",
    "https://m.media-amazon.com/images/I/616uTrnYLIL.jpg",
    "https://m.media-amazon.com/images/I/51F1evyzWIL.jpg",
    "https://m.media-amazon.com/images/I/51XNjnT2bEL.jpg",
    "https://m.media-amazon.com/images/I/41JTn0SrwaL.jpg"
  ],
  "product_detail": {
    "Is Discontinued By Manufacturer": "No",
    "Product Dimensions": "8.9 x 8.1 x 5.9 inches; 0.01 ounces",
    "Item model number": "10021000641991",
    "UPC": "021000641994",
    "Manufacturer": "Kraft Foods, Inc.",
    "ASIN": "B000E1DSTK",
    "Units": "96 Fluid Ounces",
    "Best Sellers Rank": "#297,565 in Grocery & Gourmet Food (See Top 100 in Grocery & Gourmet Food) #379 in Italian Salad Dressing",
    "#379 in Italian Salad Dressing": "",
    "Customer Reviews": "4.1 4.1 out of 5 stars 14 ratings"
  },
  "important_information": {
    "Ingredients": "'HIGH FRUCTOSE CORN SYRUP, WATER, VINEGAR, SOYBEAN OIL, MODIFIED FOOD STARCH, SALT, CONTAINS LESS THAN 2% OF DRIED SOUR CREAM (CREAM, CULTURED SKIM MILK, CULTURE), WHEY, POPPY SEEDS, DRIED ONIONS, MUSTARD FLOUR, POLYSORBATE 60, XANTHAN GUM, GUAR GUM, BETA CAROTENE (COLOR), POTASSIUM SORBATE AND CALCIUM DISODIUM EDTA (TO PROTECT FLAVOR)''HIGH FRUCTOSE CORN SYRUP, WATER, VINEGAR, SOYBEAN OIL, MODIFIED FOOD STARCH, SALT, CONTAINS LESS THAN 2% OF DRIED SOUR CREAM (CREAM, CULTURED SKIM MILK, CULTURE), WHEY, POPPY SEEDS, DRIED ONIONS, MUSTARD FLOUR, POLYSORBATE 60, XANTHAN GUM, GUAR GUM, BETA CAROTENE (COLOR), POTASSIUM SORBATE AND CALCIUM DISODIUM EDTA (TO PROTECT FLAVOR)'",
    "Legal Disclaimer": "Statements regarding dietary supplements have not been evaluated by the FDA and are not intended to diagnose, treat, cure, or prevent any disease or health condition.Statements regarding dietary supplements have not been evaluated by the FDA and are not intended to diagnose, treat, cure, or prevent any disease or health condition."
  },
  "rating": {
    "score": "4.1 out of 5",
    "dist": {
      "5 star": "64%",
      "4 star": "15%",
      "3 star": "0%",
      "2 star": "10%",
      "1 star": "11%"
    }
  },
  "top_comments": [
    {
      "date": "July 16, 2011",
      "title": "none",
      "score": "5.0 out of 5 stars",
      "text": "this was avaiable at the store. but they quit carrying it so i seen it on amazon and bought qne case i like the sweet taste the pricr was right and intend to buy more",
      "helpfulness": "One"
    },
    {
      "date": "December 18, 2007",
      "title": "BAD INVENTORY MANAGEMENT",
      "score": "2.0 out of 5 stars",
      "text": "THIS PRODUCT AND THE HORSERADISH I ORDER BOTH (CASES) WERE WITHIN 15 DAYS OF OF THEIR EXPIRATION DATE. THE HORSERADISH HAD NO TASTE. CASES SOLD TO INDIVIDUALS SHOULD HAVE SEVERAL MONTHS BEFORE EXPIATION. THIS  IS BAD INVENTORY MANAGEMENT. I NORMALLY DON'T READ DATES BUT THESE JUST DIDN'T TASTE RIGHT. THEN I CHECKED.",
      "helpfulness": "5"
    },
    {
      "date": "July 24, 2015",
      "title": "Four Stars",
      "score": "4.0 out of 5 stars",
      "text": "Happy with my purchase.  Reasonably priced.  Thank You !",
      "helpfulness": "One"
    },
    {
      "date": "April 20, 2018",
      "title": "Don't like",
      "score": "1.0 out of 5 stars",
      "text": "Its filled with a disgusting gel like carrier filler which ruines it for me.it makes me nauseous .",
      "helpfulness": "0"
    }
  ]
}