{
  "product_title": "Dr. McDougall's Right Foods Non-Dairy Hot Cereal Cranberry Almond Made With Organic Power Grains 3.1-Ounce Cups (Pack of 6)",
  "byline_info": "Visit the Dr. McDougall's Right Foods Store",
  "product_description": "Product Description   Dr. McDougall's Right Foods Non-Dairy Hot Cereal, Cranberry Muesli is a terrific taste for breakfast--delicious whole grains (rolled oats, barley, triticale), combined with the nutty flavor of almonds and the sweetness of real cranberries. This hearty combination is high-fiber and low-fat. They are tasty and possibly addictive - cranberries in organic multigrain heaven. Go ahead, you deserve it. A great start to a great day.   About the Brand   John A. McDougall, M.D.--physician, nutrition expert, and founder of Dr. McDougall's Right Foods--has been studying, writing, and \"speaking out\" about the effects of nutrition on health for more than 20 years and is one of the \"founding fathers\" of modern wellness. Dr. McDougall believes that people should look and feel great, and should enjoy optimal health for a lifetime. Unfortunately, many people compromise their health unknowingly through poor dietary habits. Dr. McDougall should know. He suffered a stroke at the age of 18 then developed an interest in medicine. He went on not only to reverse his own health and enjoy life, but to teach thousands how to enjoy good health themselves. Dr. McDougall is founder and medical director of the nationally renowned McDougall Program in Santa Rosa, California. Based on several years of private practice with thousands of patients and extensive medical research, Dr. McDougall has developed a nourishing, low-fat diet that not only promotes a broad range of health benefits such as weight loss, but more importantly can reverse serious illness, such as heart disease, without drugs. A graduate of Michigan State University's College of Human Medicine, Dr. McDougall performed his internship at Queen's Medical Center in Honolulu, Hawaii, and his medical residency at the University of Hawaii. He is certified as an internist by the Board of Internal Medicine and the National Board of Medical Examiners. He has authored (or co-authored with his wife, Mary) ten best-selling books about the connection between nutrition and health, and is a frequent lecturer and talk show guest. He enjoys travel, wind surfing, and hiking. A few times a year, Dr. McDougall leads adventure and wellness trips to exotic locations serving McDougall style foods. Guests return feeling fit and healthy. All of Dr. McDougall's instant meal cups are all-natural, absolutely delicious, very low in fat, satisfying, nutritious, quick and easy to prepare, developed by a medical doctor, free of cholesteral, vegetarian, and non-dairy.",
  "category": [
    "Grocery & Gourmet Food",
    "Breakfast Cereal",
    "Oatmeal"
  ],
  "alt_images": [
    "https://m.media-amazon.com/images/I/41Fv1CNwCkL.jpg"
  ],
  "product_detail": {
    "Package Dimensions": "11.9 x 8.1 x 4.1 inches; 1.16 Pounds",
    "Item model number": "9",
    "Manufacturer": "Dr. McDougall's Right Foods",
    "ASIN": "B000FFLTM8",
    "Units": "18.6 Ounce",
    "Customer Reviews": "4.0 4.0 out of 5 stars 373 ratings"
  },
  "important_information": {
    "Safety Information": "Contains: soy, tree nuts (almonds).Contains: soy, tree nuts (almonds).",
    "Ingredients": "Organic Whole Grains (Rolled Oats, Barley, Triticale, Spelt), Organic Unbleached Cane Sugar, Unsulfured Dried Cranberries, Powdered Soy Drink, Almonds, Natural Flavor (Non-animal Source), Sea Salt, Lo Han.Organic Whole Grains (Rolled Oats, Barley, Triticale, Spelt), Organic Unbleached Cane Sugar, Unsulfured Dried Cranberries, Powdered Soy Drink, Almonds, Natural Flavor (Non-animal Source), Sea Salt, Lo Han.",
    "Directions": "Easy Preparation: 1. Add boiling water to fill line. 2. Stir very well around cups bottom edge. 3. Close lid and cover with spoon. Let stand 5 minutes. Stir again & enjoy! Cup may be hot. Please handle with care. Microwave: Boil water in a separate container. Follow steps 1-3 above.Easy Preparation: 1. Add boiling water to fill line. 2. Stir very well around cups bottom edge. 3. Close lid and cover with spoon. Let stand 5 minutes. Stir again & enjoy! Cup may be hot. Please handle with care. Microwave: Boil water in a separate container. Follow steps 1-3 above.",
    "Legal Disclaimer": "While we work to ensure that product information is correct, on occasion manufacturers may alter their ingredient lists. Actual product packaging and materials may contain more and/or different information than that shown on our Web site. We recommend that you do not solely rely on the information presented and that you always read labels, warnings, and directions before using or consuming a product. For additional information about a product, please contact the manufacturer. Content on this site is for reference purposes and is not intended to substitute for advice given by a physician, pharmacist, or other licensed health-care professional. You should not use this information as self-diagnosis or for treating a health problem or disease. Contact your health-care provider immediately if you suspect that you have a medical problem. Information and statements regarding dietary supplements have not been evaluated by the Food and Drug Administration and are not intended to diagnose, treat, cure, or prevent any disease or health condition. Amazon.com assumes no liability for inaccuracies or misstatements about products.While we work to ensure that product information is correct, on occasion manufacturers may alter their ingredient lists. Actual product packaging and materials may contain more and/or different information than that shown on our Web site. We recommend that you do not solely rely on the information presented and that you always read labels, warnings, and directions before using or consuming a product. For additional information about a product, please contact the manufacturer. Content on this site is for reference purposes and is not intended to substitute for advice given by a physician, pharmacist, or other licensed health-care professional. You should not use this information as self-diagnosis or for treating a health problem or disease. Contact your health-care provider immediately if you suspect that you have a medical problem. Information and statements regarding dietary supplements have not been evaluated by the Food and Drug Administration and are not intended to diagnose, treat, cure, or prevent any disease or health condition. Amazon.com assumes no liability for inaccuracies or misstatements about products.Statements regarding dietary supplements have not been evaluated by the FDA and are not intended to diagnose, treat, cure, or prevent any disease or health condition.Statements regarding dietary supplements have not been evaluated by the FDA and are not intended to diagnose, treat, cure, or prevent any disease or health condition."
  },
  "rating": {
    "score": "4 out of 5",
    "dist": {
      "5 star": "64%",
      "4 star": "10%",
      "3 star": "7%",
      "2 star": "7%",
      "1 star": "12%"
    }
  },
  "top_comments": [
    {
      "date": "August 8, 2012",
      "title": "Excellent Product",
      "score": "5.0 out of 5 stars",
      "text": "This is a wonderful product and the best feature is the fact that it is healthy and very convenient - the packaging is very good and preparation is fast.  The taste is wonderful.  Because it is high in fiber, it does help to control blood sugar which is always a plus.  It's fairly solid and the texture is nutty-like.  I never liked mushy, hot cereals.  Considering how much unhealthy, sugar and sodium ladened cereals there are on the market, Dr. Mcdougall's cereals are a real treat and I think the price is reasonable.  People don't think twice about shelling out money for unhealthy food; candy, soda pop, greasy snacks and yet they don't like to pay for a delicious, healthy product.  In my opinion, this maple, 4-grain cereal is worth every penny and I will continue to purchase it.  Hats of to Dr. McDougall for helping to promote healthy eating habits and doing so with great \"taste.\"  Pun intended.  So far, all of the cereals I purchased, that Dr. McDougall created,  I have found to be of high quality and simply delicious.  Thanks, Doc!",
      "helpfulness": "0"
    },
    {
      "date": "November 5, 2009",
      "title": "Yummy and satisfying for larger appetites",
      "score": "5.0 out of 5 stars",
      "text": "I guess I'm in the minority in saying that I love the large size of this product :)  I normally would make 2 \"servings\" as described on box of oatmeal - or two packets from a box -- so this product is perfect sizing for me! 320 calories doesn't seem like an overly large calorie amount either.  Even if you were a smaller person and only consuming 1200 calories a day, this would only be 1/4 of your daily calorie needs, and a very healthy 1/4 of your calories it would be.This is lightweight and easy to throw in a bag and bring to work - just add boiling water, or add tap water and microwave and let steep.I like the occasional sweetness of the cranberries and the occasional crunch of the almonds.  It's pleasant without being too sweet.  It's also got 8 grams of fiber in a cup.If you're trying to decide between flavors, I found this tastier than the hot apple cinnamon variety cereal from McDougall.",
      "helpfulness": "16"
    },
    {
      "date": "November 5, 2012",
      "title": "Not as good as the other varieties - bad batch?",
      "score": "1.0 out of 5 stars",
      "text": "I love the Peach & Raspberry version of Dr. McDougall's cereal cups.  But this variety doesn't taste as good (strange texture) and the directions just don't work.  I follow them to the letter, and the cereal has been a vastly different consistency each time (from glue to VERY watery.)  Perhaps it's just a bad batch with different amount of dry ingredients in the cup?  But that shouldn't happen with today's automated manufacturing.  And why only this flavor that doesn't cook right?  I think I'll skip this variety and stick with the better fruit ones.",
      "helpfulness": "6"
    },
    {
      "date": "May 8, 2014",
      "title": "My family loves these",
      "score": "5.0 out of 5 stars",
      "text": "My family loves these oatmeal cups and they were recommended by Nutrition Action newsletter put out by a group I trust, Center for Science in the Public Interest, (its like the Consumer Reports for food-no ads, with an advocacy arm, and a regular magazine with up to date info on nutrition and health).  There is only one suggestion I would like to make to the company!  We do not like the sweetener packets that come with each pack.  I think they have some butter or margarine in them, which would be ok, but we do not like the taste.  I throw each one out and I hate to waste the packets…. Otherwise, these are a great solution for each member of our family (with two teens) to have a good breakfast-even able to eat them in car if you are the passenger….",
      "helpfulness": "0"
    },
    {
      "date": "May 19, 2011",
      "title": "Average taste but love that it's organic",
      "score": "4.0 out of 5 stars",
      "text": "I like a lot of McDougall's foods. This one tasted fine but wasn't outstanding. I had to add brown sugar to it as it was kind of bland for me, but I guess oatmeal is kind of bland anyway. I likely will order again but not as often. I love that it is organic and vegan so that's why I gave it 4 stars. You don't get that with most packaged oatmeals. I really like the ease of making it too. If you really want an outstanding hot breakfast, I would suggest McDougall's peach and raspberry cereal over this one. It is very tasty and has fruit in it.",
      "helpfulness": "2"
    },
    {
      "date": "January 7, 2014",
      "title": "Reformulated recipe is awful",
      "score": "2.0 out of 5 stars",
      "text": "I used to love this oatmeal - took it to work almost every day. I could get a great cup of oatmeal just by adding the hot water from the hot water dispenser. Then - sometime in Summer/Fall 2013 a new formula came out.For me, it's definitely not as goo - it is no longer an instant meal product. Using hot water (not boiling) is not longer enough to cook it. A good instant meal, in my opinion, requires that the oatmeal is chopped enough to cook with less heat. I don't buy an instant product expecting whole grain oats that **require** extra cooking. Even if I microwave this - it is still too chewy to be enjoyable for me. Some might like this and therefore it would be an improvement.I love Doc McDougall's products for their healthy ingredients list - but I am disappointed with a product made with oats and grains that aren't easily 'cooked' on the go.",
      "helpfulness": "2"
    },
    {
      "date": "May 4, 2015",
      "title": "Great fruit & nuts, terrible oats",
      "score": "3.0 out of 5 stars",
      "text": "Received a 6-pack of Cranberry Almond last weekend and tried this morning.  I am very disappointed in the mushy texture of the oats.  This is Quaker Oats in an expensive cup.  The cranberries and almonds are good but the mush oats are terrible.  Most of the smaller oat companies provide great whole oats that hold up well in hot water, not this stuff.  I love Dr Mcdougall's soups, but this is last order of oatmeal.",
      "helpfulness": "One"
    }
  ]
}