{
  "product_title": "Genova Premium Yellowfin Tuna in Olive Oil, 5 Ounce Cans, 24-Pack – Nutrient Rich, High Protein Canned Tuna Fish - Delicious, Easy, Nutritious Ready to Eat Meals",
  "byline_info": "Visit the Genova Store",
  "product_description": "Product Description   The finest cuts of our wild caught Genova Yellowfin Tuna in Olive Oil, hand-filleted and packed with care in rich, flavorful olive oil. Indulge at any meal with the exquisite flavor and meaty texture of premium yellowfin tuna. The incredible taste of Genova premium tuna in oil is central to countless inspired dishes. Elevate your next salad, pasta, appetizer or entree with savory Mediterranean flavor. The perfect canned food for your active, healthy lifestyle. This non-GMO tuna features heart-healthy omega-3s, vitamins, and minerals. With 29 grams of lean protein, this high protein meals ready to eat is perfect for keto, paleo, and Mediterranean diets. Genova tuna is responsibly sourced, wild caught and traceable. We’re leading the charge to ensure that our seas are sustainable now and for future generations; this 12-pack of tuna cans lets you stock up and save on delicious meals. With Genova, every meal is a new chance to savor the moments that make life great. Our SeaChange sustainability plan has solutions for both people and the planet to support a better future for all. We’re expanding our efforts to restore and preserve ocean, land, plant, and animal resources to protect our natural ecosystems.    Manufacturer Contact Information   PO Box 308, Mt Olive, NJ 07828",
  "category": [
    "Grocery & Gourmet Food",
    "Pantry Staples",
    "Canned, Jarred & Packaged Foods",
    "Meat, Poultry & Seafood",
    "Seafood",
    "Tuna Fish"
  ],
  "alt_images": [
    "https://m.media-amazon.com/images/I/51RRgJHipqL.jpg",
    "https://m.media-amazon.com/images/I/51XxuAxJxxL.jpg",
    "https://m.media-amazon.com/images/I/41OvsXXTZxL.jpg",
    "https://m.media-amazon.com/images/I/51qk8-2xDLL.jpg",
    "https://m.media-amazon.com/images/I/51edoQnPfZL.jpg",
    "https://m.media-amazon.com/images/I/51SIBkBlJUL.jpg",
    "https://m.media-amazon.com/images/I/815UEmogQyL.jpg"
  ],
  "product_detail": {
    "Is Discontinued By Manufacturer": "No",
    "Product Dimensions": "13.9 x 10.4 x 2.8 inches; 9.56 Pounds",
    "Item model number": "4800013265",
    "Manufacturer": "CHICKEN OF THE SEA INT",
    "ASIN": "B003EYXVZA",
    "Units": "120.0 Ounce",
    "Best Sellers Rank": "#986 in Grocery & Gourmet Food (See Top 100 in Grocery & Gourmet Food) #7 in Packaged Tuna Fish",
    "#7 in Packaged Tuna Fish": "",
    "Customer Reviews": "4.6 4.6 out of 5 stars 12,101 ratings"
  },
  "important_information": {
    "Safety Information": "Product may contain bones. This product is labelled to United States standards and may differ from similar products sold elsewhere in its ingredients, labeling and allergen warningsProduct may contain bones. This product is labelled to United States standards and may differ from similar products sold elsewhere in its ingredients, labeling and allergen warnings",
    "Ingredients": "Solid Light Tuna, Olive Oil, Salt.Solid Light Tuna, Olive Oil, Salt.",
    "Directions": "Ready to eatReady to eat",
    "Legal Disclaimer": "Statements regarding dietary supplements have not been evaluated by the FDA and are not intended to diagnose, treat, cure, or prevent any disease or health condition.Statements regarding dietary supplements have not been evaluated by the FDA and are not intended to diagnose, treat, cure, or prevent any disease or health condition."
  },
  "rating": {
    "score": "4.6 out of 5",
    "dist": {
      "5 star": "81%",
      "4 star": "11%",
      "3 star": "4%",
      "2 star": "1%",
      "1 star": "3%"
    }
  },
  "top_comments": [
    {
      "date": "September 7, 2025",
      "title": "Genova Yellowfin Tuna",
      "score": "5.0 out of 5 stars",
      "text": "These were a great deal on. Amazon , so I bought a 24 pack . Checked the dates and codes to make sure they weren’t being recalled . These are perfectly fine . Good tasting and I will be purchasing more in the future at a later date .",
      "helpfulness": "0"
    },
    {
      "date": "September 5, 2025",
      "title": "Real ITALIAN flavor --- best ever!",
      "score": "5.0 out of 5 stars",
      "text": "Great!  My favorite brand --- both more flavorful and less \"fishy\",  strange as it sounds! Best way to describe it is to think of curry or chilis as flavors, not just heat. The Genova is great for traditional salad with mayo, alone out of the can with just its oil, or in recipes.  I use it with breadcrumbs, olives, caper, and pine nuts to stuff sweet bell peppers as a typical northern Italian recipe --- fabulous even at just room temp or on a picnic, and so pretty in red, yellow, orange peppers sliced into rounds. Alway use the whole can --- never drain the oil --- and always get rave reviews.  I subscribe to make sure I always have it on hand and can make an amazing meal even for unexpected guests.  If you like classic Italian cuisine, you need Genova tuna in your pantry.",
      "helpfulness": "2"
    },
    {
      "date": "September 6, 2025",
      "title": "Delicious!!! Good pantry staple",
      "score": "5.0 out of 5 stars",
      "text": "This is really really really good tuna!!! Easy open can and I can put the whole thing right on a salad. Yum",
      "helpfulness": "2"
    },
    {
      "date": "August 14, 2025",
      "title": "Favorite tuna.",
      "score": "5.0 out of 5 stars",
      "text": "I am obsessed with this tuna, but it's never in stock in my local grocery stores. The tuna is high quality, the color is always consistent, it tastes fresh, and each can is the perfect size for lunch.",
      "helpfulness": "4"
    },
    {
      "date": "August 23, 2025",
      "title": "Good quality tuna but has changed over time",
      "score": "4.0 out of 5 stars",
      "text": "I'm satisfied with the overall quality of this tuna and it's still worth trying. However, I've noticed some changes compared to how it used to be - it was better and chunkier a while ago, which I preferred. The chunks seem smaller now and the texture isn't as meaty as it once was. The price has also increased somewhat over time, which is disappointing but not unexpected these days. Despite these changes, it's still decent tuna that I would recommend to others, especially if you haven't tried it before. The flavor is still good and it works well for sandwiches, salads, or casseroles. Just don't expect the large, chunky pieces it used to have in the past.",
      "helpfulness": "5"
    },
    {
      "date": "August 30, 2025",
      "title": "Delicious!",
      "score": "5.0 out of 5 stars",
      "text": "This is great for those that strive for high protein in their diet and prefer yellow fin tuna over the regular tuna. This has a higher level of omegas and fat content. But besides that, you can get one single can of these in store for nearly 3 dollars. So buying these in bulk was ideal and the price was good! The flavor was still fresh and delicious. Already only have one can left.",
      "helpfulness": "3"
    },
    {
      "date": "September 6, 2025",
      "title": "A true treasure in our pantry",
      "score": "5.0 out of 5 stars",
      "text": "Quality that surprises. Fresh taste with no hint of coming from a can. The care given to get this quality protein safely from ocean to my table is commendable and appreciated!",
      "helpfulness": "2"
    },
    {
      "date": "August 17, 2025",
      "title": "Quality Tuna, perfect for Lunch 😋",
      "score": "5.0 out of 5 stars",
      "text": "Perfect pocket Lunch, or anytime! The Tuna is high quality, & already has a nice flavored olive oil as a dressing for salads.",
      "helpfulness": "4"
    }
  ]
}