{
  "product_title": "Smokehouse 100-Percent Natural Snack Mix Bucket Of Dog Treats, 1-Pound",
  "byline_info": "Brand: SMOKEHOUSE TREATS",
  "product_description": "Mix of Real pork, beef, chicken and lamb treats- roasted to perfection. Includes stear and bull pizzles, chicken, beef rolls, beef ligaments, chicken stixs, pepperoni sticks, pig ears and pork skins and more.",
  "category": [
    "Pet Supplies",
    "Dogs",
    "Treats",
    "Cookies, Biscuits & Snacks"
  ],
  "alt_images": [
    "https://m.media-amazon.com/images/I/51KMeNGS0dL.jpg"
  ],
  "product_detail": {
    "Product Dimensions": "5 x 5 x 6 inches; 1.1 Pounds",
    "Item model number": "85962",
    "Date First Available": "October 2, 2001",
    "Manufacturer": "Smokehouse Pet Products",
    "ASIN": "B000G7I7DO",
    "Customer Reviews": "3.6 3.6 out of 5 stars 18 ratings"
  },
  "important_information": {},
  "rating": {
    "score": "3.6 out of 5",
    "dist": {
      "5 star": "45%",
      "4 star": "14%",
      "3 star": "13%",
      "2 star": "14%",
      "1 star": "14%"
    }
  },
  "top_comments": [
    {
      "date": "January 7, 2008",
      "title": "Your dog will love it!",
      "score": "5.0 out of 5 stars",
      "text": "This is an absolutely awesome product!  I first ran across it at a local pet shop and my dog went nuts for these assorted treats.  I then couldn't find them at any local pet stores so I had to come to amazon to get them.  I will be ordering these for many years to come as it is my dogs absolute favorite treats (and I have tried them all, trust me).  Very good dollar value too at only $6.99 for a 1 pound tub.  I don't order the 3 lb tub because you get more of a variety in the 1 lb (yeh I know it doesn't sound right, but its what I have noticed).  Try them and you won't be disappointed!",
      "helpfulness": "2"
    },
    {
      "date": "March 29, 2011",
      "title": "snacks no more",
      "score": "1.0 out of 5 stars",
      "text": "got this product for my dogs thinking what a good treat they would be--such a huge disappointment when they arrived. pieces were either broken (from being store so long they were brittle)or when i took out what was suppose to be a rawhide chewey, was like a piece of dried up bark that was so hard, when it dropped on to patio floor, scattered like glass so i was afraid to give to the animals and the bottom of the barrel had like little mealy bugs or something(again probably from sitting around so long). overall very bad choice for the monies and would never buy or recommend this brand to anyone!!!!!",
      "helpfulness": "0"
    },
    {
      "date": "December 15, 2010",
      "title": "Not much of a mix",
      "score": "2.0 out of 5 stars",
      "text": "There were only 2 kinds of treats in this bucket. I got the sausages and tendons. My dog loves the sausages but not the tendons. This was supposed to have 4 kinds of treats in it.",
      "helpfulness": "0"
    },
    {
      "date": "January 15, 2008",
      "title": "Chicken chips and tenderloins are better",
      "score": "3.0 out of 5 stars",
      "text": "My dogs loved the beef and chicken rolls in the snack mix, but really didn't like the dried pig skin or whatever it was that seemed to make up the bulk of the snacks.  There was a lot of flavoring and seasoning added that is really not needed for real meat products. My shar pei LOVE the chicken tenders and chip and the chips are just the right size for training.",
      "helpfulness": "One"
    },
    {
      "date": "February 4, 2009",
      "title": "A Nice Treat",
      "score": "4.0 out of 5 stars",
      "text": "My dogs really seem to like these. They never let them sit on the floor, and are always begging for more.",
      "helpfulness": "One"
    },
    {
      "date": "September 30, 2010",
      "title": "3rd Time Ordering You Guys Haven't Let Me Down",
      "score": "5.0 out of 5 stars",
      "text": "These are terrific specially for the price i have ordered 3 times from them and they never let me down the bottle comes with a screw-in top so whenever you want to give your dogs treats you just twist the top off and twist it back on i love it! theres 3 diffrent types of treats to choose from my dogs love the 3 of them i own 2 Labradors and they are always so happy when they see me bring them these i recommend to any dog owner to give these a shot.",
      "helpfulness": "0"
    },
    {
      "date": "January 15, 2011",
      "title": "May not be what you want for your dog",
      "score": "1.0 out of 5 stars",
      "text": "These dog treats are very poor quality, many of the casing are empty, the are dried out and very ununiform in size.  May fit the saying \"wouldn't feed it to my dog.\"",
      "helpfulness": "0"
    },
    {
      "date": "September 29, 2008",
      "title": "So So",
      "score": "2.0 out of 5 stars",
      "text": "Lots of pieces looking like left over treats from the rejects on the manufacturing line. The dogs like them, but they like any treat. One of my dog's digestive system disagrees with some of these treats. I would not recommend them or purchase them again.",
      "helpfulness": "0"
    }
  ]
}