{
  "product_title": "Nature's Path Organic Unfrosted Berry Strawberry Toaster Pastries, 11 Ounce (Pack of 12), Non-GMO, Made From Real Berries",
  "byline_info": "Visit the Nature's Path Store",
  "product_description": "Wake up to a fruity treat to indulge in each morning with Nature's Path Unfrosted Berry Strawberry Toaster Pastries. Our toaster pastries are made of real strawberry fruit filling encased in a buttery organic pastry. Perfect for when you need a midday pick-me-up without all of the artificial flavors, synthetic colors, preservatives, or high fructose corn syrup that goes into the usual toaster pastries. As an on-the-go snacking option or a filling breakfast, these toaster pastries are delicious both warm or straight out of the package. Being mindful about your food and choosing to eat organic means you're making the best choice for your health, and our planet. At Nature's Path we hold organic to an even higher standard: to build and regenerate the soil. As pioneers of the organic movement, we believe organic food and farming is the best way to care for our bodies and for the planet. We always have and always will use our voice to stand for what we believe is right, and what organic truly means.",
  "category": [
    "Grocery & Gourmet Food",
    "Breakfast Foods",
    "Toaster Pastries"
  ],
  "alt_images": [
    "https://m.media-amazon.com/images/I/51u1ojTAGGL.jpg",
    "https://m.media-amazon.com/images/I/51y3ptgcomL.jpg",
    "https://m.media-amazon.com/images/I/51hPiCqoIrL.jpg",
    "https://m.media-amazon.com/images/I/51RnTY-JolL.jpg",
    "https://m.media-amazon.com/images/I/41eYcmm+OLL.jpg",
    "https://m.media-amazon.com/images/I/41EmQU8X1LL.jpg",
    "https://m.media-amazon.com/images/I/51MQhhyMzRL.jpg"
  ],
  "product_detail": {
    "Is Discontinued By Manufacturer": "No",
    "Product Dimensions": "2.95 x 4.04 x 5.72 inches; 8.25 Pounds",
    "Item model number": "41008",
    "Manufacturer": "Nature's Path",
    "ASIN": "B000E46GGY",
    "Units": "132 Ounce",
    "Best Sellers Rank": "#22,275 in Grocery & Gourmet Food (See Top 100 in Grocery & Gourmet Food) #28 in Toaster Pastries",
    "#28 in Toaster Pastries": "",
    "Customer Reviews": "3.8 3.8 out of 5 stars 696 ratings"
  },
  "important_information": {
    "Safety Information": "Frosting and filling can become very hot and cause burns after being heated. Be sure to allow for adequate cooling time before handling and eating. Use lowest settings on toasters and never leave your toaster or microwave unattended while cooking due to smoke and fire. Children should be supervised while heating pastries. Allergy Information: Made in a bakery that uses wheat, soy and milk.The product is labelled to United States standards and may differ from similar products sold elsewhere in its ingredients, labeling and allergen warningsFrosting and filling can become very hot and cause burns after being heated. Be sure to allow for adequate cooling time before handling and eating. Use lowest settings on toasters and never leave your toaster or microwave unattended while cooking due to smoke and fire. Children should be supervised while heating pastries. Allergy Information: Made in a bakery that uses wheat, soy and milk.The product is labelled to United States standards and may differ from similar products sold elsewhere in its ingredients, labeling and allergen warnings",
    "Ingredients": "Wheat flour*, cane sugar*, invert cane syrup*, palm oil*, whole wheat flour*, apples*, corn starch*, strawberries*, leavening (baking soda, cream of tartar), dextrose*, vital wheat gluten*, rice starch*, strawberry flavor*, sea salt, cultured dextrose*, red beet powder* (red beet juice concentrate*, maltodextrin*), tapioca starch*, honey*, molasses*, citric acid. *Organic. Fairtrade certified honey. The quantity of cane sugar, invert cane syrup and molasses required for this product are sourced and audited as Fairtrade, ensuring cane producers receive Fairtrade terms. Total Fairtrade 33%.Wheat flour*, cane sugar*, invert cane syrup*, palm oil*, whole wheat flour*, apples*, corn starch*, strawberries*, leavening (baking soda, cream of tartar), dextrose*, vital wheat gluten*, rice starch*, strawberry flavor*, sea salt, cultured dextrose*, red beet powder* (red beet juice concentrate*, maltodextrin*), tapioca starch*, honey*, molasses*, citric acid. *Organic. Fairtrade certified honey. The quantity of cane sugar, invert cane syrup and molasses required for this product are sourced and audited as Fairtrade, ensuring cane producers receive Fairtrade terms. Total Fairtrade 33%.",
    "Directions": "Toaster Style: To serve warm, remove the wrapper and place the toaster pastry in toaster on light or lowest heat setting. Be sure to allow the toaster pastry to cool before handling. Microwave Style- Microwaves vary in heating Intensity. Remove toaster pastry from it's foil pouch and microwave on high for 10 Seconds. Be sure to allow toaster pastry to cool before handling.Toaster Style: To serve warm, remove the wrapper and place the toaster pastry in toaster on light or lowest heat setting. Be sure to allow the toaster pastry to cool before handling. Microwave Style- Microwaves vary in heating Intensity. Remove toaster pastry from it's foil pouch and microwave on high for 10 Seconds. Be sure to allow toaster pastry to cool before handling.",
    "Legal Disclaimer": "Statements regarding dietary supplements have not been evaluated by the FDA and are not intended to diagnose, treat, cure, or prevent any disease or health condition.Statements regarding dietary supplements have not been evaluated by the FDA and are not intended to diagnose, treat, cure, or prevent any disease or health condition."
  },
  "rating": {
    "score": "3.8 out of 5",
    "dist": {
      "5 star": "57%",
      "4 star": "13%",
      "3 star": "7%",
      "2 star": "6%",
      "1 star": "17%"
    }
  },
  "top_comments": [
    {
      "date": "August 5, 2025",
      "title": "Tasty and a Better Option Than Most Toaster Pastries",
      "score": "5.0 out of 5 stars",
      "text": "I picked these up wanting a slightly healthier alternative to the usual toaster pastries, and they definitely hit the spot. The wildberry açaí flavor is fruity without being overly sweet, and the filling actually tastes like real berries—not that weird artificial flavor some others have.The texture is nice, especially if you pop them in the toaster for a couple minutes. The frosting gives it a fun touch, and it’s great that it’s made without artificial colors or ingredients. I love that they’re organic and non-GMO—it makes me feel a little less guilty when I’m grabbing one for a quick snack or breakfast on the go.They’re not super filling on their own, so I usually pair them with some fruit or yogurt. But for what they are, they’re solid. Not overly sweet, good flavor, and made with ingredients I can actually pronounce.Would I buy them again? Yep—especially when I want something quick but don’t want to load up on junk.",
      "helpfulness": "One"
    },
    {
      "date": "July 4, 2025",
      "title": "These taste so much better than your average pop tart",
      "score": "5.0 out of 5 stars",
      "text": "The filling is amazing, and the breading is so much better than the other pop tarts.Will definitely be switching to these over the others.",
      "helpfulness": "One"
    },
    {
      "date": "August 27, 2025",
      "title": "Health Hazard : MOLD!",
      "score": "1.0 out of 5 stars",
      "text": "These are amazingly delicious, and have been absolutely fantastic to munch on!However, my shipment has seemed to grow mold in EVERY SINGLE PACKAGE I OPEN. The expiration date is not for at least another few months. I cannot recommend purchasing this product unless you get it from a grocery store near you as the shipper may not have taken good care of if this before sending to your home.",
      "helpfulness": "0"
    },
    {
      "date": "June 6, 2025",
      "title": "Good ingredients, tasty, could use more filling",
      "score": "4.0 out of 5 stars",
      "text": "These toaster pastries are pretty tasty. I love that they don’t have any artificial dye or corn syrup in them. My only complaint is that they could have a little more filling in them. If they had a little more filling, they’d be 5 stars. The apple is my kids’ favorite, though they like the strawberry one too.",
      "helpfulness": "One"
    },
    {
      "date": "June 6, 2025",
      "title": "Better flavor than the popular name brand!",
      "score": "5.0 out of 5 stars",
      "text": "I cannot say enough great things about the flavor, quality and freshness! The flavor of the filling is amazing. I can't even out into words how much better the flavor is that the name brand. I will nev r buy a different brand again. I am so excited to try the other flavors as the Razzi Raspberry is amazing.",
      "helpfulness": "One"
    },
    {
      "date": "May 27, 2024",
      "title": "Avoid these when they are on sale.",
      "score": "5.0 out of 5 stars",
      "text": "The unfrosted strawberry flavor is my favorite. I tried some that were frosted. I feel that the frosting is overpowering the fruit. However, this may be a good choice for someone who is transitioning to a clean diet. That’s said, I will not be purchasing them when they are on sale.I purchased the Wild Acai at a heavily discounted price. I think it was 50% off. I ate one, but it tasted weird and it made me feel awful. I opened one of the packages and put it to my nose. It smelled like alcohol. The entire case had fermented. I checked the dates, they were two months from expiring. When your favorite flavor goes on sale, you can expect them to be close to expiring and likely fermented. You will not be able to process a return through the app unfortunately, you will have to call Amazon’s customer service phone number to get your refund.",
      "helpfulness": "3"
    },
    {
      "date": "August 12, 2025",
      "title": "not a fan",
      "score": "3.0 out of 5 stars",
      "text": "they were just okay, flavor was off a bit and a little stale tasting. All the others i have tried are really good. This one not so much. I am only giving 3 stars because their other flavors are amazing. wondering if maybe this is why they were half the price?",
      "helpfulness": "0"
    },
    {
      "date": "December 30, 2007",
      "title": "A tasty, kosher, healthier alternative to Pop Tarts",
      "score": "5.0 out of 5 stars",
      "text": "First and foremost, these toaster pastries taste great! You get light, crusty pastry and impressive chocolate flavor. So if you're worried about whether or not toaster pastries that are billed as organic and healthy can measure up favorably to the market leader, I suggest you try them - I think you'll be pleasantly surprised.It would definitely be a stretch to call these toaster pastries health food, despite the organic, low sodium, zero trans fat and vegetarian claims. But the saturated fat percentage is only 15% of the USRDA 2,000 calorie reference diet, which is relatively low for a toaster pastry. The percent of total calories that come from fat is also relatively low. But you can do that much diet damage with just one or two of some kinds of cookies, and the portion size of these pastries - the nutrition information provided assumes that you're eating an entire pastry - is far more satisfying than a cookie or two. Many people might find just half a pastry to be satisfying. So if you're looking for something sweet to eat, I'd call this a good choice.Kosher certification is provided by COR (Kashrus Council of Canada, based in Toronto, Ontario), and the product is dairy.",
      "helpfulness": "22"
    }
  ]
}