{
  "product_title": "Edward & Sons Tamari Sesame Brown Rice Snaps - Oven Baked, Whole Grain, Gluten Free, Low Sodium, Low Fat, Non-GMO Project Verified, USDA Organic - 3.5 Oz (Pack of 12)",
  "byline_info": "Visit the Edward & Sons Store",
  "product_description": "No added oils or preservatives. Nutria-check: gluten free. Low fat. Low sodium. Whole grain rice crackers. No wheat added. Delicious. Edward & Sons Brown Rice Snaps offer a blend of purity, simplicity, and wonderful taste. Since 1978 they have enhanced the table and delighted the palate of the most discerning natural gourmet. To create brown rice Snaps, 100% Brown rice is carefully cleaned, and then milled into a fine flour containing the essential nutritients of the whole grain. Next, this whole grain rice flour is lightly steamed, kneaded, shaped, and oven-baked to golden perfection. Only choice, natural seasonings are added, such as wheat-free Tamari, pure onion Powder, or whole white seeds. Savor the crispness, the flavor, and the elegance of Edward & Sons Brown Rice Snaps. The quality Which you see and taste is just an indication Pf the care and concern behind this product. Product of Thailand.",
  "category": [
    "Grocery & Gourmet Food",
    "Snacks & Sweets",
    "Snack Foods",
    "Rice Cakes, Chips & Crackers",
    "Crackers"
  ],
  "alt_images": [
    "https://m.media-amazon.com/images/I/41fS8wqw87L.jpg"
  ],
  "product_detail": {
    "Is Discontinued By Manufacturer": "No",
    "Product Dimensions": "9.5 x 6 x 13 inches; 2.87 Pounds",
    "Item model number": "11206000343",
    "UPC": "011206200347 885283436582",
    "Manufacturer": "Edward & Sons",
    "ASIN": "B000F4GP6E",
    "Units": "42.0 Ounce",
    "Best Sellers Rank": "#16,840 in Grocery & Gourmet Food (See Top 100 in Grocery & Gourmet Food) #17 in Rice Crackers",
    "#17 in Rice Crackers": "",
    "Customer Reviews": "4.4 4.4 out of 5 stars 624 ratings"
  },
  "important_information": {
    "Safety Information": "For our customers with sensitivity to wheat or gluten, no wheat is used as an ingredient in this product. However this Brown Rice Snaps variety is produced in a facility that may manufacture other products which do contain wheat.For our customers with sensitivity to wheat or gluten, no wheat is used as an ingredient in this product. However this Brown Rice Snaps variety is produced in a facility that may manufacture other products which do contain wheat.",
    "Ingredients": "Whole Grain Brown Rice, Tamari (Water, Soybeans, Rice, Salt, Brewing Starter (Aspergillus Oryzae), Sesame Seeds.Whole Grain Brown Rice, Tamari (Water, Soybeans, Rice, Salt, Brewing Starter (Aspergillus Oryzae), Sesame Seeds.",
    "Legal Disclaimer": "Statements regarding dietary supplements have not been evaluated by the FDA and are not intended to diagnose, treat, cure, or prevent any disease or health condition.Statements regarding dietary supplements have not been evaluated by the FDA and are not intended to diagnose, treat, cure, or prevent any disease or health condition."
  },
  "rating": {
    "score": "4.4 out of 5",
    "dist": {
      "5 star": "78%",
      "4 star": "6%",
      "3 star": "4%",
      "2 star": "1%",
      "1 star": "11%"
    }
  },
  "top_comments": [
    {
      "date": "December 19, 2020",
      "title": "Less gluten make these perfect. Why?",
      "score": "5.0 out of 5 stars",
      "text": "The hardest thing about shifting foods is taste, expanse, and overall ease of finding the item.It was tough when the VA pointed out inflammation could be a culprit to my military injury hurting extra.The reduction of gluten and dairy has helped tremendously.Crackers are a favorite. Searching high and low found these at Natural Grocer.While adding to my subscribe and save came accords a case of these for less than the store cost.They're crunchy and gluten-free. My only qualm is not flavorful. This said I've grown accustomed to enjoying certain foods different than when I grew up for health benefits. Getting creative with how these are enjoyed. Overall I'm pleased I have a healthy option I can even give the dog with a little peanut butter.These go great in soup, with peanut butter, cheese, and sardines with hot sauce, tuna. I’ve dipped them in chocolate for my daughter in law similar to other regular crackers for holiday treats and they taste good.At first the flavor might be a turn off when unsalted, but these will grow on a palate over time with regular use.To extend the shelf life I keep them in the freezer.⭐️⭐️⭐️⭐️⭐️💯",
      "helpfulness": "2"
    },
    {
      "date": "July 28, 2023",
      "title": "Quality. Price.",
      "score": "5.0 out of 5 stars",
      "text": "A.  Very nice crunch factor.  5% Total carbs.  2% dietary fiber.  Gluten free.B.  0% Salt.  Very good product for meeting salt restricted diets.C.  Gluten free.  Wonderful product for suffers of some very serious bowl illnesses.D.  Very good for dips, most resistant to crumbling when dipping.E.  Price is a little high.  If you can catch them on sale, get several packages - I have not experienced any issue  regarding spoilage.Enjoy.",
      "helpfulness": "0"
    },
    {
      "date": "January 11, 2010",
      "title": "Good alternative when snacking",
      "score": "5.0 out of 5 stars",
      "text": "I really like these. I actually had them on the automatic delivery at my old place to help save a little more money. Younger people, or people who are not used to the flavorings of healthier foods, may be initially turned off by these. The cheddar powder helps, but they are still obviously not your typical cracker.I would recommend these with a nice complementary hummus spread. This will help with that initial taste. Just make sure that the hummus you choose matches the topping already on the cracker! Some people might not like cheddar flavor mixed with an exotic-flavored hummus.If you are not going to finish the whole package at once (like you might at a party), be sure to rebag these little treats. They will get stale pretty fast in their original packaging (it is not too sturdy, as other reviewers have mentioned, and the plastic packaging is not resealable), and they are not that good stale or too moistened from the air. Unlike some other cracker and cracker-like foods, these drop really fast in the flavor department once they are opened. Just keep them air-sealed, however, and they will be fine for a long time.I also like to make nachos out of this flavor. Melt a nice little cheese concoction on the side, and these are great! Make it a cheese melt with some nicer cheeses, though, to keep the \"high class\" feel of them. :)I agree that many of these will arrive broken. If you make a traditional nacho plate that is drizzled with cheese, the melted cheese will help hold together all of the little pieces. This way, you maximize your money per package.Hope this helps your purchasing process.",
      "helpfulness": "2"
    },
    {
      "date": "May 29, 2024",
      "title": "Amazing",
      "score": "5.0 out of 5 stars",
      "text": "These are the best gluten-free crackers. There’s literally only one ingredient, no salt. They are tasty and pear well with hummus cheese and whatever else and because they are plain, they don’t take away the flavor of whatever you pair them with.",
      "helpfulness": "0"
    },
    {
      "date": "July 30, 2012",
      "title": "Poor packaging for normal shipment",
      "score": "1.0 out of 5 stars",
      "text": "These crackers are high quality, tasty and I thoroughly enjoy them. They stay crunchy and are one of may favorite snacks with cheese or other salsa or dip.It is the packaging that was poor to the level of being nearly incompetent.(The carrier was Federal Express, but this is a packaging not a shipping problem.)The 12 packs were inside a double wall, corrugated display box.  The display box was inside another double wall, corrugated box.  The boxes are undamaged. However, the interior display box was protected/cushioned from the outside shipping box by only three wads of kraft paper.  That quality of cushioning was absolutely inadequate for protecting the fragile items: crackers. One third of the crackers are in very small pieces, not crushed but severely damaged, reduced to rice crispy size.  Items like this need \"popcorn\" or \"worms\" or small foam pieces as packing material to absorb the shock of normal shipping.Perhaps eliminating the display box and packing the cracker containers directly in popcorn-type material would be even more effective.I've learned my lesson. I'll be very wary of ordering anything through Amazon with this potential for damage.",
      "helpfulness": "8"
    },
    {
      "date": "June 16, 2025",
      "title": "Great Gluten Free Option",
      "score": "5.0 out of 5 stars",
      "text": "As someone with a sensitive stomach, these rice crackers are a lifesaver. So crunchy and a great replacement for more oily snacks. As a bonus, they passed testing for glyphosate residue!",
      "helpfulness": "0"
    },
    {
      "date": "October 22, 2024",
      "title": "A surprise",
      "score": "5.0 out of 5 stars",
      "text": "I bought these because they were rated non-detect glyphosate from Mamavation. I didn't expect to like them but thought they would work as a necessary light carb. I was surprised. They are fresh and delicious. I mix toppings to include protein. I'm happy that I took a chance.",
      "helpfulness": "One"
    },
    {
      "date": "December 3, 2023",
      "title": "Gluten-free, but NO LONGER 100% Organic!",
      "score": "4.0 out of 5 stars",
      "text": "I’m unhappy with the ingredient changes made to all of the crackers/snaps produced by Edward & Sons. I can’t even find the organic black sesame snaps that I bought for years. Shame on all companies who had great products, loyal customers, yet downgraded their ingredients.",
      "helpfulness": "One"
    }
  ]
}