{
  "product_title": "Twinings of London Loose Gunpowder Green Tea, 3.53 Ounce Tin",
  "byline_info": "Visit the Twinings Store",
  "product_description": "",
  "category": [
    "Grocery & Gourmet Food",
    "Beverages",
    "Tea",
    "Green"
  ],
  "alt_images": [
    "https://m.media-amazon.com/images/I/61sxlY6N0AL.jpg",
    "https://m.media-amazon.com/images/I/61MVKNHMoqL.jpg",
    "https://m.media-amazon.com/images/I/619JDpojvHL.jpg",
    "https://m.media-amazon.com/images/I/61Sf1RIejyL.jpg",
    "https://m.media-amazon.com/images/I/61IwS4OeHrL.jpg",
    "https://m.media-amazon.com/images/I/51Dbkj3ZY5L.jpg",
    "https://m.media-amazon.com/images/I/61Dan5K5o4L.jpg"
  ],
  "product_detail": {
    "Is Discontinued By Manufacturer": "No",
    "Product Dimensions": "2.7 x 3.5 x 3.5 inches; 5.6 ounces",
    "Item model number": "LEPUSMRYC8275",
    "UPC": "698997433637 070177034832 070177065454",
    "Manufacturer": "Twinings",
    "ASIN": "B00MN47K9A",
    "Units": "3.53 Ounce",
    "Best Sellers Rank": "#215,084 in Grocery & Gourmet Food (See Top 100 in Grocery & Gourmet Food) #1,435 in Green Tea",
    "#1,435 in Green Tea": "",
    "Customer Reviews": "4.6 4.6 out of 5 stars 360 ratings"
  },
  "important_information": {
    "Safety Information": "Contains caffeine. May not be suitable for children, pregnant women, or people sensitive to caffeine.Contains caffeine. May not be suitable for children, pregnant women, or people sensitive to caffeine.",
    "Ingredients": "Gunpowder Green TeaGunpowder Green Tea",
    "Directions": "Steep in hot water for 2-3 minutesSteep in hot water for 2-3 minutes",
    "Legal Disclaimer": "Statements regarding dietary supplements have not been evaluated by the FDA and are not intended to diagnose, treat, cure, or prevent any disease or health condition.Statements regarding dietary supplements have not been evaluated by the FDA and are not intended to diagnose, treat, cure, or prevent any disease or health condition."
  },
  "rating": {
    "score": "4.6 out of 5",
    "dist": {
      "5 star": "79%",
      "4 star": "10%",
      "3 star": "5%",
      "2 star": "2%",
      "1 star": "4%"
    }
  },
  "top_comments": [
    {
      "date": "April 13, 2025",
      "title": "Great loose tea",
      "score": "5.0 out of 5 stars",
      "text": "My wife loves it, she orders all the time",
      "helpfulness": "0"
    },
    {
      "date": "July 15, 2023",
      "title": "strong taste",
      "score": "5.0 out of 5 stars",
      "text": "I like the taste of green tea.  This product gives you the leaves of the green tea and not the powder which other products does.  So, this way I can control how much leaves I can use.",
      "helpfulness": "0"
    },
    {
      "date": "September 12, 2023",
      "title": "Great tea!",
      "score": "5.0 out of 5 stars",
      "text": "I love the taste of it, super light and great can.",
      "helpfulness": "0"
    },
    {
      "date": "February 3, 2016",
      "title": "Wonderful tea!",
      "score": "5.0 out of 5 stars",
      "text": "I used to buy Gunpowder tea from a local tea shop. It was loose in small bins and you would scoop what you wanted. That shop closed many years ago. I really missed my tea. I have bought Twinnings for many years and when I saw this I thought i would try it. I may be mistaken but the only difference I can see is the tea I used to buy seemed like it was larger balls of leaves. Of course opening the tea ball once it's been submerged under hot water I see the leaves opened and they seem the same as always. The taste is wonderful! Brings me back to a time when life was simpler. I recommend and will buy again!",
      "helpfulness": "3"
    },
    {
      "date": "January 11, 2019",
      "title": "Really good cup of tea.",
      "score": "4.0 out of 5 stars",
      "text": "Twinings sells a really nice green tea.  The loose gunpowder form of their green tea is very smooth, clean, and nutty tasting.  The leaves, being in a large form and rolled into the little 'gunpowder' grains, expand with steeping and can be used a few times before discarding.  I still got a great cup with after the third time steeping.  My only issue was that the tin came in a soft package in the mail, and had some dents  on the surface, as if the tin was banged around in transit.  Not a huge detraction, but enough to call the purchase not entirely perfect.Definitely recommend if you don't mind the tin coming a little beaten up.",
      "helpfulness": "4"
    },
    {
      "date": "September 3, 2015",
      "title": "Great Tea",
      "score": "5.0 out of 5 stars",
      "text": "I used it make some iced green tea. It is quite bitter to begin with so, I needed to just wash it with hot water to get rid of the bitterness. What I mean by that is I put a little bit of boiling hot water (enough to soak the leaves I was going to use) into the brewing pot and give it a good swirl or two and let it sit for a few minutes and drain the water. Then fill the pot with the serving size of water and sit to brew.Love the taste and smell. Highly recommend to anyone.",
      "helpfulness": "One"
    },
    {
      "date": "January 13, 2021",
      "title": "I LOVE this tea!",
      "score": "5.0 out of 5 stars",
      "text": "I love this tea! The flavor, freshness and packaging were all wonderful. This has always been my favorite tea( Earl Grey runs a close 2nd). I love the flavour and smoothness. Thank you!",
      "helpfulness": "2"
    },
    {
      "date": "July 25, 2023",
      "title": "Very good",
      "score": "5.0 out of 5 stars",
      "text": "The price is very affordable, have been drinking this brand of tea, it is very good.",
      "helpfulness": "One"
    }
  ]
}