{
  "product_title": "Droste Cocoa Powder Dutch Style Cocoa for Baking Desserts and More, 8.8 Ounce (Pack of 3)",
  "byline_info": "Brand: Droste",
  "product_description": "Droste Cocoa 8.8oz container",
  "category": [
    "Grocery & Gourmet Food",
    "Pantry Staples",
    "Cooking & Baking",
    "Baking Chocolates, Carob & Cocoa",
    "Cocoa"
  ],
  "alt_images": [
    "https://m.media-amazon.com/images/I/51cJCsgJXqL.jpg",
    "https://m.media-amazon.com/images/I/41iU7Sfs94L.jpg",
    "https://m.media-amazon.com/images/I/61-H-ncDaeL.jpg"
  ],
  "product_detail": {
    "Is Discontinued By Manufacturer": "No",
    "Product Dimensions": "4 x 6 x 6 inches; 8.8 ounces",
    "Item model number": "BHBUSWA3854",
    "UPC": "651818920488 077428102609",
    "ASIN": "B00032IFCU",
    "Units": "26.4 Ounce",
    "Best Sellers Rank": "#70,832 in Grocery & Gourmet Food (See Top 100 in Grocery & Gourmet Food) #131 in Baking Cocoa",
    "#131 in Baking Cocoa": "",
    "Customer Reviews": "4.8 4.8 out of 5 stars 2,690 ratings"
  },
  "important_information": {
    "Ingredients": "'GB-INGREDIENTS: COCOA POWDER.''GB-INGREDIENTS: COCOA POWDER.'",
    "Directions": "To use Droste Cocoa Powder, add it to your favorite recipes for baking, cooking, and making desserts. For hot cocoa, mix 1-2 tablespoons of cocoa powder with 8 ounces of milk or water and heat until warm. Adjust sweetness to taste.To use Droste Cocoa Powder, add it to your favorite recipes for baking, cooking, and making desserts. For hot cocoa, mix 1-2 tablespoons of cocoa powder with 8 ounces of milk or water and heat until warm. Adjust sweetness to taste.",
    "Legal Disclaimer": "Statements regarding dietary supplements have not been evaluated by the FDA and are not intended to diagnose, treat, cure, or prevent any disease or health condition.Statements regarding dietary supplements have not been evaluated by the FDA and are not intended to diagnose, treat, cure, or prevent any disease or health condition."
  },
  "rating": {
    "score": "4.8 out of 5",
    "dist": {
      "5 star": "91%",
      "4 star": "6%",
      "3 star": "2%",
      "2 star": "0%",
      "1 star": "1%"
    }
  },
  "top_comments": [
    {
      "date": "May 10, 2025",
      "title": "Quality Cocoa",
      "score": "5.0 out of 5 stars",
      "text": "Droste has always been my favorite Dutch-process cocoa. The flavor is always spot on, and blends easily with other ingredients. I had trouble finding it in the supermarkets recently and was happy to find it at Amazon",
      "helpfulness": "0"
    },
    {
      "date": "May 12, 2025",
      "title": "Makes the BEST hot chocolate!",
      "score": "5.0 out of 5 stars",
      "text": "While this is a bit on the expensive side, it IS DEFINITELY a PREMIUM cocoa. Hersheys doesn't come close. Whoever packaged mine didn't notice that one of the three boxes was damaged. Very little cocoa was lost and I could not see any residue in the packaging. It came in bubble wrap and a larger box. The outer box was not damaged. Couldn't tell the difference in weight with the other two boxes. Not worth making a claim on since I couldn't tell see a big loss. Arrived was quicker than expected. Despite the small damage, it was well worth it.",
      "helpfulness": "0"
    },
    {
      "date": "May 24, 2025",
      "title": "Best Cocoa Ever",
      "score": "5.0 out of 5 stars",
      "text": "Droste is my favorite cocoa. It is exceptionally dark and totally delicious.",
      "helpfulness": "One"
    },
    {
      "date": "June 24, 2025",
      "title": "Quality Cocoa powder",
      "score": "5.0 out of 5 stars",
      "text": "The best quality cocoa powder to use for your baking.",
      "helpfulness": "0"
    },
    {
      "date": "March 18, 2025",
      "title": "Deep, rich chocolate",
      "score": "5.0 out of 5 stars",
      "text": "Wonderful,  deep, rich chocolate for baking.  Absolutely the best!",
      "helpfulness": "0"
    },
    {
      "date": "April 26, 2025",
      "title": "Tastes great",
      "score": "5.0 out of 5 stars",
      "text": "Best tasting cocoa powder I know of",
      "helpfulness": "0"
    },
    {
      "date": "May 31, 2025",
      "title": "best dutch process cocoa powder you can find",
      "score": "5.0 out of 5 stars",
      "text": "best dutch process cocoa powder in the biz",
      "helpfulness": "0"
    },
    {
      "date": "May 20, 2022",
      "title": "the best dutch cocoa!",
      "score": "4.0 out of 5 stars",
      "text": "Just received mine and made hot chocolate this morning, so yummy. Was a little hesitant as I saw a reviewer who said they got lighter chocolate cocoa, but mine was a deep reddish brown color. Best Buy date 2024.(so not stale.)Previously purchased Guittard which is more expensive, but decided to come back to Droste which is cheaper and IMO better quality.Reason for the 4 stars: packaging. Need to be careful when opening. Not a deal breaker as I can transfer to another container. Will buy again.",
      "helpfulness": "One"
    }
  ]
}