{
  "product_title": "Baby Pacifiers Sweet and Tart Candy 5lb",
  "byline_info": "Brand: Candy Crate",
  "product_description": "Tiny sweet-tart like candies shaped like pacifiers. Approximately 3000 pc.",
  "category": [
    "Grocery & Gourmet Food",
    "Snacks & Sweets",
    "Candy & Chocolate",
    "Hard Candy"
  ],
  "alt_images": [
    "https://m.media-amazon.com/images/I/51iOjZf4UBL.jpg"
  ],
  "product_detail": {
    "Is Discontinued By Manufacturer": "No",
    "Item Weight": "5 Pounds",
    "Manufacturer": "Candy Crate",
    "ASIN": "B0007OVVPC",
    "Units": "80.0 Ounce",
    "Customer Reviews": "5.0 5.0 out of 5 stars 5 ratings"
  },
  "important_information": {
    "Legal Disclaimer": "Statements regarding dietary supplements have not been evaluated by the FDA and are not intended to diagnose, treat, cure, or prevent any disease or health condition.Statements regarding dietary supplements have not been evaluated by the FDA and are not intended to diagnose, treat, cure, or prevent any disease or health condition."
  },
  "rating": {
    "score": "5 out of 5",
    "dist": {
      "5 star": "100%",
      "4 star": "0%",
      "3 star": "0%",
      "2 star": "0%",
      "1 star": "0%"
    }
  },
  "top_comments": [
    {
      "date": "March 8, 2009",
      "title": "Would buy it over and over again for all our parties",
      "score": "5.0 out of 5 stars",
      "text": "I love those little sweet pacifers, got them to fill my baby favor boxes.  Love the taste and the colors but didn't hear any compliments from our vistors yet since I'm still waiting for my baby :)would buy this again for sure and enjoy filling my favor boxes/bags with those mini sweetstaste and smells and looks just PERFECT",
      "helpfulness": "2"
    },
    {
      "date": "March 8, 2016",
      "title": "Five Stars",
      "score": "5.0 out of 5 stars",
      "text": "Everyone at the baby shower loved these!",
      "helpfulness": "0"
    },
    {
      "date": "April 6, 2013",
      "title": "Nice product",
      "score": "5.0 out of 5 stars",
      "text": "We ordered this for my daughters baby shower and they are perfect, thanks for the great tasting baby pacifiers candies",
      "helpfulness": "0"
    },
    {
      "date": "February 18, 2008",
      "title": "Good Stuf",
      "score": "5.0 out of 5 stars",
      "text": "Great candies for a baby shower.  Tasty, fast shipping and went over well.  Thanks!",
      "helpfulness": "2"
    },
    {
      "date": "July 6, 2013",
      "title": "Candies",
      "score": "5.0 out of 5 stars",
      "text": "Adorable, really no other words. Fit perfectly into bottles, were bright and just simply adorable! Didn't taste as terrible as I thought either :)",
      "helpfulness": "0"
    }
  ]
}