{
  "product_title": "Sriracha Hot Chili Sauce - 17 oz.",
  "byline_info": "Visit the Badia Store",
  "product_description": "Sriracha is made from sun-ripened chili, ready to use in soups, sauces, pasta, pizza, hot dogs, hamburgers, chow mein or on anything to add a delicious, spicy taste!",
  "category": [
    "Grocery & Gourmet Food",
    "Pantry Staples",
    "Sauces, Gravies & Marinades",
    "Hot Sauce"
  ],
  "alt_images": [
    "https://m.media-amazon.com/images/I/41DxoXoag4L.jpg"
  ],
  "product_detail": {
    "Package Dimensions": "7.8 x 3 x 2.7 inches; 1.08 Pounds",
    "UPC": "033844003265",
    "Manufacturer": "Tuong Ot",
    "ASIN": "B0000CNU59",
    "Units": "17 Fluid Ounces",
    "Best Sellers Rank": "#310,732 in Grocery & Gourmet Food (See Top 100 in Grocery & Gourmet Food) #4,318 in Hot Sauce #9,810 in Sauces",
    "#4,318 in Hot Sauce": "",
    "#9,810 in Sauces": "",
    "Customer Reviews": "2.7 2.7 out of 5 stars 18 ratings"
  },
  "important_information": {
    "Ingredients": "Chili, sugar, garlic, salt, distilled vinegar, potassium sorbate & sodium bisulfite as preservative, xanthan gum.Chili, sugar, garlic, salt, distilled vinegar, potassium sorbate & sodium bisulfite as preservative, xanthan gum.",
    "Legal Disclaimer": "Statements regarding dietary supplements have not been evaluated by the FDA and are not intended to diagnose, treat, cure, or prevent any disease or health condition.Statements regarding dietary supplements have not been evaluated by the FDA and are not intended to diagnose, treat, cure, or prevent any disease or health condition."
  },
  "rating": {
    "score": "2.7 out of 5",
    "dist": {
      "5 star": "43%",
      "4 star": "0%",
      "3 star": "0%",
      "2 star": "0%",
      "1 star": "57%"
    }
  },
  "top_comments": [
    {
      "date": "December 9, 2013",
      "title": "A Rip-off",
      "score": "1.0 out of 5 stars",
      "text": "It was not until the next day that I found three large bottles of this same Sauce for $15. This is a rip off. Look elsewhere.",
      "helpfulness": "One"
    },
    {
      "date": "March 4, 2013",
      "title": "Not so different in some ways",
      "score": "5.0 out of 5 stars",
      "text": "I first ran into hot sauce in the service where it sat on every table in the mess hall.  I learned it was more a southern thing.  Times change and we all recognize the grocery store brands and their common flavor.  The amount of heat seems to be the only difference with almost all resonating with a strong vinegar background.So, ever wish you had something without the aggressive, vinegar note?  Meet Asia instead of Alabama.  Your socks will remain in place when you use this. This isn't very sweat inducing.  It has a nice tang that should only shock the most sensitive.  I guess the term is balance.  The main flavors are there not to change the dish but to augment it.  That lends itself to many situations.  We taste something and there is that something missing.  Often you'll find what is missing with a sauce like this.It is a great condiment to add to the standard, American ones.",
      "helpfulness": "One"
    },
    {
      "date": "July 1, 2025",
      "title": "Terrible company, terrible product.",
      "score": "1.0 out of 5 stars",
      "text": "This stuff is garbage and the company is really terrible.  You might think that no other sriracha sauce is as good, or \"the same\", when in reality, they have slowly changed this recipe to cheaper ingredients and the other brands have gotten better.  Ditch this nestle style garbage company and go with underwood ranch... Made with the same peppers that huy fung used to use, before they extorted them and kicked them to the curb.",
      "helpfulness": "0"
    },
    {
      "date": "April 19, 2014",
      "title": "The Best Chili Sauce Ever!!!",
      "score": "5.0 out of 5 stars",
      "text": "PRODUCT:  I enjoy Sriracha Chili Sauce, but the real reason I purchase it is for my daughter. She is a big fan of the sauce, and she puts it on anything, everything (well maybe not ice cream). I highly recommend this product.SELLER:  The product is just as the seller describes it, and the delivery is rather quick :)",
      "helpfulness": "0"
    },
    {
      "date": "December 16, 2015",
      "title": "Great product for making top notch Bloody Mary's",
      "score": "5.0 out of 5 stars",
      "text": "Great product for making top notch Bloody Mary's. I like several other hot sauces too. However, this particular chill sauce has less vinegar than some brands, so it is ideal for making a good Bloody Mary without the vinegar taste.",
      "helpfulness": "0"
    },
    {
      "date": "July 28, 2012",
      "title": "wow .... use it just about every where",
      "score": "5.0 out of 5 stars",
      "text": "Mix the following ingredients to taste - experiment and come up with the perfect mix!IngredientsA lot of ice!V8 Vegetable JuiceVodkaSriracha Hot Chili SauceWorcestershire SauceCream Hot HorseradishCelery SaltGround PepperLime/Lemon JuiceOlive Juice (little bit)",
      "helpfulness": "One"
    },
    {
      "date": "August 26, 2012",
      "title": "Red Hot has nothing on Sriracha!",
      "score": "5.0 out of 5 stars",
      "text": "It's so good. You can put it on everything. I'm almost done with the bottle & I got it a week ago. I can eat a fresh jalapeno with little to no feeling of heat so I personally wouldn't it consider it that spicy.",
      "helpfulness": "0"
    },
    {
      "date": "January 6, 2012",
      "title": "Spice your ramen!",
      "score": "5.0 out of 5 stars",
      "text": "Whether you eat Ramen noodle, mashed potatoes, couscous, mac-n-cheese or plain chicken breast, rooster sauce will warm it in a delightful manner. I consider it an essential staple and always have some available - be it at home or on deployment.",
      "helpfulness": "0"
    }
  ]
}