{
  "product_title": "Ener-G Foods High Fiber Loaf, 16-Ounce Packages (Pack of 6)",
  "byline_info": "Brand: ENER-G",
  "product_description": "Product Description   This is now a verified product by the Non-GMO Project. A top selling gluten-free bread made with rice and tapioca flour. The High Fiber Loaf makes a great whole grain bread alternative. As the name implies, at 5g per slice, this bread is high in fiber. Perfect warmed up or toasted, and makes great sandwiches. For first-timers and seasoned travelers, Ener-G offers this bread in convenient two slice packets. Remember that Ener-G breads and buns can be softened by microwaving them for approximately 15 to 20 seconds, one slice at a time.   About the Brand   Ener-G Foods, Inc. is a family-owned business located in Seattle, Washington. Purchased by Sam M. Wylde, founder of Sam Wylde Flour Co., in 1962, Ener-G Foods has evolved to become one of the largest producers devoted to special diet foods in the United States.  Our mission at Ener-G Foods, as one of the country's foremost producers of foods for diet-restricted individuals, is to provide a wide range of ready-made foods and mixes that are wholesome, nutritious, risk free, and good tasting. We are constantly responding to the demand for special diets with research, innovative products, and convenience foods.  Since 1962, when we first created low-protein products for renal pre-dialysis patients, we have striven to meet the challenging requirements for diet restricted consumers. We not only offer wheat-free, gluten-free products, but also products for low-protein diets, egg-free, and dairy-free products. Our bakery is dedicated to wheat-free, gluten-free baking, guaranteeing that contamination from gluten will not occur. Our innovative packaging gives our products a 1-year shelf life without the need for refrigeration. We bake our products as orders are received to insure that the freshest product is available. How we got to where we are today. In 1887, Sam M. Wylde's grandfather started the first flourmill in Seattle. It was built to supply export flour to the orient as well as supply flour to the people of Washington State. After World War I, Sam M. Wylde's father and uncles joined the family business and learned the milling industry. Meanwhile, Sam Wylde traveled the country and the world working at everything from elevator salesman to a ships' steward. Returning to Seattle after World War II, Sam Wylde was one of the founders of Brodie Restaurant and Hotel Supply, but when Sam's father took ill, he left Brodie to help run the family mill.  When Sam Wylde's father died, his uncles, Norman and Alan, decided to close the mill. Unemployed, Sam Wylde started Sam Wylde Flour Co. to distribute flour and bakery items to local bakeries. The fleet of trucks bearing Sam Wylde's name ranged all over Western Washington, from the Canadian border to as far south as Southern California. Fisher Mills, Inc, bought Sam Wylde Flour Co., of Seattle. Fisher Mills later sold Sam Wylde Flour Mills to a Dutch company, Puratos. Puratos has changed the name of Sam Wylde Flour Mills to Puratos. Fisher Mills no longer exists.  When Sam Wylde purchased Ener-G Foods, Inc. in 1962, we were little more than a two-person operation in which all packing was done by hand. Shortly after acquiring Ener-G Foods, Sam was approached by Dr. Scribner of the University of Washington. Dr. Scribner, known worldwide as the father of dialysis, is credited with inventing what we commonly call the kidney machine.  Meeting with Dr. Scribner and his dietitian, Sondra Aker, they explained that there was an acute shortage of dialysis machines and they desperately needed a low protein bread. The University of Washington had one dialysis machine for thousands of kidney patients. Since the kidneys convert protein to uric acid, if the protein intake were restricted, the kidneys would not have to work so hard, hence would require less frequent dialysis. Sam Wylde and Ener-G Foods worked on low-protein bread for about a year before arriving at an acceptable result. Made with a base of wheat starch it was low in protein, sodium, potassium and phosphorus, therefore acceptable for a low-protein diet. It was also discovered that by restricting protein intake, progression of renal failure could be slowed even for patients on the dialysis unit. Sometime later, Dr. Cyrus Rubin, inventor of the Rubin Biopsy Tube and professor of Gastroenterology at the University of Washington, sent his dietitian to us with a request for a gluten-free bread with one restriction, \"I don't want any wheat starch.\" Also at about the same time, Sam Wylde, Sr., developed prostrate cancer and Sam Wylde, III, having completed his MBA in Oregon, moved back to Seattle to assist his father with both Ener-G Foods and Sam Wylde Flour Co. Sam Wylde, III, began working nights on developing gluten-free breads and other products without the use of wheat starch.",
  "category": [
    "Grocery & Gourmet Food",
    "Breads & Bakery",
    "Breads"
  ],
  "alt_images": [
    "https://m.media-amazon.com/images/I/51Dspo7xhSL.jpg"
  ],
  "product_detail": {
    "Is Discontinued By Manufacturer": "Yes",
    "Product Dimensions": "13.25 x 7.75 x 9.75 inches; 6.9 Pounds",
    "UPC": "075119145898",
    "Manufacturer": "Ener-G Foods",
    "ASIN": "B000FFLXOC",
    "Units": "96 Ounce",
    "Customer Reviews": "3.3 3.3 out of 5 stars 6 ratings"
  },
  "important_information": {
    "Safety Information": "If toasting use caution when removing from toaster. Do not leave toasting appliance unattended due to possible risk of fire.If toasting use caution when removing from toaster. Do not leave toasting appliance unattended due to possible risk of fire.",
    "Ingredients": "Filtered water, tapioca flour, sugar cane fiber, white rice flour, raisin juice concentrate (soluble raisin solids, water), hi oleic safflower oil, plum puree, organic palm fruit shortening, brown rice flour, beet fiber, sweet rice flour, yeast, methylcellulose, salt, orange citrus fiber, guar gum, sodium carboxymethylcellulose, monocalcium phosphate. Enriched with thiamin (vitamin b1), riboflavin (vitamin b2), niacin, iron, folic acid, and vitamin d.Filtered water, tapioca flour, sugar cane fiber, white rice flour, raisin juice concentrate (soluble raisin solids, water), hi oleic safflower oil, plum puree, organic palm fruit shortening, brown rice flour, beet fiber, sweet rice flour, yeast, methylcellulose, salt, orange citrus fiber, guar gum, sodium carboxymethylcellulose, monocalcium phosphate. Enriched with thiamin (vitamin b1), riboflavin (vitamin b2), niacin, iron, folic acid, and vitamin d.",
    "Directions": "Toast or Microwave (approx 40 seconds). Storage: Keep in a cool dry place. Does not need freezing. Refrigerate after opening to preserve freshness.Toast or Microwave (approx 40 seconds). Storage: Keep in a cool dry place. Does not need freezing. Refrigerate after opening to preserve freshness.",
    "Legal Disclaimer": "Statements regarding dietary supplements have not been evaluated by the FDA and are not intended to diagnose, treat, cure, or prevent any disease or health condition.Statements regarding dietary supplements have not been evaluated by the FDA and are not intended to diagnose, treat, cure, or prevent any disease or health condition."
  },
  "rating": {
    "score": "3.3 out of 5",
    "dist": {
      "5 star": "14%",
      "4 star": "33%",
      "3 star": "40%",
      "2 star": "0%",
      "1 star": "13%"
    }
  },
  "top_comments": [
    {
      "date": "May 24, 2007",
      "title": "Not a good idea to order in bulk",
      "score": "1.0 out of 5 stars",
      "text": "Out of the 6 loaves, I ended up throwing 4 of them away as they were molded. Even though the expiration date was 9/07, they were molded in Feb and again in May. They were still in their original packaging. So I ended up paying over $20 for 2 usuable loaves of bread.",
      "helpfulness": "4"
    },
    {
      "date": "December 17, 2010",
      "title": "Closest thing to brown bread I've found",
      "score": "3.0 out of 5 stars",
      "text": "I've been gluten-free for over 7 years and the bread is getting better. This type tended to crumble in the package more than tapioca or brown rice bread.  The packaging is the most mold-resistant I've found. I keep the bread in the cupboard until it is opened then put it in the refrigerator. I haven't had any problems.  The nutritional information listed for the bread on the Amazon website is wrong.  I think someone used the same nutritional facts for most Ener G products.",
      "helpfulness": "0"
    },
    {
      "date": "February 27, 2008",
      "title": "Best GFCF & egg free packaged bread we've found",
      "score": "4.0 out of 5 stars",
      "text": "We used to buy Ener-G's Tapioca Loaf, but after trying this one we've switched.  We've been gluten-free, casein-free and egg-free for almost 2 years and it's hard to find a bread that tastes like the real thing.  This bread looks and tastes more like a light wheat bread.  It's not as dry as the tapioca bread and has a better, nuttier flavor.  My son likes it a lot and he's an extremely picky eater.  We ordered it in bulk with the 6 loaves and had no problem with mold like a previous reviewer reported.  Very happy customers!!!",
      "helpfulness": "5"
    },
    {
      "date": "November 1, 2006",
      "title": "Nice choice especially if you can't eat egg",
      "score": "5.0 out of 5 stars",
      "text": "For an egg free, wheat free, gluten free, dairy free bread it's an excellent bread.  Good consistency and texture and it tastes quite similar to typical bread.  My two year old loves eating it.",
      "helpfulness": "4"
    },
    {
      "date": "September 26, 2009",
      "title": "Bread with some texture",
      "score": "4.0 out of 5 stars",
      "text": "I seenthis item on amazon and ordered it  on a whim.  I was surprised it had texture and made a sandwich  a bit more enjoyable. They are getting closer to making a product similar to flour bread.",
      "helpfulness": "One"
    },
    {
      "date": "April 27, 2009",
      "title": "Decent bread, decent taste, works well in untoasted sandwiches",
      "score": "4.0 out of 5 stars",
      "text": "Difficult to find a gluten-free, good-fiber bread that does not cost an arm and a leg. Try this for sandwiches. Rather bland taste, so buy it for the nutrition and put the tasty stuff between the slices!",
      "helpfulness": "One"
    }
  ]
}