{
  "product_title": "Jamaican Classic Roasted and Ground Coffee (16oz - 2 Pack)",
  "byline_info": "Visit the JABLUM Store",
  "product_description": "The coffee taste is wonderfully exotic- a balanced medley of fleeting richness, sweetness and tempered acidity. But it is the lingering experience, the haunting aftertaste that still defies description. Jablum's coffee experience, after all, has been cradled in well-guarded tradition for generations. Today, Jablum maintains its rank as the world's most sought-after coffee",
  "category": [
    "Grocery & Gourmet Food",
    "Beverages",
    "Coffee",
    "Ground Coffee"
  ],
  "alt_images": [
    "https://m.media-amazon.com/images/I/51H6NEW6YXL.jpg"
  ],
  "product_detail": {
    "Is Discontinued By Manufacturer": "No",
    "Package Dimensions": "12.3 x 4.3 x 4 inches; 2 Pounds",
    "Manufacturer": "JABLUM Jamaica Limited",
    "ASIN": "B000BMHT8S",
    "Units": "32.0 Ounce",
    "Best Sellers Rank": "#464,061 in Grocery & Gourmet Food (See Top 100 in Grocery & Gourmet Food) #5,947 in Ground Coffee",
    "#5,947 in Ground Coffee": "",
    "Customer Reviews": "4.1 4.1 out of 5 stars 7 ratings"
  },
  "important_information": {
    "Legal Disclaimer": "Statements regarding dietary supplements have not been evaluated by the FDA and are not intended to diagnose, treat, cure, or prevent any disease or health condition.Statements regarding dietary supplements have not been evaluated by the FDA and are not intended to diagnose, treat, cure, or prevent any disease or health condition."
  },
  "rating": {
    "score": "4.1 out of 5",
    "dist": {
      "5 star": "77%",
      "4 star": "0%",
      "3 star": "0%",
      "2 star": "0%",
      "1 star": "23%"
    }
  },
  "top_comments": [
    {
      "date": "December 11, 2014",
      "title": "Five Stars",
      "score": "5.0 out of 5 stars",
      "text": "Great coffe",
      "helpfulness": "0"
    },
    {
      "date": "May 14, 2022",
      "title": "Dishwater",
      "score": "1.0 out of 5 stars",
      "text": "I ordered this when my usual, Dancing Moon Jamiaca Blue Mountain, was unavailable. I wish I had waited for Dancing Moon to restock. This substitute is not even as good as my Caribou medium roast drip brand. Bland, very little crema, no joy.",
      "helpfulness": "0"
    },
    {
      "date": "May 28, 2021",
      "title": "If you want Jamaican Blue Mountain coffee, THIS is what you need to get.",
      "score": "5.0 out of 5 stars",
      "text": "Love the JBM coffee. This is the best we have found. Looking for a “value” on a specialty item like this is not really what I’m looking for. This is the best.",
      "helpfulness": "0"
    }
  ]
}