{
  "product_title": "Nestlé® Coffee-mate Liquid Creamer Singles, Original, 0.38 Oz, Box Of 50 Singles",
  "byline_info": "Visit the Nestle Coffee mate Store",
  "product_description": "Nestlé® Coffee-mate Liquid Creamer Singles, Original, 0.38 Oz, Box Of 50 Singles",
  "category": [],
  "alt_images": [
    "https://m.media-amazon.com/images/I/41QcGt6g9CL.jpg",
    "https://m.media-amazon.com/images/I/41bqdshAfCS.jpg",
    "https://m.media-amazon.com/images/I/41ALW7uZsfS.jpg",
    "https://m.media-amazon.com/images/I/41wRjFILY1S.jpg",
    "https://m.media-amazon.com/images/I/41RUumqqE2S.jpg",
    "https://m.media-amazon.com/images/I/51BYlJyJy0S.jpg",
    "https://m.media-amazon.com/images/I/41O8RvSmdlS.jpg"
  ],
  "product_detail": {
    "Is Discontinued By Manufacturer": "No",
    "Product Dimensions": "3.75 x 9.13 x 3.75 inches; 1.41 Pounds",
    "Item model number": "35110",
    "UPC": "050000351107",
    "Manufacturer": "COFFEEMATE",
    "ASIN": "B0006ZHA8E",
    "Customer Reviews": "3.9 3.9 out of 5 stars 16 ratings"
  },
  "important_information": {
    "Ingredients": "Nestlé® Coffee-mate Liquid Creamer Singles, Original, 0.38 Oz, Box Of 50 SinglesNestlé® Coffee-mate Liquid Creamer Singles, Original, 0.38 Oz, Box Of 50 Singles",
    "Legal Disclaimer": "Statements regarding dietary supplements have not been evaluated by the FDA and are not intended to diagnose, treat, cure, or prevent any disease or health condition.Statements regarding dietary supplements have not been evaluated by the FDA and are not intended to diagnose, treat, cure, or prevent any disease or health condition."
  },
  "rating": {
    "score": "3.9 out of 5",
    "dist": {
      "5 star": "53%",
      "4 star": "14%",
      "3 star": "15%",
      "2 star": "9%",
      "1 star": "9%"
    }
  },
  "top_comments": [
    {
      "date": "April 1, 2011",
      "title": "Delicious - very convenient",
      "score": "5.0 out of 5 stars",
      "text": "Great.  Makes coffee taste like it has half and half in it, yet non-dairy.  Very convenient when eating out, as the little individual portions are easy to carry in a baggie in my purse.  Wish they carried them in the supermarket.",
      "helpfulness": "2"
    },
    {
      "date": "November 11, 2017",
      "title": "ok",
      "score": "3.0 out of 5 stars",
      "text": "Not taste as good as ones which need keep refrigerated",
      "helpfulness": "One"
    },
    {
      "date": "April 21, 2014",
      "title": "Single-Serving Creamer, Regular Flavor , 38",
      "score": "5.0 out of 5 stars",
      "text": "I am lactose intolerant.  Besides Lactaid mi;k this has been another way that I have to enjoy a product like the coffee mate for a more creamy milk substitute.",
      "helpfulness": "0"
    },
    {
      "date": "February 27, 2014",
      "title": "Doesn't deserve a star at all",
      "score": "1.0 out of 5 stars",
      "text": "These were terrible and through most of them out.  I would have to open about 5-6 per cup of coffee to find 2 that were not solid lumps.  Curdled coffee is just nasty. Will never order again, I will pay more in the store and be able to use them.  I am a Solid Coffee-mate customer every day of my life. These were a %100 disappointment.",
      "helpfulness": "2"
    },
    {
      "date": "March 25, 2013",
      "title": "good product!",
      "score": "5.0 out of 5 stars",
      "text": "i strongly recommend this one, well i love coffee and this creamer give it a special taste.it comes very well package. excellent to share with friends and anyone visiting.",
      "helpfulness": "0"
    },
    {
      "date": "July 29, 2015",
      "title": "This is a great product. I've bought from other sellers before and ...",
      "score": "5.0 out of 5 stars",
      "text": "This is a great product.  I've bought from other sellers before and these things have clumped up and gone bad before I could use them all. Not this.",
      "helpfulness": "0"
    },
    {
      "date": "March 8, 2007",
      "title": "cost of shipping",
      "score": "2.0 out of 5 stars",
      "text": "the item was not what we wanted, item discription not informative enough.Also it costs as much to ship the item (which weighed ounces)as it was to buy it...item cost  around 5-6 dollars same amount to ship...sell cheap and over charge for shipping... wont buy again... n.clark",
      "helpfulness": "0"
    },
    {
      "date": "August 2, 2016",
      "title": "it's so good to be able to buy more than a small ...",
      "score": "5.0 out of 5 stars",
      "text": "it's so good to be able to buy more than a small amount at one time. used this product for year.",
      "helpfulness": "One"
    }
  ]
}