{
  "product_title": "Gustaf's Salted Dutch Licorice Coins - 12 Pack of 5.2oz Bags - Salted Black Licorice Coins - Dutch Candy from Netherlands - Salty Black Liquorice Treats",
  "byline_info": "Visit the Gustaf's Store",
  "product_description": "Gustaf's Dutch Licorice Coins - 12 Pack of 5.2oz Bags Savor the bold and authentic flavor of Gustaf's Dutch Licorice Coins, a true gem among Dutch treats. These salted black licorice coins offer the perfect blend of soft and chewy texture with a slightly hard outer finish, delivering a satisfying bite every time. Expertly crafted in the Netherlands, these coins embody the rich tradition of Dutch black licorice with their unique salt flavor. Whether you're a fan of real black licorice or exploring the world of salty black licorice for the first time, this treat is sure to delight your taste buds. Each 5.2oz bag is filled with delicious licorice candy black, making it an ideal choice for snacking, gifting, or sharing. With Gustaf's Licorice Coins, you can enjoy the bold taste of salted licorice that has made Dutch snacks so beloved. A timeless treat for licorice lovers seeking a balance of flavor and texture!",
  "category": [
    "Grocery & Gourmet Food",
    "Snacks & Sweets",
    "Candy & Chocolate",
    "Licorice"
  ],
  "alt_images": [
    "https://m.media-amazon.com/images/I/61k2HF7atCL.jpg",
    "https://m.media-amazon.com/images/I/51XDVdM8beL.jpg",
    "https://m.media-amazon.com/images/I/51b0PNSlMwL.jpg",
    "https://m.media-amazon.com/images/I/515zkp6Xi0L.jpg",
    "https://m.media-amazon.com/images/I/518CRPv3kmL.jpg",
    "https://m.media-amazon.com/images/I/51luvUd-7+L.jpg"
  ],
  "product_detail": {
    "Package Dimensions": "11.38 x 7.72 x 4.41 inches; 5.29 ounces",
    "Item model number": "440825",
    "Manufacturer": "Gustaf's",
    "ASIN": "B000ETZU34",
    "Units": "62.27 Ounce",
    "Best Sellers Rank": "#10,342 in Grocery & Gourmet Food (See Top 100 in Grocery & Gourmet Food) #43 in Licorice Candy",
    "#43 in Licorice Candy": "",
    "Customer Reviews": "4.1 4.1 out of 5 stars 1,729 ratings"
  },
  "important_information": {
    "Safety Information": "This product is labelled to United States standards and may differ from similar products sold elsewhere in its ingredients, labeling and allergen warningsThis product is labelled to United States standards and may differ from similar products sold elsewhere in its ingredients, labeling and allergen warnings",
    "Ingredients": "Sugar, Modified Starch, Glucose Syrup, Gelatin, Licorice Extract, Ammonium Chloride, Wheat Flour, Natural Identical Flavors, Glazing AgentsSugar, Modified Starch, Glucose Syrup, Gelatin, Licorice Extract, Ammonium Chloride, Wheat Flour, Natural Identical Flavors, Glazing Agents",
    "Directions": "For safety, do not give to children under 3 years of age due to choking hazard.For safety, do not give to children under 3 years of age due to choking hazard.",
    "Legal Disclaimer": "Statements regarding dietary supplements have not been evaluated by the FDA and are not intended to diagnose, treat, cure, or prevent any disease or health condition.Statements regarding dietary supplements have not been evaluated by the FDA and are not intended to diagnose, treat, cure, or prevent any disease or health condition."
  },
  "rating": {
    "score": "4.1 out of 5",
    "dist": {
      "5 star": "68%",
      "4 star": "10%",
      "3 star": "6%",
      "2 star": "3%",
      "1 star": "13%"
    }
  },
  "top_comments": [
    {
      "date": "August 27, 2025",
      "title": "Authentic licorice and not anise flavored.",
      "score": "5.0 out of 5 stars",
      "text": "Fresh, chewy and authentic licorice. It’s wonderful!",
      "helpfulness": "One"
    },
    {
      "date": "April 17, 2025",
      "title": "Impossibly great flavor.",
      "score": "5.0 out of 5 stars",
      "text": "I am a licorice lover and have had many different brands and styles of both red and black and have liked several of them. My wife got me these coins as one of my stocking stuffers this last Christmas.  These really blew me away with its flavor, freshness, texture and actually the shape too. Absolutely the best I have ever had!  The problem I have though is that I can’t stop eating them!  Honestly, I have ordered a bag pretty much weekly since I saw that amazon carries them.  I thought I could save some money by ordering a three pack recently. Won’t do that again as I ate all three bags one after the other in one sitting!  They are on the firm side unless you let them sit in your mouth for awhile before you start chewing. I happen to like that fact but might not be for everyone if you like super soft licorice.",
      "helpfulness": "4"
    },
    {
      "date": "September 4, 2025",
      "title": "One piece and into the trash",
      "score": "1.0 out of 5 stars",
      "text": "This HAS to be an acquired taste but I don't think I'm going to acquire it.I ate one.  It has a kind of chocolate amonia smell and back taste.  I love licorice and usuall love salted candy so this sounded good.  But it tastes like something I'd prefer not to name or think of.One piece and into the trash.  Sadly.",
      "helpfulness": "0"
    },
    {
      "date": "September 15, 2023",
      "title": "Addictive",
      "score": "5.0 out of 5 stars",
      "text": "This is how Dutch licorice is supposed to taste...sweet and salty.  I would certainly like them better if the ingredients did not include pork gelatin, since I have not eaten meat in over 30 years and eating too many can irritate my stomach, but I cannot find any similar licorice without it.  I love the chewiness...even if my teeth (and the lost fillings) do not.  I wish I could find mint flavored candy with the same chewy textured.And for those who have written negative reviews related to the inclusion of ammonium chloride, they clearly have not done their homework.  \"Ammonium chloride was added to licorice to give it its distinctive saltiness.  This type of licorice is thought to have originated in pharmacies who manufactured their own cough medicine.\"  \"Ammonium chloride - known for being able to break down mucus - was added to the mixture.  No-one is sure when it was added, but by the 1930s it was being produced in Finland and a number of other countries as confectionery.\"  One resource suggests, \"Ammonium Chloride (NH4Cl), also known as ‘Sal ammoniac’, ‘Noushader salt’, and is used as a food additive.  Commonly used as a yeast nutrient in bread making, as excellent flavor-agent for delicious sweets, to improve the crispiness of snacks such as Indian samosas and jalebi, in baking it gives cookies a very crisp texture.  Ammonium chloride is also used as an expectorant in cough medicine.\"  So...I doubt we would be consuming it in these other products as well, if it was that problematic.  Of course, too much of anything may not be a good thing either.  Enjoy this tasty treat!",
      "helpfulness": "7"
    },
    {
      "date": "July 14, 2025",
      "title": "Yum",
      "score": "4.0 out of 5 stars",
      "text": "Taste good... just like I used to get them when in Holland.",
      "helpfulness": "One"
    },
    {
      "date": "June 30, 2025",
      "title": "Love it!",
      "score": "5.0 out of 5 stars",
      "text": "I am an American, but I like to try new things, and this was very new, and good! Give this a shot, and then try more new things! Life happens once, so enjoy, this is good! (PS: I came back for the 12 pack!)",
      "helpfulness": "0"
    },
    {
      "date": "August 9, 2025",
      "title": "They are great",
      "score": "5.0 out of 5 stars",
      "text": "They are fantastic chewy, salty perfect. If you enjoy licorice you will enjoy these",
      "helpfulness": "0"
    },
    {
      "date": "August 31, 2025",
      "title": "Very good buy",
      "score": "5.0 out of 5 stars",
      "text": "Best black licorice",
      "helpfulness": "0"
    }
  ]
}