{
  "product_title": "Melitta Coffee Pods, Hazelnut Crème Flavored Coffee, Medium Roast, Single Cup, 18 Count",
  "byline_info": "Visit the Melitta Store",
  "product_description": "Individually foil wrapped and nitrogen flushed for freshness. Each coffee pod is made with only 100% high-grown Arabica coffee. A quick and easy way to have coffee. Beverage Type: Coffee Flavor: Hazelnut Cream (Hazelnut) Packing Type: Pod Capacity (Volume): N/A.Unit of Measure : Box",
  "category": [
    "Grocery & Gourmet Food",
    "Beverages",
    "Coffee",
    "Single-Serve Capsules & Pods"
  ],
  "alt_images": [
    "https://m.media-amazon.com/images/I/415Q5v8dR1L.jpg"
  ],
  "product_detail": {
    "Is Discontinued By Manufacturer": "No",
    "Product Dimensions": "3.75 x 4 x 7.75 inches; 0.32 ounces",
    "Item model number": "MLA75410",
    "UPC": "082846802239 791836809928",
    "Manufacturer": "Melitta",
    "ASIN": "B0007VU160",
    "Units": "1.00 Count",
    "Customer Reviews": "3.8 3.8 out of 5 stars 12 ratings"
  },
  "important_information": {
    "Legal Disclaimer": "Statements regarding dietary supplements have not been evaluated by the FDA and are not intended to diagnose, treat, cure, or prevent any disease or health condition.Statements regarding dietary supplements have not been evaluated by the FDA and are not intended to diagnose, treat, cure, or prevent any disease or health condition."
  },
  "rating": {
    "score": "3.8 out of 5",
    "dist": {
      "5 star": "58%",
      "4 star": "18%",
      "3 star": "0%",
      "2 star": "0%",
      "1 star": "24%"
    }
  },
  "top_comments": [
    {
      "date": "May 26, 2011",
      "title": "Hazelnutz!",
      "score": "5.0 out of 5 stars",
      "text": "Great coffee pods!  Box is different than pictured (\"Hazelnut Creme\" was what I received) - same coffee pods, different marketing.The pods fit well in my Melitta One:One, and it's the best price I've found on/off line.",
      "helpfulness": "One"
    },
    {
      "date": "April 8, 2021",
      "title": "Waste of money",
      "score": "1.0 out of 5 stars",
      "text": "My Keurig 2.0 machine did not do well with these pods. The coffee was watery.",
      "helpfulness": "0"
    },
    {
      "date": "February 12, 2009",
      "title": "Excellent taste and great price but need to use properly",
      "score": "4.0 out of 5 stars",
      "text": "We have the Bunn pod coffeemaker (incidentally the best because you can use coffees from virtually any maker unlike Keurig where you have to use their proprietary pods), and find the go hazelnuts to be very tasty and the price is very reasonable.  I actually think the best tasting pods are the Aloha Island, but they are very expensive--but you should consider these for when you have guests over/weekends only.  The key with the pods is that if you use a large coffee cup like I do, you need to put the used pod in your cup after you \"brew\" the coffee, just like a teabag.  Of course, if you're fine with the taste without it, then don't do this, but if you want that stronger coffee taste, then do this.  It will make a big difference in taste.  The other reviews here commenting on price are just ridiculous-they should be removed as they are just indicative of people who don't know how to search pricing apparently.  Highly recommend these pods.",
      "helpfulness": "0"
    },
    {
      "date": "March 27, 2018",
      "title": "Great tasting coffee !",
      "score": "5.0 out of 5 stars",
      "text": "These little pods pack a punch of flavor.... great buy",
      "helpfulness": "0"
    },
    {
      "date": "August 27, 2006",
      "title": "what's with the price?!?!",
      "score": "1.0 out of 5 stars",
      "text": "The one star isn't for the product, it's for the price. I've been using the Melitta Coffee Javapods for over a year now and I LOVE them. However, I usually buy an 18-ct box for under $5. Where did $15 come from?!",
      "helpfulness": "2"
    }
  ]
}