{
  "product_title": "Black Jewell Gourmet Specialty, Natural, 10.5 Ounces (Pack of 6)",
  "byline_info": "Visit the Black Jewell Store",
  "product_description": "",
  "category": [
    "Grocery & Gourmet Food",
    "Snacks & Sweets",
    "Snack Foods",
    "Popcorn",
    "Microwave"
  ],
  "alt_images": [
    "https://m.media-amazon.com/images/I/51o-S8ijzpL.jpg",
    "https://m.media-amazon.com/images/I/51ztraRegNL.jpg",
    "https://m.media-amazon.com/images/I/41TDd5RXpgL.jpg",
    "https://m.media-amazon.com/images/I/41D3Ojza51L.jpg",
    "https://m.media-amazon.com/images/I/51290jkjNQL.jpg",
    "https://m.media-amazon.com/images/I/51AgtKz+gGL.jpg",
    "https://m.media-amazon.com/images/I/61b3Hbz6bDL.jpg"
  ],
  "product_detail": {
    "Is Discontinued By Manufacturer": "No",
    "Product Dimensions": "12.9 x 7.8 x 5.3 inches; 3.94 Pounds",
    "Item model number": "49-705",
    "UPC": "046084230339",
    "Manufacturer": "Black Jewell Popcorn",
    "ASIN": "B00061ENEC",
    "Units": "63 Ounce",
    "Best Sellers Rank": "#13,529 in Grocery & Gourmet Food (See Top 100 in Grocery & Gourmet Food) #30 in Microwave Popcorn",
    "#30 in Microwave Popcorn": "",
    "Customer Reviews": "4.2 4.2 out of 5 stars 1,982 ratings"
  },
  "important_information": {
    "Ingredients": "Popcorn, Palm Oil, SaltPopcorn, Palm Oil, Salt",
    "Legal Disclaimer": "Statements regarding dietary supplements have not been evaluated by the FDA and are not intended to diagnose, treat, cure, or prevent any disease or health condition.Statements regarding dietary supplements have not been evaluated by the FDA and are not intended to diagnose, treat, cure, or prevent any disease or health condition."
  },
  "rating": {
    "score": "4.2 out of 5",
    "dist": {
      "5 star": "65%",
      "4 star": "13%",
      "3 star": "9%",
      "2 star": "5%",
      "1 star": "8%"
    }
  },
  "top_comments": [
    {
      "date": "August 2, 2025",
      "title": "Best Microwave Popcorn",
      "score": "5.0 out of 5 stars",
      "text": "Best microwave popcorn I ever had. It takes a little longer to pop than the more popular brands so you have to learn that balance of popping and not getting to the burn (2:27 on my microwave). The kernels are substantial and have a nice chew to them. Just add a little salt after popping and it is delicious. Healthier without all the extra additives as well.",
      "helpfulness": "One"
    },
    {
      "date": "February 18, 2024",
      "title": "The only microwave popcorn I’ll buy",
      "score": "5.0 out of 5 stars",
      "text": "Who wants to consume seed oils with their popcorn? Certainly not me. This is the only microwave popcorn I have yet to find that does not use cancer causing oils.It makes wonderful popcorn for eating with butter or (my favorite) to make caramel corn. The kernels pop up a little smaller than most popcorn which I love.Great taste, great product. Don’t love the price… but it costs to get a quality product.",
      "helpfulness": "6"
    },
    {
      "date": "June 25, 2021",
      "title": "Over Priced but Delicious, Convenient and Oil Free!",
      "score": "5.0 out of 5 stars",
      "text": "I love this product but it's a splurge as to take out ingredients cost more.  Why is that?  Regardless, it's delicious popcorn and I appreciate it being available.  If you want another oil-free/salt-free option, Whole Foods offers a similar product under the 365 House brand that is also oil and salt-free.  It too is very good.  I will admit this popcorn is better as it just has a better taste.  A different kernel explains it.  So if you want delicious, oil-free salt-free popcorn full of taste and nothing else, this is the microwave popcorn for you!",
      "helpfulness": "One"
    },
    {
      "date": "April 12, 2024",
      "title": "Great for low salt diets!",
      "score": "4.0 out of 5 stars",
      "text": "It’s hard to find good low salt foods.  This is one of them.  Like:  Taste, serving size, quality.  Dislike: That it has no salt.  HA HA!  Seriously, it’s good.  I just miss my salt.  Buy some.  Enjoy!",
      "helpfulness": "3"
    },
    {
      "date": "August 12, 2025",
      "title": "Satisfied customer",
      "score": "5.0 out of 5 stars",
      "text": "Pleasantly surprised how good it was with no added salt and butter, as I prefer to add a very small amount of sea salt and extra virgin olive oil, which is healthier than the added additives in many brands.",
      "helpfulness": "0"
    },
    {
      "date": "November 20, 2024",
      "title": "Completely different popcorn",
      "score": "1.0 out of 5 stars",
      "text": "I have been eating this exact popcorn for a few years, almost daily so I know how it is supposed to taste, and I was always very pleased with the flavor. It used to have huge, fluffy popcorn kernels, And I could pop almost every single one in the bag to perfection.With the last few cases I have ordered, it is a completely different popcorn and really only belongs in the garbage. Not only do the kernels not pop, but the bag is almost always about half empty now, and half of the kernels are burnt. So it's basically a half bag of burnt, flavorless popcorn now, when it used to be excellent. I'm not sure what happened, as I reached out to the company for customer service but never received a reply. I will be trying to get a refund from Amazon and will have to look for a new popcorn brand.",
      "helpfulness": "5"
    },
    {
      "date": "August 29, 2025",
      "title": "MIX OF DIFFERENT KERNELS.",
      "score": "3.0 out of 5 stars",
      "text": "It is not all black kernels in the bag there is a mix of the regular in each package, I think its better to get the plastic jar verison more since majority those are the black kernels,",
      "helpfulness": "0"
    },
    {
      "date": "May 20, 2025",
      "title": "Yum!!!",
      "score": "5.0 out of 5 stars",
      "text": "Thanks to COVID, I don’t have taste/smell (have like 5%) and even small amounts of salt now makes me gag!  The salt in this brand is tiny, and I can taste a little of the popcorn itself.  Another plus, if you’re a Diabetic (Type 2) it doesn’t jack your glucose like sooooo many other brands do!  Win, win in my book!  I’ve made multiple purchases to date - this is my go to popcorn treat!!  Yum!!!",
      "helpfulness": "One"
    }
  ]
}