{
  "product_title": "Pantainorasingh brand Thai Chile paste Namprik sawan - 2 oz jar by Pantainorasingh",
  "byline_info": "Brand: Pantai Norasingh",
  "product_description": "",
  "category": [
    "Grocery & Gourmet Food",
    "Pantry Staples",
    "Sauces, Gravies & Marinades",
    "Sauces",
    "Asian",
    "Chile Paste"
  ],
  "alt_images": [
    "https://m.media-amazon.com/images/I/41mkqTpkrBL.jpg",
    "https://m.media-amazon.com/images/I/51wxyfzAWcL.jpg"
  ],
  "product_detail": {
    "Item Weight": "2 ounces",
    "ASIN": "B00ZGT0WNK",
    "Units": "1.00 Count",
    "Best Sellers Rank": "#499,273 in Grocery & Gourmet Food (See Top 100 in Grocery & Gourmet Food) #561 in Chile Paste",
    "#561 in Chile Paste": "",
    "Customer Reviews": "5.0 5.0 out of 5 stars 2 ratings"
  },
  "important_information": {
    "Legal Disclaimer": "Statements regarding dietary supplements have not been evaluated by the FDA and are not intended to diagnose, treat, cure, or prevent any disease or health condition.Statements regarding dietary supplements have not been evaluated by the FDA and are not intended to diagnose, treat, cure, or prevent any disease or health condition."
  },
  "rating": {
    "score": "5 out of 5",
    "dist": {
      "5 star": "100%",
      "4 star": "0%",
      "3 star": "0%",
      "2 star": "0%",
      "1 star": "0%"
    }
  },
  "top_comments": [
    {
      "date": "July 23, 2012",
      "title": "Good Stuff",
      "score": "5.0 out of 5 stars",
      "text": "\"Good stuff\". Excellent for thai food and spicy creative cuisine, easy to use, when opened I just keep-it in the fridge and take a little when I need. The taste is very strong, so this small pot give you enough for a long time",
      "helpfulness": "0"
    },
    {
      "date": "September 21, 2014",
      "title": "Five Stars",
      "score": "5.0 out of 5 stars",
      "text": "Delecious!",
      "helpfulness": "0"
    }
  ]
}