{
  "product_title": "Café Britt® - Costa Rican Dark Roast Coffee (12 oz.) - Ground, Arabica Coffee, Kosher, Gluten Free, 100% Gourmet & Dark Roast (1 Year Shelf-Life)",
  "byline_info": "Visit the Cafe Britt Store",
  "product_description": "",
  "category": [
    "Grocery & Gourmet Food",
    "Beverages",
    "Coffee",
    "Ground Coffee"
  ],
  "alt_images": [
    "https://m.media-amazon.com/images/I/41lTv0nsCOL.jpg",
    "https://m.media-amazon.com/images/I/31kquzVqWeL.jpg",
    "https://m.media-amazon.com/images/I/418saXW0zNL.jpg",
    "https://m.media-amazon.com/images/I/31PblOhNA+L.jpg",
    "https://m.media-amazon.com/images/I/21RIwQhcFTL.jpg",
    "https://m.media-amazon.com/images/I/51QUHZf6yxL.jpg",
    "https://m.media-amazon.com/images/I/41QtM7IlfEL.jpg"
  ],
  "product_detail": {
    "Is Discontinued By Manufacturer": "No",
    "Product Dimensions": "2.5 x 4 x 10 inches; 12 ounces",
    "Item model number": "hhh-kyyy-tra-rat8658",
    "UPC": "773821712888 885643931276 885510376247 645860000014 885549839904 885810229304 885260431913",
    "Manufacturer": "Café Britt®",
    "ASIN": "B00061NJ06",
    "Units": "12.0 Ounce",
    "Customer Reviews": "4.0 4.0 out of 5 stars 226 ratings"
  },
  "important_information": {
    "Safety Information": "Store in a cool, dry place. Keep in an airtight container once opened. Consume within 30 days of opening. Not recommended for pregnant or breastfeeding women, or those sensitive to caffeine.Store in a cool, dry place. Keep in an airtight container once opened. Consume within 30 days of opening. Not recommended for pregnant or breastfeeding women, or those sensitive to caffeine.",
    "Ingredients": "Arabica coffeeArabica coffee",
    "Directions": "To make the perfect cup use 1 Tbsp. of ground Café Britt coffee for each 6 fl oz (180 ml) of water. Store in pantry while sealed. Once opened, its best to keep in the freezer in an air tight container.To make the perfect cup use 1 Tbsp. of ground Café Britt coffee for each 6 fl oz (180 ml) of water. Store in pantry while sealed. Once opened, its best to keep in the freezer in an air tight container.",
    "Legal Disclaimer": "Statements regarding dietary supplements have not been evaluated by the FDA and are not intended to diagnose, treat, cure, or prevent any disease or health condition.Statements regarding dietary supplements have not been evaluated by the FDA and are not intended to diagnose, treat, cure, or prevent any disease or health condition."
  },
  "rating": {
    "score": "4 out of 5",
    "dist": {
      "5 star": "62%",
      "4 star": "9%",
      "3 star": "10%",
      "2 star": "5%",
      "1 star": "14%"
    }
  },
  "top_comments": [
    {
      "date": "December 7, 2012",
      "title": "The best coffee!!",
      "score": "5.0 out of 5 stars",
      "text": "After having enjoyed this coffee in Costa Rica this year, we are absolutely hooked.  It's a smooth, rich Arabica roast without any bitterness. It's a coffee you can drink every morning and never get tired of. I definitely prefer this over Colombian and any other South American coffee. Try a bag and you'll come back for more.Sept.2013 - a year and a half after we first tasted it, this is still our favorite coffee and I keep re-ordering 10 bags every few months.  Great coffee is a wonderful way to start our day and this is absolutely worth it for us.March 2015 - I decided to start a subscription for this coffee to maintain a steady supply.  The first shipment of 6 bags arrived promptly, however there were at least 3 tablespoons of loose coffe grounds in the box.  None of the bags seem to have a leak but loose grounds covering all the bags and an Apple Extreme router was unacceptable. Obviously Amazon shipping is to blame and this has nothing to do with the coffee.",
      "helpfulness": "9"
    },
    {
      "date": "August 2, 2013",
      "title": "Best of the Britt Series",
      "score": "5.0 out of 5 stars",
      "text": "I've been purchasing this dark roast variety during my business trips to Costa Rica for many years, and I was surprised to find it here at Amazon at a fair price. Costa Rica produces one of the best Arabica coffees at least on this side of the world, and Britt produces a great quality, real flavor coffee, no mixing, blending or addition involved, just pure good ArabicaBest way to get this is in whole beans, keeping them packaged in the fridge (not frozen, the other side) or tightly closed in the package and grind it every day for the amount to brew, it will keep its flavor close to when it was packed first for the time it is consumed. But, if you are like me that just have enough time in the morning to brew and run, ground will do the trick, but keep in mind taste will keep going down by each passing day. It will still taste good, but nothing taste as good as fresh grounded coffeeAlso, French press is the way to go, other brewing methods may work but they won't take the full flavor out of this type of coffee, I think.",
      "helpfulness": "4"
    },
    {
      "date": "March 19, 2014",
      "title": "Coffee was stale",
      "score": "1.0 out of 5 stars",
      "text": "I had purchased this coffee as a whole bean type previously and loved it. Great aroma, nice color and slight oiliness to beans and tasted really delicious. This time I wanted to use Amazon Prime for free shipping and it wasn't available in the price range I was after so I chose the 'Ground' version. It arrived next day ! Good ole Amazon!!  But, when I opened the package, there was no coffee aroma at all, the color seemed too light for a dark roast coffee, almost 'cinnamon' color. I thought....well, could be the type of coffee it is so I'll just fix a batch in my new Bunn Phase-Brew......coffee tasted no better than a stale can of Maxwell House that was out of date. Very disappointed in spending $10 for stale coffee.",
      "helpfulness": "One"
    },
    {
      "date": "January 15, 2016",
      "title": "Seriously amazing coffee! I first had it when I went ...",
      "score": "5.0 out of 5 stars",
      "text": "Seriously amazing coffee! I first had it when I went on vacation to Costa Rica. I stocked up before leaving Costa Rica, when I ran out I was sad. Someone told me to check out Amazon to see if it was sold on there. To my surprise, it was on here! I was thrilled to know I could still get some of my favorite coffee without having to go to Costa Rica (it's just not nearly as fun, but definitely less expensive haha). My nephew decided he loves the coffee, now he gets it at Christmas. It's a great cheap gift you can get if you happen to have someone at work you need a gift for that happens to love coffee! (My boss got a bag this past Christmas and loved it!)",
      "helpfulness": "8"
    },
    {
      "date": "June 24, 2013",
      "title": "Dark Roast but not strong enough for me",
      "score": "3.0 out of 5 stars",
      "text": "This coffee tasted okay but I am so used to strong coffee. If you like strong coffee, this coffee is just not strong enough for me.",
      "helpfulness": "0"
    },
    {
      "date": "March 2, 2010",
      "title": "Costa Rican Export Coffee",
      "score": "4.0 out of 5 stars",
      "text": "We first tasted this coffee in the hotel coffee shop in Costa Rica while on vacation.  We bought a few bags and brought them back home with us.  Costa Rica grows arabica coffee beans, fantastic.  We enjoy good coffee and it is best in the morning. It's strong, flavorful, full bodied, and not bitter.  In our 12 cup drip coffee maker, we use two rounded scoops (about 5 tbs).  When we finished the last of the coffee, we looked on Amazon and found the exact brand we had purchased in Costa Rica.  We bought four bags and will be getting more.",
      "helpfulness": "14"
    },
    {
      "date": "September 21, 2018",
      "title": "This is TASTY coffee, wow!",
      "score": "5.0 out of 5 stars",
      "text": "I went to Costa Rica for the first time, and when I got home I tried to recapture the awesome coffee flavors we enjoyed down there, this one is a HOME RUN! I am not much of a coffee snob, but even a non-connosseur like me will appreciate how good this tastes! For me, the $12 -$13 a bag price is  a little steep for every day brewing, but I keep a bag on hand for the times I want a treat or to impress a guest. haha. You won't regret trying this one!",
      "helpfulness": "0"
    },
    {
      "date": "April 7, 2015",
      "title": "The Preground Tasted OLD & STALE",
      "score": "2.0 out of 5 stars",
      "text": "Tasted OLD and it did not impress me, As other have stated who visited Costa Rica and tried Cafe Britt down there and then ordered it on line here in the USA they were also disappointed in the taste,  I feel the reason is because it is ground (I couldn't find Whole Bean Cafe Britt) and it lays around in a warehouse somewhere until someone orders here in the USA,I suggest if you order any Costa Rica coffee you get it in the whole bean and grind it yourself, because the Cafe 1820 I also ordered was Great and tasted very fresh.",
      "helpfulness": "2"
    }
  ]
}