{
  "product_title": "Barilla Ziti Pasta, 16 oz. Box - Non-GMO Pasta Made with Durum Wheat Semolina - Kosher Certified Pasta",
  "byline_info": "Visit the Barilla Store",
  "product_description": "UNCOMPROMISING QUALITY, TRUSTED FOR GENERATIONS: A family-owned Italian company making pasta since 1877, Barilla brings you the best pasta made with care and the highest quality ingredients for perfect al dente pasta every time",
  "category": [
    "Grocery & Gourmet Food",
    "Pantry Staples",
    "Pasta & Noodles",
    "Pasta",
    "Ziti"
  ],
  "alt_images": [
    "https://m.media-amazon.com/images/I/41FsUeuixqL.jpg",
    "https://m.media-amazon.com/images/I/51bzisDaGSL.jpg",
    "https://m.media-amazon.com/images/I/61kZzf74WeL.jpg",
    "https://m.media-amazon.com/images/I/41ZC838ACBL.jpg",
    "https://m.media-amazon.com/images/I/3152bBGaTNL.jpg",
    "https://m.media-amazon.com/images/I/51vDoM1PyeL.jpg",
    "https://m.media-amazon.com/images/I/61CmXOQK6CL.jpg"
  ],
  "product_detail": {
    "Is Discontinued By Manufacturer": "No",
    "Product Dimensions": "5 x 3 x 3 inches; 1.05 Pounds",
    "Item model number": "1000010536",
    "Department": "GROC",
    "UPC": "786173773612 076808280746",
    "Manufacturer": "Barilla",
    "ASIN": "B0005XODRS",
    "Units": "16.0 Ounce",
    "Best Sellers Rank": "#201,378 in Grocery & Gourmet Food (See Top 100 in Grocery & Gourmet Food) #19 in Ziti Pasta",
    "#19 in Ziti Pasta": "",
    "Customer Reviews": "4.8 4.8 out of 5 stars 1,983 ratings"
  },
  "important_information": {
    "Ingredients": "Semolina, Durum wheat flourSemolina, Durum wheat flour",
    "Directions": "1. bring 4-6 quarts of water to a rolling boil. add salt to taste, if desired. 2. add contents of package to boiling water. stir gently. 3. return to a boil. for authentic \"al dente\" pasta, boil uncovered, stirring occasionally for 10 minutes. for more tender pasta, boil an additional 1 minute. 4. remove from heat. drain well. 5. serve immediately with your favorite barilla sauce.1. bring 4-6 quarts of water to a rolling boil. add salt to taste, if desired. 2. add contents of package to boiling water. stir gently. 3. return to a boil. for authentic \"al dente\" pasta, boil uncovered, stirring occasionally for 10 minutes. for more tender pasta, boil an additional 1 minute. 4. remove from heat. drain well. 5. serve immediately with your favorite barilla sauce.",
    "Legal Disclaimer": "Statements regarding dietary supplements have not been evaluated by the FDA and are not intended to diagnose, treat, cure, or prevent any disease or health condition.Statements regarding dietary supplements have not been evaluated by the FDA and are not intended to diagnose, treat, cure, or prevent any disease or health condition."
  },
  "rating": {
    "score": "4.8 out of 5",
    "dist": {
      "5 star": "86%",
      "4 star": "11%",
      "3 star": "3%",
      "2 star": "0%",
      "1 star": "0%"
    }
  },
  "top_comments": [
    {
      "date": "February 15, 2023",
      "title": "Household favorite",
      "score": "5.0 out of 5 stars",
      "text": "Never can go wrong with this ziti, great product.",
      "helpfulness": "0"
    },
    {
      "date": "July 12, 2022",
      "title": "Use to make baked Ziti...",
      "score": "5.0 out of 5 stars",
      "text": "Great for baked Ziti with Italian sausage and cheese...a family favorite!",
      "helpfulness": "2"
    },
    {
      "date": "June 23, 2019",
      "title": "It's Ziti... lol",
      "score": "5.0 out of 5 stars",
      "text": "I mean theres nothing really special about it? It's good, It's like every other boxed ziti out there.Only reason I bought these was because the price was good, thats all you need to look for is a good price.",
      "helpfulness": "One"
    },
    {
      "date": "September 15, 2021",
      "title": "Great product",
      "score": "5.0 out of 5 stars",
      "text": "Product was good just think it should have more of a sale like in supermarket",
      "helpfulness": "3"
    },
    {
      "date": "June 26, 2006",
      "title": "Pretty good....",
      "score": "4.0 out of 5 stars",
      "text": "If you like \"Prince\" Pasta this is a good substitute....it tastes almost exactly like it....the only difference is it smells a little like rice....But it is very good!",
      "helpfulness": "0"
    },
    {
      "date": "August 18, 2020",
      "title": "Good pasta",
      "score": "5.0 out of 5 stars",
      "text": "Wife is Italian and this is our go to brand. Some times it hard to find the right kind that you want.",
      "helpfulness": "One"
    },
    {
      "date": "January 8, 2020",
      "title": "A family staple",
      "score": "5.0 out of 5 stars",
      "text": "I think my children would starve if it were not for this pasta — it’s all they eat. I have recently switched to buying the organic versions and they are just as good and also kid-approved.",
      "helpfulness": "4"
    },
    {
      "date": "June 6, 2020",
      "title": "classic",
      "score": "5.0 out of 5 stars",
      "text": "great pasta. Enough said. Just add some sauce",
      "helpfulness": "0"
    }
  ]
}