{
  "product_title": "Solo Filling, Poppy Seed, 12.5 Ounce (Pack of 12)",
  "byline_info": "Visit the SOLO Store",
  "product_description": "For incredible desserts! Making scrumptious desserts with Solo Fillings have never been easier. Along with all the classic recipes you love, we now have tempting quick and easy desserts that you can make in no time flat.",
  "category": [
    "Grocery & Gourmet Food",
    "Pantry Staples",
    "Herbs, Spices & Seasonings",
    "Single Herbs & Spices",
    "Poppy Seed"
  ],
  "alt_images": [
    "https://m.media-amazon.com/images/I/51SAPAGN7ZL.jpg"
  ],
  "product_detail": {
    "Is Discontinued By Manufacturer": "No",
    "Package Dimensions": "11.34 x 8.39 x 4.69 inches; 9.38 Pounds",
    "Item model number": "11-108",
    "Manufacturer": "Solo",
    "ASIN": "B000GZY8FC",
    "Units": "150.0 Ounce",
    "Best Sellers Rank": "#101,660 in Grocery & Gourmet Food (See Top 100 in Grocery & Gourmet Food) #21 in Poppy Seed",
    "#21 in Poppy Seed": "",
    "Customer Reviews": "4.6 4.6 out of 5 stars 297 ratings"
  },
  "important_information": {
    "Safety Information": "Made in a facility that processes peanuts and other nuts.Made in a facility that processes peanuts and other nuts.",
    "Ingredients": "Corn Syrup, Poppyseed, Sugar, Water, Modified Corn Starch, Salt, Natural Flavor, Spices and Citric Acid.Corn Syrup, Poppyseed, Sugar, Water, Modified Corn Starch, Salt, Natural Flavor, Spices and Citric Acid.",
    "Directions": "Refrigerate after opening.Refrigerate after opening.",
    "Legal Disclaimer": "Statements regarding dietary supplements have not been evaluated by the FDA and are not intended to diagnose, treat, cure, or prevent any disease or health condition.Statements regarding dietary supplements have not been evaluated by the FDA and are not intended to diagnose, treat, cure, or prevent any disease or health condition."
  },
  "rating": {
    "score": "4.6 out of 5",
    "dist": {
      "5 star": "85%",
      "4 star": "7%",
      "3 star": "2%",
      "2 star": "2%",
      "1 star": "4%"
    }
  },
  "top_comments": [
    {
      "date": "April 13, 2022",
      "title": "Perfect poppyseed for you don’t want to make your own",
      "score": "5.0 out of 5 stars",
      "text": "Solo, by far, makes the best ready made poppyseed out there. I also admit that I am at a point where I would just prefer to buy Solo than make my own. Poppyseed in all sorts of baked good is a staple in our house and Solo is always dependable. Some complain it is too sweet, but that’s what Polish pastries and goodies are. In my opinion, it has the perfect amount of sweetness. If you find it too sweet you could probably cut the sugar in your bread recipe to account for it. Every once in awhile I get a can that is really tight and I simply loosen the poppyseed with a little splash of milk or honey to make it easier to use/spread out. I had several cans in a case damaged due to my box being damaged during delivery, but that is a delivery issue, not a poppyseed issue. You can’t go wrong with Solo, regardless of which flavor you try, and there are so many good ones, you will no doubt have success whether you are a first timer, or an old timer like myself.",
      "helpfulness": "8"
    },
    {
      "date": "May 22, 2025",
      "title": "Great for poppy seed pastry and hard to find in grocery stores",
      "score": "5.0 out of 5 stars",
      "text": "This is perfect for poppy seed pastries. It is hard to find in my locale, so I was thrilled to see that I could purchase it at Amazon for a reasonable price.",
      "helpfulness": "0"
    },
    {
      "date": "December 9, 2024",
      "title": "Just What My Ancestry Ordered",
      "score": "5.0 out of 5 stars",
      "text": "Always like Poppyseed. Did you know it's great at knocking down heartburn?Package arrived promptly, no damage. Baking kolacki and poppyseed rolls for Christmas.",
      "helpfulness": "0"
    },
    {
      "date": "May 28, 2025",
      "title": "They come on time it’s good quality",
      "score": "5.0 out of 5 stars",
      "text": "Exactly what I want",
      "helpfulness": "0"
    },
    {
      "date": "May 16, 2025",
      "title": "Never runing out ,my wife  backing with it",
      "score": "5.0 out of 5 stars",
      "text": "Good product",
      "helpfulness": "0"
    },
    {
      "date": "April 28, 2025",
      "title": "Delivery",
      "score": "5.0 out of 5 stars",
      "text": "Just what we wanted",
      "helpfulness": "0"
    },
    {
      "date": "March 18, 2025",
      "title": "Great for cooking",
      "score": "5.0 out of 5 stars",
      "text": "Love this  to make to make Hungarian Baeglie",
      "helpfulness": "0"
    },
    {
      "date": "August 19, 2024",
      "title": "Nice",
      "score": "5.0 out of 5 stars",
      "text": "Tastes great",
      "helpfulness": "0"
    }
  ]
}