{
  "product_title": "MLA75413 - Melitta Coffee Pods, 18 Coffee Pods/Breakfast Blend Decaf",
  "byline_info": "Visit the Melitta Store",
  "product_description": "Individually foil wrapped and nitrogen flushed for freshness. Each coffee pod is made with only 100% high-grown Arabica coffee. A quick and easy way to have coffee.",
  "category": [
    "Grocery & Gourmet Food",
    "Beverages",
    "Coffee Substitutes"
  ],
  "alt_images": [
    "https://m.media-amazon.com/images/I/51vGQCNfOwL.jpg",
    "https://m.media-amazon.com/images/I/51kCIrvfe8L.jpg"
  ],
  "product_detail": {
    "Is Discontinued By Manufacturer": "No",
    "Product Dimensions": "3.58 x 4 x 7.9 inches; 9.6 ounces",
    "Item model number": "9613068",
    "UPC": "804993522545 642125342520 735343576560 798527241890 082846802246",
    "Manufacturer": "MELITTA USA",
    "ASIN": "B007MSLQ4M",
    "Units": "5.0 Ounce",
    "Best Sellers Rank": "#612,174 in Grocery & Gourmet Food (See Top 100 in Grocery & Gourmet Food) #116,140 in Beverages",
    "#116,140 in Beverages": "",
    "Customer Reviews": "4.0 4.0 out of 5 stars 256 ratings"
  },
  "important_information": {
    "Legal Disclaimer": "Statements regarding dietary supplements have not been evaluated by the FDA and are not intended to diagnose, treat, cure, or prevent any disease or health condition.Statements regarding dietary supplements have not been evaluated by the FDA and are not intended to diagnose, treat, cure, or prevent any disease or health condition."
  },
  "rating": {
    "score": "4 out of 5",
    "dist": {
      "5 star": "63%",
      "4 star": "9%",
      "3 star": "8%",
      "2 star": "8%",
      "1 star": "12%"
    }
  },
  "top_comments": [
    {
      "date": "July 7, 2017",
      "title": "Love every sip...not just the first one!",
      "score": "5.0 out of 5 stars",
      "text": "SO, so happy to find pods for my good old Melitta One, which I've had in my classroom for going on 8 years now! I panicked a couple of weeks before the end of the school year because I depleted my \"stash\" and couldn't find pods locally.I had never had this flavor (Love at First Sip) before, but decided to give it a try based on some of the reviews (both positive and negative - always read them all; sometimes the (-)'s are a (+) for you!).  I was not disappointed. This flavor  is fragrant, flavorful, bold but not strong, and just perfect for my daily coffee \"fix\"; it even reheats w/out getting that yucky \"flat\" taste!  (I may have to open a D-Dunk for the kids...they're always hitting me up for coffee...lol)  I particularly like that the pods are individually wrapped, which means the flavor stays sealed in (unlike loose pods in a box), and that the box also serves as a dispenser - handy and compact. Even though the ubiquitous \"they\" now say not to store your coffee in the fridge/freezer (after years of recommending this!!!), I still do for two reasons:  (1) I live in AZ...it's always hot and dry, so I don't trust the daytime temps in my house (we have to save $$ somehow on that electric bill...haha) or the evening temps in my classroom; and (2) I just don't want to take chances w/ possible \"unwanted guests\" that I can't control in a public building.  That said, with this economical three-pack of  individually packaged pods I'm all stocked up, and even subscribed so I'll always be prepared during this upcoming school year, which is looming way too quickly...ugh...I Think I need a cup of coffee!!!(I added a visual measurement for those who are trying to see if these fit other brands of pod machines.)",
      "helpfulness": "9"
    },
    {
      "date": "December 10, 2016",
      "title": "USING IN THE SENSEO COFFEE MAKER",
      "score": "5.0 out of 5 stars",
      "text": "While this is great tasting coffee, I have a Senseo coffee maker and these pods are a little too big for the single pod holder and not big enough for the double pod holder. What I have been doing is smashing it down with my hand on the counter before putting it into the single pod holder. The flat side after smashing it on the counter goes on the up side in the single pod holder. This little hand-smashing of the pod has worked out well and makes the best tasting coffee, better than any of the other Melitta medium or bold flavors.",
      "helpfulness": "7"
    },
    {
      "date": "January 17, 2015",
      "title": "Coffee pods have changed for the worse",
      "score": "1.0 out of 5 stars",
      "text": "Something has changed with these Melitta coffee pods. Previously they made a good cup of coffee. Love at First Sip was our favorite kind. With this last purchase, however, the coffee is nothing more than brown water. It is as though the hot water from the coffee maker is not getting through the pod's filter, but just running around it.Another reviewer has reported a similar problem.I am using a Hamilton Beach single-cup coffee maker.The date code on the bottom of Melitta box is \"best by April 2016.\"I recommend not buying these coffee pods.",
      "helpfulness": "0"
    },
    {
      "date": "May 22, 2021",
      "title": "Good product!",
      "score": "5.0 out of 5 stars",
      "text": "Good taste.  Quick delivery.  Well packed.  No problems.  I recommend this product.",
      "helpfulness": "0"
    },
    {
      "date": "September 19, 2011",
      "title": "Very weak coffee",
      "score": "2.0 out of 5 stars",
      "text": "I have a Melitta One:One machine and have been using Juan Valdez pods in it.  When I ran out I searched for pods for it & only came up with these Melitta-brand ones. I figured (incorrectly) that the others weren't available & purchased these. VERY disappointing.  My coffee had been nice, strong & tasty, but coffee made with these is weak & tasteless.  I bought a 4-box package of three different types & am now stuck with them. Forget these & head to Juan Valdez (same price range) unless you like weak coffee.",
      "helpfulness": "0"
    },
    {
      "date": "June 10, 2012",
      "title": "Good flavor, does not fit senseo well",
      "score": "3.0 out of 5 stars",
      "text": "I like this coffee, but as others have mentioned the pod is a bit thicker than the senseo.I tried both options:Put it in the single pod basket on the senseo, force the lock closed. This works well but feels like you will break the machine with time. It really needs forcing.Or you can put it in the double pod holder. The problem here is it is too loose and does not seal well leaving you with weak coffee. You can moisten the pod before putting it in the machine. This does result in good coffee but is an extra step.Also they come individually wrapped. Perfect for a hotel or other public use, but a bit of extra waste at home.I won't buy again, and am looking for another pod that works with Senseo.",
      "helpfulness": "0"
    },
    {
      "date": "February 27, 2011",
      "title": "Great daily cup of coffee.",
      "score": "4.0 out of 5 stars",
      "text": "We have ordered this coffee several times over the past months to the exclusion of other brands. This makes a good everyday cup of coffee. It has Bold flavor without bitterness when produced in a Senseo machine. The frothing is even there. The pods are slightly smaller diameter and thicker than those made for the Senseo but work well if placed carefully and pressed a little before closing. The price is very competitive considering the quality of the product.Melitta Love at First Sip Coffee Pods, 18 Count (Pack of 4)",
      "helpfulness": "5"
    },
    {
      "date": "October 8, 2019",
      "title": "Absolute necessity in our house!",
      "score": "5.0 out of 5 stars",
      "text": "These come in great for so many reasons.  At odd times when you want a cup of tea or coffee, but not a potful.  When you're about to leave but can't do without a cup of coffee.  When somebody drops in and would like a cup of coffee.  Even when you've run out of whole beans but need a cup before shopping.  A must-have in our kitchen!  Plus, it tastes good as well!",
      "helpfulness": "0"
    }
  ]
}