{
  "product_title": "Sanbittèr Non-Alcoholic Aperitif, 10 x 10Cl",
  "byline_info": "Brand: Sanbitter",
  "product_description": "",
  "category": [
    "Grocery & Gourmet Food",
    "Beverages",
    "Bottled Beverages, Water & Drink Mixes",
    "Soft Drinks"
  ],
  "alt_images": [
    "https://m.media-amazon.com/images/I/41sW8pLwdiL.jpg",
    "https://m.media-amazon.com/images/I/51NKFr7cDVL.jpg",
    "https://m.media-amazon.com/images/I/41S6+WQnZsL.jpg",
    "https://m.media-amazon.com/images/I/51XvazbvuHL.jpg",
    "https://m.media-amazon.com/images/I/41qwb0eTJZL.jpg",
    "https://m.media-amazon.com/images/I/41029oCvV3L.jpg",
    "https://m.media-amazon.com/images/I/41sW8pLwdiL.jpg"
  ],
  "product_detail": {
    "Is Discontinued By Manufacturer": "No",
    "Product Dimensions": "3.54 x 9.25 x 5.51 inches; 2.2 Pounds",
    "Manufacturer": "Sanbitter Rosso",
    "ASIN": "B0000D15YQ",
    "Units": "34.0 Fluid Ounces",
    "Best Sellers Rank": "#19,018 in Grocery & Gourmet Food (See Top 100 in Grocery & Gourmet Food) #141 in Soda Soft Drinks",
    "#141 in Soda Soft Drinks": "",
    "Customer Reviews": "4.6 4.6 out of 5 stars 278 ratings"
  },
  "important_information": {
    "Directions": "Open the container and enjoy chilled.Open the container and enjoy chilled.",
    "Legal Disclaimer": "Statements regarding dietary supplements have not been evaluated by the FDA and are not intended to diagnose, treat, cure, or prevent any disease or health condition.Statements regarding dietary supplements have not been evaluated by the FDA and are not intended to diagnose, treat, cure, or prevent any disease or health condition."
  },
  "rating": {
    "score": "4.6 out of 5",
    "dist": {
      "5 star": "78%",
      "4 star": "13%",
      "3 star": "4%",
      "2 star": "1%",
      "1 star": "4%"
    }
  },
  "top_comments": [
    {
      "date": "May 26, 2025",
      "title": "Small Bottle, Big Vibes",
      "score": "5.0 out of 5 stars",
      "text": "I was on the hunt for a non-alcoholic sip that gave Negroni energy without trying to cosplay as booze—and bam, this little bottle of bittersweet magic showed up like a tiny mixology fairy. 🧚‍♂️It’s a touch sweeter than my ideal bitter bliss, but still totally delicious, especially when poured over one majestic, movie-star-sized ice cube. Instant cocktail glamour. 🍸✨Yes, it’s a bit spendy. Yes, the bottles are adorable (read: tiny—think “dollhouse Fever Tree”). But somehow, one mini bottle + one big ice rock = a perfect grown-up drink moment.Highly recommend for classy goblins like me who want to sip something fancy without the fuzz. 🥂💫",
      "helpfulness": "4"
    },
    {
      "date": "July 30, 2025",
      "title": "Nice non-alcoholic beverage",
      "score": "5.0 out of 5 stars",
      "text": "Nice option for a nonalcoholic aperitif. Not overly sweet and the fizz and bitterness are pleasant. Because it's imported, it's expensive & wrapped in a lot of plastic. I wish there was an affordable, made-in-the-usa alternative.",
      "helpfulness": "0"
    },
    {
      "date": "July 26, 2025",
      "title": "Spritz all’ Aperol",
      "score": "5.0 out of 5 stars",
      "text": "Taste like Spritz all’ Aperol,I love it",
      "helpfulness": "0"
    },
    {
      "date": "June 15, 2025",
      "title": "Yummy, expensive",
      "score": "4.0 out of 5 stars",
      "text": "I love this bitter mixer from Italy,  It goes well with a nice vermouth such as Antica, lemon wedge.  It is SOOOOOO expensive to get from Amazon but it came fast and well packaged.",
      "helpfulness": "0"
    },
    {
      "date": "January 12, 2025",
      "title": "Nice little N/A sipper",
      "score": "5.0 out of 5 stars",
      "text": "Really enjoyable, lightly effervescent, and has very nearly the same bite, flavor, and mouthfeel of a proper aperitivo spritz. Bottles are also adorably (if not unfortunately) tiny, but the fact that there are 10 of them in a package definitely makes up for that. Immediately bought another case of them after trying the first one.",
      "helpfulness": "0"
    },
    {
      "date": "November 25, 2024",
      "title": "Awesome",
      "score": "5.0 out of 5 stars",
      "text": "Great NA option for the price. I Miss this bitter flavor after I quit drinking years ago and I’ve tried different, very expensive products, like Phony Negronis, which are delicious. But this is comparable in flavor and mouthfeel but you a) get more quantity and b) pay like a third of the price. Will definitely buy again.",
      "helpfulness": "4"
    },
    {
      "date": "July 26, 2023",
      "title": "Americano in a bottle",
      "score": "5.0 out of 5 stars",
      "text": "This arrived quickly and was well-packed. It was a bit expensive, so it may be worth looking around, but order this if you want to get it quick and try it.This tastes almost exactly like how I enjoy my americanos (campri + sweet vermouth + soda). Its a tad on the syrupy side, so let it blend with the ice a bit and it mellows nicely. I was really pleased with this!! The fun part is I could let the kids taste it too (and they thought it was good, which surprised me).",
      "helpfulness": "6"
    },
    {
      "date": "January 29, 2025",
      "title": "Taste of Italy",
      "score": "5.0 out of 5 stars",
      "text": "These are great",
      "helpfulness": "0"
    }
  ]
}