{
  "product_title": "Progresso Seafood Sauce, Lobster Sauce, 10.5-Ounce Cans (Pack of 12)",
  "byline_info": "Visit the Progresso Store",
  "product_description": "Lobster Sauce - Inspired by an authentic Italian style recipe, Progresso Lobster Sauce is the perfect combination of succulent lobster, tomatoes. Parsley, garlic and a special blend of herbs and spices. Slow simmered for exceptional flavor, this zesty sauce brings the taste of Italy to your table. Discover the great taste of Progresso.",
  "category": [
    "Grocery & Gourmet Food",
    "Pantry Staples",
    "Sauces, Gravies & Marinades",
    "Sauces",
    "Asian",
    "Fish Sauce"
  ],
  "alt_images": [
    "https://m.media-amazon.com/images/I/51RlKSBP9DL.jpg"
  ],
  "product_detail": {
    "Package Dimensions": "11.5 x 8.1 x 4.4 inches; 10.5 ounces",
    "ASIN": "B000EMK4JQ",
    "Units": "126 Ounce",
    "Customer Reviews": "4.0 4.0 out of 5 stars 6 ratings"
  },
  "important_information": {
    "Legal Disclaimer": "Statements regarding dietary supplements have not been evaluated by the FDA and are not intended to diagnose, treat, cure, or prevent any disease or health condition.Statements regarding dietary supplements have not been evaluated by the FDA and are not intended to diagnose, treat, cure, or prevent any disease or health condition."
  },
  "rating": {
    "score": "4 out of 5",
    "dist": {
      "5 star": "61%",
      "4 star": "0%",
      "3 star": "20%",
      "2 star": "19%",
      "1 star": "0%"
    }
  },
  "top_comments": [
    {
      "date": "December 11, 2006",
      "title": "EXPECTED MORE FLAVOR.",
      "score": "2.0 out of 5 stars",
      "text": "I expected more Lobster flavor from this Progresso Product and I felt the Lobster flavor was very weak and I didn't see a speck of Lobster meat in the sauce. Although the sauce was good my guests thought that they were eating regular Spaghetti sauce and were not aware that it was a Seafood Sauce. There is a need for improvement.",
      "helpfulness": "3"
    },
    {
      "date": "October 13, 2007",
      "title": "Good as a pasta base",
      "score": "3.0 out of 5 stars",
      "text": "You'll love this if you plan to add seafood yourself to this pasta sauce.  I mixed in some white wine, can of crab, and chicken sausage and seasoned it a little myself and added some corn starch to thicken the sauce.  I plan to get a case of 12 and add my own lobster, scallops, shrimp for my next pasta dish.  But I agreed with the other comments on this.  Don't use this as your only pasta sauce.  Too plain, boring, watery and you won't find any lobster in the can.  But what do you expect for a can of pasta sauce that cost roughly $2-$3?",
      "helpfulness": "3"
    },
    {
      "date": "August 25, 2011",
      "title": "Good stuff, Hard to find",
      "score": "5.0 out of 5 stars",
      "text": "I use this as a base for some exotic Italian seafood dishes, It has wonderful flavor, but don't expect any lobster meat in there, it's just flavored that way, I've been using this for 40+ years and Amazon was the only place I could find it anymore without breaking the bank for shipping. In fact I think I need to order another case of it.",
      "helpfulness": "5"
    },
    {
      "date": "June 3, 2013",
      "title": "YUMMY!!!",
      "score": "5.0 out of 5 stars",
      "text": "I absolutely LOVE Progresso's Lobster Sauce!!!!  For a long time, I could not digest a lot of shellfish, but this sauce never gave me any problems so when everyone else was having clam sauce on their pasta, I was able to join them by putting my lobster sauce on mine and didn't ever feel left out :)",
      "helpfulness": "4"
    },
    {
      "date": "February 16, 2019",
      "title": "WHAT HAPPENED TO PROGRESSO LOBSTER SAUCE?",
      "score": "5.0 out of 5 stars",
      "text": "I WAS ABLE TO GET PROGRESSO LOBSTER SAUCE FOR YEARS THAT I USED FOR CHRISTMAS EVE MIXING IT WITH PROGRESSO RED CLAM SAUCE. NOW I CAN'T SEEM TO GET EITHER ONE OF THEM AND WHEN I  CONTACTED PROGRESSO THEY SAID THEY DISCONITNUED IT. I CAN'T UNDERSTAND WHY. IT WAS REALLY GREAT! PLEASE CAN SOMEONE TELL ME  IF THEY HEARD THE SAME OR IF THEY KNOW OF ANOTHER PRODUCT OUT THERE THAT I CAN FIND THAT IS COMPARABLE TO PROGRESSO. YOU WOULD BE MAKING THIS JERSEY GIRL VERY HAPPY! THANKS SO MUCH.",
      "helpfulness": "8"
    },
    {
      "date": "December 27, 2012",
      "title": "DISCONTINUED",
      "score": "5.0 out of 5 stars",
      "text": "The General Mills Brand Progresso Lobster sauce has been permanently discontinued.  This is so sad, because this was a wonderful product! Hopefully one day it will return to production!",
      "helpfulness": "13"
    }
  ]
}