{
  "product_title": "Prism Performance Dry Dog Food",
  "byline_info": "Brand: Prism",
  "product_description": "Prism Performance 30/20 Dry Dog Food The owners of active dogs know exactly the kind of energy their dogs require. Now you can give your dogs the right kind of energy without overfeeding them. A great source of protein, the Prism Performance 30/20 Dry Dog Food meal is easy to digest and will give your dogs just the kind of energy they require for long periods. A perfect source for essential nutrients, this dog food is also great to taste and will be loved by your dog. Features · Highly digestible fats provide extra energy required for extended periods of high-level activity · Easy to digest · Great taste that is loved by dogs Item Specifications: Size 40lb Flavor Chicken Ingredients Chicken By-Product Meal, Ground Yellow Corn, Chicken Fat (Preserved with Natural Mixed Tocopherols), Pork Meal, Dried Beet Pulp, Ground Brown Rice, Fish Meal, Brewers Dried Yeast, Flaxseed, Dried Egg Product, Salt, Potassium Chloride and Vitamin-Mineral Fortified. Guaranteed Analysis Crude Protein (min) 21.0% Crude Fat (min) 12.0% Crude Fiber (max) 3.0% Moisture (max) 10.0% Omega 6 (min) 2.2%* Omega 3 (min) 0.3%*w",
  "category": [
    "Pet Supplies",
    "Dogs",
    "Food",
    "Dry"
  ],
  "alt_images": [
    "https://m.media-amazon.com/images/I/510k-bkwBUL.jpg"
  ],
  "product_detail": {
    "Item Weight": "40 Pounds",
    "Date First Available": "May 13, 2009",
    "Manufacturer": "Prism Pet Food",
    "ASIN": "B004SM2XYC",
    "Customer Reviews": "5.0 5.0 out of 5 stars 1 rating"
  },
  "important_information": {},
  "rating": {
    "score": "5 out of 5",
    "dist": {
      "5 star": "100%",
      "4 star": "0%",
      "3 star": "0%",
      "2 star": "0%",
      "1 star": "0%"
    }
  },
  "top_comments": [
    {
      "date": "March 29, 2007",
      "title": "Good Price...Excellent Product!",
      "score": "5.0 out of 5 stars",
      "text": "At the suggestion of my breeder I've fed my dog Prism since she was about 9 weeks old. I've tried other dog foods but none have performed as well as Prism. Most dog foods are corn-based whereas Prism is chicken-based,providing more nutrional content and a heartier meal for your pet With the recent pet food recall,I'm glad I was buying Prism not one of the other major brands.",
      "helpfulness": "One"
    }
  ]
}