{
  "product_title": "HIC Harold Import Co. Elizabeth Karmel’s Super Silicone BBQ Grill Basting Brush with Long Angled Handle and Removable Heads, 15-Inches",
  "byline_info": "Visit the HIC Kitchen Store",
  "product_description": "Product Description   Elizabeth Karmel’s Super Silicone Angled Brush is perfect for basting, marinating, glazing, and saucing all types of food on the grill like a pro. Basting helps foods caramelize outside and remain moist and juicy inside. This Cook's Illustrated Winner is specially designed with a long, angled handle to reach every nook and cranny comfortably and keep hands safely away from heat. The 2-inch wide brush head holds generous amounts of sauce and quickly covers lots of surface in just a few swipes. Its silicone bristles won’t melt or singe during accidental contact with hot grill grates and won’t shed into the sauce like using traditional boar bristle brushes. Perfect for outdoor cooking and barbecue with electric grill, charcoal or gas grill, rotisserie and BBQ smokers and campfires, it’s an invaluable addition to grill accessories and cooking tools for an effortless outdoor lifestyle. Baste and sauce kabobs, chicken, steak or fish, grilled vegetables, fruit, and so much more. Easy to use. Simply dip the brush head into the sauce or marinade, brush over the food’s surface, and cook according to the recipe. The silicone bristles are heat resistant (to 500-degrees Fahrenheit) and easy to clean. Brush heads disassemble for a thorough cleaning, making cleanup a breeze. Dishwasher safe.   Amazon.com   Created by grilling expert Elizabeth Karmel, the Grill Friends Super Silicone Angled BBQ Brush combines practical design with smart materials. Crafted for durability and efficiency, the brush features silicone coating that is nonstick in action, highly heat-resistant, and virtually shed-proof. Numerous and flexible, the silicone bristles transfer sauces and glazes evenly and quickly while remaining non-absorbent so smells and flavors don't stick around from one grill session to the next. A nonslip grip, an angled head, and a long handle complete the Super's comfortable design. Best of all, the thing pops in the dishwasher for easy cleanup. Measuring 15 inches long, the brush also has a smaller counterpart called the Everyday Basting Brush, also from Grill Friends. --Emily Bedard",
  "category": [
    "Patio, Lawn & Garden",
    "Grills & Outdoor Cooking",
    "Outdoor Cooking Tools & Accessories",
    "Grilling & Barbecue Utensils",
    "Basting Brushes"
  ],
  "alt_images": [
    "https://m.media-amazon.com/images/I/21PqsBiZRAL.jpg",
    "https://m.media-amazon.com/images/I/61+3W1-jPvL.jpg",
    "https://m.media-amazon.com/images/I/51zFUKFltNL.jpg"
  ],
  "product_detail": {
    "Is Discontinued By Manufacturer": "No",
    "Product Dimensions": "15 x 2 x 1 inches; 0.01 ounces",
    "Item model number": "60500",
    "UPC": "793842115291 781723605009 087491475135",
    "Manufacturer": "HAROLD IMPORT",
    "ASIN": "B0009U5OSE",
    "Units": "1.0 Count",
    "Best Sellers Rank": "#1,342,629 in Patio, Lawn & Garden (See Top 100 in Patio, Lawn & Garden) #605 in Grill Basting Brushes",
    "#605 in Grill Basting Brushes": "",
    "Customer Reviews": "4.4 4.4 out of 5 stars 142 ratings"
  },
  "important_information": {
    "Legal Disclaimer": "Statements regarding dietary supplements have not been evaluated by the FDA and are not intended to diagnose, treat, cure, or prevent any disease or health condition.Statements regarding dietary supplements have not been evaluated by the FDA and are not intended to diagnose, treat, cure, or prevent any disease or health condition."
  },
  "rating": {
    "score": "4.4 out of 5",
    "dist": {
      "5 star": "65%",
      "4 star": "22%",
      "3 star": "7%",
      "2 star": "3%",
      "1 star": "3%"
    }
  },
  "top_comments": [
    {
      "date": "May 20, 2015",
      "title": "but the thing loads up pretty well and it doesn't drip sauce all over where ...",
      "score": "5.0 out of 5 stars",
      "text": "I've had this brush now for about 2 years and it has performed very well as a barbecue sauce brush on the grill.  I was fairly skeptical as to how the smaller head and the silicone bristles would work for transferring sauce to ribs, but the thing loads up pretty well and it doesn't drip sauce all over where it's not supposed to go.  It's obviously not designed to do the job on a high-end barbecue setup where you might have four briskets and six racks of ribs going at once, but for a couple of pork steaks and half a chicken, it's perfectly fine.The head easily pulls off the shaft and I just toss it in the dishwasher after I'm done cooking.  It always comes out of the dishwasher clean and I haven't had any problems with bristles pulling out, the handle cracking, or any other problem with durability.  Still works as well as when I got it.",
      "helpfulness": "6"
    },
    {
      "date": "July 18, 2018",
      "title": "A good basting brush for most home grills and ovens",
      "score": "4.0 out of 5 stars",
      "text": "This is a pretty good grill brush.What I like about this brush is that it does everything it's supposed to without any unnecessary extras.  It is a decent length (nothing super long, so you'll need gloves if using it for long periods of time) that is just right for periodic use on the grill or oven.  The material seems to be fairly high quality; I have had this brush for years and it still works quite well.  The silicone bristles are decent at holding sauce, certainly not as good as other materials, but the trade off is that it is much easier to clean and reuse.  For moderate basting/saucing at home, this should still be sufficient for most people.  Clean up is a breeze, you just run it under some water to remove any obvious gunk on the head and then toss it in the dishwasher.The only caveat I would offer is that if you are trying to baste/sauce a ton of food or a very large piece of meat (whole limbs, whole animals, etc), you should get something larger else you'll be basting forever.Overall this is a very good basting brush for the grill and oven that has lasted me for years.  I am well-pleased with it and would likely buy it again.",
      "helpfulness": "4"
    },
    {
      "date": "May 29, 2019",
      "title": "Best silicone basting brush I ever used.",
      "score": "5.0 out of 5 stars",
      "text": "Holds lots of sauce with one dip and stays on the brush. Not a lot of loss to Dripping and you won't be going back to the sauce Bowl to pick up more as often since this brush holds a generous amount. Another America's Test Kitchen recommendation and it's right on the money. I would like to see a smaller straight handled version offered.",
      "helpfulness": "0"
    },
    {
      "date": "May 13, 2015",
      "title": "Pay attention",
      "score": "3.0 out of 5 stars",
      "text": "Good product, but not as easy to clean as it looks. Sticky BBQ sauce on base of brush right beneath bristles. Pay extra attention when cleaning this item.",
      "helpfulness": "0"
    },
    {
      "date": "October 6, 2019",
      "title": "Easy to clean, evenly spread",
      "score": "5.0 out of 5 stars",
      "text": "I use this for saucing chicken and ribs on the grill and the product works very well. Sauces go on evenly. No stray brush bristles and it cleans really easily either the old fashioned way by hand or in the dish washer. I am a fan and have used nothing else since buying this brush.",
      "helpfulness": "0"
    },
    {
      "date": "January 28, 2014",
      "title": "Takes forever because it will not hold hardly any sauce",
      "score": "1.0 out of 5 stars",
      "text": "Don't waste your time on this product. It does not hold enough sauce to qualify as a BBQ brush. Unless you are cooking for 2 people it is not worth the money. Just buy yourself a cheapp paint brush and do a much better job in a fraction of the time.",
      "helpfulness": "One"
    },
    {
      "date": "September 8, 2014",
      "title": "Two Stars",
      "score": "2.0 out of 5 stars",
      "text": "not long enough to keep hand away from heat.. sorry thought it was longer...",
      "helpfulness": "0"
    },
    {
      "date": "August 23, 2007",
      "title": "Works Great - Almost",
      "score": "4.0 out of 5 stars",
      "text": "The Grill Friends Silicone BBQ Brush works great, almost.  Over the years I have used a variety of BBQ brushes and mops, some working better than others.  Friends, and various articles, have sung the praises of using silicone brushes and mops, especially in regard to clean up.  The clean up is fantastic and quick.  The angle and length of the Grill Friends brush is good, although a little longer would be nice.  My only negative observation is that a bristle brush provides better coverage and holds more sauce.  Recognizing that this is the nature of the silicone beast, I really shouldn't gripe.  I use it and like it, and feel it works well.  I have recommended it to friends, so all-in-all, it's pretty darn good, and it's at a great price.  How it holds up remains to be seen, but if you are looking for a silicone brush, you should consider this one.",
      "helpfulness": "13"
    }
  ]
}