{
  "product_title": "Kellogg's Pop-Tarts Brown Sugar Cinnamon Toaster Pastries 8 ct (Pack of 12)",
  "byline_info": "Visit the Pop-Tarts Store",
  "product_description": "Kellogg's Pop-Tarts Brown Sugar Cinnamon Toaster Pastries 8 ct (Pack of 12)",
  "category": [
    "Grocery & Gourmet Food",
    "Breakfast Foods",
    "Toaster Pastries"
  ],
  "alt_images": [
    "https://m.media-amazon.com/images/I/51uon0YmxnL.jpg",
    "https://m.media-amazon.com/images/I/51DjzKM5obL.jpg",
    "https://m.media-amazon.com/images/I/51MyDILJdsL.jpg",
    "https://m.media-amazon.com/images/I/51oIf-nl2PL.jpg",
    "https://m.media-amazon.com/images/I/61knVyzTlLL.jpg",
    "https://m.media-amazon.com/images/I/51Xb04dGS2L.jpg",
    "https://m.media-amazon.com/images/I/51jWYm3VncL.jpg"
  ],
  "product_detail": {
    "Product Dimensions": "11 x 8 x 12 inches; 14.72 ounces",
    "Item model number": "3800030104",
    "UPC": "038000301100",
    "Manufacturer": "Pop-Tarts",
    "ASIN": "B000E283KS",
    "Units": "168 Ounce",
    "Best Sellers Rank": "#286,248 in Grocery & Gourmet Food (See Top 100 in Grocery & Gourmet Food) #230 in Toaster Pastries",
    "#230 in Toaster Pastries": "",
    "Customer Reviews": "4.5 4.5 out of 5 stars 168 ratings"
  },
  "important_information": {
    "Safety Information": "Caution: if pastry is overheated, frosting/filling can become extremely hot and could cause burns. do not leave toasting appliance unattended due to possible risk of fire.Caution: if pastry is overheated, frosting/filling can become extremely hot and could cause burns. do not leave toasting appliance unattended due to possible risk of fire.",
    "Ingredients": "Brown sugar cinnamon filling (brown sugar, dextrose, partially hydrogenated soybean oil, enriched wheat flour, crackermeal, cinnamon, dried egg whites, soy lecithin), enriched wheat flour, partially hydrogenated soybean oil, corn syrup, sugar, dextrose, salt, high fructose corn syrup, leavening (baking soda, sodium acid pyrophosphate, monocalcium phosphate, calcium sulfate), water, niacinamide, reduced iron, vitamin a palmitate, pyridoxine hydrocBrown sugar cinnamon filling (brown sugar, dextrose, partially hydrogenated soybean oil, enriched wheat flour, crackermeal, cinnamon, dried egg whites, soy lecithin), enriched wheat flour, partially hydrogenated soybean oil, corn syrup, sugar, dextrose, salt, high fructose corn syrup, leavening (baking soda, sodium acid pyrophosphate, monocalcium phosphate, calcium sulfate), water, niacinamide, reduced iron, vitamin a palmitate, pyridoxine hydroc",
    "Directions": "Toasting: 1. set toasting appliance (toaster or toaster oven) at lowest or lightest heat setting. remove pastry from pouch. 2. insert pastry vertically into cool toasting appliance. 3. attend toasting appliance while heating. do not allow children to operate toasting appliance without supervision. 4. after warming pastry, allow to cool briefly. remove carefully from toasting appliance. Microwave: 1. remove pastry from pouch. 2. microwave at highToasting: 1. set toasting appliance (toaster or toaster oven) at lowest or lightest heat setting. remove pastry from pouch. 2. insert pastry vertically into cool toasting appliance. 3. attend toasting appliance while heating. do not allow children to operate toasting appliance without supervision. 4. after warming pastry, allow to cool briefly. remove carefully from toasting appliance. Microwave: 1. remove pastry from pouch. 2. microwave at high",
    "Legal Disclaimer": "Statements regarding dietary supplements have not been evaluated by the FDA and are not intended to diagnose, treat, cure, or prevent any disease or health condition.Statements regarding dietary supplements have not been evaluated by the FDA and are not intended to diagnose, treat, cure, or prevent any disease or health condition."
  },
  "rating": {
    "score": "4.5 out of 5",
    "dist": {
      "5 star": "75%",
      "4 star": "11%",
      "3 star": "6%",
      "2 star": "4%",
      "1 star": "4%"
    }
  },
  "top_comments": [
    {
      "date": "September 27, 2016",
      "title": "Great Treat To Eat",
      "score": "5.0 out of 5 stars",
      "text": "What can I say?  I love my \"Unfrosted\" Brown Sugar Cinnamon Pop-Tarts.  However, the \"Unfrosted' Brown Sugar Cinnamon Pop-Tarts are very difficult if not down right impossible to find in the grocery store. Only the \"frosted\" Brown Sugar Cinnamon Pop-Tarts are available in the grocery stores. Since family and friends also like the Unfrosted Brown Sugar Cinnamon Pop-Tarts, I purchase them from Amazon.I prefer to warm up the very delicious pop tarts in a toaster oven, but they can also be warmed up in a regular toaster or microwave. However, some prefer to eat Pop-Tarts right out of the mylar bags at room temparture, no heating required. With that being said, I also use Pop-Tarts in my emergency kit along with Milliniuem Bars. According to a well known weather station, Pop-Tarts are great for first aid kits because they are stored in mylar bags,  have a longer shelf life, and can be eaten right out of the bag.",
      "helpfulness": "4"
    },
    {
      "date": "April 3, 2015",
      "title": "Unfrosted Pop Tarts FTW. Frosted is FAIL.",
      "score": "5.0 out of 5 stars",
      "text": "So many of us love the unfrosted Pop-Tarts you have to wonder why Kellogg's doesn't stock them on local stores.  Anyway this is my second order.  I split the first with my 80 year old mother who also prefers unfrosted - apple not falling far from the tree I guess.  This time she's on her own, mine, mine, mine. Try them with butter for a special treat.  Then try them with a nice creamy latte for an even better treat.Whatever happened to breakfast food makers changing their products to have less sugar and other bad things for kids?  You'd think by now all their products would be unfrosted.UPDATE: Tell me why exactly a case of these Pop-Tarts is now $42.11 when I paid $23.76 in May of 2017?  It's not because they have been discontinued, I still see them on Kellogg's main website.  Won't be buying at this price.",
      "helpfulness": "12"
    },
    {
      "date": "October 22, 2011",
      "title": "Be Still My Taste Buds!",
      "score": "5.0 out of 5 stars",
      "text": "You know how sometimes you remember something from your childhood and when you try it again as an adult it just doesn't quite live up to your memory?  Well...these DO! These were my all time favorite pop-tarts as a kid and I think the only flavor I ate.  When they started frosting them I stopped eating them because I just hate the frosting.  I don't think I've had one in 20 to 30 years.  Anyway, they taste EXACTLY the way I remember them.  I can't believe I had to buy a case to get them, but I'm sending some to my siblings and actually have some friends who are buying a few off of me.  Mine arrived well packaged and undamaged and the expiration date is about 9 months away.  If you loved these as a kid...go for it!",
      "helpfulness": "4"
    },
    {
      "date": "October 25, 2013",
      "title": "Less sweet, VERY tasty!",
      "score": "4.0 out of 5 stars",
      "text": "I cannot find these in my local supermarket, so I was thrilled to find them on Amazon.  I love the taste of cinnamon at breakfast, and these are packed with cinnamon-y goodness.They're not iced, so they're not as sweet, which I love!  A couple of these with a cup of coffee, and I'm ready to face the day.  A couple of these with a cup of tea makes a great afternoon snack.Pricewise, I'm getting these for just over two dollars per box, which is about what I'd pay locally if I could find them.  So it's a win-win for me.  Great product, great price, delivered right to my door -- what's not to like?",
      "helpfulness": "0"
    },
    {
      "date": "November 26, 2013",
      "title": "The best tart imho",
      "score": "5.0 out of 5 stars",
      "text": "These are the most requested flavor by the folks at the job site. There's a good reason for that, they're pretty tasty and make for a quick breakfast when we're under the gun.The brown guys seem to have something against this flavor. The first box arrived so smashed that only a few could be heated in a toaster, the blueberry I ordered at the same time was undamaged. While these are decent cold they are much better hot so the first box would have lasted a long time had we been forced to eat the crumbs cold. Amazon was gracious enough to replace the first box and sure enough the second was damaged as well, however, between the two we almost got one entire box of whole pastries. This is the third one I've ordered and it was unscathed.",
      "helpfulness": "0"
    },
    {
      "date": "March 9, 2017",
      "title": "Tastes great, incredibly unhealthy",
      "score": "3.0 out of 5 stars",
      "text": "Pop tarts are one of the least healthy foods ever made.  However, they do taste great, and remind me of my childhood with a working mom and the need to feed myself from early on.  0 stars for health, 5 for flavor",
      "helpfulness": "0"
    },
    {
      "date": "October 25, 2013",
      "title": "They have changed Pop Tarts.",
      "score": "1.0 out of 5 stars",
      "text": "This will be the last time I buy Pop Tarts.  I have been eating these for 45 years. Now Kelloggs must have changed the formula how they make them.  The texture is different and they have a less cinnamon taste.  I can't believe companies keep changing successful products either to save money or improve the product and they do neither. Another lost customer Kelloggs!!!!!!",
      "helpfulness": "2"
    },
    {
      "date": "June 12, 2018",
      "title": "One box short and a day late!!",
      "score": "2.0 out of 5 stars",
      "text": "What the heck?!  I received this today and there are only 11 boxes in the case!  Plus it was a day late getting here!",
      "helpfulness": "One"
    }
  ]
}