{
  "product_title": "Kookamunga Krazee Kitty Catnip Bubbles, 5 oz",
  "byline_info": "Visit the KOOKAMUNGA Store",
  "product_description": "Make your cats go wild with this fun product. Kookamunga, 4 oz., Catnip Bubbles. 100-percent pure, and natural. Cats will love the interactive fun these bubbles provide. Makes play time even more innovative and exciting. Real catnip is in formula making cats love this product even more.",
  "category": [
    "Pet Supplies",
    "Cats",
    "Toys",
    "Catnip Toys"
  ],
  "alt_images": [
    "https://m.media-amazon.com/images/I/4124SxrG1IL.jpg",
    "https://m.media-amazon.com/images/I/41qxeBApoDL.jpg",
    "https://m.media-amazon.com/images/I/41gZ7+iADeL.jpg"
  ],
  "product_detail": {
    "Is Discontinued By Manufacturer": "No",
    "Product Dimensions": "2 x 2 x 3.8 inches; 4.8 ounces",
    "Item model number": "M6105-001",
    "Date First Available": "October 2, 2001",
    "Manufacturer": "TV Non-Branded Items (Pets)",
    "ASIN": "B000084E76",
    "Best Sellers Rank": "#230,829 in Pet Supplies (See Top 100 in Pet Supplies) #1,678 in Catnip Toys",
    "#1,678 in Catnip Toys": "",
    "Customer Reviews": "3.2 3.2 out of 5 stars 728 ratings"
  },
  "important_information": {},
  "rating": {
    "score": "3.2 out of 5",
    "dist": {
      "5 star": "37%",
      "4 star": "13%",
      "3 star": "12%",
      "2 star": "12%",
      "1 star": "26%"
    }
  },
  "top_comments": [
    {
      "date": "July 17, 2015",
      "title": "My cat is OBSESSED with these bubbles!",
      "score": "5.0 out of 5 stars",
      "text": "My cat is OBSESSED with these bubbles!  We tried out regular bubbles just to see if he would be interested and then I decided to order these catnip bubbles and wow he LOVES IT!  All I have to do is take out the container and hold it in my hands - he comes over and starts making a little whining meow sound and trilling and chirping because he is just so excited to play with these.  The catnip smell makes all the difference - he really loves it!I did notice that it's a little hard to make bubbles with this formula and wand.  In fact I had a bunch of tries that turned into nothing.  But when you do get bubbles it's amazing and he really loves it!",
      "helpfulness": "0"
    },
    {
      "date": "December 28, 2014",
      "title": "They all have bad reviews for a reason",
      "score": "1.0 out of 5 stars",
      "text": "I read all the reviews for several catnip bubble products and finally decided on this one. They all have bad reviews for a reason. This product just doesn't work. The bubbles are fine and your cats will be legitimately interested, but the bubbles are impossible to blow. I got one bubble out of about 20 minutes of trying. I got my two roommates to try, as well, to no avail.Your cats will get all excited by that first bubble and then get let down when they wait forever for nothing. I don't have kids, but I feel like it's the same feeling as getting your kid a great Christmas gift that's broken when they open it. You feel like a bad parent.I'm very intrigued by the possibility of catnip bubbles, but clearly the science isn't there yet. The bubble mixture seems too dense to be blown easily and you're just going to wind up with catnip residue all over your hands and a broken bubble wand.",
      "helpfulness": "21"
    },
    {
      "date": "August 18, 2024",
      "title": "Just so so",
      "score": "2.0 out of 5 stars",
      "text": "While the premise of the catnip bubbles is good, the effect was lacking.  The liquid is difficult to make bubbles with. Maybe it's too thin, too...something. And my cats were not interested in it at all. The smell is pleasant.",
      "helpfulness": "0"
    },
    {
      "date": "December 22, 2015",
      "title": "Tiny bubbles...",
      "score": "4.0 out of 5 stars",
      "text": "My cats gets bored real fast, real soon. There is not toy that can keep their attention for too long, that is until they got the Catnip Bubbles. They go absolutely crazy about those bubbles. The downside is that my silly cats like to leak any surface that the bubbles land, floors, tv, my legs, well I guess you got my point. I guess is not actually a downside as long they are having fun. I trick a use is to hide the bottle for a couple of days and then when they see it again they go ga-ga.all over again. Bottom line, they are happy, so do I.",
      "helpfulness": "0"
    },
    {
      "date": "June 12, 2015",
      "title": "Doesn't Work (unless you wait a couple of years)",
      "score": "3.0 out of 5 stars",
      "text": "I wound up requesting a refund for this.I had a bottle of this with the same name, and our kitties were wild about them.  However, this mixture doesn't make bubbles.  It's like mildly soapy water, but when you blow, it just pops instead of making bubbles.*** Update 8 August 2017 ***I requested and received a refund for this. Rather than returning it, Amazon just said to do with it what I will. I left it sitting on a shelf planning to toss it later.After sitting on a shelf for a LONG time, it now makes bubbles. Maybe it just needed to \"age\", but it works great now. I would raise it to five stars, but the uncertainty of whether you would need to buy it and let it sit on a shelf for years before using it kind of makes it still a questionable purchase.",
      "helpfulness": "2"
    },
    {
      "date": "May 7, 2012",
      "title": "Really works well.",
      "score": "5.0 out of 5 stars",
      "text": "I wanted a safe bubble product for my year old cats. I researched the various \"pet\" bubbles and decided on this one based on product size, cost, and reviews.  I received in timely manner in a well packaged box with clear plastic covering the entire bottle.  Naturally I smelled the product and did detect a slight spicy scent but a bit of a cleaning product smell as well.  The bubble wand is standard as pictured.  The bubbles produced are sized from 1\" to about 3\" in diameter.  Just the right size for kitties to play with.  They last a substantial amount of time without bursting and do not leave behind any residue that I have detected.  I use them on an outside wood porch.  Compared to store brand bubbles these are a bit pricey but find these are some of the best bubbles I have ever purchased and worth the price. Also, the ad states the size is 4 oz. but the bottle states it is 5 oz.  I think this one bottle will last throughout the summer and fall season being used for a few minutes each day.  My kitties loved playing with these and sometimes required hitting the bubble a couple of times before they burst.  My one complaint is that this product is distributed by United Pet Group, Inc. in Ohio but the bottle states this product is made in China.  I consider this product worth the cost and would definitely make a repeat purchase but will research for a product made in the USA first.",
      "helpfulness": "19"
    },
    {
      "date": "December 30, 2015",
      "title": "great product - very very poor quality bottle",
      "score": "1.0 out of 5 stars",
      "text": "Loved loved the item. Received 1 as a gift.  opened it and the cats LOVED it.  closed the bottle and put down on the floor next to the couch.  When I woke up in the morning the cap was cracked and it was spilled all over the floor and my cat was rolling in the liquid.  I thought that I didn't close the cap well enough so I purchased one here on AMAZON.  I opened it and the cats had a great time.  This time I ensured that the cap was closed tightly before I put it on the floor.  Again less than half hour later the cap was cracked.  It seems that the cap is very flimsy.  I saw the cat knock the bottle over (already on the floor) and the cap cracked instantly.  Very poor design - especially for the HIGH cost.  Do not purchase unless you have another vessel that you can transfer the liquid to.",
      "helpfulness": "0"
    }
  ]
}