{
  "product_title": "Buffalo Bills 0.44oz Hickory Shredded Beef Jerky Chew (12 cans of hickory beef jerky chew per roll)",
  "byline_info": "Brand: Buffalo Bills",
  "product_description": "",
  "category": [
    "Grocery & Gourmet Food",
    "Snacks & Sweets",
    "Snack Foods",
    "Meat Snacks",
    "Jerky"
  ],
  "alt_images": [
    "https://m.media-amazon.com/images/I/514VTZ9HjuL.jpg",
    "https://m.media-amazon.com/images/I/51SOsdKpmtL.jpg",
    "https://m.media-amazon.com/images/I/51XNQMcFy6L.jpg",
    "https://m.media-amazon.com/images/I/51LL+S6ikaL.jpg"
  ],
  "product_detail": {
    "Package Dimensions": "11.1 x 2.8 x 1.7 inches; 0.44 ounces",
    "ASIN": "B000FSPQTM",
    "Units": "5.28 Ounce",
    "Customer Reviews": "3.8 3.8 out of 5 stars 241 ratings"
  },
  "important_information": {
    "Legal Disclaimer": "Statements regarding dietary supplements have not been evaluated by the FDA and are not intended to diagnose, treat, cure, or prevent any disease or health condition.Statements regarding dietary supplements have not been evaluated by the FDA and are not intended to diagnose, treat, cure, or prevent any disease or health condition."
  },
  "rating": {
    "score": "3.8 out of 5",
    "dist": {
      "5 star": "57%",
      "4 star": "11%",
      "3 star": "9%",
      "2 star": "9%",
      "1 star": "14%"
    }
  },
  "top_comments": [
    {
      "date": "January 12, 2015",
      "title": "Tastes like childhood...",
      "score": "5.0 out of 5 stars",
      "text": "Got this as a gift for my brother.  We used to go down to the local liquor store and buy these things - haven't seen them in stores anywhere for yeeeears!!  Finally.... found you!  Brought back a lot of happy memories with my brother.  He was delighted and overjoyed - he all of a sudden had childhood memories (he vaguely remembers his childhood).  It made me happy to hear all the stories he was remembering... he has something now!  Good memories, thank you so much for selling this product.  I'm sure I'll end up buying more - a bit expensive, but it's worth it to my brother!  Shipping was as expected, no damage, came on time, and they were stacked in a row then wrapped in a plastic bag - tasted just fine too!  I read some folks got spoiled ones and it worried me a bit, but the ones I got taste very fresh.",
      "helpfulness": "0"
    },
    {
      "date": "February 19, 2018",
      "title": "Just ground up jerky, but perfect for what it is",
      "score": "5.0 out of 5 stars",
      "text": "Used as stocking stuffers for boys, and they loved it. All it is is ground up jerky, but it fits the bill for what the gift was for - a fun addition to the holiday stocking. Kinda salty for my tastes but the boys all loved it:)",
      "helpfulness": "0"
    },
    {
      "date": "February 2, 2013",
      "title": "Not so shredded, more like chunky",
      "score": "1.0 out of 5 stars",
      "text": "Shredded jerky from other brands is so good because of the intense flavor as soon as you take a bite.  This isn't shredded, its chunky, its full pieces of small jerky, it's very disappointing compared to other brands.  I don't know if they just don't have the right equipment to properly shred it to the quality of others, but i have been eating this stuff for honestly 30 years and this doesn't even come close to being the quality of anything else I've tried.I opted for it because it had more ounces per can than other amazon brands, but it really should be called small pieces of jerky and not shredded.  It's more like partially chewed.I suppose it could just be that the first 3 of my 36 can order was processed right before they changed a blade, I'm not looking for a handout, but even one can of properly shredded jerky along with a letter of apology may get this product a better review.This is my first review ever for one reason, I was so exited to have my own tub of 36 cans of this stuff, that having it be such low quality is a huge disappointment.If you like small pieces of jerky than this product is for you.",
      "helpfulness": "0"
    },
    {
      "date": "March 20, 2011",
      "title": "Short Review Followed by a HEADS UP",
      "score": "4.0 out of 5 stars",
      "text": "I'm on my second order and I can't say much other than i love this stuff. It tastes just like their beef jerky, which comes free with an order of their chew, and it keeps my munchies at bay. I'm on my third can however and I got a surprise when their Hickory jerky began to taste spicy. I have yet to try the other cans but one of them is definitely spice chew and not hickory like i ordered. It still tasted awesome, and considering I needed to wake up and write a paper it came at a perfect time but it still wasn't what I had paid for. Awesome stuff just not always canned to perfection.",
      "helpfulness": "0"
    },
    {
      "date": "May 31, 2011",
      "title": "Tasty but disappointing at the same time...",
      "score": "2.0 out of 5 stars",
      "text": "As I write my first review on Amazon, I enjoy sucking on the flavor of my 6th of 12 cans... each having nearly the same flavor yet severely lacking consistency in the portion (1/3 of a the can is \"full\" when opened in my current can versus 1/4 of the can in some instances and always below 1/2 in others). Moisture content is consistent but poor... most cans are as dry as Vegas in August and only one had a hint of moisture (maybe Colorado in summer?). The flavor is fairly consistent but to be a \"chew\", the cut is decent size overall but far from perfect. I'll finish these cans for the flavor and forget the variables and likely keep the cans to shred some of their Teriyaki flavored jerky in the food processor that they sent as a sample to place in the cans. That was tasty in \"stick\" form and the way jerky should be served! Overall, not very happy so would have to give it the thumbs down... Sorry Bill.",
      "helpfulness": "2"
    },
    {
      "date": "April 18, 2015",
      "title": "great. I love beef jerky and this is beef ...",
      "score": "3.0 out of 5 stars",
      "text": "Taste: great. I love beef jerky and this is beef jerky.Pinch: I've never had a jerky chew not leave a mess and no different. You kinda just have to go for it.Pro: tastes great that doesn't go away quickly, relatively good price and ships Amazon prime.Con: unlike big names, I was surprised to find several actual pieces inside. I like to pack some in my lip and enjoy the flavor while slowly eating a little at a time. With this, I have to do a lot of work to prevent hard pieces from jabbing my gums.I'm on the fence about buying again. Of course, I bought a bunch so I'll have time to think about it.",
      "helpfulness": "0"
    },
    {
      "date": "September 21, 2014",
      "title": "Lots of fun",
      "score": "5.0 out of 5 stars",
      "text": "These cans are a great novelty, and a fun way to eat beef jerky.  I like to pull these out of my suit pocket and load a big \"dip\" at the start of an important meeting to make people think I'm using tobacco.  Having a bottle of Dr. Pepper near you where folks don't know if you are adding or taking away as you lift it is also a nice touch.  And like tobacco, you can pour in a few drops of some good bourbon to add moisture and improve the flavor.  I also think these would be the most preferred option for those trying to actually quit dipping.  I don't think it is any harder on the gums than something like Copenhagen, and if you have a roll, there is enough to share after you let your co-workers in on the gag.  Everyone likes it.",
      "helpfulness": "6"
    },
    {
      "date": "December 25, 2013",
      "title": "great product!",
      "score": "5.0 out of 5 stars",
      "text": "I love this over any kind of jerky chew,  Tillamoock comes in a close second, but the value you get with these are better.  The quality is better which explains the higher cost.  If they ever go on sale for 1.00 a can I am going to be stocking up but for now every now and then I will buy them.",
      "helpfulness": "0"
    }
  ]
}