{
  "product_title": "Twinings Decaffeinated Earl Grey Black Tea Individually Wrapped Bags, 20 Count (Pack of 6), Flavoured with Citrus and Bergamot, Enjoy Hot or Iced, 120 Teabags",
  "byline_info": "Visit the Twinings Store",
  "product_description": "Twinings has been blending my family tea for years. Today, I am proud to continue this tradition with the tea celebrated throughout the world known as Twinings Earl Grey. Legend has it, that my ancestor, the second Earl Grey, was presented with this exquisite recipe by an envoy on his return from China. They are fine black tea expertly blended with the citrus fruit flavor of bergamot, to deliver an uplifting tea with a unique floral aroma and refreshing taste.",
  "category": [
    "Grocery & Gourmet Food",
    "Beverages",
    "Tea",
    "Black"
  ],
  "alt_images": [
    "https://m.media-amazon.com/images/I/51kXNS03i6L.jpg",
    "https://m.media-amazon.com/images/I/51MUGzG2yrL.jpg",
    "https://m.media-amazon.com/images/I/51-PNBTJfXL.jpg",
    "https://m.media-amazon.com/images/I/41LsjJrulpL.jpg",
    "https://m.media-amazon.com/images/I/51tfYgRSxoL.jpg",
    "https://m.media-amazon.com/images/I/41U+HzMkGSL.jpg",
    "https://m.media-amazon.com/images/I/51D0v8fAXOL.jpg"
  ],
  "product_detail": {
    "Is Discontinued By Manufacturer": "No",
    "Product Dimensions": "30 x 50 x 30 inches; 7.41 ounces",
    "Item model number": "05305",
    "Manufacturer": "Twinings",
    "ASIN": "B000F4H5GS",
    "Units": "120 Count",
    "Best Sellers Rank": "#30 in Grocery & Gourmet Food (See Top 100 in Grocery & Gourmet Food) #1 in Black Tea",
    "#1 in Black Tea": "",
    "Customer Reviews": "4.7 4.7 out of 5 stars 103,988 ratings"
  },
  "important_information": {
    "Safety Information": "INVALID ASINThis product is labelled to United States standards and may differ from similar products sold elsewhere in its ingredients, labeling and allergen warningsINVALID ASINThis product is labelled to United States standards and may differ from similar products sold elsewhere in its ingredients, labeling and allergen warnings",
    "Ingredients": "See package for ingredientsSee package for ingredients",
    "Directions": "Pour freshly boiled water over teabag and allow to brew for 2 to 5 minutes depending on desired strength.Pour freshly boiled water over teabag and allow to brew for 2 to 5 minutes depending on desired strength.",
    "Legal Disclaimer": "Statements regarding dietary supplements have not been evaluated by the FDA and are not intended to diagnose, treat, cure, or prevent any disease or health condition.Statements regarding dietary supplements have not been evaluated by the FDA and are not intended to diagnose, treat, cure, or prevent any disease or health condition."
  },
  "rating": {
    "score": "4.7 out of 5",
    "dist": {
      "5 star": "83%",
      "4 star": "10%",
      "3 star": "4%",
      "2 star": "1%",
      "1 star": "2%"
    }
  },
  "top_comments": [
    {
      "date": "July 24, 2025",
      "title": "GOOD. Must be try.",
      "score": "5.0 out of 5 stars",
      "text": "I really like this green tea. When I opened the package, I could smell a fresh tea aroma, and the brewed tea had a beautiful, clear yellowish-green color.The taste is very authentic – not bitter or astringent, and it has a noticeable sweet aftertaste. Drinking a cup in the morning makes me feel much more refreshed. When I'm tired from work, brewing a cup also helps me relax.The value for money is quite good; the quality completely matches the price. If you're looking for a good everyday green tea, I think this one is highly recommended.",
      "helpfulness": "8"
    },
    {
      "date": "September 7, 2025",
      "title": "Love this tea!",
      "score": "5.0 out of 5 stars",
      "text": "This is a delicious tea! I love the sharp ginger flavor, and there's a good amount of lemon notes as well. It's very warming and satisfying to drink.  This is my first time buying ginger herbal tea, and I will definitely be doing so again!  It's delicious any time of day, and especially as a digestive.",
      "helpfulness": "One"
    },
    {
      "date": "August 14, 2025",
      "title": "An Excellent Tea",
      "score": "5.0 out of 5 stars",
      "text": "I mostly drink Earl Grey (caffeine) and Rooibos (no caffeine) teas during the day, but this tea is definitely my favorite go to in the evening. It has a very nice balance of lemon and ginger, steeps well, contains no caffeine, and is great tasting too. I have a monthly subscription for a box of 100 that makes it an excellent value. I do highly recommend this tea. If you haven't yet, do check it out you won't be disappointed.",
      "helpfulness": "One"
    },
    {
      "date": "August 22, 2025",
      "title": "Great flavor",
      "score": "5.0 out of 5 stars",
      "text": "My favorite tea flavor.  It’s good with 1/2 earl grey and 1/2 of this flavor.  Needs a little sweetness but not a lot.  I also like how this smells.  Good quality tea.  I like it hot or iced.",
      "helpfulness": "2"
    },
    {
      "date": "August 25, 2025",
      "title": "Smooth and brews well!",
      "score": "5.0 out of 5 stars",
      "text": "I have been drinking Twining English Breakfast every morning for 12 years.I have tried others, but It is by far the best English Breakfast tea.It is smooth, not bitter, smells great, soothing, & brews strong (depending on time brewed).",
      "helpfulness": "One"
    },
    {
      "date": "July 24, 2025",
      "title": "A Bright and Smooth Start to the Day",
      "score": "4.0 out of 5 stars",
      "text": "I really enjoyed Twinings Morning Tea. It has a smooth, well-balanced flavor with just the right strength to gently wake me up without being too bold or bitter. The aroma is fresh and slightly floral, which adds to the morning ritual. I gave it 4 stars instead of 5 only because I prefer a slightly stronger kick for early mornings—but overall, it's a lovely and reliable tea I’d be happy to buy again. Great for a calm, refreshing start to the day!",
      "helpfulness": "One"
    },
    {
      "date": "September 7, 2025",
      "title": "Great Quality and Smooth Taste",
      "score": "5.0 out of 5 stars",
      "text": "Refreshing and Smooth FlavorThis Twinings Pure Green Tea has a clean and refreshing taste. It’s smooth, not bitter, and perfect to enjoy at any time of the day. The quality is excellent, and the tea bags come well sealed to preserve freshness. A great choice for anyone who enjoys green tea.",
      "helpfulness": "One"
    },
    {
      "date": "August 23, 2025",
      "title": "Delicious and Soothing Tea",
      "score": "5.0 out of 5 stars",
      "text": "Twinings Lemon & Ginger Herbal Tea is one of my favorites! The flavor is a perfect balance of tangy lemon and spicy ginger—refreshing, soothing, and naturally caffeine-free. I enjoy it hot in the evenings to relax, and it’s just as good iced on a warm day. The individually wrapped bags keep the tea fresh, and the 100-count pack is a great value. A comforting, versatile tea that I’ll keep stocked in my pantry.",
      "helpfulness": "0"
    }
  ]
}