{
  "product_title": "Duck Sausages with Figs and Brandy - 4 Links (Pack of 2)",
  "byline_info": "Brand: Fabrique Delices",
  "product_description": "",
  "category": [],
  "alt_images": [
    "https://m.media-amazon.com/images/I/51SHjf6E8SL.jpg"
  ],
  "product_detail": {
    "Item Weight": "1 Pounds",
    "Item model number": "2",
    "ASIN": "B000GDAYA2",
    "Customer Reviews": "5.0 5.0 out of 5 stars 5 ratings"
  },
  "important_information": {
    "Legal Disclaimer": "Statements regarding dietary supplements have not been evaluated by the FDA and are not intended to diagnose, treat, cure, or prevent any disease or health condition.Statements regarding dietary supplements have not been evaluated by the FDA and are not intended to diagnose, treat, cure, or prevent any disease or health condition."
  },
  "rating": {
    "score": "5 out of 5",
    "dist": {
      "5 star": "100%",
      "4 star": "0%",
      "3 star": "0%",
      "2 star": "0%",
      "1 star": "0%"
    }
  },
  "top_comments": [
    {
      "date": "November 9, 2013",
      "title": "Wonderful product",
      "score": "5.0 out of 5 stars",
      "text": "The flavors were superb. Flavors we have never experienced before. Expensive, but you have to treat yourself sometimes. They were packaged with refrigerant gel packs. Worth every penny. Great service.",
      "helpfulness": "One"
    },
    {
      "date": "January 23, 2018",
      "title": "great",
      "score": "5.0 out of 5 stars",
      "text": "great",
      "helpfulness": "0"
    },
    {
      "date": "June 1, 2013",
      "title": "Yummy stuff",
      "score": "5.0 out of 5 stars",
      "text": "Excellent quality no doudt. Being of French origin, it tastes like it should taste. Would buy tons if would be cheaper.",
      "helpfulness": "One"
    },
    {
      "date": "July 19, 2008",
      "title": "Very tasty",
      "score": "5.0 out of 5 stars",
      "text": "I bought this for a gift for my father and he loved it.  The only down side is the price.  I will only get these as gifts and not as a food staple due to the cost.",
      "helpfulness": "2"
    }
  ]
}