{
  "product_title": "Wolfgang Puck Organic Signature Butternut Squash Soup, 14.5 oz. (Pack of 12)",
  "byline_info": "Visit the Wolfgang Puck Store",
  "product_description": "Product Description   Wolfgang Puck Organic Signature Butternut Squash Soup is a blend of hearty vegetable stock, mellow butternut squash, sweet dairy cream and a hint of honey sure to delight the taste buds. Garnish with cranberry relish and a sprinkle of nutmeg to enhance the flavor.   About the Brand    Wolfgang PuckFor more than three decades, Wolfgang Puck has come to represent the ultimate in the culinary arts and restaurant hospitality. The Austrian-born Puck began his formal training at age 14, inspired by his mother, Maria, a hotel chef. Encouraged by a friend, Wolfgang left Europe in 1973 at the age of 24, having already learned his craft as a classically trained French chef in the master kitchens of three-star French restaurants: the Hotel de Paris in Monaco, Maxim's in Paris, and L'Oustau de Baumaniere in Provence. After spending two years as chef at the restaurant La Tour in Indianapolis, Puck moved to Los Angeles and became both chef and part owner of Ma Maison, which quickly became a magnet for the rich and famous.  After the 1981 publication of his first cookbook, Modern French Cooking for the American Kitchen, based on his popular recipes at Ma Maison, Spago, located in West Hollywood on the Sunset Strip, was an instant success and culinary phenomenon from its opening day in 1982. His first signature dishes--such as \"gourmet\" pizzas topped with smoked salmon and caviar and Sonoma baby lamb with braised greens and rosemary--put him and Spago on the Los Angeles foodie map. Over its popular 18 years, the original location of Spago earned many accolades, including the prestigious Restaurant of the Year award by the James Beard Foundation in 1994.  Over a span of 20 years, an empire of Wolfgang Puck dining establishments has opened, including fine dining restaurants in Los Angeles, San Francisco, Las Vegas, Palo Alto, and Maui and casual dining and quick service restaurants in nationwide urban centers, airports, and supermarkets. In May 2000, Wolfgang Puck Worldwide, Inc., was established to manage global brand strategy across Wolfgang Puck's business activities in consumer packaged foods, cooking products, and other lines of products and media opportunities, including Wolfgang Puck's Soups, one of America's fastest-growing soups. Wolfgang's philosophy with his soups, which applies to everything he does, is straightforward. As he says, \"The recipe for all my soups is simple. The finest ingredients and lots of good, honest, old-fashioned love.\" Wolfgang lives in Beverly Hills and has two sons, Cameron and Byron.",
  "category": [
    "Grocery & Gourmet Food",
    "Pantry Staples",
    "Soups, Stocks & Broths",
    "Vegetable Soups"
  ],
  "alt_images": [
    "https://m.media-amazon.com/images/I/51f3r1WQxdL.jpg",
    "https://m.media-amazon.com/images/I/51gO9lgz-IL.jpg",
    "https://m.media-amazon.com/images/I/51q-hy3exsL.jpg",
    "https://m.media-amazon.com/images/I/51hsPHH5TfL.jpg",
    "https://m.media-amazon.com/images/I/51B+K8rsxqL.jpg",
    "https://m.media-amazon.com/images/I/51oGTgRxq7L.jpg",
    "https://m.media-amazon.com/images/I/41tRThOe95L.jpg"
  ],
  "product_detail": {
    "Is Discontinued By Manufacturer": "No",
    "Package Dimensions": "12.71 x 9.06 x 4.49 inches; 12.62 Pounds",
    "Item model number": "200580076148",
    "UPC": "858328761482",
    "Manufacturer": "Wolfgang Puck",
    "ASIN": "B000ELWDR8",
    "Units": "174 Ounce",
    "Customer Reviews": "4.4 4.4 out of 5 stars 100 ratings"
  },
  "important_information": {
    "Safety Information": "This product is labelled to United States standards and may differ from similar products sold elsewhere in its ingredients, labeling and allergen warningsThis product is labelled to United States standards and may differ from similar products sold elsewhere in its ingredients, labeling and allergen warnings",
    "Ingredients": "Organic Vegetable Stock (Water, Organic Carrots, Organic Onions, Organic Celery), Organic Butternut Squash, Water, Organic Cream From Organic Milk, Organic Tapioca Starch, Contains Less Than 2% Of: Organic Honey, Organic Cane Sugar, Sea Salt, Organic Butter (Organic Cream From Organic Milk, Salt), Organic Potato Starch, Organic Tomato Paste, Organic Spice, Organic Molasses, Organic Yeast Extract, Organic Carrot Powder, Organic Onion Powder, Organic Potato Flour, Organic Turmeric, Organic Lemon Juice Concentrate, Natural Flavoring, Organic Natural Flavoring, Organic Celery Seed. Contains: Organic Milk.Organic Vegetable Stock (Water, Organic Carrots, Organic Onions, Organic Celery), Organic Butternut Squash, Water, Organic Cream From Organic Milk, Organic Tapioca Starch, Contains Less Than 2% Of: Organic Honey, Organic Cane Sugar, Sea Salt, Organic Butter (Organic Cream From Organic Milk, Salt), Organic Potato Starch, Organic Tomato Paste, Organic Spice, Organic Molasses, Organic Yeast Extract, Organic Carrot Powder, Organic Onion Powder, Organic Potato Flour, Organic Turmeric, Organic Lemon Juice Concentrate, Natural Flavoring, Organic Natural Flavoring, Organic Celery Seed. Contains: Organic Milk.",
    "Directions": "Do Not Add Water Stove: Pour Soup Into Saucepan. Heat, Stirring Occasionally.Do Not Add Water Stove: Pour Soup Into Saucepan. Heat, Stirring Occasionally.",
    "Legal Disclaimer": "Statements regarding dietary supplements have not been evaluated by the FDA and are not intended to diagnose, treat, cure, or prevent any disease or health condition.Statements regarding dietary supplements have not been evaluated by the FDA and are not intended to diagnose, treat, cure, or prevent any disease or health condition."
  },
  "rating": {
    "score": "4.4 out of 5",
    "dist": {
      "5 star": "73%",
      "4 star": "8%",
      "3 star": "10%",
      "2 star": "2%",
      "1 star": "7%"
    }
  },
  "top_comments": [
    {
      "date": "April 15, 2020",
      "title": "Great Soup",
      "score": "5.0 out of 5 stars",
      "text": "Since discovering Wolfgang Puck's organic Butternut Squash soup a few years ago it has become a part of my diet and have it 3 or 4 times a week.  It's delicious with a great blend of flavors and not too heavy and just right for a light lunch.  Being in a hotspot of the COVID pandemic the supermarkets around me have long lines and empty shelves most of the time and being a high risk candidate I was very lucky to find this soup sold by Amazon Prime.  Thank you Jeff Bezos and all of the Amazon workers for supplying many of us  with some essential staples.",
      "helpfulness": "0"
    },
    {
      "date": "May 28, 2012",
      "title": "Delicious!",
      "score": "5.0 out of 5 stars",
      "text": "Months ago I had my first butternut squash soup, hand made at a fancy restaurant. I do not like canned soups... but I saw this in our local grocers, and remembering the soup I had at the restaurant, I decided to try it. It was delicious! It is my favorite lunch go-to now. I have added shredded roasted turkey to make it heartier, but as for taste it is wonderful. I order the case on Amazon, which is cheaper than my local store. I also tried their french onion soup which is really good. I have avoided the others simply because in their best form, I don't like chicken noodles and tomato soups, but for the 2 I do like and have tried, they really made something from canned soups, and I'd recommend them.",
      "helpfulness": "One"
    },
    {
      "date": "February 10, 2013",
      "title": "Great soup poorly shipped",
      "score": "5.0 out of 5 stars",
      "text": "I love this soup. I think it's the Puck's best. No one else comes close to getting butternut squash right in the \"fresh from the can\" category.However, 12 out of 12 cans were badly dented even though there was a plastic sheet over them in the carton. Are the order fulfillment guys using them for target practice?  Either they have angry machines or disgruntled employees handling soup packing. Had this happen before with Progesso soups where handling cracked open a flip top lid. But that was only two cans out of 360. Obviously, the Puck handlers are seriously pissed off.",
      "helpfulness": "One"
    },
    {
      "date": "May 24, 2020",
      "title": "Dented Cans - Dents turned away from outside of case to hide them",
      "score": "3.0 out of 5 stars",
      "text": "First off this is one of my favorite canned soups and I have eaten many cans of itThings I would like to see improve:I would like the cans to say BPA free - I emailed the company and they said they are BPA free - response posted below my reviewI would like them to make this vegan by replacing the creamAs is common when you order something delivered the cans might get dented, however when the outside can have no dents you can see the assumption is that they arrived in tact.  It is then very disappointing to find all the dents were turned to the inside to hide them.  This is a shady practice since it must have been done BEFORE shipping.Wolfgang Puck canned soup packaging is manufactured without the use of BPA.We appreciate your interest in our company and products.  If you have additional questions, please contact our Consumer Response Center at 877-226-7235 or visit Wolfgang Puck website.Sincerely,Alicia D.Consumer AdvocateConsumer Response Center008542718A",
      "helpfulness": "8"
    },
    {
      "date": "July 17, 2020",
      "title": "My wife loves this soup...",
      "score": "4.0 out of 5 stars",
      "text": "It's not always available in the stores, so I was happy to find it on Amazon and ordered a dozen. Good news: it arrived and made my wife happy.  Bad news: it costs more than in the local market (when you can even find it) and at least 8 of the 12 cans were dented in shipping.  That doesn't really bother me, because they were still intact and tasted fine., but my wife hates having anything from a dented can.  So her happiness was considerably diminished, but she still enjoyed the soup.",
      "helpfulness": "0"
    },
    {
      "date": "December 15, 2017",
      "title": "Stocked up in case of power failure I could happily eat this I heated in an emergency",
      "score": "5.0 out of 5 stars",
      "text": "So delicious. Buttery. I’ve been known to eat it straight from can before I can even get it heated. Stocked up in case of power failure I could happily eat this I heated in an emergency. I mean not recommending one do that routinely, but that is how delicious it is. Like crack. So glad it’s abailable by the case.",
      "helpfulness": "9"
    },
    {
      "date": "May 31, 2012",
      "title": "Not Creamy, But Signature",
      "score": "1.0 out of 5 stars",
      "text": "This soup is advertised as \"creamy,\" however when it arrived it was \"signature.\"  Puck changed the recipe of the Creamy Butternut Squash Soup and is now calling it Signature Butternut Squash Soup.  It does not taste the same (and is not as good) as the original recipe.",
      "helpfulness": "One"
    },
    {
      "date": "May 24, 2021",
      "title": "Please, may I have some more!?",
      "score": "5.0 out of 5 stars",
      "text": "Funny story…I was possibly addicted to the butternut squash soup at Boudin in SF. I have been displaced thanks to COVID but my CA food cravings were nearly fatal for those around me. I found this and figured WTH. Let me tell you…I nearly lost it finding it so close to the flavor of the soup from my favorite place in SF. So happy!",
      "helpfulness": "2"
    }
  ]
}