{
  "product_title": "Numi Organic Tea Chamomile Lemon, 18 Count Box of Tea Bags (Pack of 6) Herbal Teasan",
  "byline_info": "Visit the Numi Store",
  "product_description": "Product Description   Chamomile Lemon:   About the Brand   Numi's vision is to inspire well-being of mind, body, and spirit through the simple art of tea. Numi elevates the tea experience through quality, creativity, and authenticity. We are grateful to those who contribute to our tea journey, and we hope to have a positive impact on all members of our \"Communitea\"--from farmer to packer to our fellow tea drinker. Conscientious of the impact of our actions, we aspire to be environmentally responsible and globally sustainable by using recyclable and biodegradable packaging and sustainable bamboo in our merchandising. The Numi Journey In the fall of 1999, brother and sister Ahmed and Reem had a vision-to revive the serenity, creativity, and comfort that is inspired by the simple art of tea. Both artistic souls and world explorers, the two siblings have combined their belief in the transcendental properties of tea with their individual passions for photography, art, and culture. The result of this blend was Numi Tea, a refreshing and innovative selection of teas and teasans that awaken the palate, inspire the soul, and gracefully enhance water's unique potential.  The brother and sister duo behind Numi TeaAhmed, the master alchemist behind Numi's blends, discovered the calming simplicity of tea and herbal teasans while living in Prague, Czech Republic, where he co-owned and ran two teahouses. A distinguished photographer, Ahmed used his artistic and intuitive nature as a foundation for his innovative and artisan approach to the blending of teas.  Fluent in English, Arabic, French, German and Czech, Ahmed is a citizen of the world; each pot of Numi tea is an amalgamation of his worldly cultural knowledge, his in-depth understanding of teas, and his appreciation for quality.  Ahmed's sister Reem has a background that is almost as diverse as the selection of Numi teas. Before the advent of Numi, Reem, a biomedical engineer, moved to Italy to nurture her artistic aspirations. Reem has exhibited her artwork around the world in San Francisco, New York City, Melbourne, and Florence. But you don't need to be a globetrotter to admire her artwork--Reem's original paintings are also exhibited on each one of Numi's packages. Inspired by her brother's photos and by the meditative nature and timeless essence of tea, Reem painted Numi's artwork using oil on small tin plates, with imagery that evokes a slower, more contemplative way of being. Reem believes that tea, like art, has a universal essence and is a portal for self-reflection. What started as a dream in Reem's small Oakland apartment moved to a lovely 25,000 squrare-foot space on the Oakland waterfront and has progressed into an exciting and delicious journey. Since its beginning, Numi has carved a distinct path in the U.S. tea world by introducing exotic teas such as Rooibos (Red Tea), Lemon Myrtle, Honeybush, and Dry Desert Lime, and also by offering full-leaf tea in teabags, without added oils or flavorings. Numi continues to pave the way and set new tea trends, most recently with its creation of the hand-sewn and handcrafted \"Flowering Teas.\"",
  "category": [
    "Grocery & Gourmet Food",
    "Beverages",
    "Tea",
    "Fruit & Herbal Tea",
    "Herbal"
  ],
  "alt_images": [
    "https://m.media-amazon.com/images/I/41Fk6ywwD3L.jpg",
    "https://m.media-amazon.com/images/I/51TeDcAqnEL.jpg",
    "https://m.media-amazon.com/images/I/51CkScCMRPL.jpg",
    "https://m.media-amazon.com/images/I/51HgesLX-6L.jpg",
    "https://m.media-amazon.com/images/I/51IwH16o+7L.jpg",
    "https://m.media-amazon.com/images/I/41MCeLfMkGL.jpg",
    "https://m.media-amazon.com/images/I/51YarzcWAML.jpg"
  ],
  "product_detail": {
    "Product Dimensions": "8.5 x 7.4 x 5.8 inches; 1.03 Pounds",
    "Item model number": "10150",
    "UPC": "680692601503",
    "Manufacturer": "Numi",
    "ASIN": "B000FFS92G",
    "Units": "108 Count",
    "Best Sellers Rank": "#2,953 in Grocery & Gourmet Food (See Top 100 in Grocery & Gourmet Food) #58 in Herbal Tea",
    "#58 in Herbal Tea": "",
    "Customer Reviews": "4.6 4.6 out of 5 stars 6,014 ratings"
  },
  "important_information": {
    "Safety Information": "Do not use if pregnant or nursing. Keep out of reach of children. Please consult your health care provider if currently under care or treatment. Do not exceed recommended serving.Do not use if pregnant or nursing. Keep out of reach of children. Please consult your health care provider if currently under care or treatment. Do not exceed recommended serving.",
    "Ingredients": "Chamomile Lemon:Chamomile Lemon:",
    "Directions": "Bring fresh water to a boil. Sit back, relax, and pour over a bag of Sweet Meadows. As tranquility fills the air, steep 4-6 minutes. This is the perfect bedtime teasan. Delicious hot or cold.Bring fresh water to a boil. Sit back, relax, and pour over a bag of Sweet Meadows. As tranquility fills the air, steep 4-6 minutes. This is the perfect bedtime teasan. Delicious hot or cold.",
    "Legal Disclaimer": "Statements regarding dietary supplements have not been evaluated by the FDA and are not intended to diagnose, treat, cure, or prevent any disease or health condition.Statements regarding dietary supplements have not been evaluated by the FDA and are not intended to diagnose, treat, cure, or prevent any disease or health condition."
  },
  "rating": {
    "score": "4.6 out of 5",
    "dist": {
      "5 star": "81%",
      "4 star": "10%",
      "3 star": "4%",
      "2 star": "1%",
      "1 star": "4%"
    }
  },
  "top_comments": [
    {
      "date": "June 26, 2025",
      "title": "I absolutely love this tea!!",
      "score": "5.0 out of 5 stars",
      "text": "I've been drinking tea for medicinal purposes mostly, such as green tea, but I wanted a neutralish one which was just \"quaffable\"/drinkable, and so far, this organic honeybush is it!!!  I like buckwheat tea as a \"drinkable\" tea, but the organic is too hard to find/expensive, and I would have had to toast my own buckwheat to get an organic and affordable version.  Well, in walks the organic honeybush, and my problem is solved.  I would say that this tea tastes like great quality filtered water which, for whatever reason, tastes like \"sweet water,\" and yet, of course, there is no yuckiness from the way sugar makes your mouth feel.  This tea doesn't have the acidic qualities of many teas either, nor any bitterness.  This honeybush tea is ALWAYS good and for that reason, is the kind of tea that you can drink unlimited quantities of.  I tried this against rooibos for a \"drinking\" tea, too, but the rooibos tasted too much like cardboard.  Neutral, yes, but not particularly pleasant, so the honeybush is a win for me and I highly recommend it.",
      "helpfulness": "One"
    },
    {
      "date": "August 27, 2025",
      "title": "Cheap and tastes good",
      "score": "5.0 out of 5 stars",
      "text": "Tastes so good and can not beat the price! Not too strong of a mint flavor but a good tea for the evening (caffeine free)",
      "helpfulness": "0"
    },
    {
      "date": "August 11, 2025",
      "title": "Soul soothing tea!",
      "score": "5.0 out of 5 stars",
      "text": "Oh my gosh!  I am not a mint lover,  so \\when I got these as a gift, I didn't even try them for quite some time  When I finally tried them, I was delighted and quite surprised. They are amazingly refreshing and make the most delicious tea.  The mint is so soothing, soft, and mellow; the scent is amazing too.  It is my new favorite tea for all seasons and when you need to soothe after a stressful day!",
      "helpfulness": "0"
    },
    {
      "date": "July 15, 2025",
      "title": "Delicious",
      "score": "5.0 out of 5 stars",
      "text": "Very good taste, great quality tea. Tastes good hot or cold w ice. I prefer as a hot tea. Works great on upset stomach",
      "helpfulness": "0"
    },
    {
      "date": "July 25, 2025",
      "title": "Strong mint flavor",
      "score": "4.0 out of 5 stars",
      "text": "Taste really, good and very strong mint flavor.",
      "helpfulness": "One"
    },
    {
      "date": "August 29, 2025",
      "title": "Excellent (spear)Mint tea",
      "score": "5.0 out of 5 stars",
      "text": "Great flavor, aromatic, and calming",
      "helpfulness": "0"
    },
    {
      "date": "August 17, 2025",
      "title": "Bold taste and price.",
      "score": "5.0 out of 5 stars",
      "text": "Smooth taste and flavor. Highly recommend.",
      "helpfulness": "One"
    },
    {
      "date": "July 8, 2025",
      "title": "Great taste!",
      "score": "5.0 out of 5 stars",
      "text": "Love my teas... so flavourful! I usually get the Jasmine, but tried the Hibiscus and Mint this time! Love, love, love!",
      "helpfulness": "0"
    }
  ]
}