{
  "product_title": "Melissa's Dried Roasted Sweet Corn 3-Ounce Bags (Pack of 12), Dried Roasted Sweet Corn, Perfect in Salads Breads and Muffins, Delicious Straight from the Bag",
  "byline_info": "Visit the Melissa's Store",
  "product_description": "Product Description   All Natural! Great for snacks! Melissa's Roasted Sweet Corn is freeze-dried, super-sweet corn kernels which are naturally sweet with no fat or cholesterol. Use as a salad topping, in breads, muffins, chowders, and cereals. Try adding to your favorite snack mix or by itself for a delicious treat! Product of USA.   About the Brand    The World Variety Produce Inc. warehouse in Los Angeles. Established in 1984 and located in the Vernon district of Los Angeles, California, Melissa's/World Variety Produce began strictly as a source of specialty produce. Joe Hernandez, a Texas native, founded the business with a decade of produce industry experience in a small, rented produce warehouse lunchroom. The original office had one telephone and two chairs--no one could have guessed that, within a few short years, the company would occupy a newly renovated and expanded 280,000 square foot office, warehouse complex, and state-of-the-art CCOF/QAI Certified Organic Packing Facility. World Variety Produce markets product under specially-developed brand names: Melissa's, Don Enrique, Rookies, and Jo-San brand. Consumers everywhere recognize the Melissa's logo, in cheerful red with a carrot standing in for the letter \"I.\" In 1986, seeking a more inviting label than possible with the World Variety corporate identity, Hernandez named this well-known brand after his daughter. Melissa Hernandez has recently taken an active role in the business. Periodically, she appears at the industry conventions and press events as a company spokesperson--and yes, even in her early 20s, she knows the product line very well. Family is a big part of World Varietys success. Through the years, the company has found stable growth thanks to the support of very loyal customers and a close-knit family of employees dedicated to customer service. After all, Hernandez has made the company philosophy straightforward: \"Give the customers what they want and keep them happy.\"  World Variety is committed to industry and consumer education about specialty produce. Product headers include recipes, serving suggestions, and nutritional information. Melissa's/World Variety Produce will continue with its product innovations and customer-satisfying service. \"You can never slack off,\" says Hernandez. \"...the little guys will catch up if you get over-confident. You can count on World Variety for the Freshest Ideas in Produce. The tag line--more than good advertising--is a company promise to provide product and service beyond expectation.\"",
  "category": [
    "Grocery & Gourmet Food",
    "Produce",
    "Fresh Vegetables"
  ],
  "alt_images": [
    "https://m.media-amazon.com/images/I/51axmpz3nFL.jpg",
    "https://m.media-amazon.com/images/I/51tssihM3DL.jpg",
    "https://m.media-amazon.com/images/I/3143lN6CwEL.jpg",
    "https://m.media-amazon.com/images/I/4102nPLD58L.jpg",
    "https://m.media-amazon.com/images/I/418yxOgmF4L.jpg"
  ],
  "product_detail": {
    "Package Dimensions": "15 x 9.9 x 5.5 inches; 3.35 Pounds",
    "UPC": "045255138191 045255114324",
    "Manufacturer": "Melissa's",
    "ASIN": "B000F4BCQW",
    "Units": "36.0 Ounce",
    "Customer Reviews": "4.3 4.3 out of 5 stars 8 ratings"
  },
  "important_information": {
    "Ingredients": "Corn. No Additives or Preservatives.Corn. No Additives or Preservatives.",
    "Directions": "Store in a tightly sealed container in a cool, dry place.Store in a tightly sealed container in a cool, dry place.",
    "Legal Disclaimer": "Statements regarding dietary supplements have not been evaluated by the FDA and are not intended to diagnose, treat, cure, or prevent any disease or health condition.Statements regarding dietary supplements have not been evaluated by the FDA and are not intended to diagnose, treat, cure, or prevent any disease or health condition."
  },
  "rating": {
    "score": "4.3 out of 5",
    "dist": {
      "5 star": "65%",
      "4 star": "13%",
      "3 star": "11%",
      "2 star": "11%",
      "1 star": "0%"
    }
  },
  "top_comments": [
    {
      "date": "December 29, 2015",
      "title": "I like Melissa's dried tomatoes",
      "score": "5.0 out of 5 stars",
      "text": "I like Melissa's dried tomatoes,  I have a recipe that doesn't come out well unless I use these,  the grocery store stopped carrying them, so I ordered a case through amazon.  Fantastic!!!",
      "helpfulness": "One"
    },
    {
      "date": "January 12, 2009",
      "title": "good - BUT ...",
      "score": "2.0 out of 5 stars",
      "text": "howdy y'all,update = 2009-11-15i received my new order and i've a few problems ...[1] they are NOT from mexicothere's an over-sticker that says \"turkey\" on each packet and the carton also says the tomatoes are from turkey. not a problem except that the product description here says \"mexico\" and that's wrong.[2] they taste ... wrong.the previous order was from mexico and tasted slightly sweet. that's as _i_ expect with dried tomatoes. the NEW batch, however, tastes distinctly _salty_! there is no salt listed on the packet, just sodium. unfortunately for me, i am on a restricted diet and can't afford to eat any more salt than i must. anything that tastes salty - quite salty, in this case - must be presumed to have salt in amounts that i can't afford to eat.[*sigh ...*]so i will need to give this batch to someone who will eat the tomatoes even tho they taste salty instead of slightly sweet.i'm going to try to contact the source and see what they have to say, but i doubt i'll be buying this product again. fooey!take care,lee********original date = 2009-01-11howdy y'all,this is a good product. taste's good, easy to use, [mostly] predictable and priced pretty well, too._however_ ... the last two 12-packs eventually developed moths and moth grubs. ick! [*grin*] i had eaten three of the packets already and when i when to get the next one i found grubs [worms] and moths in the bags. NOT all of them - one packet in the 2nd box seemed ok.so, lets see ... out of 21 packets there was ONE that had no [visible] bugs. i had already eaten 3 packets.how many bug eggs did i eat? [*grin*]now, i KNOW that one of the gotchas with organic and/or all-natural foods is the higher loss rates to pests. so it's not a _total_ surprise to find bugs hatching out.it is however, unacceptable.i admit that i had left the boxes setting in the pantry for more than three months. i was in for another round of chemo and just didn't eat anything that wasn't on my approved foods list. still, the fact that ONE packet had no bugs - and that NO bugs were loose in the box that held the packets - seems to mean that the bug eggs were on the product before i got it.i suppose i'll try this product one more time. but it NEEDS to be store-able for a few months for me to be able to buy it in the rather large quantities it is sold in.take care,lee",
      "helpfulness": "2"
    },
    {
      "date": "March 17, 2009",
      "title": "Revised product is too salty!",
      "score": "3.0 out of 5 stars",
      "text": "The benefit of these tomatoes is they are sulfates and preservative free - or at least so says the label.  The first two boxes of this product were a bit dry but still had much flavor.  They had no discernible salt added.  My most recent order was imported from Turkey and had the same overbearing, smoked flavor that cheaper sundried tomatoes on the market carry - a sign of preservation.  I'm wondering if Melissa's had to find a new source of their product and as a result of the long journey, had to begin smoking/salting their product?",
      "helpfulness": "One"
    },
    {
      "date": "February 28, 2009",
      "title": "Store in Frig or Freezer",
      "score": "4.0 out of 5 stars",
      "text": "I really like these. I throw a handful into items I cook and it adds great tomato flavor and color. I do keep the packages in the freezer or refrigerator, so haven't had the 'bug' problem mentioned. For me, no sulfur dioxide is a big plus.",
      "helpfulness": "One"
    },
    {
      "date": "September 7, 2017",
      "title": "We love it!",
      "score": "5.0 out of 5 stars",
      "text": "My husband and I love to just snack on it or put it on top of our salads.",
      "helpfulness": "One"
    },
    {
      "date": "June 24, 2011",
      "title": "Tasty and healthy",
      "score": "4.0 out of 5 stars",
      "text": "If this were a better value, it would be my favorite snack.  Full of flavor and crunch with nothing added, no oil, no salt, no sugar.",
      "helpfulness": "One"
    },
    {
      "date": "September 9, 2018",
      "title": "Cowboy Ciao’s Stetson Salad",
      "score": "5.0 out of 5 stars",
      "text": "If you are making Cowboy Ciao’s Stetson Salad, you need this.",
      "helpfulness": "0"
    },
    {
      "date": "May 15, 2017",
      "title": "Five Stars",
      "score": "5.0 out of 5 stars",
      "text": "A few more tomatoes than I expected, but very tasty.",
      "helpfulness": "0"
    }
  ]
}