{
  "product_title": "Himalayan Pink Salt - Fine - 8.75 oz - Powder",
  "byline_info": "Brand: FunFresh Foods",
  "product_description": "Himalayan Pink Sea Salt™ Fine Crystals are mined in the foothills of the Himalayas. This raw salt contains a balance of minerals and trace elements in their unprocessed, natural form. The perfect crystalline structure provides flawless seasoning while supporting optimum health. Himalayan Pink Sea Salt™ is subjected to rigorous screening procedures to monitor suspected contaminants.",
  "category": [
    "Grocery & Gourmet Food",
    "Pantry Staples",
    "Herbs, Spices & Seasonings",
    "Salt & Salt Substitutes",
    "Salt",
    "Sea Salt"
  ],
  "alt_images": [
    "https://m.media-amazon.com/images/I/419ErPZJOYL.jpg",
    "https://m.media-amazon.com/images/I/51R9WVZDubL.jpg"
  ],
  "product_detail": {
    "Is Discontinued By Manufacturer": "No",
    "Product Dimensions": "3 x 3 x 6 inches; 10.08 ounces",
    "Item model number": "632474129446",
    "Department": "Health Foods",
    "Date First Available": "June 4, 2004",
    "Manufacturer": "FunFresh",
    "ASIN": "B000MRUS08",
    "Customer Reviews": "4.6 4.6 out of 5 stars 35 ratings"
  },
  "important_information": {},
  "rating": {
    "score": "4.6 out of 5",
    "dist": {
      "5 star": "79%",
      "4 star": "6%",
      "3 star": "9%",
      "2 star": "6%",
      "1 star": "0%"
    }
  },
  "top_comments": [
    {
      "date": "February 27, 2022",
      "title": "I Love This Stuff!",
      "score": "5.0 out of 5 stars",
      "text": "I've been using this particular brand of Himalayan pink salt for several years, and I just love it.  There's something about its combination of minerals that makes foods, especially meats, taste amazing.  My daughter-in-law uses this brand as well.  Unlike other brands that I have read about, this one does not contain any grit or other inappropriate particles or flavors.  This is definitely a winner!",
      "helpfulness": "0"
    },
    {
      "date": "March 15, 2015",
      "title": "It works like magic!",
      "score": "5.0 out of 5 stars",
      "text": "When you use salt to relieve migraines, make sure to use high quality salt such as Himalayan crystal salt. It’s the most complete salt in the world. It contains 84 minerals, electrolytes and elements – a fascinating number considering that there are only 118 elements known to science. This salt helps reduce the severity of migraine headaches, strengthens the immune system, increases energy levels, balances serotonin levels in the bloodstream, restores the body’s alkaline and electrolyte balance and much more.`Just take a glass of lemon juice with a high concentration of Himalayan crystal salt and drink it. It works like magic!",
      "helpfulness": "3"
    },
    {
      "date": "October 3, 2017",
      "title": "Himalayan salt",
      "score": "4.0 out of 5 stars",
      "text": "I was disappointed in the texture.  It says fine, but it isn't.  I previously punches a fine salt elsewhere, & it worked it a small hole shaker.  Came in a shaker, with holes, but have to shake hard to get any salt to come through.  Other than that, salt is very good.",
      "helpfulness": "One"
    },
    {
      "date": "June 29, 2014",
      "title": "this salt is really good. I can't really explain the difference",
      "score": "5.0 out of 5 stars",
      "text": "I bought this salt at the request of my Husband. He had heard that Himalayan Pink Salt had some health benefits over ordinary table salt, so we decided to give it a try. I was a little worried that the salt would taste weird; but, this salt is really good. I can't really explain the difference, but I prefer it over regular table salt.  Hopefully it is healthier too.  Also, I should mention that the salt crystals are very fine.",
      "helpfulness": "2"
    },
    {
      "date": "October 21, 2015",
      "title": "The only salt I use",
      "score": "5.0 out of 5 stars",
      "text": "This is a very healthy salt used in moderation.  It might be more but you get what you pay for.  I've used this for years and would recommend this fully, the only place being not to use is some baking in which you need kosher.",
      "helpfulness": "2"
    },
    {
      "date": "March 31, 2011",
      "title": "A very good finishing salt",
      "score": "5.0 out of 5 stars",
      "text": "Great salt.  I wondered how you got sea salt in the Himalayas, but then I saw a TV program about how the Himalayas used to be at the bottom of an ocean.  It even showed the hosts finding a sea creature fossil in the Himalayas.  So, anyway, this is really sea salt.",
      "helpfulness": "4"
    },
    {
      "date": "January 9, 2019",
      "title": "Sticks",
      "score": "2.0 out of 5 stars",
      "text": "Good s a's lt but it sticks together makes it hard to pour.",
      "helpfulness": "0"
    },
    {
      "date": "May 28, 2013",
      "title": "Almost a miracle \"drug\"",
      "score": "5.0 out of 5 stars",
      "text": "Since I have taken sea salt faithfully daily - 1/4tsp to every 32oz of water I drink:I have not had to take any allergy pills for my seasonal allergiesLost weightDo not feel as achy at the end of the day",
      "helpfulness": "One"
    }
  ]
}