{
  "product_title": "Kona Macadamia Nut - Whole Bean Coffee - 5lb, Caffeinated",
  "byline_info": "Brand: Jeremiah's Pick Coffee",
  "product_description": "Tropical Hawaiian Kona blend coffee teams with heavenly rich Macadamias to create a nutty, lazy treat.",
  "category": [
    "Grocery & Gourmet Food",
    "Beverages",
    "Coffee",
    "Whole Coffee Beans",
    "Roasted Coffee Beans"
  ],
  "alt_images": [
    "https://m.media-amazon.com/images/I/41FjVIU9X0L.jpg"
  ],
  "product_detail": {
    "Is Discontinued By Manufacturer": "No",
    "Item Weight": "5 Pounds",
    "Manufacturer": "Jeremiah's Pick",
    "ASIN": "B0002XCIQY",
    "Units": "80.0 Fluid Ounces",
    "Best Sellers Rank": "#377,049 in Grocery & Gourmet Food (See Top 100 in Grocery & Gourmet Food) #3,831 in Roasted Coffee Beans",
    "#3,831 in Roasted Coffee Beans": "",
    "Customer Reviews": "3.5 3.5 out of 5 stars 8 ratings"
  },
  "important_information": {
    "Ingredients": "100% Arabica Coffee100% Arabica Coffee",
    "Legal Disclaimer": "Statements regarding dietary supplements have not been evaluated by the FDA and are not intended to diagnose, treat, cure, or prevent any disease or health condition.Statements regarding dietary supplements have not been evaluated by the FDA and are not intended to diagnose, treat, cure, or prevent any disease or health condition."
  },
  "rating": {
    "score": "3.5 out of 5",
    "dist": {
      "5 star": "50%",
      "4 star": "0%",
      "3 star": "13%",
      "2 star": "26%",
      "1 star": "11%"
    }
  },
  "top_comments": [
    {
      "date": "July 8, 2013",
      "title": "Kona Macadamia Nut - Whole Bean Coffee",
      "score": "5.0 out of 5 stars",
      "text": "I enjoy the mild taste this coffee gives.  The Macadamia Nut flavor is just right for my household.  I also get a fresh cup of coffee by grinding the beans.",
      "helpfulness": "0"
    },
    {
      "date": "August 2, 2017",
      "title": "tried and still looking",
      "score": "3.0 out of 5 stars",
      "text": "beans a bit dry and once brewed a little bitter, not as I expected and not like others I have had, aroma was phenomenal. just wasn't up to my expectations or liking, in a pinch for coffee it would work though.",
      "helpfulness": "0"
    },
    {
      "date": "June 13, 2014",
      "title": "Tasteless -- the 5 Star Reviews Must Have Come From the Company!",
      "score": "1.0 out of 5 stars",
      "text": "DON'T WASTE YOUR TIME OR MONEY ON THIS! Not only does it NOT taste like macadamia nuts, it pretty much has no taste at all. Very bland. I just wasted $62.43 on this, and now I'll be drinking terrible coffee for the next two months! (What a horrible, horrible fate, lol.)",
      "helpfulness": "0"
    },
    {
      "date": "November 15, 2009",
      "title": "Very good taste. Shipment was delivered fast. We'll order again",
      "score": "5.0 out of 5 stars",
      "text": "Although the order came a little later than expected, we cannot forget the order traveled half the world to reach their destination. The scent is perfect. It tastes very good, though we miss a little more flavor to macadamia. Anyway, probably we'll order again.",
      "helpfulness": "0"
    },
    {
      "date": "May 25, 2016",
      "title": "Five Stars",
      "score": "5.0 out of 5 stars",
      "text": "tasty",
      "helpfulness": "0"
    }
  ]
}