{
  "product_title": "Korean Seaweed 0.17oz5gea-4 Packs",
  "byline_info": "Brand: JN",
  "product_description": "Freshness Guaranteed Premium Seaweed Winter Harvest No Sugar No MSG No Preservatives 100% DV of Iodine Product of Korea Trans Fat 0% Cholest. 0% Jayone is committed to providing simple joys through the traditional foods we love and sharing them with the world. Take your first steps with us on our Jayone journey to pave the way for a brighter future.",
  "category": [
    "Grocery & Gourmet Food",
    "Pantry Staples",
    "Cooking & Baking",
    "Dried Seaweed & Nori"
  ],
  "alt_images": [
    "https://m.media-amazon.com/images/I/51uDkERYgcL.jpg",
    "https://m.media-amazon.com/images/I/51BUVOFJPqL.jpg",
    "https://m.media-amazon.com/images/I/31doZCtLSeL.jpg",
    "https://m.media-amazon.com/images/I/51yBFKQSWvL.jpg"
  ],
  "product_detail": {
    "Product Dimensions": "6.1 x 3.35 x 2.3 inches; 0.46 ounces",
    "Item model number": "JYF17117",
    "UPC": "678108171177",
    "Manufacturer": "Jayone Foods, Inc.",
    "ASIN": "B0007GFDP4",
    "Best Sellers Rank": "#175,662 in Grocery & Gourmet Food (See Top 100 in Grocery & Gourmet Food) #374 in Dried Seaweed & Nori",
    "#374 in Dried Seaweed & Nori": "",
    "Customer Reviews": "3.8 3.8 out of 5 stars 6 ratings"
  },
  "important_information": {
    "Ingredients": "Seaweed. non gmo com oil. non gmo expeller pressed sesame oil. non gmo expeller pressed perilla oil. salt. Contains: Sesame.Seaweed. non gmo com oil. non gmo expeller pressed sesame oil. non gmo expeller pressed perilla oil. salt. Contains: Sesame.",
    "Legal Disclaimer": "Statements regarding dietary supplements have not been evaluated by the FDA and are not intended to diagnose, treat, cure, or prevent any disease or health condition.Statements regarding dietary supplements have not been evaluated by the FDA and are not intended to diagnose, treat, cure, or prevent any disease or health condition."
  },
  "rating": {
    "score": "3.8 out of 5",
    "dist": {
      "5 star": "61%",
      "4 star": "0%",
      "3 star": "19%",
      "2 star": "0%",
      "1 star": "20%"
    }
  },
  "top_comments": [
    {
      "date": "March 22, 2013",
      "title": "Best Tasting",
      "score": "5.0 out of 5 stars",
      "text": "I love this.There are many SeeWeeds out there but nobody does it like this, it's the Best.Amazing with picked carrots or a piece on a sandwich or just by itself, just dang good.",
      "helpfulness": "2"
    },
    {
      "date": "January 14, 2018",
      "title": "The other packs were fine I ordered of this brand",
      "score": "1.0 out of 5 stars",
      "text": "This was expired dated 12-18-17 when I received it in January. The other packs were fine I ordered of this brand, but not this one.",
      "helpfulness": "0"
    },
    {
      "date": "December 30, 2015",
      "title": "Great but not for this price",
      "score": "3.0 out of 5 stars",
      "text": "I love this seaweed and eat it like a fiend, but you can buy a box of 24 for about $14 here on Amazon rather than just 4 for this crazy price.",
      "helpfulness": "0"
    },
    {
      "date": "September 6, 2018",
      "title": "Tastes good and healthy",
      "score": "5.0 out of 5 stars",
      "text": "I have never been a fan of seaweed, but this particular kind is delicious!",
      "helpfulness": "0"
    },
    {
      "date": "January 8, 2010",
      "title": "Best seaweed snack I taste",
      "score": "5.0 out of 5 stars",
      "text": "This is found common in  most chinese grocery, is made from korean not china, most other seaweed made in china has very high msg and not much of taste, but this one is different, roasted add crip refresh taste much better snack. Price not bad 3 pack for like $1.30 in most store.",
      "helpfulness": "3"
    }
  ]
}