{
  "product_title": "El Yucateco XXXtra Hot Habanero Sauce 4 oz by El Yucateco [Foods]",
  "byline_info": "Visit the El Yucateco Store",
  "product_description": "El Yucateco XXXtra Hot Kutbil-ik Mayan Style Habanero Hot Sauce is made from an 'original Mayan recipe' in Mexico, and is full of fiery habaneros. This is a serious hot sauce, often considered a 10 on a 1-10 scale by serious chili-heads.",
  "category": [
    "Grocery & Gourmet Food",
    "Pantry Staples",
    "Sauces, Gravies & Marinades",
    "Hot Sauce"
  ],
  "alt_images": [
    "https://m.media-amazon.com/images/I/41Dt1LlkE1L.jpg"
  ],
  "product_detail": {
    "Is Discontinued By Manufacturer": "No",
    "Product Dimensions": "8.66 x 5.51 x 2.36 inches; 4 ounces",
    "Department": "Latin and Mexican Food",
    "UPC": "022343160050 816493010057 767563570882",
    "Manufacturer": "El Yucateco",
    "ASIN": "B00ICT42CI",
    "Units": "4 Fluid Ounces",
    "Best Sellers Rank": "#123,430 in Grocery & Gourmet Food (See Top 100 in Grocery & Gourmet Food) #1,680 in Hot Sauce",
    "#1,680 in Hot Sauce": "",
    "Customer Reviews": "4.7 4.7 out of 5 stars 1,208 ratings"
  },
  "important_information": {
    "Ingredients": "Ingredients: Habanero Pepper, Vinegar, Tomato, Salt, Spices, and 0.1 percent of Sodium Benzoate as preservative.Ingredients: Habanero Pepper, Vinegar, Tomato, Salt, Spices, and 0.1 percent of Sodium Benzoate as preservative.",
    "Legal Disclaimer": "Statements regarding dietary supplements have not been evaluated by the FDA and are not intended to diagnose, treat, cure, or prevent any disease or health condition.Statements regarding dietary supplements have not been evaluated by the FDA and are not intended to diagnose, treat, cure, or prevent any disease or health condition."
  },
  "rating": {
    "score": "4.7 out of 5",
    "dist": {
      "5 star": "87%",
      "4 star": "7%",
      "3 star": "2%",
      "2 star": "1%",
      "1 star": "3%"
    }
  },
  "top_comments": [
    {
      "date": "June 13, 2025",
      "title": "Great hot sauce",
      "score": "5.0 out of 5 stars",
      "text": "The best out there, great flavor and heat!Tacos or ?",
      "helpfulness": "0"
    },
    {
      "date": "June 24, 2025",
      "title": "One of the best out there",
      "score": "5.0 out of 5 stars",
      "text": "This hot sauce is absolutely amazing.  Decent kick to it without being overbearing hot and the flavor itself is out of this world.  The bottle is sturdy and a good size for the price.  I also enjoy how cheap it is and as a result always keep it stocked.",
      "helpfulness": "0"
    },
    {
      "date": "April 14, 2025",
      "title": "Very spicy good flavor",
      "score": "5.0 out of 5 stars",
      "text": "Very good 👍 spicy",
      "helpfulness": "0"
    },
    {
      "date": "July 10, 2023",
      "title": "Habaneros for the Win",
      "score": "5.0 out of 5 stars",
      "text": "El Yucateco XXXTRA HOT CHILE HABANERO SAUCE. Excellent heat and quite tasty. In my opinion, this is the best habanero sauce on the market. El Yucateco makes other habanero varieties, but this is the best. Buy the variety pack and take the challenge. Me? I picked up 2 6-packs of XXXTRA HOT.So, this is kind of a readily available hot sauce. I can pick it up for about $2.62 per 4 oz. bottle at Wal-Mart, which is a great price. Usually it sells out pretty quick. When it doesn't sell out, maybe I can pick up 1 or 2 bottles. Which isn't enough. For me, anyway.I bought two of the 6-packs for under $40, delivered. About $3.33 per bottle. Worth it to you? Only you can make that call. I made the decision to go for it and I'm happy. I've got 12 bottles (well, 11 now) on the shelf and I love it. But then, I might be a little strange. . .",
      "helpfulness": "2"
    },
    {
      "date": "September 17, 2024",
      "title": "Very, Very Tasty!!",
      "score": "5.0 out of 5 stars",
      "text": "I have bought and tried many bottles of salsa. To my taste, most are just hot with too much vinegar, and not all that flavorful. This one is plenty hot, but it also has exceptionally good taste. Far better than any other I’ve tried.",
      "helpfulness": "3"
    },
    {
      "date": "May 24, 2025",
      "title": "All good",
      "score": "5.0 out of 5 stars",
      "text": "All good.  Fair price!",
      "helpfulness": "0"
    },
    {
      "date": "January 3, 2021",
      "title": "Ok this is going into my arsenal of daily use hot sauces",
      "score": "5.0 out of 5 stars",
      "text": "Here's what you need to know: if you like the kick of habanero but don't necessarily love the flavor of habanero (like me), this is a good sauce for you. I love all kinds of hot sauces but plain habanero has always struck me as tasting off, almost like its stale right out the gate, it just has an \"old\" flavor that I don't particularly enjoy. But I do like the kick of the habanero so I've been known to use it from time to time. What struck me as interesting about this sauce is even though it is habanero based, it's one of the lesser habanero tasting ones I've come across. It's still there, but it's more balanced than most sauces. You get a little flavor and a lot of heat. This one kicks you quickly in the throat, there's no lead-in, it's a pretty instant hot.",
      "helpfulness": "One"
    },
    {
      "date": "May 21, 2010",
      "title": "A solid choice for hot sauce",
      "score": "4.0 out of 5 stars",
      "text": "El Yucateco (\"one from the Yucatán\") is a powerful hot sauce. After traveling extensively in the south of México, I had a hankering for the heat and tastes of the foods typical of that area. I was pleasantly surprised when I tried this. There is a good deal of heat, not overpowering, and not to the detriment of the taste of the sauce.As far as characterizing the taste, I would describe it as very \"earthy\". You definitely can detect the habanero, but there is a complex multitude of other spices that come out after the initial heat subsides. Other sauces this hot I find sacrifice unique taste for heat. A good sign is that if this sauce was not spicy, I would still use it.I am not a very technical cook, so I cannot honestly tell you what dishes this sauce is most appropriate for. I can tell you however that it enhanced every dish I used it on, from adding heat to burritos, to making some plain rice more interesting.I would advise those sensitive to hot sauces to first test this on a toothpick. Also when cooking with it, make sure to pour the sauce into a spoon first, because a little bit of this sauce goes a long way, and the heat does take a minute or two to start to dissipate, you wouldn't want to ruin an entire dish by adding too much heat. I would most definitely buy this sauce again!",
      "helpfulness": "13"
    }
  ]
}