{
  "product_title": "Arrowhead Mills Organic Puffed Rice Cereal, 6 oz Bag (Pack of 6)",
  "byline_info": "Visit the Arrowhead Mills Store",
  "product_description": "Start your morning with the wholesome nutrition and flavor of Arrowhead Mills Puffed Rice Cereal. Made with puffed whole grain brown rice, our cereal is low in fat and has no added salt or sugar. With 17 grams of whole grains and only 60 calories per serving, you can feel good about giving our puffed rice cereal to your family. It is also Certified Kosher and has no trans fat. Simply serve with a splash of milk or enjoy on its own as a crunchy snack. Includes twelve 6 oz. bags of Puffed Rice Cereal. Arrowhead Mills brand was born in the Texas Panhandle back in 1960. We’ve grown, but we haven’t changed how we do things. We’re still using our same trusted milling process and building long-term relationships with our organic growers, working with them face-to-face, day-to-day. Hard work, honesty, kindness, and business with a handshake – that’s our process. That’s the Arrowhead way. It’s how we bring the awesome goodness of the land to your table, and we’re real proud of it.",
  "category": [
    "Grocery & Gourmet Food",
    "Breakfast Cereal",
    "Cold Cereal"
  ],
  "alt_images": [
    "https://m.media-amazon.com/images/I/410944Oo7KL.jpg",
    "https://m.media-amazon.com/images/I/410Byjsy0ML.jpg",
    "https://m.media-amazon.com/images/I/41p95NIyCqL.jpg",
    "https://m.media-amazon.com/images/I/41QNcqnihiL.jpg"
  ],
  "product_detail": {
    "Is Discontinued By Manufacturer": "No",
    "Product Dimensions": "5 x 16 x 13 inches; 2.67 Pounds",
    "Item model number": "47429",
    "Department": "Unisex-Adult",
    "UPC": "885150187562 074333474296 778554062996 030684982330",
    "Manufacturer": "Arrowhead Mills",
    "ASIN": "B000EVQ0NQ",
    "Units": "36.0 Ounce",
    "Best Sellers Rank": "#20,085 in Grocery & Gourmet Food (See Top 100 in Grocery & Gourmet Food) #238 in Cold Cereal",
    "#238 in Cold Cereal": "",
    "Customer Reviews": "4.3 4.3 out of 5 stars 4,270 ratings"
  },
  "important_information": {
    "Legal Disclaimer": "Statements regarding dietary supplements have not been evaluated by the FDA and are not intended to diagnose, treat, cure, or prevent any disease or health condition.Statements regarding dietary supplements have not been evaluated by the FDA and are not intended to diagnose, treat, cure, or prevent any disease or health condition."
  },
  "rating": {
    "score": "4.3 out of 5",
    "dist": {
      "5 star": "70%",
      "4 star": "12%",
      "3 star": "7%",
      "2 star": "4%",
      "1 star": "7%"
    }
  },
  "top_comments": [
    {
      "date": "July 18, 2020",
      "title": "GREAT ADDITION FOR OUR DOG DIEGO!",
      "score": "5.0 out of 5 stars",
      "text": "ARROWHEAD MILLS PUFFED RICE CEREALWe rescued a Pit Bull mix from Hurricane Maria...DIEGO!  He is the best dog who has ever owned us....he is gentle, loving, sweet, funny, quiet, and THE happiest dog in the world.  He has been through a lot -- he was in PR before, during, and after Hurricane Maria, got on a rescue jet and flew to New Jersey and finally ended up in Ohio where we met him and added him to our home when he was only six months.  Now he is three and everybody LOVES Diego.He is small and we try to control his weight.  He LOVES to eat and has a deep focus on food.  Our vet suggested giving him a one-half cup of puffed rice cereal mixed in with his kibble so he doesn't gain weight.  He has to keep his manly figure!  This satisfies his hunger while not adding weight and bulk to his physique.  And...he loves it!  He gets so excited when I get out the bag of puffed rice.NUTRITIONAL INFOFat - 0gCholesterol - 0mgSodium - 0mgCarbs - 14gYou will receive 12 packages that are six ounces each.  This is made with whole grain brown rice.  It is low fat, no salt, no sugar.  Also it is certified Kosher.Arrowhead Mills has been around forever, starting in Texas in 1960.  They know what they are doing!This is also a nice way to start YOUR day....a hot cup of coffee, some toast with strawberry jam, and a bowl of ARROWHEAD MILLS puffed rice.Just ask Diego -- this stuff is good!",
      "helpfulness": "6"
    },
    {
      "date": "August 2, 2018",
      "title": "Great alternative to baby \"puffs\"",
      "score": "5.0 out of 5 stars",
      "text": "My husband said these taste like stale rice crispies, but I LOVE them for why I bought them.My son is 6 months old and his doctor said to start him on pick up foods so he can start working on those motor skills. The Go-To food for this are the \"puffs\" made by all the popular baby food companies, but ALL of them (even the organic heath nut ones) have added sugar. I'm trying to avoid my son having any added sugar until it's unavoidable because I don't want him to be a picky eater.Anyway, long story shot, I found a blog that suggested these, and when I saw that the ONLY ingredient was brown rice, I decided to give them a try. Almost $7 is a ridiculous price to pay for cereal, and if it was for me, I would pass. But to split up into little baggies for my infant, these will definitely stretch far!As for the taste, I think they taste fine, and so does my 6 month old. I've also read that you can coat them in yogurt, nut butter, fruit puree, etc. to give them a bit more flavor. But for right now, my son enjoys attempting to get these little suckers into his mouth (we sprinkle them on his high chair during meal times).",
      "helpfulness": "24"
    },
    {
      "date": "August 25, 2008",
      "title": "I would rate this 50 Stars",
      "score": "5.0 out of 5 stars",
      "text": "As someone who is sensitive to chemicals in foods, I was very upset when Malt O Meal who mass produced Puffed Wheat stopped. The only other product available to me was Quaker, but that had BHT preservatives in it which set off allergic reactions.Being desperated I tried Arrowhead Mills product and was so grateful it is just puffed wheat without anything else.For people who have eaten enough puffed cereals, they will know that some taste burnt and some are light puffed. This comes from a process where one company explodes the grain in puffing by heating the grain which toasts it and another more modern method which uses steam pressure.It is either the heat or steam pressure which when released which causes the grain to \"puff\".Arrowhead Mills is the toasted type and it is very good. It also unlike the steam pressure or the old Malt O Meal type not as perfected in that it is a bit more crunchy like the original puffed wheat of a century ago.For those with allergies, I believe the toasting makes the product less inflamatory to the body in \"killing\" the oils, germ and hull which affect many people.The bags are small, but surprisingly one can get around 7 bowls of cereal out of them.The puffed wheat is though like all puffed wheat in softening readily in milk, but as stated the packages I have the puffed wheat has a bit more texture like original puffed wheat.I was quite pleased with this product and hope to have it stocked locally. It was good enough for me to even consider purchasing puffed millet in the future.I hope this helps people in their decisions. God bless.",
      "helpfulness": "23"
    },
    {
      "date": "February 18, 2025",
      "title": "Healthy cereal option",
      "score": "4.0 out of 5 stars",
      "text": "I like this a lot. Eating less foods with lectin and thought it would be a good choice. I eat it with unsweetened almond milk with a little maple syrup",
      "helpfulness": "One"
    },
    {
      "date": "May 14, 2025",
      "title": "Tasty and healthy",
      "score": "5.0 out of 5 stars",
      "text": "This has a good taste and it’s healthy! No sugar or additives.",
      "helpfulness": "0"
    }
  ]
}