{
  "product_title": "Nature's Path Organic Granola Bars, Lotta Apricot, 5-Count Bars (Pack of 6)",
  "byline_info": "Visit the Nature's Path Store",
  "product_description": "Product Description   Real, organic ripe apricots, roasted chopped almonds and just the right amount of creamy yogurt make this bar yummy, fresh and fruity. This is our new staff favorite! And… All our bars now come in the EnviroBox, which is 36% smaller box than a standard 6.2 ounce box.   About the Brand   In 1971, Arran Stephens and a business partner opened Canada's first large organic supermarket, LifeStream. Founded on the ideal of serving delicious, wholesome foods grown and processed in harmony with nature, the store soon expanded into milling, baking, making muesli, granolas, alfalfa sprouts, nut butters, energy bars, and wholesale distribution. Within a few years, the LifeStream line had grown to include a wide range of products, including both natural and organic whole grain foods and soy-based vegetarian entrees. The company even published its own vegetarian cookbook, which sold over 125,000 copies. Annual sales at LifeStream reached $9 million, making the line one of Canadas leading natural food brands at the time. LifeStream sales continued to grow to $12 million, but an awkward partnership led to the sale of the company in 1981. It eventually was acquired by Kraft/Phillip Morris. Then in 1985, Arran and his wife, Ratana, started a new venture christened Natures Path, from the back of their natural foods restaurant. The companys first product, Sprouted Organic Manna Bread, debuted at the Natural Products Expo in Anaheim, Calif. Organic Multigrain, Multigrain & Raisin, and Millet Rice Flakes were the very first Natures Path cereals and remain as popular as ever. By 1989, building on the success of its cereals, the company had grown 800%. To meet demand, acreage was bought and a 54,000 square foot organic processing plant was built in Delta, British Columbia, Canada. This was the first third-party certified organic cereal plant in the world. Later, ten years after starting Nature's Path, the Stephens family purchased back LifeStream from Kraft. Since, the company has continue to expand its facilities and the brands and products it offers--adding waffles, additional cereals, granola and energy bars, flaxseed meal, baking mixes, and more.",
  "category": [
    "Grocery & Gourmet Food",
    "Snacks & Sweets",
    "Snack Foods",
    "Bars",
    "Granola"
  ],
  "alt_images": [
    "https://m.media-amazon.com/images/I/51T8K57537L.jpg"
  ],
  "product_detail": {
    "Package Dimensions": "12.5 x 6 x 5.8 inches; 3.3 Pounds",
    "Item model number": "89103",
    "UPC": "058449891031",
    "Manufacturer": "Nature's Path",
    "ASIN": "B000E4ALH4",
    "Units": "30 Count",
    "Customer Reviews": "3.0 3.0 out of 5 stars 14 ratings"
  },
  "important_information": {
    "Safety Information": "Produced in a facility that uses peanuts, tree nuts and soy.Produced in a facility that uses peanuts, tree nuts and soy.",
    "Ingredients": "Granola* (rolled oats*, evaporated cane juice*, soy oil*), tapioca syrup*, dried apricot* (apricots*, rice flour*), almonds*, brown rice flour*, yogurt icing* [evaporated cane juice*, palm kernel oil* and/or cocoa butter*, cultured buttermilk powder* (skim milk*, starter culture), cultured non-fat dried milk* (skim milk*, starter culture), natural flavor, soy lecithin*, sea salt, citric acid, tapioca starch*], invert cane syrup*, dried coconut*, acacia gum*, soy oil*, sea salt, evaporated cane juice*, natural flavor, molasses*, citric acid. *Organic. Contains dairy, soy and tree nuts.Granola* (rolled oats*, evaporated cane juice*, soy oil*), tapioca syrup*, dried apricot* (apricots*, rice flour*), almonds*, brown rice flour*, yogurt icing* [evaporated cane juice*, palm kernel oil* and/or cocoa butter*, cultured buttermilk powder* (skim milk*, starter culture), cultured non-fat dried milk* (skim milk*, starter culture), natural flavor, soy lecithin*, sea salt, citric acid, tapioca starch*], invert cane syrup*, dried coconut*, acacia gum*, soy oil*, sea salt, evaporated cane juice*, natural flavor, molasses*, citric acid. *Organic. Contains dairy, soy and tree nuts.",
    "Legal Disclaimer": "Statements regarding dietary supplements have not been evaluated by the FDA and are not intended to diagnose, treat, cure, or prevent any disease or health condition.Statements regarding dietary supplements have not been evaluated by the FDA and are not intended to diagnose, treat, cure, or prevent any disease or health condition."
  },
  "rating": {
    "score": "3 out of 5",
    "dist": {
      "5 star": "27%",
      "4 star": "13%",
      "3 star": "12%",
      "2 star": "36%",
      "1 star": "12%"
    }
  },
  "top_comments": [
    {
      "date": "August 15, 2006",
      "title": "Coconut???",
      "score": "1.0 out of 5 stars",
      "text": "Why did they have to add coconut to these snack bars?  They would have been great without the coconut.  And now I find out I can't return them, and I'm stuck with them.  If you want them, let me know - I'll trade you for some decent granola bars.",
      "helpfulness": "4"
    },
    {
      "date": "March 21, 2009",
      "title": "Great deal but a little stale",
      "score": "2.0 out of 5 stars",
      "text": "I bought these bars to keep me from eating things that are worse for me. The price was outstanding... The bars were a little stale. Some boxes more than others. I will tolerate almost anything that won't kill me... so I ate them anyway. But it was definitely noticeable that they weren't fresh as the morning dew.",
      "helpfulness": "0"
    },
    {
      "date": "April 1, 2008",
      "title": "good but not great",
      "score": "3.0 out of 5 stars",
      "text": "These are good bars, but I prefer the cranberry ginger combination more.  The real problem with Nature's Path granola bars is that the quality is inconsistent.  At the top of their game, these bars are healthy, nutritious snacks; lately, though, I have purchased several boxes in which the bars were stale and dry, not moist or chewy at all.  This is the reason that, although I like these bars, I cannot in good faith recommend them.",
      "helpfulness": "6"
    },
    {
      "date": "September 1, 2008",
      "title": "Quick snack on the go...",
      "score": "4.0 out of 5 stars",
      "text": "This is a substantial size granola bar.  I enjoy the taste and the moist, chewy quality of this bar.  These are handy to have on the go and in the car for a quick snack between meals.",
      "helpfulness": "0"
    },
    {
      "date": "March 13, 2007",
      "title": "Simply Delicious!",
      "score": "5.0 out of 5 stars",
      "text": "I am deployed to Iraq, so I needed some healthy snacks I could take with me, that were semi-perishable.  I ordered these bars and couldn't be happier!  They are soft, chewy and taste great!  The fact that they are organic and made from whole grains and other wholesome ingredients is a big plus.  These are a good substitute for a dessert, especially when you are craving something sweet and chewy.  The only negitive for me was that Amazon will not ship to APO addresses, so I had to ship these to my parents first, for them to ship them to me.",
      "helpfulness": "One"
    },
    {
      "date": "January 7, 2015",
      "title": "Two Stars",
      "score": "2.0 out of 5 stars",
      "text": "little dry for me...",
      "helpfulness": "0"
    },
    {
      "date": "March 21, 2013",
      "title": "Cant Get Enuf",
      "score": "5.0 out of 5 stars",
      "text": "These are fanastic! Very healthy,no GMOs and delicious! I am hooked and can not get enuf!!!! Just make sure you order plenty because they go fast.",
      "helpfulness": "0"
    },
    {
      "date": "May 6, 2010",
      "title": "YUM!",
      "score": "5.0 out of 5 stars",
      "text": "These are SO delicious and healthy too.  Great combo.  I highly recommend them.",
      "helpfulness": "0"
    }
  ]
}