{
  "product_title": "Carob Chips, Sugar Sweetened, 1 lb.",
  "byline_info": "Brand: Barry Farm",
  "product_description": "Carob Chips, Sugar Sweetened, 1 lb.",
  "category": [
    "Grocery & Gourmet Food",
    "Pantry Staples",
    "Cooking & Baking"
  ],
  "alt_images": [
    "https://m.media-amazon.com/images/I/51AgLJ30bTL.jpg"
  ],
  "product_detail": {
    "Is Discontinued By Manufacturer": "No",
    "Package Dimensions": "6 x 4.2 x 1.8 inches; 13.6 ounces",
    "UPC": "050647100762",
    "Manufacturer": "Barry Farm",
    "ASIN": "B0001CXUE0",
    "Units": "16.0 Ounce",
    "Customer Reviews": "4.1 4.1 out of 5 stars 77 ratings"
  },
  "important_information": {
    "Legal Disclaimer": "Statements regarding dietary supplements have not been evaluated by the FDA and are not intended to diagnose, treat, cure, or prevent any disease or health condition.Statements regarding dietary supplements have not been evaluated by the FDA and are not intended to diagnose, treat, cure, or prevent any disease or health condition."
  },
  "rating": {
    "score": "4.1 out of 5",
    "dist": {
      "5 star": "59%",
      "4 star": "16%",
      "3 star": "11%",
      "2 star": "7%",
      "1 star": "7%"
    }
  },
  "top_comments": [
    {
      "date": "January 11, 2019",
      "title": "Great chocolate replacement!",
      "score": "5.0 out of 5 stars",
      "text": "These were perfect for our dessert recipes!  I've also eaten a few straight from the bag, and they're not bad at all!  I mix them with peanut butter and melt slowly in the microwave, then mix with rice krispy cereal and they make great dessert bars!  Also I've blended peanut butter, maple syrup and coconut flour, pat that into a pan, then pour over it a mix of peanut butter and melted carob for a great layered dessert bar!  I also sometimes add some flax meal for a nutritional boost.",
      "helpfulness": "2"
    },
    {
      "date": "August 18, 2015",
      "title": "If My Dogs Like It, It's Good enough for me.",
      "score": "5.0 out of 5 stars",
      "text": "I actually bought these because I like to make Popsicle treats for my dogs on real hot days. They love them. As you know, you should never feed your dog chocolate because it's bad for them. So when a recipe calls for chocolate chips I use these. I must say though I did try a handful before I gave them to my dogs and I could hardly tell the difference between these and real chocolate chips. In fact when I bake my Christmas cookies this year, I will be using these instead of the real thing. These are much better for you and the taste is a bonus.",
      "helpfulness": "One"
    },
    {
      "date": "January 30, 2014",
      "title": "Pretty yummy",
      "score": "4.0 out of 5 stars",
      "text": "These are pretty yummy. I have been using carob since I was a kid. The carob chips are harder to find. I like these they are a tad waxy but they are tasty!",
      "helpfulness": "0"
    },
    {
      "date": "March 21, 2021",
      "title": "Carob Chips - Sweetened",
      "score": "5.0 out of 5 stars",
      "text": "Years ago, I ate carob in different formats a lot... probably too much.  Just happened to think about carob the other night, Amazon carried them and decided to purchase some.  I chose a couple of brands and thus far not disappointed in the least.  If you are looking for SWEET - Carob chips, go for these.  You will be satisfied.",
      "helpfulness": "0"
    },
    {
      "date": "April 2, 2022",
      "title": "Too waxy",
      "score": "3.0 out of 5 stars",
      "text": "Carob chips were pretty waxy tasting",
      "helpfulness": "0"
    },
    {
      "date": "March 27, 2014",
      "title": "Not a good chocolate replacement",
      "score": "1.0 out of 5 stars",
      "text": "I thought I would try these to help me replace my craving for chocolate.  Guess you have to have a taste for carob because I didn't care for the taste.  However the packaging was great & no melt down on delivery.  But I wouldn't recommend anyone ordering in the hot summer because I'm sure it would have been a mess upon delivery in my mail box.",
      "helpfulness": "3"
    },
    {
      "date": "February 17, 2012",
      "title": "maybe alright for baking but must have high trans fat content",
      "score": "2.0 out of 5 stars",
      "text": "I ordered this product in hope of obtaining a good chocolate substitute for my toddler to snack on. Unfortunately, beside a lot of sugar these chips are loaded with saturated fats - almost certainly with plenty of trans fats since the oils are listed as being partially-hydrogenated [trans fat content not described on label]. Taste-wise these chips are too sweet for my liking but at least have the basic carob flavor that I remember from chips available in the stores back in the 80s and 90s - albeit a purer carob with less fat content would be most welcomed.",
      "helpfulness": "6"
    },
    {
      "date": "July 9, 2013",
      "title": "Perfect chocolate substitute",
      "score": "5.0 out of 5 stars",
      "text": "We bought these chips to make chocolate cream cheese frosting to frost the peanut butter carrot cake we made for our puppy's 1st birthday (yes, he's spoiled). They were perfect for what we needed them for, but beware if you buy during hot months - they most likely WILL MELT. This wasn't a problem for us because we could just carve chunks off to put in the double boiler, but if you want to use them in chip form, try ordering from their website where you can purchase a bag of ice to ship with the chips.",
      "helpfulness": "6"
    }
  ]
}