{
  "product_title": "Three Dog Bakery Vanilla Woofer Cookies, Baked Dog Treats, 14-Ounce",
  "byline_info": "Visit the Three Dog Bakery Store",
  "product_description": "Three Dog Bakery Vanilla Woofers Cookies are vanilla flavored premium dog cookies that your dog will love and you can trust. Woofers are gently baked to a crunchy and sweet finish and are the perfect way to love your dog back. Three Dog Bakery Peanut Woofer Cookies are baked with natural ingredients. These oven baked treats for dogs have no added salt, refined sugar, artificial flavors, colors or preservatives. We use only wholesome, close to the earth ingredients that you can understand and feel good about feeding your dogs. Our products are oven baked slowly to release the ingredients' natural flavors and aromas and to work with your dog's digestive system as nature intended. The exceptional quality of our ingredients creates highly nutritious and palatable products. At Three Dog Bakery our commitment to Ultra Premium Food is founded in our concern for our four-legged friends who love us and trust us to take good care of them. We bake love into every bite.",
  "category": [
    "Home & Kitchen",
    "Kitchen & Dining"
  ],
  "alt_images": [
    "https://m.media-amazon.com/images/I/51OcXYD+QnL.jpg"
  ],
  "product_detail": {
    "Is Discontinued By Manufacturer": "No",
    "Product Dimensions": "2 x 6.3 x 7.5 inches; 12.96 ounces",
    "Item model number": "114117",
    "Date First Available": "July 26, 2007",
    "Manufacturer": "Three Dog Bakery",
    "ASIN": "B00065ELCM",
    "Customer Reviews": "5.0 5.0 out of 5 stars 8 ratings"
  },
  "important_information": {},
  "rating": {
    "score": "5 out of 5",
    "dist": {
      "5 star": "100%",
      "4 star": "0%",
      "3 star": "0%",
      "2 star": "0%",
      "1 star": "0%"
    }
  },
  "top_comments": [
    {
      "date": "June 8, 2012",
      "title": "Gooooood Eatin'",
      "score": "5.0 out of 5 stars",
      "text": "My two doggies always love anything Three Dog Bakery makes. The cookies come in airtight packaging which keeps them fresh until opened. All of the cookies are usually whole and not broken.  I like to give my kids their cookies outside so if they don't get to them fast enough the little sparrows will surely beat them to it. I must say that they look good enough for humans to eat.",
      "helpfulness": "One"
    },
    {
      "date": "June 4, 2006",
      "title": "My dog can't get enough!",
      "score": "5.0 out of 5 stars",
      "text": "I stumbled on Three Dog Bakery's Vanilla Woofers at Target about five years ago, and have been buying them ever since.  For some reason, Target stopped carrying them, but I still order online because my Dog LOVES these things...Especially the vanilla and peanut woofers.  I have yet to try them all, but they are always fresh and last quite a while.  I was not disappointed and you will not be either. I also love that they support the Gracie Foundation!",
      "helpfulness": "3"
    },
    {
      "date": "April 24, 2012",
      "title": "GRRRRRREAT!",
      "score": "5.0 out of 5 stars",
      "text": "ARF ARF ARFARF, arf arf, pant, pant, pant, wag, wag. Arf Arf ARF! Bark, Bark, ruff. Whine, Whine, Drooooool.SLURP !",
      "helpfulness": "0"
    },
    {
      "date": "January 20, 2012",
      "title": "Only the best for my girl - and these ARE the BEST!",
      "score": "5.0 out of 5 stars",
      "text": "If you're a pet parent who loves giving your dog a delicious and good for you treat, look no further than the treats from Three Dog Bakery. Not only are these cookies free of all of the refined sugar and high fructose corn syrup, chemicals, artificial this-and-that, by-products and animal parts found in the majority of supermarket and chain pet store dog treats - they are over the top YUMMY!My only objection is the use of canola oil - I would MUCH rather see them use coconut oil!I taste everything I feed my dog (weird, but true) and these vanilla cookies actually taste like people snacks!",
      "helpfulness": "One"
    },
    {
      "date": "August 5, 2011",
      "title": "Roh so rummy",
      "score": "5.0 out of 5 stars",
      "text": "The price seemed high for these, but once I smelled one and had my first bite, I was hooked. These things really do look and smell like something the humans eat and I think that's what my man-boss likes about them. No matter, after he saw me scarf them down and eat all the crumbs from the floor, he knew I liked them. He's been buying them for me ever since. Ask your human to buy them for you. Uh-oh, gotta go - he doesn't like me on his computer. - Earl T. Dog",
      "helpfulness": "One"
    },
    {
      "date": "March 17, 2007",
      "title": "Love these cookies!",
      "score": "5.0 out of 5 stars",
      "text": "Our Aussie thinks it's cool that \"Gracie\" is one of the bakery founders because her name is Gracie too. I used to work for a company based out of Lenexa, KS and found these cookies in a local grocery store.  Every time we would go to Kansas (from Texas), we'd stand at the grocery store check out with about $100.00 worth of cookies.  The locals thought we were nuts.  We don't get to Kansas anymore but love it that Gracie's cookies are available through Amazon.  They're excellent cookies and we don't give her any other kind.  Now we have our son's baby great dane hooked on them too!  You will not be disappointed with Three Dog Bakery Cookies. Our Gracie also loves the sandwich kind.",
      "helpfulness": "2"
    },
    {
      "date": "May 14, 2012",
      "title": "My dogs love these",
      "score": "5.0 out of 5 stars",
      "text": "The Woofer cookies use just a few ingredients and not chemicals I've never heard of before.  My dogs love the apple - oatmeal and the molasses cookies.  I love the cookies because the ingredients are familiar and natural.",
      "helpfulness": "One"
    },
    {
      "date": "March 10, 2006",
      "title": "The SMELL and TEXTURE drive my dogs CRAZY!",
      "score": "5.0 out of 5 stars",
      "text": "These cookies look just like vanilla wafers only thicker and softer.  The Vanilla flavor smells just like vanilla and drives my dogs crazy.  As soon as I open up the jar, they come running.  And they are much softer than any dog biscuits I have ever fed them.  They are easy for any dog to eat, especially older dogs, little dogs or my Shar-Peis that have a lot of extra skin, especially around the mouth.  It is their favorite breakfast treat, afternoon snack or after dinner desert.Made from all human quality ingredients, just like I would have baked if I had the time, I know I am giving my dog a healthy and satisfying treat.  Just like all Three Dog Bakery products!",
      "helpfulness": "2"
    }
  ]
}