{
  "product_title": "Suzie's Spelt Multi-seed Flatbread Crackers| Pack of 12 | Low-Fat & Vegan, Kosher, Whoelgrain | Healthy Snack Option | 4.6 oz each",
  "byline_info": "Visit the SUZIE'S Store",
  "product_description": "",
  "category": [
    "Grocery & Gourmet Food",
    "Snacks & Sweets",
    "Snack Foods",
    "Crackers",
    "Flatbread"
  ],
  "alt_images": [
    "https://m.media-amazon.com/images/I/412bJhdYRML.jpg",
    "https://m.media-amazon.com/images/I/511JNg8ucJL.jpg",
    "https://m.media-amazon.com/images/I/51kN5AqIpOL.jpg",
    "https://m.media-amazon.com/images/I/41fjhCI2VmL.jpg",
    "https://m.media-amazon.com/images/I/51VDJmRzNHL.jpg",
    "https://m.media-amazon.com/images/I/71Mtq5NF0ZL.jpg"
  ],
  "product_detail": {
    "Is Discontinued By Manufacturer": "No",
    "Package Dimensions": "12.4 x 9.9 x 7.7 inches; 1.1 Pounds",
    "Item model number": "530B",
    "Department": "Grocery",
    "UPC": "022929515304",
    "Manufacturer": "SUZIE'S",
    "ASIN": "B000FDKUWU",
    "Units": "72.0 Ounce",
    "Best Sellers Rank": "#273,037 in Grocery & Gourmet Food (See Top 100 in Grocery & Gourmet Food) #631 in Flatbread Crackers",
    "#631 in Flatbread Crackers": "",
    "Customer Reviews": "4.2 4.2 out of 5 stars 63 ratings"
  },
  "important_information": {
    "Ingredients": "Spelt wheat flour, expeller pressed soybean oil, malt, salt, yeast, sesame seeds, poppy seeds, garlic, caraway seeds, dehydrated onion flakesSpelt wheat flour, expeller pressed soybean oil, malt, salt, yeast, sesame seeds, poppy seeds, garlic, caraway seeds, dehydrated onion flakes",
    "Directions": "Serve with soups, salads, dips, and spreads. Enjoy as a snack.Serve with soups, salads, dips, and spreads. Enjoy as a snack.",
    "Legal Disclaimer": "Statements regarding dietary supplements have not been evaluated by the FDA and are not intended to diagnose, treat, cure, or prevent any disease or health condition.Statements regarding dietary supplements have not been evaluated by the FDA and are not intended to diagnose, treat, cure, or prevent any disease or health condition."
  },
  "rating": {
    "score": "4.2 out of 5",
    "dist": {
      "5 star": "66%",
      "4 star": "11%",
      "3 star": "9%",
      "2 star": "6%",
      "1 star": "8%"
    }
  },
  "top_comments": [
    {
      "date": "October 7, 2013",
      "title": "UNBELIEVABLY GOOD!",
      "score": "5.0 out of 5 stars",
      "text": "These flatbread crackers are so good, I am buying another case of 12 so I don't run out!  I have been searching the organic/natural foods section of every grocery store near my home, and nothing I have tried is even close to how good these crackers are.  They are healthy (whole grain, no trans fat) and light (only 70 caloies for three!) and have just the right amount of rosemary -- flavorful without being overpowering. Not too salty either. The price is right too, $30 for 12 is only $2.50 each -- and with Prime, no shipping! Similar flatbread crackers from the grocery store organic section are more like $3.59 each.",
      "helpfulness": "0"
    },
    {
      "date": "March 9, 2025",
      "title": "Good fried",
      "score": "5.0 out of 5 stars",
      "text": "Good quality",
      "helpfulness": "0"
    },
    {
      "date": "December 5, 2012",
      "title": "Really, really good",
      "score": "5.0 out of 5 stars",
      "text": "These crackers are really, really good.  They are perfect thickness for a slice of cheese, or just eating, they're healthy and delicious.  I like that they use Kamut flour, which is a healthier, non-GMO wheat.  The rosemary seasoning is perfect, not too much, not too little.  These are our current favorites, and even my husband likes them, and he doesn't like anything \"healthy\".",
      "helpfulness": "2"
    },
    {
      "date": "June 16, 2013",
      "title": "SUZIE'S FLATBREAD",
      "score": "4.0 out of 5 stars",
      "text": "PRETTY TASTY.  IT TASTED QUITE FRESH AND A GOOD AMOUNT OF THE SESAME SEEDS MANAGEDTO STAY ON THE CRACKER.  BETTER THAN AVERAGE BUT NOT SCREAMING DELICIOUS.  I ALSO LIKEDTHE CORN THINS THAT SUZIE MAKES......AND ABOUT AS LO-CAL AS YOU COULD GET.",
      "helpfulness": "0"
    },
    {
      "date": "June 10, 2013",
      "title": "Very tasty ... BUT also very brittle",
      "score": "3.0 out of 5 stars",
      "text": "These crackers are very tasty, but they are very large (they are the full length of the box) and when you bite them, they tend to shatter.  So, in many uses, these crackers are just hard to handle because they fall apart when bitten.  If they were a smaller size (like saltines) or slightly less brittle, they would be easier to use with toppings.",
      "helpfulness": "One"
    },
    {
      "date": "July 26, 2025",
      "title": "Good quality for the price !!",
      "score": "5.0 out of 5 stars",
      "text": "We love this crackers second time ordering, great price !!",
      "helpfulness": "0"
    },
    {
      "date": "July 17, 2021",
      "title": "Buyer beware- received rancid crackers",
      "score": "1.0 out of 5 stars",
      "text": "Crackers are rancid. I’ve bought this item several times, the last shipment I ordered 12 boxes, when I received the crackers they smelled and tasted spoiled. This item can’t be returned, waste of $50 and bad company policy.",
      "helpfulness": "One"
    },
    {
      "date": "January 16, 2013",
      "title": "great tasting italian cracker",
      "score": "5.0 out of 5 stars",
      "text": "i really liked these even though they are  thinner than i expected more cracker than bread. they also could have had a stronger flavor for me but even so i liked them as they are enough to say get them. tasty,low calorie and healthy makes the grade for me.",
      "helpfulness": "3"
    }
  ]
}