{
  "product_title": "Dr. McDougall's Black Bean and Lime Soup - Gluten Free and Vegan Instant Soup - Vegetarian Soup - 3.4 Ounce Cups - Pack of 6",
  "byline_info": "Visit the Dr. McDougall's Right Foods Store",
  "product_description": "",
  "category": [
    "Grocery & Gourmet Food",
    "Pantry Staples",
    "Soups, Stocks & Broths",
    "Noodle Soups"
  ],
  "alt_images": [
    "https://m.media-amazon.com/images/I/41Cz7Dqf8FL.jpg",
    "https://m.media-amazon.com/images/I/51C1JM0zimL.jpg",
    "https://m.media-amazon.com/images/I/51FYVKbYL1L.jpg",
    "https://m.media-amazon.com/images/I/41b7xTXKtLL.jpg",
    "https://m.media-amazon.com/images/I/41X0PVxuSDL.jpg",
    "https://m.media-amazon.com/images/I/51lYPf1RX1L.jpg",
    "https://m.media-amazon.com/images/I/61S+3VDM9cL.jpg"
  ],
  "product_detail": {
    "Is Discontinued By Manufacturer": "No",
    "Package Dimensions": "13.07 x 8.39 x 4.37 inches; 1.25 Pounds",
    "Item model number": "1102",
    "Department": "Unisex-Adult",
    "Manufacturer": "Dr. McDougall's Right Foods",
    "ASIN": "B000FFIEL2",
    "Units": "6.0 Count",
    "Best Sellers Rank": "#8,587 in Grocery & Gourmet Food (See Top 100 in Grocery & Gourmet Food) #53 in Packaged Noodle Soups",
    "#53 in Packaged Noodle Soups": "",
    "Customer Reviews": "4.0 4.0 out of 5 stars 7,193 ratings"
  },
  "important_information": {
    "Ingredients": "BLACK BEANS, ORGANIC SUGAR, LIME JUICE POWDER, STARCH, NATURAL FLAVORS, SEA SALT, YEAST EXTRACT, RED BELL PEPPER*, TOMATO*, ONION*, SPICES, GARLIC*, CHILI PEPPER*, CILANTRO*. *DRIEDBLACK BEANS, ORGANIC SUGAR, LIME JUICE POWDER, STARCH, NATURAL FLAVORS, SEA SALT, YEAST EXTRACT, RED BELL PEPPER*, TOMATO*, ONION*, SPICES, GARLIC*, CHILI PEPPER*, CILANTRO*. *DRIED",
    "Directions": "Easy Preparation: 1. Remove fresh flavor packet & pour flavor blend into cup. Stir. 2. Add boiling water to fill line. 3. Stir very well around cups bottom edge. 4. Close lid and cover with spoon. Let stand 5 minutes. Stir again & enjoy! Cup may be hot. Please handle with care. Microwave: Boil water in a separate container. Follow steps 1-4 above.Easy Preparation: 1. Remove fresh flavor packet & pour flavor blend into cup. Stir. 2. Add boiling water to fill line. 3. Stir very well around cups bottom edge. 4. Close lid and cover with spoon. Let stand 5 minutes. Stir again & enjoy! Cup may be hot. Please handle with care. Microwave: Boil water in a separate container. Follow steps 1-4 above.",
    "Legal Disclaimer": "While we work to ensure that product information is correct, on occasion manufacturers may alter their ingredient lists. Actual product packaging and materials may contain more and/or different information than that shown on our Web site. We recommend that you do not solely rely on the information presented and that you always read labels, warnings, and directions before using or consuming a product. For additional information about a product, please contact the manufacturer. Content on this site is for reference purposes and is not intended to substitute for advice given by a physician, pharmacist, or other licensed health-care professional. You should not use this information as self-diagnosis or for treating a health problem or disease. Contact your health-care provider immediately if you suspect that you have a medical problem. Information and statements regarding dietary supplements have not been evaluated by the Food and Drug Administration and are not intended to diagnose, treat, cure, or prevent any disease or health condition. Amazon.com assumes no liability for inaccuracies or misstatements about products.While we work to ensure that product information is correct, on occasion manufacturers may alter their ingredient lists. Actual product packaging and materials may contain more and/or different information than that shown on our Web site. We recommend that you do not solely rely on the information presented and that you always read labels, warnings, and directions before using or consuming a product. For additional information about a product, please contact the manufacturer. Content on this site is for reference purposes and is not intended to substitute for advice given by a physician, pharmacist, or other licensed health-care professional. You should not use this information as self-diagnosis or for treating a health problem or disease. Contact your health-care provider immediately if you suspect that you have a medical problem. Information and statements regarding dietary supplements have not been evaluated by the Food and Drug Administration and are not intended to diagnose, treat, cure, or prevent any disease or health condition. Amazon.com assumes no liability for inaccuracies or misstatements about products.Statements regarding dietary supplements have not been evaluated by the FDA and are not intended to diagnose, treat, cure, or prevent any disease or health condition.Statements regarding dietary supplements have not been evaluated by the FDA and are not intended to diagnose, treat, cure, or prevent any disease or health condition."
  },
  "rating": {
    "score": "4 out of 5",
    "dist": {
      "5 star": "60%",
      "4 star": "13%",
      "3 star": "11%",
      "2 star": "6%",
      "1 star": "10%"
    }
  },
  "top_comments": [
    {
      "date": "June 21, 2025",
      "title": "This is an amazing, clean, and vegan ingredient soup",
      "score": "5.0 out of 5 stars",
      "text": "I'm on about my 4th case of this soup now. I love the clean, vegan ingredients and how easy it is to prepare. Just. Open the little flavor packet, fill with hot water, close the lid, wait, and then enjoy a healthy, filling meal. Perfect for taking on the go also.",
      "helpfulness": "0"
    },
    {
      "date": "August 19, 2025",
      "title": "Tasty",
      "score": "5.0 out of 5 stars",
      "text": "It’s delicious! Be sure to follow the directions!",
      "helpfulness": "0"
    },
    {
      "date": "May 22, 2013",
      "title": "Love this pea soup!",
      "score": "4.0 out of 5 stars",
      "text": "I love pea soup but making it from scratch is pain and i a lot of the time no one else but me wants it! It's also not a dish you find eating out much.. So I went looking for a good one serving way to enjoy it. I tried canned soups first. I didn't like them and if it had meat in it it was always just awful! So when I found this I thought why not? How bad can it be?I will say I got this brand and the Nile Spice brand at the same time to try. Out of the two this won hands down for me.I found that this had a much more smooth texture yet hearty taste then the Nile Spice brand pea soup did.One this you may find odd is how it shows chunks of carrots and peas but inside there are no to be seen.. If you read the package you will find that it does indeed list them. It seems they are all just powdered so no re-hydrated veggies in this. Some might be put off by this but I liked it! The Nile Spice brand one DOES have re-hydrated veggies and from what I found not near as smooth and flavorful taste.. In fact it had a distinct \"cup ramen\" taste that I did NOT like.I will be buying the Dr. McDougall's brand from now on! Also, a little tip on making this, add less water if you want it thicker!",
      "helpfulness": "4"
    },
    {
      "date": "August 3, 2025",
      "title": "Great soup",
      "score": "5.0 out of 5 stars",
      "text": "I really enjoyed this soup!  Best split pea soup I have ever tasted.",
      "helpfulness": "0"
    },
    {
      "date": "June 19, 2025",
      "title": "Edible but odd...",
      "score": "3.0 out of 5 stars",
      "text": "I've been craving split pea soup.  I used to get Nile brand that was very good.  Also some other brands that slowly disappeared.  They were so convenient for camping.  Well fast forward to Vegan Split pea soup...the only instant variety I could find.  I boiled water.  Why any health conscious person would microwave these is beyond me.  Added to fill line .Stirred in seasoning packet.  Covered for longer than time required.  Checked consistentcy, way thick.  Added more hot water and garlic salt to liven it up and thin it down.  I enjoyed the mouth feel .  But after swallowing, it just was odd.  Was a fake smokiness trying to mask the meatless flavor? Would it be better without the seasoning packet? .  Strange.  I'll tri again and add or subtract until I reach a desired flavor.  I have 5 more to eat.  Waste not want not.  🙂...",
      "helpfulness": "0"
    },
    {
      "date": "May 4, 2025",
      "title": "Noodles have been IMPROVED! (Kung Pao)",
      "score": "5.0 out of 5 stars",
      "text": "THEY CHANGED THEIR NOODLES.. NOW ITS TWICE AS GOOD, IMO!Thinner noodles and they taste better too.. the noodles for me were the weak link, but its organic, so.. give and take. The broth is so good I didn't mind the blandish-tasting kinda thick noodles with interesting texture. But with this change (roughly March or April is my guess), these are twice as good as original-thin noodles soften more and taste WAY better.I discovered these at my local co-op about 10 yrs ago and loved them for a work lunch or snack.Spicy Kung Pao is my favorite - spoiler: its not spicy, its just YUMM!!",
      "helpfulness": "2"
    },
    {
      "date": "October 21, 2013",
      "title": "Made @ Home in a Bowl!",
      "score": "5.0 out of 5 stars",
      "text": "I discovered that it's too thick for me the first time I followed the directions. I used a medium sized glass, microwave safe, mixing bowl the second time. That was good because I could see through the glass and tell if the water was boiling. I must admit, using my own directions of water & time cooked, I got it down to a science, and now: I'm hooked. I love the broth! I make it much soupier. I've made my own soup broth before and it is a lot of work and a lot of vegetables that must get tossed out, as the purpose is to make the stock, then add it last, after sauteing fresh vegetables to pour the stock over. Sure, that's great! But this Dr McDougall's soup is great for LUNCH, and for those cold nights when I don't want to stand over the stove. It warmed me right up, and, honestly, it tasted like homemade or better (no crunchy onions)! Add crackers and you have a satisfying, healthy meal, in about five minutes. I'm now going to get up my nerve to try some new ones. They have to 'look' good too, as the White Bean & Pasta does. So I'll peruse them all and get them on subscribe & save, so I'll have a stock that hasn't been sitting in a can getting soggier and soggier. My first purchase was over a year ago and I've just used my 5th one. I ordered more right away now that I've got the perfect recipe down. I'm so glad Amazon offers this in the Subscribe & Save program. I'm a Prime member and have been for at least 4 years. I love Amazon! I have Fibromyalgia and some days I can barely move. It is so good to know I can buy almost everything I need from Amazon; and I DO!",
      "helpfulness": "0"
    }
  ]
}