{
  "product_title": "Walden Farms Calorie Free Chocolate Syrup -- 12 fl oz",
  "byline_info": "Visit the Walden Farms Store",
  "product_description": "",
  "category": [
    "Grocery & Gourmet Food",
    "Pantry Staples",
    "Cooking & Baking",
    "Dessert Syrups & Sauces",
    "Chocolate"
  ],
  "alt_images": [
    "https://m.media-amazon.com/images/I/418p0jXzopL.jpg",
    "https://m.media-amazon.com/images/I/51R71gOvKkL.jpg",
    "https://m.media-amazon.com/images/I/51R87-NDBdL.jpg",
    "https://m.media-amazon.com/images/I/51eVYDpEF3L.jpg",
    "https://m.media-amazon.com/images/I/51Arw094TxL.jpg",
    "https://m.media-amazon.com/images/I/51K8iCflTxL.jpg",
    "https://m.media-amazon.com/images/I/51ZOr3hhF9L.jpg"
  ],
  "product_detail": {
    "Is Discontinued By Manufacturer": "No",
    "Product Dimensions": "1 x 8.2 x 7.7 inches; 1 Pounds",
    "Item model number": "WDL1025/200/201",
    "UPC": "773821290232 072457133884 790295389408 072457880559",
    "Manufacturer": "Walden Farms",
    "ASIN": "B000QV32B2",
    "Units": "12.07 Fluid Ounces",
    "Best Sellers Rank": "#239,455 in Grocery & Gourmet Food (See Top 100 in Grocery & Gourmet Food) #179 in Chocolate Dessert Syrups",
    "#179 in Chocolate Dessert Syrups": "",
    "Customer Reviews": "3.5 3.5 out of 5 stars 724 ratings"
  },
  "important_information": {
    "Ingredients": "Triple filtered purified water, defatted cocoa powder, caramel color, natural flavors, cellulose gum, sucralose, salt, vanilla flavor, lactic acid, sodium benzoate (to preserve freshness) and xanthan gum. Contains trace calories.Triple filtered purified water, defatted cocoa powder, caramel color, natural flavors, cellulose gum, sucralose, salt, vanilla flavor, lactic acid, sodium benzoate (to preserve freshness) and xanthan gum. Contains trace calories.",
    "Directions": "Refrigerate after opening. Shake well.Refrigerate after opening. Shake well.",
    "Legal Disclaimer": "Statements regarding dietary supplements have not been evaluated by the FDA and are not intended to diagnose, treat, cure, or prevent any disease or health condition.Statements regarding dietary supplements have not been evaluated by the FDA and are not intended to diagnose, treat, cure, or prevent any disease or health condition."
  },
  "rating": {
    "score": "3.5 out of 5",
    "dist": {
      "5 star": "50%",
      "4 star": "10%",
      "3 star": "9%",
      "2 star": "6%",
      "1 star": "25%"
    }
  },
  "top_comments": [
    {
      "date": "September 15, 2014",
      "title": "Perfect for protein shakes!",
      "score": "5.0 out of 5 stars",
      "text": "I bought the Walden Farms chocolate syrup to add flavor to a number of things on my diet. I often make a meal replacement shake with some non-fat milk and some whey protein (unflavored). When I add the Walden Farms syrup, the mixture yields a chocolate shake with a consistency that approaches a real milkshake, but without the carb/ sugar load and with a reasonable amount of calories.For an 8-ounce shake, a teaspoon of the syrup is about right. I just use a shaker, not a blender.Although I don't eat a lot of ice cream, this syrup works for ice cream as well. It will freeze on the surface of the ice cream, creating a chocolate crust that is interesting.I also expect that this syrup would be good with strawberries. I might have to make a strawberry-chocolate protein shake and give it a try!",
      "helpfulness": "0"
    },
    {
      "date": "April 21, 2020",
      "title": "No chocolate flavor, only heavy sucralose",
      "score": "1.0 out of 5 stars",
      "text": "I purchased this product, hoping for a healthy alternative to what I've been consuming but yet have a nice chocolate flavor to the sauce. You know, a dark chocolate sauce with less sugar and strong chocolate flavor. I did not expect just a strong flavor of sucralose, covering any other flavor of the sauce.",
      "helpfulness": "2"
    },
    {
      "date": "May 26, 2012",
      "title": "Delicious with no sugar alcohols",
      "score": "5.0 out of 5 stars",
      "text": "I have a difficult time finding really good sugar-free syrups that don't contain sugar alcohols (sorbitol, maltitol,etc.)  The walden Farms sugar-free line, with no sugar alcohols,is wonderful.  The taste and texture are perfect. I use this syrup in hot chocolate, chocolate milk, as an add-in to my coffee, and in cooking. It is a real treat for a chocolate-lover who is sensitive to sugar alcohols",
      "helpfulness": "3"
    },
    {
      "date": "February 9, 2014",
      "title": "Tastes Grea",
      "score": "5.0 out of 5 stars",
      "text": "If you want a thicker syrup then place this in the refrigerator before you open it as the first time it pours thinly. Love the taste of this much better than others. It does not have an aftertaste like some of the other syrups of this type. Love it mixed in with Greek yogurt, and as a topping for ice cream or frozen yogurt. Mixes well for hot chocolate made with almond milk!",
      "helpfulness": "2"
    },
    {
      "date": "April 7, 2016",
      "title": "Good alternative to chocolate syrup if you're trying to be healthy",
      "score": "3.0 out of 5 stars",
      "text": "Not very chocolatey tasting to me, little bit of a bitter aftertaste. My boys said it tasted fine to them. Haven't tried it in or on anything yet, just by itself when it arrived. Tastes better cold (wasn't refrigerated on arrival, but did after opening).",
      "helpfulness": "One"
    },
    {
      "date": "October 10, 2019",
      "title": "It serves its purpose for those of us unlucky enough not get the real thing",
      "score": "4.0 out of 5 stars",
      "text": "My 4 star rating isn't because I am rating artisinal quality chocolate from Switzerland, or frankly, even a substance close to Hershey's syrup.  There is nothing remotely amazing about having to use a fat free, carb free, gluten free, calorie free, chocolate substitute.  However, for those of us desperate enough for the real thing, this quells the cravings enough so that I don't actually stab someone eating the real thing.Another poor soul with similar diet restrictions to mine recommended this, and I jumped at the chance to taste a little chocolate again.  As a child of the late 1970's, the taste reminds me of the Chocolate Fudge Lip Balm by Bonnie Bell that came in a tin tub with a sliding top.  Nothing really natural tasting about it, but nothing so off-putting that I don't mix it in something and call it \"dessert.\"  I am still not quite desperate enough to use this as a topping on anything or on anything where I can truly grasp what I am ingesting, so for now, using it as a mix in to a similarly sad shake concoction works well.The consistency is very close to Hershey's, and the smell is definitely chocolaty.  In fact, the second ingredient is cocoa powder, so they really are trying to work with us here.Bottom line, given a real choice about whether to choose real chocolate, or even Hershey's syrup or this, I'd rather eat the real deal, come what may.",
      "helpfulness": "14"
    },
    {
      "date": "November 16, 2012",
      "title": "NO Thanks!",
      "score": "1.0 out of 5 stars",
      "text": "I really wanted this to be delicious because I am a serious chocoholic but it was not. All I could taste was chemicals. So much so that I was nervous about what exactly I was putting into my body. I almost expected to wake up with w 3rd eye or something. Not Cute! You're better off just using a small serving of the real thing cause this went right down the drain.",
      "helpfulness": "6"
    },
    {
      "date": "May 13, 2016",
      "title": "My ice cream loves it!",
      "score": "5.0 out of 5 stars",
      "text": "How can a chocolate sauce this good be so low in calories? It's not too thick, just the right consistency for topping on ice cream (and even Artic Zero...). I suppose you could put it in coffee or other drinks too. If you are watching your weight, health and sugar intake, I highly recommend this topping. Was delivered 3 days earlier than expected. Thank you for such a fun product.",
      "helpfulness": "5"
    }
  ]
}