{
  "product_title": "Monin - Syrup Pump, Exclusively for 750ml (25.4 fl oz) Glass Bottles | Mess-Free Dispensing + Tip Cover Included (White)",
  "byline_info": "Visit the Monin Store",
  "product_description": "The Monin 750 mL pump is only compatible with our 750 mL glass bottles and dispenses 1/4 of an ounce of liquid with each pump.",
  "category": [
    "Home & Kitchen",
    "Kitchen & Dining",
    "Coffee, Tea & Espresso"
  ],
  "alt_images": [
    "https://m.media-amazon.com/images/I/31IcluVMq+L.jpg",
    "https://m.media-amazon.com/images/I/31pc8wXuHuL.jpg",
    "https://m.media-amazon.com/images/I/41zpNZqN2qL.jpg",
    "https://m.media-amazon.com/images/I/41MJwD8xPBL.jpg",
    "https://m.media-amazon.com/images/I/51pXMYfVc4L.jpg",
    "https://m.media-amazon.com/images/I/51-L3W177UL.jpg"
  ],
  "product_detail": {},
  "important_information": {
    "Safety Information": "The product is labelled to United States standards and may differ from similar products sold elsewhere in its ingredients, labeling and allergen warningsThe product is labelled to United States standards and may differ from similar products sold elsewhere in its ingredients, labeling and allergen warnings"
  },
  "rating": {
    "score": "4.1 out of 5",
    "dist": {
      "5 star": "69%",
      "4 star": "8%",
      "3 star": "5%",
      "2 star": "2%",
      "1 star": "16%"
    }
  },
  "top_comments": [
    {
      "date": "June 15, 2025",
      "title": "Monin syrup plastic bottle",
      "score": "5.0 out of 5 stars",
      "text": "Exactly what I was needing. Fits plastic 1 liter bottle,  will not fit the glass bottles.",
      "helpfulness": "One"
    },
    {
      "date": "September 8, 2025",
      "title": "Beyond my expectations",
      "score": "5.0 out of 5 stars",
      "text": "The quality is great!!!! The black tip is a thick piece of rubber. There’s NO Comparison to the Torani brand. I’m switching all my syrups to this company just because of the quality of the pump. I wish there was a variety pack for the pump. I only saw individual packeting. I hope the flavors that I love are available. You will not be disappointed.",
      "helpfulness": "0"
    },
    {
      "date": "May 20, 2023",
      "title": "100% failure! Monin brand that wont fit THEIR glass bottle?!!!",
      "score": "1.0 out of 5 stars",
      "text": "Sad to say- this was such a disappointment.. I cant even tell you how frustrating this is.. I only ordered bc, it was suggested on the syrup webpage as a “suggested as a buy together purchase..” and so, I DID!!!Not thrilled to pay extra , bc I think it should come with bottle to begin with but was willing to spend an extra $5 for pump to keep things mess free.. And are you kidding me- it doesn’t fit!!??Now, as I read the reviews- tbh, it’s a syrup pump suggested by the same brand-  I didn’t think it was necessary to read. Only I’m not the only one who’s been taken by this error- and with so many reviews that mention the problem.. can NO ONE give the courtesy of changing this from a suggested extra purchase combo or even fix the headline.. MAYBE WE WARN PEOPLE IN TOP LINE DESCRIPTION…???***THIS DOES NOT FIT MONIN GLASS BOTTLES!!***Worse.. this cannot be returned bc, of company rules so, it’s a total waste of $5. May not seem like an issue to most.. but for me, it’s all about principal of it all!! If this was not a suggested “buy together” I’d be alright- or; if this stated difference between working on plastic not glass bottle (btw, I WAS NEVER EVEN GIVEN A CHOICE OF WHAT TYPE OF BOTTLE..??) it would be my error. Love and learn-PLEASE, ADDRESS ISSUE.. A simple fix and then, I’m sure customers would be thrilled.. I know I would.",
      "helpfulness": "37"
    },
    {
      "date": "September 9, 2025",
      "title": "Great Item, But Make Sure to Read the Description!",
      "score": "5.0 out of 5 stars",
      "text": "Great item; however, I did not read the product description closely enough to see that these pumps will not work on Monin's 0.75 L glass bottles, but only the 1.0 L plastic Monin bottles. Oh well!",
      "helpfulness": "0"
    },
    {
      "date": "July 5, 2025",
      "title": "Works well",
      "score": "5.0 out of 5 stars",
      "text": "Works well. Appreciate the stopper for keeping ants out and flavor in!",
      "helpfulness": "0"
    },
    {
      "date": "July 8, 2025",
      "title": "DOES NOT FIT ALL MONIN SYRUP BOTTLES",
      "score": "4.0 out of 5 stars",
      "text": "Why did you pick this product vs others?:BECAUSE IT IS FOR MONIN PRODUCTSPump functionality:ONLY FITS THE PLASTIC BOTTLES NOT PLASTIC",
      "helpfulness": "One"
    },
    {
      "date": "August 27, 2025",
      "title": "perfect",
      "score": "5.0 out of 5 stars",
      "text": "exactly as described, works with 750 ml glass bottles, monin branded, includes straw and pump",
      "helpfulness": "0"
    },
    {
      "date": "August 23, 2025",
      "title": "good fit",
      "score": "5.0 out of 5 stars",
      "text": "Fits perfectly on my glass bottle of Monin syrup 750 mL.",
      "helpfulness": "One"
    }
  ]
}