{
  "product_title": "Tazo Zen Green Tea with Lemongrass & Spearmint, 20-Count Tea Bags (Pack of 6) 1.5 oz each / Net Wt 9.13 oz",
  "byline_info": "Visit the TAZO Store",
  "product_description": "Tazo Tea Zen, Case of 6 - 20 Teabag Boxes (120 Teabags)",
  "category": [
    "Grocery & Gourmet Food",
    "Beverages",
    "Tea",
    "Green"
  ],
  "alt_images": [
    "https://m.media-amazon.com/images/I/41nXbLzNolL.jpg",
    "https://m.media-amazon.com/images/I/41nXbLzNolL.jpg"
  ],
  "product_detail": {
    "Is Discontinued By Manufacturer": "No",
    "Product Dimensions": "2.84 x 3.39 x 5.24 inches; 1.5 ounces",
    "Item model number": "00727933",
    "UPC": "794522200658",
    "Manufacturer": "TAZO",
    "ASIN": "B000EUIZ8K",
    "Units": "120 Count",
    "Best Sellers Rank": "#35,590 in Grocery & Gourmet Food (See Top 100 in Grocery & Gourmet Food) #431 in Green Tea",
    "#431 in Green Tea": "",
    "Customer Reviews": "4.5 4.5 out of 5 stars 1,914 ratings"
  },
  "important_information": {
    "Safety Information": "Contains caffeine. Not recommended for children or pregnant women. Keep out of reach of children to avoid choking hazard.Contains caffeine. Not recommended for children or pregnant women. Keep out of reach of children to avoid choking hazard.",
    "Ingredients": "Green Teas, Lemon Verbena Leaves, Spearmint Leaves, Lemongrass and Natural Flavors.Green Teas, Lemon Verbena Leaves, Spearmint Leaves, Lemongrass and Natural Flavors.",
    "Directions": "Bring fresh, filtered water to a boil (175F), pour it over the tea bag in your cup, and let steep for 5 minutes.Bring fresh, filtered water to a boil (175F), pour it over the tea bag in your cup, and let steep for 5 minutes.",
    "Legal Disclaimer": "Exp. 07/22/2017Exp. 07/22/2017Statements regarding dietary supplements have not been evaluated by the FDA and are not intended to diagnose, treat, cure, or prevent any disease or health condition.Statements regarding dietary supplements have not been evaluated by the FDA and are not intended to diagnose, treat, cure, or prevent any disease or health condition."
  },
  "rating": {
    "score": "4.5 out of 5",
    "dist": {
      "5 star": "80%",
      "4 star": "8%",
      "3 star": "3%",
      "2 star": "1%",
      "1 star": "8%"
    }
  },
  "top_comments": [
    {
      "date": "June 19, 2025",
      "title": "Best tea !",
      "score": "5.0 out of 5 stars",
      "text": "Tastes amazing",
      "helpfulness": "0"
    },
    {
      "date": "April 23, 2025",
      "title": "Good quality- good taste.",
      "score": "5.0 out of 5 stars",
      "text": "Good for immune sustem… I have it every morning… Im 80 and healthy",
      "helpfulness": "0"
    },
    {
      "date": "February 23, 2025",
      "title": "Just the best green tea",
      "score": "5.0 out of 5 stars",
      "text": "Have used for years; China Green tips hard to find in the stores; so happy it’s still carried on Amazon.",
      "helpfulness": "0"
    },
    {
      "date": "March 4, 2022",
      "title": "Delicious taste and aroma. Good price too",
      "score": "5.0 out of 5 stars",
      "text": "There's nothing to dislike about this product. Comes in a 20 pk. I only wish it came in a 3 pk of 20. The price was good. I love this tea. It is full flavored green tea with lemongrass and a hit of Spearmint. It has a little more caffeine to give you the extra kick you need.  Good price for 20 pk. Hard to find in my local grocery. Will be buying from this seller again.",
      "helpfulness": "One"
    },
    {
      "date": "October 26, 2024",
      "title": "Love the flavor",
      "score": "5.0 out of 5 stars",
      "text": "I purchase this tea for spring/summer. It has just the right amount of grapefruit and matcha. It is so delicious! I mainly drink it hot but have had it a few times cold and it is just as good.",
      "helpfulness": "0"
    },
    {
      "date": "November 28, 2024",
      "title": "Disappointed, not good like it used to be",
      "score": "1.0 out of 5 stars",
      "text": "I used to love this tea. I have not bought in a year or so though. This has very little flavor and even less caffeine than before. It’s terrible. I have tried 3 separate times in the last two days and I am super disappointed in the quality. Save your money. I should have stuck with my Numi green tea.",
      "helpfulness": "0"
    },
    {
      "date": "June 9, 2024",
      "title": "Me and my kids love this tea",
      "score": "4.0 out of 5 stars",
      "text": "This is basically the jade citrus tea if you used to love that. I used to buy the jade citrus by the case and then they discontinued it. This is a match if you like that tea.",
      "helpfulness": "One"
    },
    {
      "date": "December 18, 2024",
      "title": "Good",
      "score": "5.0 out of 5 stars",
      "text": "I had been searching all over for this tea, I am so glad I decided to search one more time on here.",
      "helpfulness": "0"
    }
  ]
}