{
  "product_title": "Bar Soap 100% Virgin Olive Oil Face & Body Olivella 5.29 oz Bar Soap",
  "byline_info": "Brand: Olivella",
  "product_description": "Bar Soap 100% Virgin Olive Oil Face & Body 5.29 oz Bar SoapProduct Description Olivella's Original Bar Soap is made from 100% Virgin Olive Oil. You will be pleased to discover that our natural olive oil bar soap contains no animal fats, no harsh man-made chemicals, no dyes nor color additives. Directions Wet hands and face and work into a mild rich lather and gently massage to cleanse skin. After use, drain the soap. Note Olivella Soap is all natural, do not leave on standing water, use a soap dish. Other Ingredients: Sodium Olivate (saponified virgin olive oil), Aqua (Water), Glycerin (from virgin olive oil), Perfume (Fragrance). Warnings: Keep out of reach of children. As with all dietary supplements, consult your healthcare professional before use. See product label for more information.",
  "category": [
    "Beauty & Personal Care",
    "Skin Care",
    "Body",
    "Cleansers",
    "Soaps"
  ],
  "alt_images": [
    "https://m.media-amazon.com/images/I/317-rrPT9RL.jpg",
    "https://m.media-amazon.com/images/I/31iL8DBL9fL.jpg",
    "https://m.media-amazon.com/images/I/414ACpMjf8L.jpg",
    "https://m.media-amazon.com/images/I/31nOPW8hopL.jpg",
    "https://m.media-amazon.com/images/I/41jfA3UnIlL.jpg",
    "https://m.media-amazon.com/images/I/317-rrPT9RL.jpg",
    "https://m.media-amazon.com/images/I/31iL8DBL9fL.jpg"
  ],
  "product_detail": {
    "Is Discontinued By Manufacturer": "No",
    "Product Dimensions": "3.9 x 2.6 x 1.4 inches; 5.6 ounces",
    "Item model number": "7.64412E+11",
    "UPC": "000059147954 764412250001",
    "Manufacturer": "Olivella",
    "ASIN": "B0009PJRMS",
    "Best Sellers Rank": "#96,173 in Beauty & Personal Care (See Top 100 in Beauty & Personal Care) #1,565 in Bath Soaps",
    "#1,565 in Bath Soaps": "",
    "Customer Reviews": "4.4 4.4 out of 5 stars 255 ratings"
  },
  "important_information": {},
  "rating": {
    "score": "4.4 out of 5",
    "dist": {
      "5 star": "73%",
      "4 star": "14%",
      "3 star": "5%",
      "2 star": "3%",
      "1 star": "5%"
    }
  },
  "top_comments": [
    {
      "date": "May 16, 2024",
      "title": "A very fine product...",
      "score": "5.0 out of 5 stars",
      "text": "Over the years I have used many different soaps. The quality of the ingredients is high it does lather but not like your traditional soap really it's being absorbed deep into the pores also noticed that after using that a soap dish and wash cloth works well makes the bar last longer. The rinse is clean leaves skin soft and a very natural refreshing scent. The soap is a product of Italy 🇮🇹",
      "helpfulness": "One"
    },
    {
      "date": "June 13, 2023",
      "title": "This is the bomb if you have a topical coconut allergy",
      "score": "5.0 out of 5 stars",
      "text": "For years I just lived with itchy skin, trying all sorts of moisturizers, then a dermatologist found a topical coconut oil allergy. Switched to this soap and my skin does not itch! Amazing! It has a pleasant, somewhat herbal scent. The company does make an unscented version, if you can find it and are very sensitive to scents. That said, I don't care for most artificial scents, and found this pleasant. Wonderful soap, saved my skin!",
      "helpfulness": "5"
    },
    {
      "date": "September 13, 2024",
      "title": "No more dry skin",
      "score": "5.0 out of 5 stars",
      "text": "I had my 6 month skin cancer check up with my dermatologist recently, and during my examination, she told me how my skin overall, is very healthy and soft for my age, 62. My Doctor explained it’s very common for older people , to have chronic dry skin.  I told my Doctor my secret,  Our family came to America from Sicily 125 years ago. I had a memory one day last year, looking at old family pictures, and recalled both of my grandmothers , and all of my Aunts , used 100 percent Extra virgin Olive oil on their faces and their bodies after showering.  They had beautiful skin.  My 94 year old Aunt passed away a few years ago, and while I spent time with her, I always noticed her skin looked beautiful until her last days with us.  I started trying a few olive oil soaps last year, and now I have found my favorite.  This 100 percent Olive Oil face and body Olivella soap is amazing.  My skin is so so soft.  I use this on my body in the shower, and I purchased another bar to use on my face every morning and night. My skin overall, and on my face , has never felt so soft.  I am honestly amazed at the results I see on my skin immediately.  I won’t go back to anything else.  I sure hope they keep this soap in stock, and I hope the price of this soap will always be affordable to me.  I washed my face with this soap 3 hours ago, I did not use a moisturizer, and my skin has never ever felt this soft.  I am a big fan of this bar soap.",
      "helpfulness": "3"
    },
    {
      "date": "January 12, 2009",
      "title": "Worth buying.",
      "score": "4.0 out of 5 stars",
      "text": "I really enjoy this product. Especially if you have dry skin. I gave a few away and the only complaint i got back was it didn't lather. Well, i figure it didn't lather up becuase it didn't have all those harsh chemicals in it, so that didn't bother me at all. I think it is a great product and i put a bar in each bathroom for the wonderful smell.I certainly would recommend this product to anyone.",
      "helpfulness": "8"
    },
    {
      "date": "January 24, 2025",
      "title": "Really makes your skin soft",
      "score": "5.0 out of 5 stars",
      "text": "This is my wife's favorite soap. She was so greatful you're such a good product.",
      "helpfulness": "0"
    },
    {
      "date": "August 14, 2025",
      "title": "Good",
      "score": "5.0 out of 5 stars",
      "text": "Good",
      "helpfulness": "0"
    },
    {
      "date": "August 8, 2025",
      "title": "My favorite soap!",
      "score": "5.0 out of 5 stars",
      "text": "My favorite soap!",
      "helpfulness": "0"
    },
    {
      "date": "May 30, 2013",
      "title": "Olive Oil - definitely",
      "score": "3.0 out of 5 stars",
      "text": "Soap bar has a substantial olive oil feel when used in the shower.  The fragrance takes some getting used to and I'm not sure I like it.  We used another brand of olive oil soap in the past which was similar but had a better smell to it so I was disappointed with the scent when I received these bars and opened the package.  Bars seem to clean and moisturize fairly well.",
      "helpfulness": "One"
    }
  ]
}