{
  "product_title": "PetAg Fresh 'n Clean Medi-Cleen Medicated Shampoo - Fragrance Free - For Scaling, Dandruff Itching, & Dry Skin - 18 Fl Oz",
  "byline_info": "Visit the PetAg Store",
  "product_description": "",
  "category": [
    "Pet Supplies",
    "Dogs",
    "Grooming",
    "Shampoos & Conditioners",
    "Shampoos"
  ],
  "alt_images": [
    "https://m.media-amazon.com/images/I/31pmmnh1lPL.jpg",
    "https://m.media-amazon.com/images/I/31pmmnh1lPL.jpg"
  ],
  "product_detail": {
    "Is Discontinued By Manufacturer": "No",
    "Product Dimensions": "9 x 3.3 x 1.8 inches; 1.2 Pounds",
    "Item model number": "22539",
    "Date First Available": "August 18, 2004",
    "Manufacturer": "PetAg",
    "ASIN": "B0009YYJVS",
    "Best Sellers Rank": "#212,327 in Pet Supplies (See Top 100 in Pet Supplies) #1,763 in Dog Shampoos",
    "#1,763 in Dog Shampoos": "",
    "Customer Reviews": "4.3 4.3 out of 5 stars 302 ratings"
  },
  "important_information": {},
  "rating": {
    "score": "4.3 out of 5",
    "dist": {
      "5 star": "63%",
      "4 star": "19%",
      "3 star": "10%",
      "2 star": "5%",
      "1 star": "3%"
    }
  },
  "top_comments": [
    {
      "date": "March 1, 2024",
      "title": "Great shampoo",
      "score": "5.0 out of 5 stars",
      "text": "I have been a professional dog groomer for over 30 years. This is the best econmical medicated shampoo on the market. Great for getting those greasy coated dogs clean and dogs with any type of crusty skin. Shampoo dog with a regular shampoo then apply this one let it sit for 10 minutes. It also reduces redness of the skin. Its my go to for any dog that has itchy skin crusty or oily coat you just can not seem to get clean.",
      "helpfulness": "0"
    },
    {
      "date": "February 10, 2013",
      "title": "Finally, something that worked!",
      "score": "5.0 out of 5 stars",
      "text": "My dog is an 8 months old terrier mix that I adopted a few months ago from a rescue.  As the months passed she became very itchy and developed terrible dandruff--we're talking very visible flakes that were so bad you could see them fly off when she would shake herself.  It was determined by the vet that she has a grain allergy and since then I have been trying to get her diet figured out and find something to help with dandruff.  I have tried four different shampoos since having her (generic puppy shampoo from Petsmart which I bought before adopting her, Fresh n Clean Oatmeal and Baking Soda, Earth Bath Tea Tree and Aloe, and now this one) and this one finally worked!  it took about three baths before it started to have an effect, so if you buy it and your dog still has dandruff after the first bath do not get discouraged.  Normally, the dandruff reappeared after baths almost as soon as her fur was dry.  We are now on the third day after her bath and still no dandruff!  She is also scratching much less than she did before I began using this shampoo (which may have something to do with her adjusted diet as well).  I am so happy that she's no longer itchy and her coat looks great.  I highly recommend this shampoo to any pet owner searching for a solution to their pet's dandruff and itchy skin!",
      "helpfulness": "10"
    },
    {
      "date": "November 3, 2021",
      "title": "No seal leaked out when delivered!",
      "score": "4.0 out of 5 stars",
      "text": "Love the product but when they delivered it was thrown on the driveway and leaked out!",
      "helpfulness": "0"
    },
    {
      "date": "February 6, 2024",
      "title": "Best dog shampoo",
      "score": "5.0 out of 5 stars",
      "text": "Only dog shampoo I’ll use for my dog! Love it. 😊😊",
      "helpfulness": "0"
    },
    {
      "date": "February 3, 2021",
      "title": "For the price it was a good buy",
      "score": "3.0 out of 5 stars",
      "text": "I’m a big fan of Fresh n Clean products!! Wanted to try one because my pups have dry skin in the winter.  Smells okay but not as good as the Tropical scent. It seemed to help some with the dry skin.",
      "helpfulness": "0"
    },
    {
      "date": "November 23, 2014",
      "title": "Recent our hases",
      "score": "5.0 out of 5 stars",
      "text": "Have used Lambert Kay products for years and this is no exception...my dogs have already stopped scratching so frequently.  The product was not secured properly, therefore bounced around within box of pet attire; bottle top was crushed down into bottle and leakage of shampoo was on attire products.  Luckily, everything was in cellophane or plastic and none got on the soap on the material, but the bag containing the bottle leaked as well and there was somewhat of a mess. Was able to pop the top back not position.",
      "helpfulness": "One"
    },
    {
      "date": "July 2, 2021",
      "title": "Perfect for dry flaky skin!",
      "score": "5.0 out of 5 stars",
      "text": "This works wonderful on my elderly rescue dog. She has dry skin and tumors, but it soothes her skin and helps with the flaking. Best product I’ve found for her condition. It also has a light pleasing scent that doesn’t irritate her skin!",
      "helpfulness": "One"
    },
    {
      "date": "January 9, 2014",
      "title": "Quick delivery...fair price!",
      "score": "5.0 out of 5 stars",
      "text": "I liked this product when I bought it locally but it became unavailable. Then, the price went up.  This seller shipped 5 bottles for the shipping price of 1 so I saved money on a good doggie shampoo.  Smells pretty good and doesn't have any negative side effects.  I mix it with warm water so as not to shock my dog and it rinses out pretty well.  Over all, it has worked out well for me and my pets.",
      "helpfulness": "0"
    }
  ]
}