{
  "product_title": "Yogi Tea - Green Tea Pure Green Decaf (6 Pack) - Supports Vitality - 96 Tea Bags",
  "byline_info": "Visit the Yogi Store",
  "product_description": "",
  "category": [
    "Grocery & Gourmet Food",
    "Beverages",
    "Tea",
    "Green"
  ],
  "alt_images": [
    "https://m.media-amazon.com/images/I/51akyas+o-L.jpg",
    "https://m.media-amazon.com/images/I/51WqHflFGyL.jpg",
    "https://m.media-amazon.com/images/I/411AUiEDANL.jpg",
    "https://m.media-amazon.com/images/I/51-9BIad57L.jpg",
    "https://m.media-amazon.com/images/I/51MXlaLV4HL.jpg",
    "https://m.media-amazon.com/images/I/51HaKEo6CiL.jpg"
  ],
  "product_detail": {
    "Is Discontinued By Manufacturer": "No",
    "Product Dimensions": "11 x 6 x 5 inches; 2 Pounds",
    "Item model number": "076950450417",
    "UPC": "076950450417 767563237976",
    "Manufacturer": "Yogi",
    "ASIN": "B0009F3SDW",
    "Units": "96 Count",
    "Best Sellers Rank": "#6,519 in Grocery & Gourmet Food (See Top 100 in Grocery & Gourmet Food) #124 in Green Tea",
    "#124 in Green Tea": "",
    "Customer Reviews": "4.7 4.7 out of 5 stars 1,421 ratings"
  },
  "important_information": {
    "Safety Information": "These statements have not been evaluated by the FDA. This product is not intended to diagnose, treat, cure, or prevent any disease. This product is labelled to United States standards and may differ from similar products sold elsewhere in its ingredients, labeling and allergen warningsThese statements have not been evaluated by the FDA. This product is not intended to diagnose, treat, cure, or prevent any disease. This product is labelled to United States standards and may differ from similar products sold elsewhere in its ingredients, labeling and allergen warnings",
    "Ingredients": "Organic Decaffeinated Green Tea Leaf.Organic Decaffeinated Green Tea Leaf.",
    "Directions": "Bring water just to boiling and steep 3 minutes. For greater antioxidant support, drink 1 to 3 cups a day.Bring water just to boiling and steep 3 minutes. For greater antioxidant support, drink 1 to 3 cups a day.",
    "Legal Disclaimer": "Statements regarding dietary supplements have not been evaluated by the FDA and are not intended to diagnose, treat, cure, or prevent any disease or health condition.Statements regarding dietary supplements have not been evaluated by the FDA and are not intended to diagnose, treat, cure, or prevent any disease or health condition."
  },
  "rating": {
    "score": "4.7 out of 5",
    "dist": {
      "5 star": "84%",
      "4 star": "10%",
      "3 star": "3%",
      "2 star": "1%",
      "1 star": "2%"
    }
  },
  "top_comments": [
    {
      "date": "May 11, 2025",
      "title": "Healthy green decaffeinated tea",
      "score": "5.0 out of 5 stars",
      "text": "Lovely tea. Tastes good! Was tested by consumer lab to contain 7 grams if caffeine per bag and plenty of the good healthy polyphenols antioxidants. Also glad It no longer comes with a metal staple. As it used to. Very good. Recommended.",
      "helpfulness": "3"
    },
    {
      "date": "June 7, 2025",
      "title": "Best comfort tea",
      "score": "5.0 out of 5 stars",
      "text": "Wonderful and flavorful!!",
      "helpfulness": "One"
    },
    {
      "date": "June 18, 2025",
      "title": "Perfect with no plastic",
      "score": "5.0 out of 5 stars",
      "text": "I love iced decaf green tea.  Yogi is delicious and contains zero plastics.  It is unacceptable to me that most tea bags contain plastic.",
      "helpfulness": "3"
    },
    {
      "date": "June 4, 2025",
      "title": "Highest polyphenols",
      "score": "5.0 out of 5 stars",
      "text": "Since caffeine and I don’t get along well, the high quality of this product is a good choice for me. It has the highest levels of the protective compound polyphenols of any other bagged teas.",
      "helpfulness": "One"
    },
    {
      "date": "March 31, 2025",
      "title": "Metal Staple Used",
      "score": "4.0 out of 5 stars",
      "text": "Good quality tea with bold taste, good value for the price… would give 5 stars if they didn’t use a small metal staple to secure the tea bag string.",
      "helpfulness": "2"
    },
    {
      "date": "June 1, 2025",
      "title": "Yogi is really the best tea!",
      "score": "5.0 out of 5 stars",
      "text": "Quick delivery and Yogi tea is the best!",
      "helpfulness": "0"
    },
    {
      "date": "June 20, 2025",
      "title": "Green tea",
      "score": "5.0 out of 5 stars",
      "text": "I like this green tea and it’s decaffeinated",
      "helpfulness": "0"
    },
    {
      "date": "June 8, 2025",
      "title": "Perfect blend for best taste",
      "score": "5.0 out of 5 stars",
      "text": "It’s the best!",
      "helpfulness": "0"
    }
  ]
}