{
  "product_title": "Tone's Lemon Pepper Seasoning (28 oz.)",
  "byline_info": "Brand: Tone's",
  "product_description": "Tone's Lemon Pepper Blend - 28oz shaker",
  "category": [
    "Grocery & Gourmet Food",
    "Pantry Staples",
    "Herbs, Spices & Seasonings",
    "Pepper & Peppercorns",
    "Ground Pepper"
  ],
  "alt_images": [
    "https://m.media-amazon.com/images/I/41Fk4fogjSL.jpg",
    "https://m.media-amazon.com/images/I/51fArnPn9lL.jpg",
    "https://m.media-amazon.com/images/I/51cRLecXfhL.jpg",
    "https://m.media-amazon.com/images/I/51v6p1mR5CL.jpg"
  ],
  "product_detail": {
    "Is Discontinued By Manufacturer": "No",
    "Package Dimensions": "7.91 x 3.62 x 2.6 inches; 1.8 Pounds",
    "Item model number": "TLPB12000",
    "UPC": "041351914615 728131253897",
    "Manufacturer": "All Spice",
    "ASIN": "B000F013Q0",
    "Units": "28.0 Ounce",
    "Best Sellers Rank": "#54,415 in Grocery & Gourmet Food (See Top 100 in Grocery & Gourmet Food) #105 in Ground Pepper",
    "#105 in Ground Pepper": "",
    "Customer Reviews": "4.8 4.8 out of 5 stars 316 ratings"
  },
  "important_information": {
    "Ingredients": "GLUTEN FREEGLUTEN FREE",
    "Legal Disclaimer": "Statements regarding dietary supplements have not been evaluated by the FDA and are not intended to diagnose, treat, cure, or prevent any disease or health condition.Statements regarding dietary supplements have not been evaluated by the FDA and are not intended to diagnose, treat, cure, or prevent any disease or health condition."
  },
  "rating": {
    "score": "4.8 out of 5",
    "dist": {
      "5 star": "90%",
      "4 star": "5%",
      "3 star": "2%",
      "2 star": "1%",
      "1 star": "2%"
    }
  },
  "top_comments": [
    {
      "date": "February 6, 2025",
      "title": "Tone’s Makes the best!",
      "score": "5.0 out of 5 stars",
      "text": "This has been my favorite for years.  The best lemon taste, no artificial aftertaste.",
      "helpfulness": "0"
    },
    {
      "date": "August 11, 2020",
      "title": "Great product",
      "score": "5.0 out of 5 stars",
      "text": "I use this on EVERYTHING!.  It is great with chicken and rice, salmon, veggies, stir fry, and tuna.  I love it.  Could not find it in the stores around me (everybody has been out of it for weeks) so that is why I ordered it.  The price was a little higher than what I usually pay, but it was worth it.  After spending the last few weeks looking for it in my local stores I had it in 2 days from Amazon.",
      "helpfulness": "0"
    },
    {
      "date": "August 18, 2025",
      "title": "TONES HAS LEMON PEPPER GAME ON LOCK!",
      "score": "5.0 out of 5 stars",
      "text": "THE 1 THERE SOME COMP BUT TONES HAD THE  LEMON PEPPER GAME ON LOCK YOU BEST BEELEEVES THAT!",
      "helpfulness": "0"
    },
    {
      "date": "June 20, 2018",
      "title": "This is the real deal for people who don't want their chicken to taste like cardboard. I knew I was buying the good ...",
      "score": "5.0 out of 5 stars",
      "text": "If you are looking for the lemon pepper seasoning that will kill your grandma with a heart condition in one bite you've found it. This is the real deal for people who don't want their chicken to taste like cardboard. I knew I was buying the good stuff when the first ingredient in this was SALT!Don't be fooled by the crappy gourmet imitations who's first ingredient is pepper. They are trying to achieve subtle flavors. This stuff is the punch in the face that makes dieting eating cheap tasteless meat the best part of your day. If you use too much it stings the tongue.This is a great product at a great price.",
      "helpfulness": "9"
    },
    {
      "date": "April 18, 2010",
      "title": "Great flavor!",
      "score": "5.0 out of 5 stars",
      "text": "Tone's Lemon Pepper. This is one of the best lemon peppers you'll ever find. It has a crisp fresh flavor and no MSG. I use it on everything from steamed veggies, salads, to any kind of meat, fish or poultry. This stuff will add a little zing to your recipes.I started buying this several years ago when I had a Sam's Club near me. A couple of years ago I moved to an area with no Sam's Club and when I ran out of my Tone's Lemon Pepper I was having a major tizzy fit because I couldn't find it locally. I'm so glad I found it on Amazon. Even though I had to pay shipping, it was worth it to get this product.Every Tone's spice that I've tried has been high quality and I highly recommend them.",
      "helpfulness": "3"
    },
    {
      "date": "March 31, 2024",
      "title": "The best Lemon pepper",
      "score": "5.0 out of 5 stars",
      "text": "Tones lemon pepper is the best. I've tried other,  but they don't compare.",
      "helpfulness": "One"
    },
    {
      "date": "July 9, 2023",
      "title": "Lemon and Pepper",
      "score": "5.0 out of 5 stars",
      "text": "Absolutely great on all kinds of foods, from steak to vegetables. Love it.",
      "helpfulness": "0"
    },
    {
      "date": "July 6, 2023",
      "title": "Lemon pepper chicken",
      "score": "5.0 out of 5 stars",
      "text": "We love this flavor on our smoked lemon pepper chicken! Absolutely delicious!",
      "helpfulness": "0"
    }
  ]
}