{
  "product_title": "Goya Foods Red Kidney Beans, Dry, 16 Ounce (Pack of 24)",
  "byline_info": "Visit the Goya Store",
  "product_description": "Goya Foods Red Kidney Beans, Dry, 16 Ounce (Pack of 24) | Dry Beans are a staple ingredient in pantries around the globe. These delicious red kidney beans have a robust flavor and smooth texture. Use them to prepare delicious chili, soups, salads, and more plant-based dishes. Nutritious, high quality Goya dry beans are high in protein and fiber, and contain no saturated fat. They're gluten free, fat free, cholesterol free, trans fat free and kosher. They are a good source of fiber, iron, potassium, and protein. Simmer until tender for delicious, home cooked soups, stews, main dishes, and Latin such as rice and beans.",
  "category": [
    "Grocery & Gourmet Food",
    "Pantry Staples",
    "Dried Beans, Lentils & Peas",
    "Beans",
    "Kidney"
  ],
  "alt_images": [
    "https://m.media-amazon.com/images/I/41td3ZHgv6L.jpg",
    "https://m.media-amazon.com/images/I/511dBe64WES.jpg",
    "https://m.media-amazon.com/images/I/51jPNSIPYlS.jpg",
    "https://m.media-amazon.com/images/I/31totZ5g4yS.jpg"
  ],
  "product_detail": {
    "Product Dimensions": "16.6 x 10.5 x 6.5 inches; 1 Pounds",
    "UPC": "041331024716",
    "Manufacturer": "Dot Foods, Inc. (Special Order)",
    "ASIN": "B008CE6TLU",
    "Units": "384.0 Ounce",
    "Best Sellers Rank": "#96,000 in Grocery & Gourmet Food (See Top 100 in Grocery & Gourmet Food) #53 in Dried Kidney Beans",
    "#53 in Dried Kidney Beans": "",
    "Customer Reviews": "4.7 4.7 out of 5 stars 1,000 ratings"
  },
  "important_information": {
    "Ingredients": "Red Kidney BeansRed Kidney Beans",
    "Directions": "BOILED AND ADD DESIRED INGREDIENTSBOILED AND ADD DESIRED INGREDIENTS",
    "Legal Disclaimer": "Statements regarding dietary supplements have not been evaluated by the FDA and are not intended to diagnose, treat, cure, or prevent any disease or health condition.Statements regarding dietary supplements have not been evaluated by the FDA and are not intended to diagnose, treat, cure, or prevent any disease or health condition."
  },
  "rating": {
    "score": "4.7 out of 5",
    "dist": {
      "5 star": "85%",
      "4 star": "8%",
      "3 star": "3%",
      "2 star": "1%",
      "1 star": "3%"
    }
  },
  "top_comments": [
    {
      "date": "May 23, 2025",
      "title": "Beans",
      "score": "5.0 out of 5 stars",
      "text": "Great value for the price first purchase with",
      "helpfulness": "0"
    },
    {
      "date": "November 13, 2024",
      "title": "Good price",
      "score": "5.0 out of 5 stars",
      "text": "Good price",
      "helpfulness": "0"
    },
    {
      "date": "December 4, 2023",
      "title": "Good value, good price",
      "score": "5.0 out of 5 stars",
      "text": "Gotr these on a great price, they are tasty, I'm very picky with red kidney beans, love Camila's but too pricey, theese are really close to it, love them and the price",
      "helpfulness": "One"
    },
    {
      "date": "January 17, 2023",
      "title": "Great and delicious beans",
      "score": "5.0 out of 5 stars",
      "text": "Purchased these instead of purchasing expensive cans of beans.  Canned them and cooked them to add to homemade chili and to make refried beans.  Delicious & scratch cooking is the best.",
      "helpfulness": "One"
    },
    {
      "date": "February 1, 2024",
      "title": "love it",
      "score": "5.0 out of 5 stars",
      "text": "going to make lots of chili 🌶 Happy",
      "helpfulness": "One"
    },
    {
      "date": "November 29, 2024",
      "title": "Bean spillage",
      "score": "4.0 out of 5 stars",
      "text": "Four bags in the box were open and spilling around in the box.  Same with the pinto beans order but that was only three bags open.  I left a separate review on that.",
      "helpfulness": "0"
    },
    {
      "date": "December 20, 2022",
      "title": "So much flavor",
      "score": "5.0 out of 5 stars",
      "text": "We love these beans in my household! I barely have to add any other seasonings. Just mix with some diced potatoes and add a little chicken bullion and we are good to go!",
      "helpfulness": "One"
    },
    {
      "date": "December 26, 2023",
      "title": "very good quality",
      "score": "5.0 out of 5 stars",
      "text": "very good quality",
      "helpfulness": "2"
    }
  ]
}