{
  "product_title": "Kopiko Coffee Candy – Bold-Tasty Hard Candy from Indonesia with Real Coffee Extract – A Satisfying Boost for On-the-Go Energy (4.23 oz)",
  "byline_info": "Visit the Kopiko Store",
  "product_description": "Kopiko Coffee Candy (4.23 oz) – Coffee Candy Individually Wrapped with Real Coffee Extracts for an On-the-Go Caffeine Boost Experience the bold flavor of real brewed coffee anytime, anywhere with Kopiko Coffee Candy Hard, crafted from the finest Indonesian volcanic coffee beans grown in nutrient-rich volcanic soil. Each Kopiko Coffee Hard Candy individually wrapped captures the deep, smooth taste of real coffee from Indonesia Volcanic coffee beans. Whether you're powering through a study session, traveling, or just need a mid-day pick-me-up, Kopiko’s signature coffee candy with caffeine delivers a delicious burst of energy in one convenient bite. Real Coffee Flavor, Anytime Convenience Each Kopiko office candy individually wrapped is infused with real coffee extracts sourced from high-quality beans, offering a satisfying alternative to brewed coffee. Enjoy the authentic taste and aroma of coffee in a compact, travel-friendly format. Ideal for slipping into your bag, pocket, or desk drawer, just take some wherever life takes you. With every Kopiko Coffee Caramel Candy, you get a subtle caffeine lift to help keep your day on track, no brewing required. World’s Favorite Coffee Candies Trusted by billions and available in over 80 countries, Kopiko is the world’s best-selling coffee flavored candy brand, so well-loved it’s even been enjoyed by astronauts in space. From busy professionals to coffee enthusiasts on the go, Kopiko brings a daily dose of indulgence and energy, one candy at a time. Discover our variety of flavors including Regular Coffee, Kopiko Coffee Candy Cappuccino, and sugar free coffee candy.",
  "category": [
    "Grocery & Gourmet Food",
    "Snacks & Sweets",
    "Candy & Chocolate",
    "Hard Candy"
  ],
  "alt_images": [
    "https://m.media-amazon.com/images/I/41C5huC0-CL.jpg",
    "https://m.media-amazon.com/images/I/41OcKjlcP7L.jpg",
    "https://m.media-amazon.com/images/I/41YACJnraQL.jpg",
    "https://m.media-amazon.com/images/I/51b-PWq9ULL.jpg",
    "https://m.media-amazon.com/images/I/417VXX8+GoL.jpg",
    "https://m.media-amazon.com/images/I/419UA7nVoCL.jpg",
    "https://m.media-amazon.com/images/I/51Rl4oP7+bL.jpg"
  ],
  "product_detail": {
    "Is Discontinued By Manufacturer": "No",
    "Product Dimensions": "5 x 0.5 x 8 inches; 4.5 ounces",
    "Item model number": "Kopiko",
    "UPC": "885716715826",
    "Manufacturer": "Kopiko",
    "ASIN": "B0002LD9IW",
    "Units": "4.23 Ounce",
    "Best Sellers Rank": "#902 in Grocery & Gourmet Food (See Top 100 in Grocery & Gourmet Food) #5 in Hard Candy",
    "#5 in Hard Candy": "",
    "Customer Reviews": "4.7 4.7 out of 5 stars 21,184 ratings"
  },
  "important_information": {
    "Ingredients": "SEE LABELSEE LABEL",
    "Legal Disclaimer": "Statements regarding dietary supplements have not been evaluated by the FDA and are not intended to diagnose, treat, cure, or prevent any disease or health condition.Statements regarding dietary supplements have not been evaluated by the FDA and are not intended to diagnose, treat, cure, or prevent any disease or health condition."
  },
  "rating": {
    "score": "4.7 out of 5",
    "dist": {
      "5 star": "85%",
      "4 star": "9%",
      "3 star": "3%",
      "2 star": "1%",
      "1 star": "2%"
    }
  },
  "top_comments": [
    {
      "date": "August 13, 2025",
      "title": "Great taste. Satisfying.",
      "score": "5.0 out of 5 stars",
      "text": "I've gone from barely liking coffee to a big cappucino/latte fan which means I like the smell and flavor of coffee but not the bitterness. I could also do with less calories, but always get an after-taste when I used sugar-free products. I tried these with some trepidation, but I really like the flavor and one is enough to boost a little energy as well as satisfy that craving. It's on my desktop for a little afternoon treat when I'm lagging.",
      "helpfulness": "3"
    },
    {
      "date": "September 8, 2025",
      "title": "Coffee candy",
      "score": "5.0 out of 5 stars",
      "text": "Its great that I found this on Amazon. My husband's coworker got me hooked on the candy. Love the coffee flavor, not bitter, just right and the cappuccino is like the real thing. Just great when you want just a little something sweet",
      "helpfulness": "0"
    },
    {
      "date": "September 1, 2025",
      "title": "Good coffee taste",
      "score": "5.0 out of 5 stars",
      "text": "Very good especially if you love coffee. The only downside is shipping too forever!",
      "helpfulness": "One"
    },
    {
      "date": "September 7, 2025",
      "title": "HARD CANDY",
      "score": "5.0 out of 5 stars",
      "text": "YUMMY, LIKE ICE COFFEE AMERICANO IN A CANDY!",
      "helpfulness": "One"
    },
    {
      "date": "August 21, 2025",
      "title": "Excellent Coffee Candy",
      "score": "5.0 out of 5 stars",
      "text": "Great candy. Tastes like a smooth cup of coffee. Not too sweet. Personally haven't noticed any effect from the caffeine but hope to on road trips!",
      "helpfulness": "0"
    },
    {
      "date": "August 12, 2025",
      "title": "Taste good",
      "score": "4.0 out of 5 stars",
      "text": "The candy was good but they were a day late on delivery.  I would not have even mentioned it but it seems to be the norm for Amazon. The candy is priced a little more than it should be, according to me. Everyone likes it and they say it's worth every penny.",
      "helpfulness": "0"
    },
    {
      "date": "August 18, 2025",
      "title": "OMG!",
      "score": "5.0 out of 5 stars",
      "text": "These are seriously addicting. They are so good. Tastes just like a cup of the best coffee.",
      "helpfulness": "One"
    },
    {
      "date": "August 28, 2025",
      "title": "Taste",
      "score": "5.0 out of 5 stars",
      "text": "Great taste,  quality , hard to find , so glad I found it here",
      "helpfulness": "0"
    }
  ]
}