{
  "product_title": "The Original Australian Outback Mustard 227g.",
  "byline_info": "Brand: THE ORIGINAL AUSTRALIAN",
  "product_description": "A hot and delicious spicy mustard, as hot as the Australian Outback.",
  "category": [
    "Grocery & Gourmet Food",
    "Pantry Staples",
    "Condiments & Salad Dressings",
    "Mustard",
    "Yellow Mustard"
  ],
  "alt_images": [
    "https://m.media-amazon.com/images/I/41mrYlv6XOL.jpg"
  ],
  "product_detail": {
    "Is Discontinued By Manufacturer": "No",
    "Product Dimensions": "2.5 x 2.5 x 3.75 inches; 15.87 ounces",
    "Item model number": "OB145",
    "UPC": "734027111455",
    "Manufacturer": "Original Australian Inc.",
    "ASIN": "B0001E8P0W",
    "Units": "215 Milliliters",
    "Best Sellers Rank": "#386,842 in Grocery & Gourmet Food (See Top 100 in Grocery & Gourmet Food) #416 in Yellow Mustard",
    "#416 in Yellow Mustard": "",
    "Customer Reviews": "3.5 3.5 out of 5 stars 12 ratings"
  },
  "important_information": {
    "Ingredients": "Mustard seeds, wine vinegar, water, vegetable oil, chili, horseradish, sugar, Australian reisling, spices, chipotle peppers, mountain pepper and salt.Mustard seeds, wine vinegar, water, vegetable oil, chili, horseradish, sugar, Australian reisling, spices, chipotle peppers, mountain pepper and salt.",
    "Legal Disclaimer": "Statements regarding dietary supplements have not been evaluated by the FDA and are not intended to diagnose, treat, cure, or prevent any disease or health condition.Statements regarding dietary supplements have not been evaluated by the FDA and are not intended to diagnose, treat, cure, or prevent any disease or health condition."
  },
  "rating": {
    "score": "3.5 out of 5",
    "dist": {
      "5 star": "56%",
      "4 star": "0%",
      "3 star": "0%",
      "2 star": "30%",
      "1 star": "14%"
    }
  },
  "top_comments": [
    {
      "date": "January 7, 2011",
      "title": "Amazing for BBQ",
      "score": "5.0 out of 5 stars",
      "text": "This mustard is excellent! While it may not be the mustard you'd want for everyday recipes and is by no means the subtle mustard you'd want with many sandwiches it shines when it comes time to BBQ. Using this mustard when you BBQ chicken/hamburgers/Turkey burgers(especially) and about any marinade you'd use mustard for is a real treat. There is a somewhat pungent quality to the mustard that while it smells somewhat unpleasant when you first open it, it cooks extremely well. The taste is something you can't replace.",
      "helpfulness": "3"
    },
    {
      "date": "July 20, 2017",
      "title": "... and all things mustard - so this is a wonderful",
      "score": "5.0 out of 5 stars",
      "text": "My husband loves this mustard - he loves all things spicy and all things mustard - so this is a wonderful combination",
      "helpfulness": "One"
    },
    {
      "date": "July 12, 2019",
      "title": "an aquired taste",
      "score": "1.0 out of 5 stars",
      "text": "is needed for this type of mustard yuck",
      "helpfulness": "0"
    },
    {
      "date": "January 27, 2019",
      "title": "Top line spread",
      "score": "5.0 out of 5 stars",
      "text": "This will make a sandwich top notch.",
      "helpfulness": "One"
    },
    {
      "date": "June 16, 2015",
      "title": "Five Stars",
      "score": "5.0 out of 5 stars",
      "text": "Perfect blend of mustard flavor and heat.  Will buy again.",
      "helpfulness": "One"
    },
    {
      "date": "November 10, 2011",
      "title": "Love it, love it, love it!",
      "score": "5.0 out of 5 stars",
      "text": "This mustard has such a great flavor to it, as well as a nice spicy kick! This is my favorite mustard, a perfect pairing to any sandwich!",
      "helpfulness": "One"
    },
    {
      "date": "July 31, 2014",
      "title": "Great Mustard",
      "score": "5.0 out of 5 stars",
      "text": "Great taste.  Love the spicy flavor.  The heat makes it a real treat.",
      "helpfulness": "0"
    }
  ]
}