{
  "product_title": "Taylors of Harrogate Earl Grey Loose Leaf, 4.41 Ounce Carton (Pack of 6)",
  "byline_info": "Visit the Taylors of Harrogate Store",
  "product_description": "Product Description   Our classic Earl Grey uses the finest quality black orthodox Congou leaves from China, selected for their smooth, mellow taste. We gently blend them with the natural essential oils of bergamot, a fruit with a fragrant, citrus flavour. This classic combination creates one of the world's finest and well-known speciality teas.   From the Manufacturer   Taylors of Harrogate Earl Grey Loose Tea lets you brew the perfect cup of this famous flavored tea. Said to be from a secret recipe given to Earl Grey by a Chinese Mandarin in 1830, Earl Grey tea has a distinct flavor and aroma. A blend of fine black China teas and the natural oil of bergamot, this is a full-bodied, richly-flavored treat any time of the day. Try serving it black or with a slice of lemon. This tea is boxed to help preserve its freshness. Taylors is the recipient of the British Tea Councils Best Cup of Tea in England award, which ensures that Earl Grey, like every tea they make, is of the highest quality.",
  "category": [
    "Grocery & Gourmet Food",
    "Beverages",
    "Tea",
    "Black"
  ],
  "alt_images": [
    "https://m.media-amazon.com/images/I/41OdpIv-ulL.jpg",
    "https://m.media-amazon.com/images/I/41t96PiS0GL.jpg"
  ],
  "product_detail": {
    "Package Dimensions": "11.26 x 7.64 x 3.94 inches; 4.41 ounces",
    "Item model number": "1655",
    "Manufacturer": "Taylors of Harrogate",
    "ASIN": "B000F409GG",
    "Units": "26.46 Ounce",
    "Best Sellers Rank": "#3,444 in Grocery & Gourmet Food (See Top 100 in Grocery & Gourmet Food) #27 in Black Tea",
    "#27 in Black Tea": "",
    "Customer Reviews": "4.5 4.5 out of 5 stars 7,701 ratings"
  },
  "important_information": {
    "Safety Information": "This product is labelled to United States standards and may differ from similar products sold elsewhere in its ingredients, labeling and allergen warningsThis product is labelled to United States standards and may differ from similar products sold elsewhere in its ingredients, labeling and allergen warnings",
    "Ingredients": "Black Tea, Natural Oil of Bergamot.Black Tea, Natural Oil of Bergamot.",
    "Directions": "The Perfect Cup of Tea: Use a warm teapot. Put in one tea bag per person, add freshly boiled water and leave to infuse for 4-6 minutes. Our earl grey tea can be enjoyed on its own, or with milk or lemon. Cut bag to open and store in a tin or other airtight container.The Perfect Cup of Tea: Use a warm teapot. Put in one tea bag per person, add freshly boiled water and leave to infuse for 4-6 minutes. Our earl grey tea can be enjoyed on its own, or with milk or lemon. Cut bag to open and store in a tin or other airtight container.",
    "Legal Disclaimer": "Statements regarding dietary supplements have not been evaluated by the FDA and are not intended to diagnose, treat, cure, or prevent any disease or health condition.Statements regarding dietary supplements have not been evaluated by the FDA and are not intended to diagnose, treat, cure, or prevent any disease or health condition."
  },
  "rating": {
    "score": "4.5 out of 5",
    "dist": {
      "5 star": "75%",
      "4 star": "12%",
      "3 star": "7%",
      "2 star": "2%",
      "1 star": "4%"
    }
  },
  "top_comments": [
    {
      "date": "August 23, 2024",
      "title": "Excellent Flavor, Excellent Price!",
      "score": "5.0 out of 5 stars",
      "text": "Short Version: Best price out there for excellent tea especially if you like a malty aromatic mahogany color tea to serve with Cream & Sugar or to drink Neat or even Iced. Excellent for your Kombucha too. This would also be an AMAZING gift for any Black Tea Lover in your life ~ it is an extravagant amount, yes, but not at an extravagant price. If you do the math you are getting over 2 pounds excellent quality tippy, malty scrumptious tea for less than $15 a pound. That is an amazing price. Buy Some, it keeps forever in a cool dark pantry so you can't go wrong. No fancy tool needed: just a mesh strainer or a tea ball or even buy your own unbleached empty tea bags and fill them as you like.LONG VERSION: I am not a certified Tea Master, but I am a long time enthusiast who as been in love with English Breakfast teas for well over 35 years.Appearance: there are no big shaggy leaves here, so at first it gives the impression of an Indian style CTC  (\"Cut Torn Chopped\") but upon closer examination I see a very consistent natural creosote color leaves and a smattering of delighburl fawn color tippy leaves. A high quality consistent size tea, no wee fannings here, no dust.Aroma: the dried tea lets me know I am in for a treat; something malty and lightly toasted, the hint of dried alfalfa that makes me think fondly of rich sweet livestock fodder, of a green juicy plant carefully dried, holding the sunshine within...Appearance: rich red/brown color like aged mahogany. Lovely.Mouthfeel: thinner than a Pu'er, but still just right to go with breakfast or afternoon Tea & Biscuit.Taste: Perfect Cuppa. This will pair nicely with fluffy scrambled eggs or acidic and sweet fresh fruits, it will even stand up to a mild spiced sausage and or smoky sweet bacon (if you like an especially spicy start to the day such as a spicy sausage or Hatch New Mexico Green Chiles in your modette, or a plate of Huevos Rancheros, I would try an Irish or even Scottish Breakfast tea). It is also delightful for afternoon tea or late night on the weekend Me Time.I have bought and enjoyed so many English Breakfast teas Harney & Sons (Yes Please!), Vardhan (boozy and lush! Worth the price), Positively (Very Nice I order several pounds a year!), Twinings (Yum!), Tea Forte (Nice, but $$$), Numi (Very Tasty, but $$$), New English Teas (Yummy!), Frontier (alright for every day, good budget tea), Davidsons (has been thus far reliably decent!), U.S. Wellness Naturals (meh, won't buy again). Taylors can be trusted to be The Cuppa you NEED for all occasions and still make the moment feel very extravagant. Delightful!Steeping: I do like my tea fairly strong and brew it long, maybe too long...With this tea I almost always steep as second time (often chilling the second brew for later in the afternoon if it is too hot for a cuppa).  I let it steep for 1 minute, pull the strainter up and out then put the strainer back in my teapot or cup to brew another minute ( 6 minutes total, I did say I like it strong, right?) . This brew I serve with raw sugar and half and half ( No compromise; this is Self Care here, Folks!). If I make it to serve without sugar, I only steep for 4 minutes. Use the best water you can get your hands on.Tea fixes so many woes. Not sure what to do? Put the kettle on!For a Medium Size Teapot: (5 cup capacity ~ not sure how big you teapot is? fill it with water and measure how many cups it holds!)1 level tablespoon tea (small size of these fine leaves makes it easy to measure consistently!)into a metal strainer or big \"tea bell\" style strainerAdd 1 quart of filtered water fresh off the boil (that is about 5 cups or just over 1,000 milliliters).steep 5 minutes pull strainer up, steep 1 more minute if you like it dark, like Sherlock likes itServe neat (plain) or with Half & Half and Sugar, also nice to serve with lemon (just not lemon and cream or the cream will split and look a fright!).Just want a big cozy mug of tea? Put 1 teaspoon tea in you tea bell or an unbeached drawstring paper tea bag and add boiling water, wait 5 minutes. Be sure to leave yourself room for Half & Half and Sugar if that is your preference.",
      "helpfulness": "47"
    },
    {
      "date": "August 25, 2025",
      "title": "Awesome bergamot smell!",
      "score": "5.0 out of 5 stars",
      "text": "One of the best early grey teas I ever tasted. The smell is incredible and the quality is top notch. Love that it’s in a sealed bag and in a tin,no microplastics! The taste is clean,citrusy and it’s perfect for my iced tea!I will definitely buy it again!",
      "helpfulness": "One"
    },
    {
      "date": "August 18, 2025",
      "title": "Taylors Scottish Breakfast is excellent!",
      "score": "5.0 out of 5 stars",
      "text": "Wonderful fragrant tea.  This is my 2nd purchase.  It's strong enough for me with a fantastic flavor!  Package came smashed, but I had the tin from last order.",
      "helpfulness": "0"
    },
    {
      "date": "August 23, 2025",
      "title": "Can be good, but steep for LESS than the time recommended on the box",
      "score": "4.0 out of 5 stars",
      "text": "Update-- if you steep this for two minutes rather than the recommended four to five (as stated on the box), it's MUCH better. Smoother and rich rather than harsh. The malt flavor blends better too, not so artificial tasting. Your mileage may vary, and I'm talking about a tea ball and mug, not a pot. It may take some experimenting to see what works for you, because this tea can be great or can be awful. Steep for a shorter time, even if you need to use more tea to get the strength that you want.Original review: I'm not a tea snob, but I know a good Assam when I taste it because that is my absolute favorite tea. This is just an okay Assam. It's a bit harsh, not as full-bodied as it should be, but strong in a harsh way. The taste of the malt is just a little artificial, it's a bit Malt-O-Meal rather than a rich Assam tea. Plenty of caffeine, and that makes it a good, functional black tea, but really not smooth or rich as the Assam malt should be. Not sure why. I will keep looking for a better one, because even at the low price, this is not worth facing every morning.",
      "helpfulness": "0"
    },
    {
      "date": "August 25, 2025",
      "title": "Evokes nostalgia",
      "score": "5.0 out of 5 stars",
      "text": "This Christmas tea smells like you're sitting by a fire in winter as the holidays unwind and you're warm and cozy. Not only does the smell evoke the feeling of winter warmth of the fire, it tastes warm and cozy as well. The taste is mild and blends well with other flavors like mint and raspberry or honey. It is not a smooth tasting tea, but it is definitely not a bitter tea. I can't wait to see how it is as an Iced tea.If you're looking for a warm, and comforting tea I highly recommend this Christmas blend. Brew a cup, snuggle up with a good book and enjoy the warmth of memories past and making new ones.Update:This definitely makes a great iced tea as well! Yea! Will absolutely be making more iced tea with this tea in the future.",
      "helpfulness": "0"
    },
    {
      "date": "September 7, 2025",
      "title": "Love all Taylor teas",
      "score": "5.0 out of 5 stars",
      "text": "I love all the Taylor teas and this is no exception. It’s very rich, I use it in chai tea and just by itself with a little cream and sugar, it’s perfect.",
      "helpfulness": "0"
    },
    {
      "date": "August 7, 2025",
      "title": "Strong Rose Flavor - Best Tea Ever",
      "score": "5.0 out of 5 stars",
      "text": "10/10. I love this tea hot with cream and sugar or cold with sweetened condensed milk. I brew it for probably 5 minutes and it has an incredible rose overtone that is far more explicit than other teas with rose that I've tried. This is probably the best black tea I've ever had.",
      "helpfulness": "0"
    },
    {
      "date": "August 21, 2025",
      "title": "VERY smoky",
      "score": "3.0 out of 5 stars",
      "text": "While the description mentions a mildly smoky flavor, there is nothing mild about this tea. It tastes like it was filtered through a campfire. Nice tin and packaging though.",
      "helpfulness": "0"
    }
  ]
}