{
  "product_title": "Pamela's Products Peanut Butter Chocolate Chip Cookies, 5.29-Ounce Boxes (Pack of 6)",
  "byline_info": "Visit the Pamela's Products Store",
  "product_description": "Product Description   Gourmet cookies, made with 81% organic ingredients. They are wheat-free and gluten-free and are certified organic by QAI. If dark chocolate is your love, this is all you'll ever need. Peanut butter combined with deep, dark chocolate creating the perfect combination. Since 1988, Pamela's Products have set the standard for taste with our decadent wheat-free cookies. We are proud to announce that your favorite cookies for indulging are now available in a new made with organic ingredients format. We use the highest quality organic ingredients to produce deliciously satisfying treats for those who care about their food and the impact their choices make on the environment.   About the Brand    Pamela Giusto-Sorrells' grandfather, Matthew, in front of the Golden Crescent, circa 1941.In 1941, Pamela Giusto-Sorrells' grandparents owned one of the first health food stores in San Francisco, the Golden Crescent. It was a small neighborhood natural food bakery and store offering \"brick-like\" rice, soy, and potato/lima bean breads, as well as rice and soy cookies. These were some of the first available gluten-free foods. In her youth, she had one of the few \"female\" jobs in the bakery as a cookie packer. Even as a child, and then as a bakery employee, \"I was continually amazed that dedicated customers were so thankful to find our gluten-free foods. I personally thought these products looked and tasted awful and wondered why people ate them. The typical reply was, 'Let them be happy there is something on the market for them to eat,'\" she says. Always the dessert baker at home, and after all those hours on the cookie line in the family business, she started experimenting with wheat-free baking. The challenge was to make products that tasted so good that no one would be able to tell that they were wheat-free. \"My career was born,\" she says. \"In 1988, I left the family business taking one small pallet of my belongings with my first forklift and moved two blocks away.\" On April Fool's Day, Pamela's Products became an independent business featuring wheat-free and gluten-free foods, each bite prompting the incredulous food lover to ask: \"Are you sure these are wheat-free?\" Pamela's, based in Ukiah, Calif., continues to maintain its indulgent reputation by using the finest natural ingredients, and always striving to delight the customer with delicious, decadent wheat-free and gluten-free cookies, biscotti, and baking mixes. Its products can be found throughout North America. Why Wheat-Free & Gluten-Free? People who have a wheat allergy or gluten sensitivity suffer a range of physical symptoms (for example: abdominal bloating, diarrhea, gas and low energy) as a result of eating certain grains. Gluten Intolerance, also known as Celiac Sprue, irritates the intestinal lining preventing the absorption of nutrients into the body through the small intestine. Gluten is a protein found in wheat, rye, barley, possibly oats, and other grains.",
  "category": [
    "Grocery & Gourmet Food",
    "Breads & Bakery",
    "Cookies",
    "Chocolate Chip"
  ],
  "alt_images": [
    "https://m.media-amazon.com/images/I/41GwAMT+L8L.jpg",
    "https://m.media-amazon.com/images/I/41buWSgs7jL.jpg",
    "https://m.media-amazon.com/images/I/51B3msn17XL.jpg",
    "https://m.media-amazon.com/images/I/61qjzuyic6L.jpg"
  ],
  "product_detail": {
    "Package Dimensions": "9.7 x 6.8 x 6.1 inches; 2.45 Pounds",
    "UPC": "093709401803",
    "Manufacturer": "Pamela's Products",
    "ASIN": "B000DZFMG4",
    "Units": "31.74 Ounce",
    "Customer Reviews": "3.4 3.4 out of 5 stars 39 ratings"
  },
  "important_information": {
    "Safety Information": "Our products are produced in a facility which also makes products containing: peanuts, tree nuts, dairy, eggs, and soy.Our products are produced in a facility which also makes products containing: peanuts, tree nuts, dairy, eggs, and soy.",
    "Ingredients": "Organic Peanut Butter (Peanuts and Salt), Brown Sugar, Organic Natural Evaporated Cane Sugar, Organic Chocolate Chunks (Organic Natural Evaporated Cane Sugar, Organic Chocolate Liquor, Organic Cocoa Butter, Non Gmo Soy Lecithin/Emulsifier, Gluten-free Organic Vanilla, Chunks may Contain Traces of Milk Protein Due to the Manufacturing Equipment), Organic Non-hydrogenated Palm Oil, Organic Rice Flour Base (Organic Brown Rice Flour Base (Organic Brown Rice Flour, Organic White Rice Flour, Organic Tapioca Starch, Organic Sweet Rice Flour, Xanthan Gum), Organic Eggs, Grape Juice and Rice Syrup, Baking Soda, Gluten-free Natural Flavor (Contains Soy), Sea Salt, Gluten-free Organic Vanilla (Contains Corn Derivative).Organic Peanut Butter (Peanuts and Salt), Brown Sugar, Organic Natural Evaporated Cane Sugar, Organic Chocolate Chunks (Organic Natural Evaporated Cane Sugar, Organic Chocolate Liquor, Organic Cocoa Butter, Non Gmo Soy Lecithin/Emulsifier, Gluten-free Organic Vanilla, Chunks may Contain Traces of Milk Protein Due to the Manufacturing Equipment), Organic Non-hydrogenated Palm Oil, Organic Rice Flour Base (Organic Brown Rice Flour Base (Organic Brown Rice Flour, Organic White Rice Flour, Organic Tapioca Starch, Organic Sweet Rice Flour, Xanthan Gum), Organic Eggs, Grape Juice and Rice Syrup, Baking Soda, Gluten-free Natural Flavor (Contains Soy), Sea Salt, Gluten-free Organic Vanilla (Contains Corn Derivative).",
    "Legal Disclaimer": "Statements regarding dietary supplements have not been evaluated by the FDA and are not intended to diagnose, treat, cure, or prevent any disease or health condition.Statements regarding dietary supplements have not been evaluated by the FDA and are not intended to diagnose, treat, cure, or prevent any disease or health condition."
  },
  "rating": {
    "score": "3.4 out of 5",
    "dist": {
      "5 star": "36%",
      "4 star": "11%",
      "3 star": "27%",
      "2 star": "12%",
      "1 star": "14%"
    }
  },
  "top_comments": [
    {
      "date": "March 7, 2012",
      "title": "Crummy.",
      "score": "1.0 out of 5 stars",
      "text": "As others have noted, these don't arrive as cookies.  They arrive as crumbs.  And, on top of that, the crumbs I received tasted stale.  Customer lost.",
      "helpfulness": "0"
    },
    {
      "date": "December 17, 2012",
      "title": "crumbly and mediocre",
      "score": "2.0 out of 5 stars",
      "text": "Like others stated, these arrived in crumbs.  They also didn't seem that great in taste either.  They are okay for ready made gf cookies but nothing special.  We were not impressed.  Wouldn't buy again.",
      "helpfulness": "0"
    },
    {
      "date": "August 27, 2011",
      "title": "Was: Whole Cookies! Now: Still arrive as mostly crumbs",
      "score": "3.0 out of 5 stars",
      "text": "Update 5/19/12: Enough of the crumbs already. Guess Pamela's has no interest in fixing the production. I'm canceling, there are better cookies.Update 3/20/12: My latest shipment arrived with no damage to the box, but some of the cookies were completely reduced to crumbs. Odd thing is in some cases a single 2-pack would have a whole or nearly whole cookie, and the other was totally crumbs. The manufacturer's production quality must be inconsistent, and it just takes a certain amount of shipment vibration to crumble the 'weaker' cookies. Odd thing is this is the first batch I've had that were so thoroughly reduced to tiny crumbs. Pamela's needs to tweak their manufacturing.Update 11/7/11: Ditto. Great product arrives intact. Keep shipping them in the display pack via USPS.Update 10/9/11: Ordered the 12 pack of 2 packs again, arrived in the same shelf display package, with intact cookies. Keep it up Amazon, this is working.Update 10/1/11: I took a chance and ordered another package. This one came in a long 'shelf display package', which was shipped USPS. If they stick to this packaging and shipping, I'll order these cookies regularly. So far every 2-pack has had whole complete cookies with minimal crumbs. Way to go, Amazon! I'll attach a picture under the 'customer pics'.Update 9/26/11: a second attempt resulted in larger cookie pieces, and one of the packages contained two whole complete cookiesOriginal review: The 12 pack of 2-packs was delivered in a plastic bag. They must travel around Amazon in this fashion, and are reduced to crumbles as handled by Amazon. The bag was packaged in a large box along with a 6-pack of cereal boxes; there could have been more filler around the cookies bag, but I doubt it would help much if the cookie bag is tumbling around Amazon before shipment packaging.The cookies themselves were okay, not as good as nutter-butters. Can't really judge them as cookies when most all of them were broken. There were a few almost 'halves', but they were coated in crumbs. Some of the packages had melted chocolate. Basically you have to pour the packages out into a bowl and eat them with a spoon. I agree with the last reviewer, except, I'm willing to reorder in the future if Amazon can send a replacement shipment that arrives mostly or all intact.",
      "helpfulness": "0"
    },
    {
      "date": "May 4, 2012",
      "title": "How the cookie crumbles.",
      "score": "4.0 out of 5 stars",
      "text": "These cookies are gluten and wheat free, but do contain dairy products. They are very good for the kind of snack that they are. I find them a little dry and out of three boxes, (they come as 12 packs of two cookies in a box,) only the first came with the cookies intact. A lot of them were almost all crumble with very little cookie. But if you need to stay gluten free, then you would probably enjoy them anyhow.",
      "helpfulness": "0"
    },
    {
      "date": "June 4, 2009",
      "title": "Delicious cookies--DON'T BUY ONLINE!",
      "score": "5.0 out of 5 stars",
      "text": "These cookies were a real gluten-free surprise; however, although we are used to gluten free cookies breaking apart easily, the pack of 6 was so poorly wrapped by Amazon that every cookie arrived crumbled in pieces.  Try to find these cookies in a store instead.",
      "helpfulness": "0"
    },
    {
      "date": "May 5, 2013",
      "title": "Order arrived with less cookies then I was charged for.",
      "score": "1.0 out of 5 stars",
      "text": "I received only 47 cookies of which 5 of the 47 was crumbs that could only be used to coat fish or chicken.I will not order again, and I can't find a phone number or e-mail address to voice my concerns to Amazon??",
      "helpfulness": "One"
    },
    {
      "date": "September 20, 2011",
      "title": "Crumbs - Product was not as ordered",
      "score": "2.0 out of 5 stars",
      "text": "I ordered cookies, but I received crumbs. I don't enjoy eating my cookies with a spoon. I'm never buying these online again, just local. I enjoy Pamela's Products, but I am gravely disappointed with the shipping/handling methods for this product.",
      "helpfulness": "One"
    },
    {
      "date": "September 17, 2010",
      "title": "Tasty but Crumbly - Eat them with a spoon!",
      "score": "3.0 out of 5 stars",
      "text": "Like many have said, these cookies are really tasty.  I love the flavor.  I'm only rating 3 stars because I got six boxes and every box had approximately 75% of the cookies broken/crumbled.  The recipe abviously needs to be tweaked.  That being said, I too find it difficult to not eat a whole box in one sitting.  I eat them with a spoon! They'd probably be very good sprinkled over vanilla ice cream - gotta try that.  I love the flavor of these cookies, but hope that Pamela's fixes the recipe so they don't crumble in transit (or upon the first bite if you are lucky enough to get a cookie that is completely intact). I've tried several of Pamela's cookies and this is the only one that was COA (crumbs on arrival) :-)",
      "helpfulness": "0"
    }
  ]
}