{
  "product_title": "Sea Cucumber Formula For Hip & Joint Support for Dogs - Approx. 90 Sticks",
  "byline_info": "Brand: Sea Jerky",
  "product_description": "",
  "category": [
    "Pet Supplies",
    "Dogs",
    "Treats"
  ],
  "alt_images": [
    "https://m.media-amazon.com/images/I/517aY1T2bFL.jpg"
  ],
  "product_detail": {},
  "important_information": {},
  "rating": {
    "score": "4.1 out of 5",
    "dist": {
      "5 star": "57%",
      "4 star": "0%",
      "3 star": "43%",
      "2 star": "0%",
      "1 star": "0%"
    }
  },
  "top_comments": [
    {
      "date": "June 14, 2013",
      "title": "It's Okay",
      "score": "3.0 out of 5 stars",
      "text": "The product came packed in a nice plastic container, however, it arrived with the product broken into small peices. I would like to receive product in full strips as produced. My dog loves it.",
      "helpfulness": "0"
    },
    {
      "date": "March 22, 2013",
      "title": "Sea Jerky Beef Dog Treats, just a wonderful product, highly recommend.",
      "score": "5.0 out of 5 stars",
      "text": "3/22/13Sea Jerky Beef Dog treats;This is an excellent product, which my husky enjoys very much.  We have had her on it for over a year now and I truly believe that her hips and ease of movement have improved a great deal.  In addition she likes to get  them as treats.  She now only wants these as treats instead of any of the others.  Highly recommend.",
      "helpfulness": "0"
    },
    {
      "date": "July 31, 2015",
      "title": "Three Stars",
      "score": "3.0 out of 5 stars",
      "text": "These sticks came as all broken up pieces",
      "helpfulness": "One"
    },
    {
      "date": "March 7, 2014",
      "title": "Dogs love them!",
      "score": "5.0 out of 5 stars",
      "text": "I've had all four of my dogs on sea jerky for years.  I believe it's one of the best products out there for helping with arthritic symptoms as dogs age -- and the dogs love them.  The nightly sea jerky treat is one of the highlights of their day.",
      "helpfulness": "0"
    },
    {
      "date": "September 19, 2015",
      "title": "Three Stars",
      "score": "3.0 out of 5 stars",
      "text": "Received all broken up",
      "helpfulness": "2"
    },
    {
      "date": "November 30, 2013",
      "title": "The REAL gluccosamine for dogs!",
      "score": "5.0 out of 5 stars",
      "text": "Several years ago I had a beloved German Shepard named Sam who, at 10 years old, had such severe hip arthritis she sometimes groaned  when she got up from a nap. My vet recommended Sea Jerky and after just a couple of weeks I began to see the change. After 2 months it was as if she had gone back in time to her younger years, running and playing like the old days. And not just her joints were better- she seemed healthier in every way. I gave her a piece of Sea Jerky every day for another 4 years that she was with me. Now I have a 9 year old lab who is beginning to show her age, so I am starting her on Sea Jerky. I see all the cheaper brands, but who knows how much gluccosamine and chondroitin that they REALLY have in them? I am staying with Sea Jerky from Coastside, because I KNOW their product contains what my dog needs!!",
      "helpfulness": "0"
    },
    {
      "date": "July 28, 2013",
      "title": "My black lab loves these....",
      "score": "5.0 out of 5 stars",
      "text": "My vet recommended this product after my 14 yo Black Lab came down with Rocky Mountains spotted fever.She told me to give her one per day and it would help boost her immune system. My dog loves these and hopefully they are doing the job. She's perky and moving around better. Not a replacement for antibiotics just a good supplement for immune support. Very fast shipping and delivery!",
      "helpfulness": "0"
    },
    {
      "date": "April 8, 2013",
      "title": "Highly recommend those!",
      "score": "5.0 out of 5 stars",
      "text": "I have a 9 year old collie who I believe to be mildly arthritic he started to devlop a limp/stiffness after geting up from laying down for long periods. Within about 2 months of having him on sea jerky he stopped having the issue. And if your dog(s) are fussy about taking pills sea jerky shouldn't be a problem,they smell like treats. My dog runs to the counter where they are every morning.",
      "helpfulness": "0"
    }
  ]
}