{
  "product_title": "De De Instant Thai tea with Cream and Sugar, 1.23oz x 12pks",
  "byline_info": "Brand: De De",
  "product_description": "Delicious instant drinks, enjoy thai tea anytime, just add hot water. Add ice after for cold drink.",
  "category": [
    "Grocery & Gourmet Food",
    "Beverages",
    "Tea",
    "Iced Tea"
  ],
  "alt_images": [
    "https://m.media-amazon.com/images/I/517NQxehS8L.jpg",
    "https://m.media-amazon.com/images/I/51R-WoIjhkL.jpg",
    "https://m.media-amazon.com/images/I/41dRkSFOh4L.jpg",
    "https://m.media-amazon.com/images/I/51eB8RptRFL.jpg"
  ],
  "product_detail": {
    "Is Discontinued By Manufacturer": "No",
    "Product Dimensions": "7 x 6.1 x 2.6 inches; 1.23 ounces",
    "UPC": "046872082010",
    "Manufacturer": "De De",
    "ASIN": "B000EWUO3W",
    "Units": "14.76 Ounce",
    "Best Sellers Rank": "#18,154 in Grocery & Gourmet Food (See Top 100 in Grocery & Gourmet Food) #82 in Bottled Iced Tea",
    "#82 in Bottled Iced Tea": "",
    "Customer Reviews": "4.6 4.6 out of 5 stars 626 ratings"
  },
  "important_information": {
    "Safety Information": "[PARTIAL][PARTIAL]",
    "Directions": "Add hot water to the individual pack for hot Thai tea, or add ice after for a cold drinkAdd hot water to the individual pack for hot Thai tea, or add ice after for a cold drink",
    "Legal Disclaimer": "Statements regarding dietary supplements have not been evaluated by the FDA and are not intended to diagnose, treat, cure, or prevent any disease or health condition.Statements regarding dietary supplements have not been evaluated by the FDA and are not intended to diagnose, treat, cure, or prevent any disease or health condition."
  },
  "rating": {
    "score": "4.6 out of 5",
    "dist": {
      "5 star": "78%",
      "4 star": "13%",
      "3 star": "4%",
      "2 star": "1%",
      "1 star": "4%"
    }
  },
  "top_comments": [
    {
      "date": "August 15, 2025",
      "title": "Delicious pick me up for any time of day!",
      "score": "5.0 out of 5 stars",
      "text": "Very easy to make, no guessing needed, prepackaged portions though you can adjust as needed to make it less sweet or less strong, nice creamy color and flavor, sweet as expected, fresh taste and great quality. Smells a bit like cotton candy (I definitely don’t mind that).",
      "helpfulness": "0"
    },
    {
      "date": "July 3, 2025",
      "title": "Taste amazing",
      "score": "5.0 out of 5 stars",
      "text": "I love this tea, i definitely suggest using 2 packets if ur adding ice tho, i normally put mine into the freezer or fridge and let it cool down otherwise the ice melts and makes it taste watery. Outside of that i love this product ive been ordering it like  twice a month for 3 months now and it hasn’t disappointed yet. Very easy to make just store into hot water then let cool or drink it hot, definitely a little sweet but if you like sweet things this is definitely for you, I add in a little turmeric since that is what would normally give it the orange color, but this one uses food dye/ artificial coloring. If you add the turmeric it blends right in and is a great anti inflammatory and the taste hides it perfectly!",
      "helpfulness": "One"
    },
    {
      "date": "August 14, 2025",
      "title": "Delicious Milk Tea",
      "score": "5.0 out of 5 stars",
      "text": "Fantastic, creamy, properly spiced, delicious. It's comparable to a thai restaurant",
      "helpfulness": "0"
    },
    {
      "date": "May 25, 2025",
      "title": "yum",
      "score": "4.0 out of 5 stars",
      "text": "Taste is great, does taste better hot but I think it is because when drank cold you need double the packets. easy to use",
      "helpfulness": "0"
    },
    {
      "date": "August 20, 2025",
      "title": "Awesome",
      "score": "5.0 out of 5 stars",
      "text": "My 13 year old daughter loves these, they are a mix, they are so good! She adds extra water and a tiny bit of milk and has one almost every day, they are amazing. The kids and guests love them! They also smell heavenly!",
      "helpfulness": "0"
    },
    {
      "date": "August 11, 2025",
      "title": "On repeat at my house",
      "score": "5.0 out of 5 stars",
      "text": "My family loves these. Cared it can plump you up. But they say it’s a delicious treat.",
      "helpfulness": "0"
    },
    {
      "date": "September 5, 2025",
      "title": "Perfect find",
      "score": "5.0 out of 5 stars",
      "text": "It's so good. When cravings for Thai tea it's fast and delicious",
      "helpfulness": "0"
    },
    {
      "date": "July 2, 2025",
      "title": "Good product & fast shippinh",
      "score": "5.0 out of 5 stars",
      "text": "Fast shipping & packed well.  The thi tea mix sealed in foil pouch... Good flavor",
      "helpfulness": "0"
    }
  ]
}