{
  "product_title": "SnackMasters Range Grown Turkey Jerky, Original, 2-Ounce Packages (Pack of 8)",
  "byline_info": "Brand: SnackMasters",
  "product_description": "Product Description   Range Grown. Hickory smoke flavor added. All natural; No antibiotics; No preservatives; Contains a minimum amount of corn syrup; Minimally processed; No artificial ingredients. Inspected for wholesomeness by U.S. Department of Agriculture. It's our sincere promise and commitment to provide you, our valued customer, with the finest wholesome, highest quality all natural, gourmet Turkey Jerky products possible. Our time tested old fashioned processing technique, emphasizing very strict quality control standards, guarantees you, our valued customer, a truly authentic all natural gourmet meat snack that not only taste great but is also a great source of protein. Our Free Range Grown Turkey Jerky is sliced from Natural Turkey Breast Meat that contains no antibiotics. We select only those turkeys that have been raised naturally in a range grown environment. They are never fed any animal protein. To insure your confident snacking pleasure and satisfaction, we also guarantee that our All Natural Range Grown Gourmet Turkey Jerky is completely without preservatives, artificial colors and artificial flavor enhancers. You can see, feel and taste the SnackMasters advantage.   About the Brand   Twenty years ago in a garage near Fresno, Calif., an innovative beverage executive had an idea that meat snacks should offer more than the consistency and taste of shoe leather. Jim Rekoutis knew that jerky could be flavorful, moist, and chewy, a natural product made with ingredients that were healthy. At the time, processors were turning to poultry products to entice people into consuming lower amounts of fat in their diets. \"So, I thought, why not turkey jerky?\" After more than a year of experimentation, a flavor trial, taste tests, and production problems, the first original flavor of turkey jerky without preservatives was ready for production. In 1982, SnackMasters opened its doors with the world's first turkey jerky. Ceres, Calif., near the turkey capital of the world, is home for SnackMasters. They take advantage of the locally abundant turkey to buy tons of it per month. Along with tons of beef and fish, SnackMasters makes a lot of jerky. \"However, here at SnackMasters we sacrifice high yield for high quality,\" says Rekoutis. SnackMasters yields less than other processors because they prefer processing without water or preservatives. \"By using just the right blend of sauces and spices, our jerky is better tasting, better chewing, healthier, and longer lasting than our competition. We produce what our customers demand,\" he says.  SnackMasters uses all-natural beef and free-range turkey, marinated in a mix of ingredients made in fresh batches each morning. No water is added. There are also no artificial colors, flavors, enhancers, or ingredients in their products. Plus, all phases of the processing procedure are considered handmade. \"SnackMasters is truly not a mass production-machined product,\" says Rekoutis.",
  "category": [
    "Grocery & Gourmet Food",
    "Snacks & Sweets",
    "Snack Foods",
    "Meat Snacks",
    "Jerky"
  ],
  "alt_images": [
    "https://m.media-amazon.com/images/I/41Il-k09sLL.jpg",
    "https://m.media-amazon.com/images/I/41IloaMiYbL.jpg",
    "https://m.media-amazon.com/images/I/31BC8ULI3JL.jpg",
    "https://m.media-amazon.com/images/I/41GJhgSk7OL.jpg",
    "https://m.media-amazon.com/images/I/41jXywQRQzL.jpg"
  ],
  "product_detail": {
    "Package Dimensions": "7.7 x 6.4 x 5.4 inches; 2 ounces",
    "UPC": "093443547713",
    "Manufacturer": "SnackMasters",
    "ASIN": "B000EZOOZI",
    "Units": "16.0 Ounce",
    "Customer Reviews": "3.7 3.7 out of 5 stars 20 ratings"
  },
  "important_information": {
    "Ingredients": "Range Grown Solid Turkey Breast Meat, Worcestershire Sauce (Water, Corn Syrup, Vinegar, Molasses, Soy Sauce [Water, Soybeans, Salt], Salt, Caramel, Spices, Dehydrated Garlic and Onion, Turmeric, Natural Flavor), Soy Sauce (Water, Wheat, Soybeans, Salt), Liquid Smoke, Honey, Vinegar, Spices.Range Grown Solid Turkey Breast Meat, Worcestershire Sauce (Water, Corn Syrup, Vinegar, Molasses, Soy Sauce [Water, Soybeans, Salt], Salt, Caramel, Spices, Dehydrated Garlic and Onion, Turmeric, Natural Flavor), Soy Sauce (Water, Wheat, Soybeans, Salt), Liquid Smoke, Honey, Vinegar, Spices.",
    "Legal Disclaimer": "Statements regarding dietary supplements have not been evaluated by the FDA and are not intended to diagnose, treat, cure, or prevent any disease or health condition.Statements regarding dietary supplements have not been evaluated by the FDA and are not intended to diagnose, treat, cure, or prevent any disease or health condition."
  },
  "rating": {
    "score": "3.7 out of 5",
    "dist": {
      "5 star": "59%",
      "4 star": "13%",
      "3 star": "0%",
      "2 star": "0%",
      "1 star": "28%"
    }
  },
  "top_comments": [
    {
      "date": "February 10, 2015",
      "title": "best turkey jerky on the market",
      "score": "5.0 out of 5 stars",
      "text": "Used to buy this from Trader Joe's and whole foods but both of them stopped caring it . Found out they sold it on amazon and got excited . This Jerky is hounds down my favorite in the market !",
      "helpfulness": "0"
    },
    {
      "date": "May 10, 2014",
      "title": "The worst jerky I have ever tried.",
      "score": "1.0 out of 5 stars",
      "text": "I have tried (and usually liked) turkey, beef and buffalo jerky in several different flavors from quite a few brands. This is, without exception, the worst I have eaten. It is very, very salty. There is none of the wonderfully complex flavor you should get with Teriyaki. The only flavors are salt and smoke. I have eaten several pieces (I keep hoping that the next will be a little better.) One had a decidedly \"gamey\" taste and, the one that ended any hope, tasted fishy. Since this has no fish sauce or oyster sauce in it, there should be absolutely no fishy taste. There will certainly be no repeat of this order, or any other SnackMasters product.",
      "helpfulness": "0"
    },
    {
      "date": "October 8, 2006",
      "title": "Pretty good, but a little too dry.",
      "score": "4.0 out of 5 stars",
      "text": "This stuff is pretty good, but kind of dry, giving a leathery texture---thus 4 stars instead of 5.  A little bit of moisture would have gone a long way, and I'm experimenting with rehydrating them by putting a piece of lettuce in the bag overnight (in the fridge).  The results have been inconclusive as to whether this helps, with two of us having a split decision.  The teriyaki flavor is perfect...not too salty as I expected, and the taste, if rated separately gets 5 stars.",
      "helpfulness": "3"
    },
    {
      "date": "April 8, 2018",
      "title": "The Company has the Best Jerky!!",
      "score": "5.0 out of 5 stars",
      "text": "This is the best jerky around. It's not too sweet. It doesn't taste like it has a bunch of preservatives & other crap in it.The stores around me don't sell it, so I buy it here. So YUMMY!!",
      "helpfulness": "One"
    },
    {
      "date": "December 4, 2017",
      "title": "Awful.  Dry and tasteless!",
      "score": "1.0 out of 5 stars",
      "text": "I've ordered this product for years with satisfaction but could not believe the horrible, dry and tasteless quality of this latest batch.  I understand that the price has gone up but it's almost inedible!  No refunds are promised but I hope Amazon will consider an exception in this case!",
      "helpfulness": "0"
    },
    {
      "date": "March 24, 2014",
      "title": "addicted",
      "score": "4.0 out of 5 stars",
      "text": "love this jerky. it's just a touch peppery (in a good way) and is easy to bite without being mushy. it's dry, not saucy/sticky, which i love. not hard. just wish it wasn't so expensive!",
      "helpfulness": "One"
    },
    {
      "date": "February 7, 2018",
      "title": "A delicious healthy snack!",
      "score": "5.0 out of 5 stars",
      "text": "SnackMasters turkey jerky is some of the best out there. It's high in protein and low in carbs/sugar, so it's great if you're trying to watch what you eat and enjoy a healthy snack.",
      "helpfulness": "0"
    },
    {
      "date": "December 29, 2012",
      "title": "No Good!",
      "score": "1.0 out of 5 stars",
      "text": "Did not like the taste of the jerky. Inferior quality. Gave the remainder away. I only wish that the Oberto brand has a spicy pepper type of turkey jerky.",
      "helpfulness": "0"
    }
  ]
}