{
  "product_title": "Nylabone Knuckle Bone Puppy Chew Toy for Dogs, Puppy Enrichment Teething Toys, Chew Bone for Puppies, Chicken Flavor, X-Large Dogs - Over 50 Ibs, 1 Count",
  "byline_info": "Visit the Nylabone Store",
  "product_description": "ABOUT PUPPY CHEW TOYS​Puppies use their mouths to explore their world and especially relieve teething pain! That's why Nylabone Puppy Chew toys come in all different shapes, flavors, and textures to keep your new best friend comforted and entertained. With positive reinforcement, your pup will learn that chewing on our puppy toys is not only encouraged, but a fun activity as they grow up!​THE PERFECT SIZE FOR LARGER PUPS​Encourage positive chewing habits that’ll last a lifetime with the Puppy Chew Knuckle Bone! Specially created in a larger size with soft material, this puppy essential is the pawfect option for comforting larger-breed pups in the teething phase. Plus, it has enticing flavor infused throughout and offers a safe way to satisfy your pup’s natural instinct to chew. Made with heart and purpose, this veterinarian-recommended puppy teething toy will start your new best friend off on the right paw! ​NYLABONE CHEWS BEST​What your dog chews matters! With destructive behavior among the leading reasons dogs are returned to shelters, we know healthy habits can make a life-changing difference. For 70 years, our family-founded brand continues to safely satisfy dogs’ chewing instincts and help them stay in loving forever homes!​GUARANTEED YOUR DOG WILL LOVE IT ​Before we introduce new dog products to furry friends and pet parents everywhere, we make sure our very own dogs love them first! If you’re not happy with your Nylabone chew toy for any reason, simply return it to us with the sales receipt for your money back. Or, reach out to our Consumer Care team so we can help make it right (and talk about how much we also love our dogs).​",
  "category": [
    "Pet Supplies",
    "Dogs",
    "Toys",
    "Chew Toys"
  ],
  "alt_images": [
    "https://m.media-amazon.com/images/I/41-ZZ2TruqL.jpg",
    "https://m.media-amazon.com/images/I/31g1TN7VEJL.jpg",
    "https://m.media-amazon.com/images/I/51DiChe7KSL.jpg",
    "https://m.media-amazon.com/images/I/417KcAeKFHL.jpg",
    "https://m.media-amazon.com/images/I/51GzQSCKgaL.jpg",
    "https://m.media-amazon.com/images/I/41YGEvNUYpL.jpg",
    "https://m.media-amazon.com/images/I/51s7vRnF4RL.jpg"
  ],
  "product_detail": {
    "Is Discontinued By Manufacturer": "No",
    "Product Dimensions": "7.63 x 1.25 x 2.13 inches; 5.6 ounces",
    "Item model number": "N216P",
    "Department": "Pets",
    "Date First Available": "July 1, 2004",
    "Manufacturer": "Central Garden & Pet",
    "ASIN": "B0002ASO7E",
    "Best Sellers Rank": "#635 in Pet Supplies (See Top 100 in Pet Supplies) #7 in Dog Chew Toys",
    "#7 in Dog Chew Toys": "",
    "Customer Reviews": "4.2 4.2 out of 5 stars 38,825 ratings"
  },
  "important_information": {},
  "rating": {
    "score": "4.2 out of 5",
    "dist": {
      "5 star": "66%",
      "4 star": "13%",
      "3 star": "9%",
      "2 star": "4%",
      "1 star": "8%"
    }
  },
  "top_comments": [
    {
      "date": "May 22, 2025",
      "title": "Great Starter Chew Toy for Teething Puppies",
      "score": "5.0 out of 5 stars",
      "text": "I recently purchased the Nylabone Ring Bone Chew Toy for my 3-month-old puppy, and it’s been a helpful addition to our teething toolkit. The soft, puppy-friendly material is gentle on her developing teeth and gums, and the chicken flavor keeps her engaged.The textured design with ridges and nubs not only entertains her but also helps in cleaning her teeth as she chews. It’s a relief to have a toy that satisfies her chewing instincts without resorting to furniture or shoes. ￼One thing to note is that this toy is best suited for puppies without adult teeth. As our pup grows and her chewing becomes more vigorous, we’ll likely need to transition to a more durable option. But for now, this Nylabone chew toy is serving its purpose well.",
      "helpfulness": "2"
    },
    {
      "date": "September 5, 2025",
      "title": "Good for Teething Pups",
      "score": "5.0 out of 5 stars",
      "text": "This chew toy has been great for my puppy during teething. It’s durable, the ring shape makes it easy for little paws to hold, and it keeps her busy while soothing her gums. A solid toy that holds up well to chewing and helps redirect her away from furniture.",
      "helpfulness": "0"
    },
    {
      "date": "September 3, 2025",
      "title": "Durable Bone for Small but Tough Chewers",
      "score": "5.0 out of 5 stars",
      "text": "I have a 1-year-old Papillon (5 lbs) who already has all his adult teeth, and despite his tiny size he somehow manages to tear through soft toys and even products marketed for “aggressive chewers.” I was honestly surprised at how well this bone has held up. He chews on it daily and it’s still going strong—no cracks, no chunks missing, and no sign of breaking down the way other toys do. For such a small dog with a big bite, durability is a must, and this bone has definitely delivered. I’d recommend it to anyone looking for a long-lasting chew toy, especially for small dogs with sharp teeth and a strong chew drive.",
      "helpfulness": "0"
    },
    {
      "date": "September 1, 2024",
      "title": "Decent, but small",
      "score": "4.0 out of 5 stars",
      "text": "These are pretty good puppy bones, but they are a bit small. Even with a 4 month old corgi, I do worry about her accidentally choking. But she seems to really like it. My only other issue was one of the bones had a chunk taken out of the top. Other than that, I think they are pretty decent for the price.",
      "helpfulness": "One"
    },
    {
      "date": "June 7, 2025",
      "title": "My pup is obsessed with this chicken-flavored bone!",
      "score": "5.0 out of 5 stars",
      "text": "I bought this chicken-flavored bone for my dog and it was love at first bite! He absolutely loved the taste, stayed busy for a long time, and the best part—no tummy issues at all. It’s perfect to keep him entertained and helps with his dental health too.✅ Delicious chicken flavor✅ Safe and durable✅ Great for cleaning teeth✅ He won’t let it go!If you’ve got a furry friend at home, this is the perfect treat. I’ll definitely be buying more!",
      "helpfulness": "2"
    },
    {
      "date": "September 6, 2025",
      "title": "Dog ate it",
      "score": "3.0 out of 5 stars",
      "text": "My dog ate half of it within the first 30 minutes of giving it to him. Dog loved it but I’m worried he ate the plastic. Wish it was edible or more durable.",
      "helpfulness": "0"
    },
    {
      "date": "June 2, 2025",
      "title": "The chew life chose my Frenchie",
      "score": "5.0 out of 5 stars",
      "text": "He loves it. Carries it from room to room like it’s his emotional support chew. I’ve literally caught him falling asleep with it tucked under his cute little chin. The circular shape is genius, by the way. He can toss it, grip it with his paws, and wedge it into the couch cushions for some private “me time.” The texture is clearly soothing on his teeth, which are currently doing that charming puppy thing where they try to grow in all at once. Basically, this toy is the spa day his gums needed. But the Nylabone ring is holding strong, day after day, chew session after chew session. That alone makes it worth every penny—and then some. Even my grandma noticed. She said, “We didn’t have cute little chew rings like that back in my day. We just gave the dog a stick and hoped for the best.” She’s not wrong. My Frenchie, however, is living a far more luxurious existence. This bone looks good. It’s got a rich brown shade with just a touch of sparkle. My puppy gives it five chews out of five for being just the right size for his mouth, and too keep him busy for hours.",
      "helpfulness": "2"
    },
    {
      "date": "September 2, 2025",
      "title": "Love love love",
      "score": "5.0 out of 5 stars",
      "text": "Perfect for my Cavalier puppy, must have!",
      "helpfulness": "0"
    }
  ]
}