{
  "product_title": "DaVinci SUGAR FREE Coffee Liqueur Syrup 750ml",
  "byline_info": "Visit the DaVinci Gourmet Store",
  "product_description": "DaVinci Gourmet Syrups are great for naturally flavoring all types of recipes such as cocktails, shakes, slushes, granitas, malts, baking goods, and desserts.",
  "category": [
    "Grocery & Gourmet Food",
    "Beverages",
    "Beverage Syrups & Concentrates",
    "Syrups"
  ],
  "alt_images": [
    "https://m.media-amazon.com/images/I/41gx-fkFQ+L.jpg",
    "https://m.media-amazon.com/images/I/41AWbycsnxL.jpg"
  ],
  "product_detail": {
    "Is Discontinued By Manufacturer": "No",
    "Product Dimensions": "11.25 x 2.5 x 2.5 inches; 1.59 Pounds",
    "UPC": "737384980023",
    "Manufacturer": "Da Vinci Gourmet",
    "ASIN": "B000UIAI18",
    "Units": "25.4 Fluid Ounces",
    "Best Sellers Rank": "#87,534 in Grocery & Gourmet Food (See Top 100 in Grocery & Gourmet Food) #945 in Syrups",
    "#945 in Syrups": "",
    "Customer Reviews": "4.2 4.2 out of 5 stars 372 ratings"
  },
  "important_information": {
    "Directions": "Great for espresso drinks, brewed coffee and tea, granitas, smoothies, Italian sodas, desserts, and more.Great for espresso drinks, brewed coffee and tea, granitas, smoothies, Italian sodas, desserts, and more.",
    "Legal Disclaimer": "Statements regarding dietary supplements have not been evaluated by the FDA and are not intended to diagnose, treat, cure, or prevent any disease or health condition.Statements regarding dietary supplements have not been evaluated by the FDA and are not intended to diagnose, treat, cure, or prevent any disease or health condition."
  },
  "rating": {
    "score": "4.2 out of 5",
    "dist": {
      "5 star": "66%",
      "4 star": "11%",
      "3 star": "9%",
      "2 star": "6%",
      "1 star": "8%"
    }
  },
  "top_comments": [
    {
      "date": "August 3, 2025",
      "title": "Works just as well as the name brand",
      "score": "5.0 out of 5 stars",
      "text": "This product is a great substitute for the Kahlua that you buy at the ABC store.  It is a great value, and it taste and smells just like the real thing.  Best of all for us, it is sugar-free!  The bottle was a generous size, and the color was the same as the Kahlua brand.  The only difference I could tell is, the DaVinci brand was just slightly thinner.",
      "helpfulness": "0"
    },
    {
      "date": "March 21, 2024",
      "title": "I really like it!",
      "score": "5.0 out of 5 stars",
      "text": "Very sweet. Not exactly like coffee liquor but close .  Will order again.",
      "helpfulness": "One"
    },
    {
      "date": "December 3, 2024",
      "title": "Good flavor!",
      "score": "5.0 out of 5 stars",
      "text": "Love this! Good flavor and smell.",
      "helpfulness": "0"
    },
    {
      "date": "September 1, 2024",
      "title": "Very Tasty",
      "score": "4.0 out of 5 stars",
      "text": "Really good coffee syrup flavor. Just a little aftertaste with artificial sweetner (as is common with sugar free products). I am trying for a low carb espresso martini but I haven't nailed the recipe yet. Very close! Yum!",
      "helpfulness": "0"
    },
    {
      "date": "January 6, 2023",
      "title": "VERY sweet coffee",
      "score": "5.0 out of 5 stars",
      "text": "I bought this product as a replacement for Kahlua which contains alcohol; this product does NOT contain alcohol. It tastes like really good, VERY sweet coffee. This product would be great for mixed drinks (alcohol or not); it's sweet enough it almost has to be mixed with something. I'd buy it again.",
      "helpfulness": "6"
    },
    {
      "date": "January 4, 2025",
      "title": "It is too sweet",
      "score": "3.0 out of 5 stars",
      "text": "My wife bought this to add some flavor to her protein shake but it was really sweet and she was expecting more like a coffee flavor rather than adding more sweetness",
      "helpfulness": "0"
    },
    {
      "date": "March 1, 2025",
      "title": "Disappointing",
      "score": "1.0 out of 5 stars",
      "text": "Very disappointing.  Tastes somewhat like butterscotch, but not to my liking.",
      "helpfulness": "0"
    },
    {
      "date": "June 21, 2023",
      "title": "Convenience",
      "score": "5.0 out of 5 stars",
      "text": "I needed this for a recipe. I am diabetic so I chose the sugar free thinking I could use the remainder for my morning tea. The recipe came out great but I had to pour my tea out because it didn’t work at all for me. It would be better if I could have purchased a much smaller bottle. Now I have no idea how I’ll use the rest of it",
      "helpfulness": "2"
    }
  ]
}