{
  "product_title": "Falcon Farms Inc Growers Choice Bouquet",
  "byline_info": "Brand: Falcon Farms Inc",
  "product_description": "Direct From Our Farms, Flowers are handpicked from \"Our Platinum Line\", guaranteeing the Highest Quality of Flowers Grown; a hand tied designed bouquet ready to drop into your vase. Includes: Roses, Gerbera Daisies, Alstroemeria, Carnations, Daisy Pompoms, Campanula, Matsumoto Asters, , accented Fillers, Eucalyptus, Buplerum, and Greens. Also Included a FREE ?Crystal Roman Column Vase? a $10.00 Value,...... Flowers arrive in our specially designed box to protect the quality and freshness during",
  "category": [
    "Grocery & Gourmet Food",
    "Fresh Flowers & Live Indoor Plants",
    "Fresh Cut Flowers",
    "Mixed Bouquets"
  ],
  "alt_images": [
    "https://m.media-amazon.com/images/I/51V5HY19AVL.jpg"
  ],
  "product_detail": {
    "Manufacturer": "Falcon Farms",
    "ASIN": "B000FAPPV4",
    "Customer Reviews": "2.5 2.5 out of 5 stars 4 ratings"
  },
  "important_information": {
    "Legal Disclaimer": "Statements regarding dietary supplements have not been evaluated by the FDA and are not intended to diagnose, treat, cure, or prevent any disease or health condition.Statements regarding dietary supplements have not been evaluated by the FDA and are not intended to diagnose, treat, cure, or prevent any disease or health condition."
  },
  "rating": {
    "score": "2.5 out of 5",
    "dist": {
      "5 star": "22%",
      "4 star": "0%",
      "3 star": "0%",
      "2 star": "59%",
      "1 star": "19%"
    }
  },
  "top_comments": [
    {
      "date": "August 26, 2008",
      "title": "Buyer Beware",
      "score": "1.0 out of 5 stars",
      "text": "Another no-ship flower.  There is nothing worse than thinking you have a gift covered only for it to not ship.",
      "helpfulness": "0"
    },
    {
      "date": "May 14, 2012",
      "title": "Failed to deliver as promised",
      "score": "2.0 out of 5 stars",
      "text": "This Mother's Day order was represented as being a \"Platinum Collection\" bouquet, and what arrived instead was a down-graded selection of mediocre cut flowers, some of which were already wilting. Included was a note stating that \"Mother Nature\" had not cooperated in providing Falcon Farms with the assortment of blossoms as represented in their online offering, but they had made \"appropriate\" substitutions. Having ordered less expensive arrangements from this vendor in the past, I find their decision to offer a lesser product (and with no offer of a refund for the downgrade) inexcusable. I do not recommend this vendor, and will not use them in the future. Their quality control (not to mention customer service) is obviously slipping; I recommend you take your business elsewhere.",
      "helpfulness": "0"
    },
    {
      "date": "July 6, 2007",
      "title": "Flowers!",
      "score": "5.0 out of 5 stars",
      "text": "I bought these flowers for Mothers Day. I order these flowers early thinking it would take at least a week to get them. They came two days later!! I thought oh no there not going to look good on Mothers Day,to my surprised they lasted 21/2 weeks!! I guess straight from the farm really works. I highly recommend this product. Oh and they came with a beautiful crystal vase!! NOT BAD!!!",
      "helpfulness": "6"
    },
    {
      "date": "February 9, 2008",
      "title": "Avoid this merchant!",
      "score": "1.0 out of 5 stars",
      "text": "Avoid Falcon Farms!  They do not deliver what they advertise.  I ordered approximately one week ago and did not receive anything even remotely similar to what was pictured in the ad.  I feel completely deceived.  Avoid!",
      "helpfulness": "0"
    }
  ]
}