{
  "product_title": "Candy Necklace",
  "byline_info": "Brand: Necco",
  "product_description": "",
  "category": [],
  "alt_images": [
    "https://m.media-amazon.com/images/I/212PAG8brkL.jpg"
  ],
  "product_detail": {
    "Manufacturer": "Nassau",
    "ASIN": "B0000T15GY",
    "Units": "100.0 Count",
    "Customer Reviews": "4.8 4.8 out of 5 stars 2 ratings"
  },
  "important_information": {
    "Legal Disclaimer": "Statements regarding dietary supplements have not been evaluated by the FDA and are not intended to diagnose, treat, cure, or prevent any disease or health condition.Statements regarding dietary supplements have not been evaluated by the FDA and are not intended to diagnose, treat, cure, or prevent any disease or health condition."
  },
  "rating": {
    "score": "4.8 out of 5",
    "dist": {
      "5 star": "75%",
      "4 star": "25%",
      "3 star": "0%",
      "2 star": "0%",
      "1 star": "0%"
    }
  },
  "top_comments": [
    {
      "date": "January 5, 2007",
      "title": "Taste lacks",
      "score": "4.0 out of 5 stars",
      "text": "Not as tasty as some of the others out there, but for the bulk, I'd pay again.",
      "helpfulness": "One"
    },
    {
      "date": "June 9, 2011",
      "title": "Awesome!",
      "score": "5.0 out of 5 stars",
      "text": "I highly recommend these candies, they are that best! They are really good for the price. They come individually wraped which is nice, the colors are direrent from picture, they are bright colors which I love, because I can give it to girls and boys! They are also Oriental Traiding Brand and in their website, they have really good reviews for this item just look on their website an look for this item #5/923, I can not be more happy, the kids loves them!",
      "helpfulness": "0"
    }
  ]
}