{
  "product_title": "Jell-O Cook & Serve Rice Pudding, 3.4-Ounce Boxes (Pack of 24)",
  "byline_info": "Brand: Jell-O",
  "product_description": "About the Brand   In 1897, Pearl Wait adapted an 1845 patent for a gelatin dessert, and his wife, May Davis Wait, named the new product Jell-O brand gelatin. Decades later, in 1899, Orator Francis Woodward bought the rights to Jell-O brand gelatin from Mr. Wait for $450. Three years later, Woodward launched the advertising campaign, \"America's most favorite Dessert\" for Jell-O. Today, Jell-O, which now includes pudding and other desserts, is a member of the Kraft family of brands. About Kraft Kraft has come a long way since 29-year-old James L. Kraft moved from Ontario, canada, to Chicago and started selling cheese to grocers from a horse-drawn wagon. In fact, the story dates back further, since for more than 200 years, many companies have united to make Kraft Foods what it is today. It started before the Revolution--in Dorchester, Massachusetts--when, in 1765, a local physician, Dr. James Baker, went into partnership with a young Irish chocolate-maker, John Hannon. It was America's first chocolate mill, where, in 1780, they made a blend of quality chocolate called Baker's chocolate. Baker's chocolate was the first of a long list of companies that have joined Kraft Foods, Inc., in making good food for busy families.  In 1988, Kraft became part of Philip Morris Companies Inc., and a year later Philip Morris Companies combined Kraft and General Foods Corp. to form Kraft General Foods, the largest food company in the U.S. Some of the most popular and well-known brands in the Kraft family include Maxwell House, Yuban, Oscar Mayer, Breakstone, Grape-Nuts, Jell-O, Post, Minute Rice, Cheez Whiz, Cracker Barrell, Tang, Cool Whip, Shake 'N Bake, Stove Top, General Foods International Coffees, and many, many more.   From the Manufacturer   Creamy, cool, and satisfying, it's no wonder Jell-O Pudding has been an American family favorite for more than 63 years. Jell-O Americana Rice Pudding and Pie Filling is not only delicious but also high in calcium. Everyone loves the flavor of this creamy pudding. In fact, 64 percent of moms say Jell-O Pudding is a favorite snack for kids. When you could go for something rich, smooth, and delicious, turn to Jell-O Americana Rice Pudding and Pie Filling.",
  "category": [
    "Grocery & Gourmet Food",
    "Pantry Staples",
    "Cooking & Baking"
  ],
  "alt_images": [
    "https://m.media-amazon.com/images/I/51lOQoaSA5L.jpg",
    "https://m.media-amazon.com/images/I/51DsV4YisnL.jpg",
    "https://m.media-amazon.com/images/I/61jNbNSDodL.jpg",
    "https://m.media-amazon.com/images/I/51mADwpZXAL.jpg"
  ],
  "product_detail": {
    "Package Dimensions": "16.3 x 8.9 x 3.7 inches; 6.55 Pounds",
    "UPC": "043000206607",
    "Manufacturer": "Sun Maid",
    "ASIN": "B000E1HVL6",
    "Units": "82.0 Ounce",
    "Customer Reviews": "4.8 4.8 out of 5 stars 10 ratings"
  },
  "important_information": {
    "Ingredients": "Sugar, Enriched Precooked Long Grain Rice, (Precooked Rice, Ferric Orthophosphate (Iron), Niacinamide, Thiamin Mononitrate, Folic Acid), Cornstarch, Modified Cornstarch, Contains less than 2% of Skim Milk, Natural Flavor, Artificial Flavor, Calcium Carrageenan (Thickener), Salt, Polysorbate 60 (Prevents Scorching), Artificial Color, Mono and Diglycerides (Prevent Foaming), Yellow 5, Yellow 6.Sugar, Enriched Precooked Long Grain Rice, (Precooked Rice, Ferric Orthophosphate (Iron), Niacinamide, Thiamin Mononitrate, Folic Acid), Cornstarch, Modified Cornstarch, Contains less than 2% of Skim Milk, Natural Flavor, Artificial Flavor, Calcium Carrageenan (Thickener), Salt, Polysorbate 60 (Prevents Scorching), Artificial Color, Mono and Diglycerides (Prevent Foaming), Yellow 5, Yellow 6.",
    "Directions": "1. Stir pudding mix into 2 cups skim milk in medium saucepan. If desired, add 1/4 cups raisins. 2. Stirring constantly, cook on medium heat until mixture comes to full boil (Mixture will be thin. Pudding thickens as it cools). Remove from heat. 3. Cool 15 minutes, stirring twice. Pour into bowl. Serve warm or chilled. Stir before serving. Sprinkle with cinnamon or nutmeg, if desired. Store leftover pudding in refrigerator. Makes 4 (1/2 cup) servings.1. Stir pudding mix into 2 cups skim milk in medium saucepan. If desired, add 1/4 cups raisins. 2. Stirring constantly, cook on medium heat until mixture comes to full boil (Mixture will be thin. Pudding thickens as it cools). Remove from heat. 3. Cool 15 minutes, stirring twice. Pour into bowl. Serve warm or chilled. Stir before serving. Sprinkle with cinnamon or nutmeg, if desired. Store leftover pudding in refrigerator. Makes 4 (1/2 cup) servings.",
    "Legal Disclaimer": "Statements regarding dietary supplements have not been evaluated by the FDA and are not intended to diagnose, treat, cure, or prevent any disease or health condition.Statements regarding dietary supplements have not been evaluated by the FDA and are not intended to diagnose, treat, cure, or prevent any disease or health condition."
  },
  "rating": {
    "score": "4.8 out of 5",
    "dist": {
      "5 star": "81%",
      "4 star": "19%",
      "3 star": "0%",
      "2 star": "0%",
      "1 star": "0%"
    }
  },
  "top_comments": [
    {
      "date": "July 30, 2013",
      "title": "Quick and Easy",
      "score": "5.0 out of 5 stars",
      "text": "I purchased this item as it was not available in any store near me.  I made this pudding about the time strawberries came in season. I put the budding in tall parfait glasses, with strawberries on top and cool whip on the top of the strawberries and it look so great and everyone liked it.  Made it in no time at all.....Great to have on hand in case you have guests....like we do it our B & B",
      "helpfulness": "0"
    },
    {
      "date": "January 18, 2008",
      "title": "very good",
      "score": "4.0 out of 5 stars",
      "text": "My husband loves rice pudding, and this is an easier way for me to make it than from scratch. He says that the taste is excellent.",
      "helpfulness": "One"
    },
    {
      "date": "July 18, 2013",
      "title": "Finally found them",
      "score": "5.0 out of 5 stars",
      "text": "This pudding mix is an excellent product and easy to fix.  Add raisins, 2/3 cap of vanilla extract and a sprinkle of cinnamon to the mix.  Serve warm or cold, cold is best.  Sprinkle on some cinnamon sugar and enjoy.  Problem is that you can't find it on the retail shelf anymore.  That's why we bought a whole case when we found it on Amazon.  It's worth having on hand.",
      "helpfulness": "0"
    },
    {
      "date": "September 7, 2011",
      "title": "Jellow Rice pudding",
      "score": "4.0 out of 5 stars",
      "text": "This is the only rice pudding someone who comes over will eat.  I think it is plenty expensive, but we eat every bit of it.  I had a case delivered to my door.  It was a blast to have all I ever want, because I cannot usually find it in the stores.",
      "helpfulness": "0"
    },
    {
      "date": "April 9, 2008",
      "title": "GREAT PRODUCT!",
      "score": "5.0 out of 5 stars",
      "text": "Delicious rice pudding which is quick and easy to make!  I can't find it in my local stores anymore, though. The packaging has changed, and it is no longer called Americana Rice pudding, just Fat-Free Rice Pudding. Still has the same ingredients, though, and very tasty!",
      "helpfulness": "3"
    },
    {
      "date": "July 30, 2013",
      "title": "MY FAVORITE PUDDING",
      "score": "5.0 out of 5 stars",
      "text": "EASY TO MAKE AND TASTES GREAT- THEY ARE ALWAYS SOLD OUT AT MY STORE SO THIS IS AN EXCELLENT WAY OF BUYING THEM",
      "helpfulness": "0"
    },
    {
      "date": "January 29, 2016",
      "title": "Five Stars",
      "score": "5.0 out of 5 stars",
      "text": "easy and delicious - would buy again",
      "helpfulness": "0"
    },
    {
      "date": "September 14, 2013",
      "title": "I can not find this item anywhere but on Amazon!",
      "score": "5.0 out of 5 stars",
      "text": "I love this Rice Pudding! I have found it to be the best made. The stores near me all have quit stocking it. Thank GOD for Amazon!",
      "helpfulness": "One"
    }
  ]
}