{
  "product_title": "Bigelow Tea Constant Comment Green Tea, Caffeinated, 20 Count (Pack of 6) 120 Total Tea Bags",
  "byline_info": "Visit the Bigelow Tea Store",
  "product_description": "Product Description   Our original “Constant Comment” recipe is so successful that it was only natural that we created a version with Green Tea. The delicate smooth flavor of green tea combined with orange rind and sweet spices gives you a modern day classic that is still to this day blended only by a member of the Bigelow Family.   About the Brand   The Bigelow Tea Story Beginning the moment our founder, Ruth Campbell Bigelow created \"Constant Comment\" Tea in her kitchen in 1945, our family has focused on just one thing trying to make the finest teas possible. Over the years we have introduced many new flavors as well as concepts in tea. Today we offer a selection of deliciously different blends of teas and green teas, a wide variety of herbal teas and teas flavored with real fruit juice. Today Bigelow Tea is the number one specialty tea company in the United States. And to think it all began with the first legendary black tea flavored with golden orange rind and sweet spice \"Constant Comment\"Tea. Bigelow takes immense pride in providing the tea drinking community with the best tea at a great value. We only use hand- picked teas, real spices, flavors and herbs. The flavors and blends we have created are second to none. Some of our teas contain up to twenty different ingredients! And because tea is a leaf that can dry out we take steps to protect it. To keep the teas fresh, we seal our tea bags in protective packets. We simply have to protect those delightful flavors. That's why a cup of Bigelow Tea is aromatic and delicious; a true indulgence for the senses.",
  "category": [
    "Grocery & Gourmet Food",
    "Beverages",
    "Tea",
    "Tea Samplers"
  ],
  "alt_images": [
    "https://m.media-amazon.com/images/I/514h6hXSQzL.jpg",
    "https://m.media-amazon.com/images/I/51SCXh-2nGL.jpg",
    "https://m.media-amazon.com/images/I/51qthXu970L.jpg",
    "https://m.media-amazon.com/images/I/51iRuJ7EP-L.jpg",
    "https://m.media-amazon.com/images/I/41c1PWlUvcL.jpg",
    "https://m.media-amazon.com/images/I/51ge486uZwL.jpg",
    "https://m.media-amazon.com/images/I/51h7tbVIyXL.jpg"
  ],
  "product_detail": {
    "Is Discontinued By Manufacturer": "No",
    "Package Dimensions": "10 x 5.83 x 5.63 inches; 3.36 ounces",
    "Item model number": "072310008052",
    "Department": "Grocery & Gourmet Food",
    "Manufacturer": "R.C. Bigelow, Inc",
    "ASIN": "B000GG1O6C",
    "Units": "120 Count",
    "Best Sellers Rank": "#603 in Grocery & Gourmet Food (See Top 100 in Grocery & Gourmet Food) #2 in Tea Samplers",
    "#2 in Tea Samplers": "",
    "Customer Reviews": "4.7 4.7 out of 5 stars 31,531 ratings"
  },
  "important_information": {
    "Safety Information": "This product is labelled to United States standards and may differ from similar products sold elsewhere in its ingredients, labeling and allergen warningsThis product is labelled to United States standards and may differ from similar products sold elsewhere in its ingredients, labeling and allergen warnings",
    "Ingredients": "Green tea, rind of oranges, sweet spice, natural flavor (soy lecithin)Green tea, rind of oranges, sweet spice, natural flavor (soy lecithin)",
    "Directions": "Hot Tea: One Cup: Pour boiling water over tea bag in a cup and steep for 1 to 2 minutes. Six Cups: Place 3 tea bags in a teapot. Add one quart boiling water. Steep 5 minutes. You can serve this tea as is or with sugar or honey. Iced Tea: One Quart: Add four tea bags to one quart boiling water. Brew 7 to 10 minutes, remove tea bags. Allow to cool and serve over ice.Hot Tea: One Cup: Pour boiling water over tea bag in a cup and steep for 1 to 2 minutes. Six Cups: Place 3 tea bags in a teapot. Add one quart boiling water. Steep 5 minutes. You can serve this tea as is or with sugar or honey. Iced Tea: One Quart: Add four tea bags to one quart boiling water. Brew 7 to 10 minutes, remove tea bags. Allow to cool and serve over ice.",
    "Legal Disclaimer": "Statements regarding dietary supplements have not been evaluated by the FDA and are not intended to diagnose, treat, cure, or prevent any disease or health condition.Statements regarding dietary supplements have not been evaluated by the FDA and are not intended to diagnose, treat, cure, or prevent any disease or health condition."
  },
  "rating": {
    "score": "4.7 out of 5",
    "dist": {
      "5 star": "85%",
      "4 star": "10%",
      "3 star": "3%",
      "2 star": "0%",
      "1 star": "2%"
    }
  },
  "top_comments": [
    {
      "date": "August 20, 2025",
      "title": "LOVE IT",
      "score": "5.0 out of 5 stars",
      "text": "I’ve been drinking Bigelow Green Tea for years, and it continues to be my favorite. The flavor is smooth, consistent, and never bitter, perfect for daily drinking. This pack of 6 is a great value, and I like knowing I always have plenty on hand.My order arrived with the outer box slightly damaged, but all of the tea bags inside were perfectly intact, so no issues there. Overall, Bigelow delivers reliable quality every time, and I’ll keep repurchasing.",
      "helpfulness": "2"
    },
    {
      "date": "September 9, 2025",
      "title": "tastes good",
      "score": "5.0 out of 5 stars",
      "text": "great product",
      "helpfulness": "0"
    },
    {
      "date": "July 14, 2025",
      "title": "This is our all day every day tea.  Love the mild flavor and you can't beat this price!",
      "score": "5.0 out of 5 stars",
      "text": "This is our everyday tea that my hubbs and I use every single day.  We try not to do a ton of caffeine, so we switch to tea after our first morning coffee.  When we first tasted this, it was everything you'd want.  The lemon adds a really nice, calming flavor to this.  It's a mild flavoring.  We priced this out at many places and used to get it at Walmart, but this seller sells this cheaper, and we've been really happy with the product we've received.  We love that this is not an intense tasting tea, but is great to sip on all afternoon.  This is the best price we've found, so I exclusively buy from this seller. Thanks for making it so easy to find and love!",
      "helpfulness": "3"
    },
    {
      "date": "July 27, 2025",
      "title": "yummy tea at a good quality",
      "score": "5.0 out of 5 stars",
      "text": "Thought I was ordering a box of tea for my mom, ended up ordering BOXES of tea. Please be mindful of the amount you are ordering so you don't have the same problem that I did!! However, this tea was the exact same taste and quality that my mom liked. She drank all the boxes so I guess buying them was worth it, but for sure a shock when it first arrived!!",
      "helpfulness": "2"
    },
    {
      "date": "August 5, 2025",
      "title": "One of the best flavors!",
      "score": "5.0 out of 5 stars",
      "text": "Love this flavor in green tea!  Love the orange and light clove flavor, I add a little honey to make it perfect.  Hard to find in local stores, so I always buy the 6 box package on Amazon.  With 20 tea bags per box, this lasts me a long time. I drink this several times a week all year long.  It makes a good flavorful iced tea as well. Green tea has a much lower dose of caffeine, so I can drink it in the afternoon for a pick-me-up and not have issues falling asleep from too much caffeine.",
      "helpfulness": "2"
    },
    {
      "date": "August 29, 2025",
      "title": "Delicious!",
      "score": "4.0 out of 5 stars",
      "text": "This is my favorite tea! I order it frequently. It used to come in decaf, but that has been discontinued so I took off one star for that. It’s a very subtle flavor not really spicy not really fruity. Just a nice blend of flavors. I don’t put anything in it like honey or sugar or anything. Just hot water and the teabag. Delicious!",
      "helpfulness": "0"
    },
    {
      "date": "August 29, 2025",
      "title": "Great product, reliable seller.",
      "score": "5.0 out of 5 stars",
      "text": "Had all the herbal tones I was looking for in a jasmine green tea. It was fresh and arrived promptly.",
      "helpfulness": "0"
    },
    {
      "date": "August 24, 2025",
      "title": "Good tea,  good price",
      "score": "5.0 out of 5 stars",
      "text": "Good quality green tea at a great price.",
      "helpfulness": "0"
    }
  ]
}