{
  "product_title": "Dough Enhancer, 1 lb.",
  "byline_info": "Brand: Barry Farm",
  "product_description": "Dough Enhancer, 1 lb.",
  "category": [
    "Grocery & Gourmet Food",
    "Pantry Staples",
    "Cooking & Baking",
    "Flours & Meals",
    "Wheat Flours & Meals"
  ],
  "alt_images": [
    "https://m.media-amazon.com/images/I/41OQApyab6L.jpg",
    "https://m.media-amazon.com/images/I/41WsAr1CjvL.jpg",
    "https://m.media-amazon.com/images/I/51K1r+rjPtL.jpg",
    "https://m.media-amazon.com/images/I/41BdEMhe9pL.jpg"
  ],
  "product_detail": {
    "Package Dimensions": "8.66 x 6.65 x 2.05 inches; 15.84 ounces",
    "UPC": "050647100038",
    "Manufacturer": "Barry Farm",
    "ASIN": "B0001AVTDQ",
    "Units": "16.0 Ounce",
    "Customer Reviews": "4.4 4.4 out of 5 stars 595 ratings"
  },
  "important_information": {
    "Legal Disclaimer": "Statements regarding dietary supplements have not been evaluated by the FDA and are not intended to diagnose, treat, cure, or prevent any disease or health condition.Statements regarding dietary supplements have not been evaluated by the FDA and are not intended to diagnose, treat, cure, or prevent any disease or health condition."
  },
  "rating": {
    "score": "4.4 out of 5",
    "dist": {
      "5 star": "68%",
      "4 star": "18%",
      "3 star": "7%",
      "2 star": "2%",
      "1 star": "5%"
    }
  },
  "top_comments": [
    {
      "date": "December 1, 2014",
      "title": "Dough Enhanser",
      "score": "5.0 out of 5 stars",
      "text": "This  gives homemade bread a nicer texture. It works well. Perhaps too well!  When I returned home after putting a loaf in the bread maker I found that half of the loaf was gone! It seems that my husband and son were responsible for the disappearance. Good dough enhancer is important since my husbands allergies require that I make bread rather than purchase it.",
      "helpfulness": "2"
    },
    {
      "date": "October 16, 2020",
      "title": "Enhance your dough",
      "score": "5.0 out of 5 stars",
      "text": "The bread enhancer makes the bread more fluffy has a better taste to the bread.  The bread is not dense and the smell of the bread is delicious.",
      "helpfulness": "2"
    },
    {
      "date": "April 21, 2022",
      "title": "Does make a difference",
      "score": "4.0 out of 5 stars",
      "text": "So it doesn't make a huge difference but it does make a noticeable one. Just follow the instructions on the bag. I've use it a couple of times to make baguettes and hoagie rolls and works well.",
      "helpfulness": "0"
    },
    {
      "date": "October 21, 2021",
      "title": "Just arrive in Time !!!",
      "score": "5.0 out of 5 stars",
      "text": "This is very helpful, my dough is very easy to control and work with. My donuts are pluffy and so tasty.",
      "helpfulness": "3"
    },
    {
      "date": "June 29, 2016",
      "title": "I'm so glad I ordered it",
      "score": "5.0 out of 5 stars",
      "text": "I recently came across a recipe that called for \"dough enhancer\"  I had never heard of it.  I'm so glad I ordered it, this product changed my baking ways forever!  Everything is coming out better and looks like the pictures in the magazines.  I will be purchasing this product in the future.",
      "helpfulness": "10"
    },
    {
      "date": "October 16, 2022",
      "title": "good product",
      "score": "3.0 out of 5 stars",
      "text": "my wife uses it when she makes her own bread",
      "helpfulness": "0"
    },
    {
      "date": "March 7, 2012",
      "title": "My wife loves it.",
      "score": "5.0 out of 5 stars",
      "text": "I am buying this product for 2 years now, and if I am not ordering it in time....So I agree with all those people with bad experiences.My wife bakes our bread every second day.She is kneading the dough by hand, leaving it to raise than again.It becomes an enormous size bread finally, and I cant eat the publix bread no more.The secret could be the kneading, the warm weather,(Florida) or the spelt, but without this mix,it does not raise that much.So I am keep buying it.This is strictly my opinion, all the others could be right.",
      "helpfulness": "2"
    },
    {
      "date": "August 27, 2016",
      "title": "I had no idea of this secret.",
      "score": "5.0 out of 5 stars",
      "text": "I'm fairly new to making no knead breads.  In doing my research, I discovered dough enhancers that make breads look and taste like the professionals do.  I never heard of it before, so I ordered it on Amazon and it came in 2 days.  I am delighted with the results of my breads and rolls and so is my husband.  I have not been baking in this hot S.Carolina summer, but I will return soon and post a photo of my no knead breads.",
      "helpfulness": "25"
    }
  ]
}