{
  "product_title": "Fast-Clumping All-Natural Cat Litter, 40lb Bag",
  "byline_info": "Visit the sWheat Scoop Store",
  "product_description": "sWheat Scoop is an all-natural cat litter made from naturally renewable wheat. With no harmful ingredients typically found in clay litter, it is a no-worries kind of cat litter. The natural wheat enzymes neutralize odor on contact, and wheat starches clump firmly for easy scooping. Add in that it’s 100% biodegradable, and you’ve got yourself a pretty sWheat litter for you and your furry friends.",
  "category": [
    "Pet Supplies",
    "Cats",
    "Litter & Housebreaking",
    "Litter"
  ],
  "alt_images": [
    "https://m.media-amazon.com/images/I/51aaQEcA+JL.jpg",
    "https://m.media-amazon.com/images/I/413DdQXsQeL.jpg"
  ],
  "product_detail": {
    "Is Discontinued By Manufacturer": "No",
    "Product Dimensions": "5 x 18 x 32 inches; 40.5 Pounds",
    "Item model number": "55322890",
    "Department": "Litter & Accessories",
    "Date First Available": "December 20, 2002",
    "Manufacturer": "United Natural Trading Co.",
    "ASIN": "B000084F04",
    "Customer Reviews": "2.6 2.6 out of 5 stars 84 ratings"
  },
  "important_information": {},
  "rating": {
    "score": "2.6 out of 5",
    "dist": {
      "5 star": "15%",
      "4 star": "17%",
      "3 star": "12%",
      "2 star": "33%",
      "1 star": "23%"
    }
  },
  "top_comments": [
    {
      "date": "January 5, 2011",
      "title": "A Life-Changingly Awful Product",
      "score": "1.0 out of 5 stars",
      "text": "Holy Mother of God.I experienced this affront to all five senses via my girlfriend, who had, admirably, attempted to use an enviro-friendly product to collect her cat's bodily excretions. While it may or may not be friendly to the outdoors, it fails horrifically as a cat litter.1. Clumping. If, by \"clumping,\" you mean \"forms a heavy, dough-like glutenous paste,\" you have found your litter. The back of the box, where Calvin piddles, was instantly and constantly filled with a reeking, lava like mudslide, of such dense and sticky consistency that it was nearly impenetrable to a standard scoop, and clung tenaciously to the wall of the box. It was like making a modeling clay from heavy sand, flour, and corn syrup. Two scoops valiantly gave their lives trying to pry this nightmare from it's perch.2. Odor. Now, let's establish something. I have a high tolerance for messes. I've worked in food service, hauling Summer-ripened bags of trash, half food waste, half cashew-sized maggots, dribbling their secretions across the floor, me, and anyone unfortunate enough to get near, for a period of years. Not my fondest memories, but I dealt, heck, I got a kick laughing at my fellow employees if their constitution prevented them from lending a hand.That said, this product generates a hellish stench. The box was scooped daily, or nearly so. I have no idea how the cat stayed in their long enough to commit his excretory functions. The smell of urine and ammonia battered my nose like a pro boxer built from pee. Of course, given the sludgy consistency (see #1), I was doomed to enjoy this assault for several minutes at an eye-watering stretch.The pee smell, however, was only the tip of the stinky iceberg.Ever gotten sick from over-eating, or maybe a plate of food gone bad? Say, for example, lobster. Dinner's over, you're thinking \"mmm, tasty, butter-soaked, sweet lobster meat,\" when suddenly, your entire digestive tract is pummeled by several MMA expert bacteria strains, and you spend four hours in the bathroom, as your stomach competes with your large intestine in a race to wring out to total vacancy. The worst part: the overwhelming taste and smell of the digestive-fluid washed tainted lobster is clearly identifiable as your original meal, the sweet, greasy meat now blended with bile and the overwhelming aroma of your failing bowel. That will be the last lobster you order for a decade or two. This isn't a derail, there's a point upcoming:2(a). The odor. Just the stench of urine fertilized by wheat byproducts would be unbearable, but the olfactory insult to injury is that this is, in fact, wheat. You know, the stuff they make bread, noodles, pizza and so on from. The smell of raw, warm dough is comprehensively integral with the overall stench of this ghastly substance. Imagine for a moment, you came across a bread recipe: 2 cups flour, 1tsp sugar, 1 package of yeast, and 1 cup of warm cat urine. Mix well, and place in a warm oven to rise. Now, hover your head 10\" over the bowl, while you exert yourself mightily trying to pry a silicon putty-like mass from the wall of a litter box without shattering your last litter scoop, your elevated respiration drawing the deadly waft of rancid bread into the base of your lungs with each gagging gasp. Good times.3. Everything else. It's absorbency is poor. A side effect of the piss-poor clumping is that the liquid waste spreads around, tying up a massive amount of litter. Price. Yay! It cost far more than regular litter to begin with, and you toss out half the box every day? Where do I sign? Dust. Fortunately, after scarring your sinuses with yeasty ammonia, powdered chaff is almost pleasant. Tracking. No advantage over regular litter.Avoid this trash, you are better off not keeping a box, and let your pets do what they will. It will take less time to clean the mess than the box, the smell won't be as bad, and you won't have to quit eating bread.I award you no points, and may God have mercy on your soul.",
      "helpfulness": "31"
    },
    {
      "date": "October 24, 2014",
      "title": "Not for my cat or me",
      "score": "2.0 out of 5 stars",
      "text": "I cannot use this anymore.  I've tried to like it, but I can't.  The only good thing about it is it's non-toxic and biodegradable.  My cat urinates a lot because he has had UTIs and I give him a lot of fluids in his food.  This creates a hardened, nasty mess in the box and I have to keep adding layers of litter to cover the big spots of urine or else change the litter more frequently.  The urine spots are NOT scoopable, because they do NOT clump.  My cat can't even cover his feces because the litter gets hardened after it is dry, so the feces just lay on top of the litter until I clean it up.  No way I am putting him (or me) through this again.  The litter is no bargain when you have to keep adding more and more to cover everything or have to change the litter more often.  I used cheap clay-based litter from the grocery store with both of my other two cats, and now with this cat I wanted to be eco-friendly and keep my cat healthier with the non-toxic stuff after reading about it.  I would not recommend this litter to anyone.  It gets two stars only because it is eco-friendly.  I don't know what else to try.  I didn't find other brands of eco-friendly litter, even the highest-rated brand, to be any more effective with urine odor control and consistency of litter after use.  Back to more online cat litter research......",
      "helpfulness": "2"
    },
    {
      "date": "February 23, 2014",
      "title": "Smells like puke but the cats like it",
      "score": "3.0 out of 5 stars",
      "text": "OK, so I tried this because I figured it would track less in the house and it's more environmentally friendly.Day 1:  Threw out the old litter & cardboard liner, washed out the pan.  Insert brand new cardboard liner and this stuff.  After about half a day I noticed there was a smell in the house that was different, kinda unpleasant, found it was this stuff.To me it smells like puke.  Yup, not what you want when scooping poop.Day 2: Not quite so bad.  Smell no longer permeates house, but maybe I just got used to it.Day 3: Contemplating chucking this stuff and going back to the in-case-of-emergency Arm and Hammer.That's the bad, now for the good:It's not very heavy, so pickup up a litter box full of litter isn't such a strain on my back.Cats are still using it, hence 2 stars, but I'm waiting for the steaming pile in the middle of the living room telling me they don't like it.EDIT:After about a week, although I don't like it, the cats do seem to be fine with it.  I ended up pouring the entire bag into their box and just cleaning it 2x a day.  Aside from the puke smell up close, there is no odor that spreads into the house.  I've not put any more in the litterbox for about 4 days now and there is no smell in the house.",
      "helpfulness": "2"
    },
    {
      "date": "October 24, 2007",
      "title": "bay leaf for the moths",
      "score": "4.0 out of 5 stars",
      "text": "I've been using Swheat Scoop for years - switched from World's Best(which, alas, had too much dust for me.  Swheat Scoop is fine with the cats and doesn't get tracked around as much as some other brands.There is a problem with food moth infestations in our now hotter summers. Cure: crumple up a few bay leaves in the open litter tray and pop a few in the bag of unused litter.  This also works to protect your herbs, dried beans, grains, etc.",
      "helpfulness": "17"
    }
  ]
}