{
  "product_title": "Vicious Viper Hot Sauce, 5 Ounce",
  "byline_info": "Brand: Scovilla",
  "product_description": "One of the hottest extract sauces ever made! A blend of Habaneros, tropical fruit and a hefty dose of 2 million Scoville Unit pepper extract! Be warned, this snake has a vicious bite. Keep away from children and small pets.",
  "category": [
    "Grocery & Gourmet Food",
    "Pantry Staples",
    "Sauces, Gravies & Marinades",
    "Hot Sauce"
  ],
  "alt_images": [
    "https://m.media-amazon.com/images/I/31Drsc7qfLL.jpg"
  ],
  "product_detail": {
    "Is Discontinued By Manufacturer": "No",
    "Product Dimensions": "1.97 x 1.97 x 6.69 inches; 5 ounces",
    "Item model number": "V05-FFP",
    "UPC": "647293002931 773821207254",
    "Manufacturer": "Vicious Viper",
    "ASIN": "B0054NEGTO",
    "Units": "5 Fluid Ounces",
    "Best Sellers Rank": "#285,004 in Grocery & Gourmet Food (See Top 100 in Grocery & Gourmet Food) #3,970 in Hot Sauce #9,000 in Sauces",
    "#3,970 in Hot Sauce": "",
    "#9,000 in Sauces": "",
    "Customer Reviews": "4.4 4.4 out of 5 stars 366 ratings"
  },
  "important_information": {
    "Ingredients": "Vinegar, Habanero Peppers, Pepper Extract, Tomatoes, Mustard, Papaya, Guava, Pineapple, Banana, Water, Sugar, Passion Fruit Juice, Guava JuiceVinegar, Habanero Peppers, Pepper Extract, Tomatoes, Mustard, Papaya, Guava, Pineapple, Banana, Water, Sugar, Passion Fruit Juice, Guava Juice",
    "Directions": "Ready to use. No preparation required.Ready to use. No preparation required.",
    "Legal Disclaimer": "Statements regarding dietary supplements have not been evaluated by the FDA and are not intended to diagnose, treat, cure, or prevent any disease or health condition.Statements regarding dietary supplements have not been evaluated by the FDA and are not intended to diagnose, treat, cure, or prevent any disease or health condition."
  },
  "rating": {
    "score": "4.4 out of 5",
    "dist": {
      "5 star": "76%",
      "4 star": "8%",
      "3 star": "4%",
      "2 star": "5%",
      "1 star": "7%"
    }
  },
  "top_comments": [
    {
      "date": "September 6, 2024",
      "title": "Yum",
      "score": "5.0 out of 5 stars",
      "text": "This is one of my favorite hot sauces. Wonder flavor with a nice heat",
      "helpfulness": "0"
    },
    {
      "date": "May 25, 2020",
      "title": "Nice and hot, good flavour.",
      "score": "5.0 out of 5 stars",
      "text": "Tried this sauce at a local subs & sandwiches joint and was impressed... so bought some of my own. It's a decent heat (not Dave's Insanity Sauce levels of pain but wakes you up!) and a good flavor. Good addition to the growing collection.",
      "helpfulness": "One"
    },
    {
      "date": "October 10, 2020",
      "title": "Hot, but not pain Olympics hot.",
      "score": "5.0 out of 5 stars",
      "text": "Hot, but not pain Olympics hot. If you accidently put more than a few drops you'll know. Great for ramen and subs. Once you build up a tolerance to the heat the flavor is excellent.",
      "helpfulness": "0"
    },
    {
      "date": "November 11, 2019",
      "title": "Lots of Heat and Much Much Flavor",
      "score": "5.0 out of 5 stars",
      "text": "Picked this up in Old Town Springs before buying again here on Amazon. My tolerance for hot food is pretty high. What I like about this produced is not only is is HOT, but it's extremely flavorful. Addictively flavorful.  I use a few drops of it on my fried catfish and also add Tabasco sauce over the whole fish",
      "helpfulness": "0"
    },
    {
      "date": "April 20, 2016",
      "title": "My favorite hot sauce",
      "score": "5.0 out of 5 stars",
      "text": "It's my all-time favorite hot sauce, delicious and packs a punch.  I've compared it the mega death sauce, and others Viper is lower on the heat chart than Mega death, but for some reason it feels hotter to me.  I only need two or three drops in an omelette and it's plenty hot!  Unlike some other hot sauces I actually love the taste, it's not just hot.  Just don't get any on your lips you will be sorry!",
      "helpfulness": "0"
    },
    {
      "date": "December 5, 2014",
      "title": "Tasty but not that hot",
      "score": "4.0 out of 5 stars",
      "text": "Like other reviewers said this isn't just a hot sauce for the sake of being insanely hot but actually there is a good flavor to it.  The reason why I give 4 stars is I was looking for something really hot and honestly the vicious viper hot sauce doesn't live up to the \"2 million scoville\" rating.  Blair's ultra death is definitely hotter than this at <1 million scovilles.  For any true chili head this won't really do the trick without a generous dosage.",
      "helpfulness": "2"
    },
    {
      "date": "September 11, 2017",
      "title": "What a huge disappointment. Can't recommend this at all",
      "score": "1.0 out of 5 stars",
      "text": "Had a hot wings challenge with this sauce being on the last wing, which I didn't bother to sample the \"2 million scoville\" sauce prior.  Huge mistake, as the bottle was not spicy at all.  The Frank's hot sauce we had as the opener had more spice than this.  What a huge disappointment.  Can't recommend this at all.",
      "helpfulness": "One"
    },
    {
      "date": "June 17, 2019",
      "title": "Amazing!",
      "score": "5.0 out of 5 stars",
      "text": "It's not the hottest but it is very hot and with the best flavor. I'm on my 4th bottle",
      "helpfulness": "0"
    }
  ]
}