{
  "product_title": "Thai Fried Garlic - 7 oz",
  "byline_info": "Brand: Importfood",
  "product_description": "",
  "category": [],
  "alt_images": [
    "https://m.media-amazon.com/images/I/21qpafGXBEL.jpg"
  ],
  "product_detail": {
    "Is Discontinued By Manufacturer": "No",
    "Package Dimensions": "7.8 x 3.6 x 3 inches; 7 ounces",
    "ASIN": "B000F4I3AU",
    "Units": "3.5 Ounce",
    "Customer Reviews": "4.1 4.1 out of 5 stars 9 ratings"
  },
  "important_information": {
    "Legal Disclaimer": "Statements regarding dietary supplements have not been evaluated by the FDA and are not intended to diagnose, treat, cure, or prevent any disease or health condition.Statements regarding dietary supplements have not been evaluated by the FDA and are not intended to diagnose, treat, cure, or prevent any disease or health condition."
  },
  "rating": {
    "score": "4.1 out of 5",
    "dist": {
      "5 star": "33%",
      "4 star": "46%",
      "3 star": "21%",
      "2 star": "0%",
      "1 star": "0%"
    }
  },
  "top_comments": [
    {
      "date": "February 26, 2014",
      "title": "Good taste",
      "score": "4.0 out of 5 stars",
      "text": "The picture shows a round container here but when it arrived, mine came in a bag, which is also fine.  Just don't be surprised if you buy this and it comes in different packaging.  The taste is very very good, though not as crispy as when you make it fresh.",
      "helpfulness": "2"
    },
    {
      "date": "January 15, 2014",
      "title": "Not the product shown",
      "score": "3.0 out of 5 stars",
      "text": "I have not tried them yet however, they were not in the package displayed.  I hope what is inside was worth the price and extra S&H.",
      "helpfulness": "One"
    },
    {
      "date": "May 5, 2011",
      "title": "yummy!",
      "score": "5.0 out of 5 stars",
      "text": "I love this stuff I keep looking for new ways to use it but so far its always used in my rice porridge as a topping, you know how the Japanese love to use their rice seasoning, this is the Thai equivalent and its really really good and in fact you can use this for whatever you want I even threw some in with spaghetti to give it a good rich flavor...its worth its weight in gold!",
      "helpfulness": "0"
    },
    {
      "date": "September 2, 2015",
      "title": "Four Stars",
      "score": "4.0 out of 5 stars",
      "text": "Exactly what I was looking for",
      "helpfulness": "0"
    },
    {
      "date": "March 13, 2013",
      "title": "Fried garlic.",
      "score": "5.0 out of 5 stars",
      "text": "Fresh and good tasting fried garlic. Good with noodles fried rice and almost anything you would use garlic with. No complaints.",
      "helpfulness": "0"
    },
    {
      "date": "April 22, 2013",
      "title": "Best one I've tried",
      "score": "5.0 out of 5 stars",
      "text": "This was the best, freshest fried garlic I've tried.  The  Shipment was prompt and the  price was reasonable.  I would recommend to anyone who is into Asian-style condiments.",
      "helpfulness": "2"
    },
    {
      "date": "June 30, 2011",
      "title": "fried garlic",
      "score": "5.0 out of 5 stars",
      "text": "I have enjoyed this product on pratically everything. Very good. warmed or room temperture or cold in salad.Lei",
      "helpfulness": "0"
    },
    {
      "date": "May 9, 2014",
      "title": "Yum.",
      "score": "5.0 out of 5 stars",
      "text": "I bought this product at my local Chinese food store. We have quickly become fans of this yummy product. We have sprinkled it on our eggs and various other dishes. It adds a great garlic taste. We enjoy using this because it is a very easy way to add garlic flavor to your food.Enjoy.",
      "helpfulness": "One"
    }
  ]
}