{
  "product_title": "Reese Large Pearl Tapioca, 7 Ounces (Pack of 6)",
  "byline_info": "Visit the Reese Store",
  "product_description": "",
  "category": [
    "Grocery & Gourmet Food",
    "Beverages",
    "Bubble Tea",
    "Bubble Tea Tapioca Pearls"
  ],
  "alt_images": [
    "https://m.media-amazon.com/images/I/51fg8LqNpOL.jpg",
    "https://m.media-amazon.com/images/I/519hk6AlvDL.jpg",
    "https://m.media-amazon.com/images/I/31dhbdryVtL.jpg",
    "https://m.media-amazon.com/images/I/410w5cslQPL.jpg",
    "https://m.media-amazon.com/images/I/31EFAiFbZeL.jpg",
    "https://m.media-amazon.com/images/I/515P1m9zoqL.jpg"
  ],
  "product_detail": {
    "Is Discontinued By Manufacturer": "No",
    "Package Dimensions": "11.61 x 8.11 x 3.66 inches; 7 ounces",
    "Item model number": "68074",
    "UPC": "070670004011",
    "Manufacturer": "Reese",
    "ASIN": "B000FEH6XU",
    "Units": "42 Ounce",
    "Best Sellers Rank": "#64,718 in Grocery & Gourmet Food (See Top 100 in Grocery & Gourmet Food) #68 in Bubble Tea Tapioca Pearls",
    "#68 in Bubble Tea Tapioca Pearls": "",
    "Customer Reviews": "4.6 4.6 out of 5 stars 677 ratings"
  },
  "important_information": {
    "Safety Information": "This product is labelled to United States standards and may differ from similar products sold elsewhere in its ingredients, labeling and allergen warningsThis product is labelled to United States standards and may differ from similar products sold elsewhere in its ingredients, labeling and allergen warnings",
    "Ingredients": "Tapioca.Tapioca.",
    "Legal Disclaimer": "Statements regarding dietary supplements have not been evaluated by the FDA and are not intended to diagnose, treat, cure, or prevent any disease or health condition.Statements regarding dietary supplements have not been evaluated by the FDA and are not intended to diagnose, treat, cure, or prevent any disease or health condition."
  },
  "rating": {
    "score": "4.6 out of 5",
    "dist": {
      "5 star": "81%",
      "4 star": "8%",
      "3 star": "6%",
      "2 star": "1%",
      "1 star": "4%"
    }
  },
  "top_comments": [
    {
      "date": "June 16, 2025",
      "title": "Reese Large Pearl Tapioca",
      "score": "5.0 out of 5 stars",
      "text": "Very good quality tapioca. It took a while to find what I was looking for: med/large tapioca for pudding that was not mushy, with no strange aftertaste, but these fit the bill. I will definitely buy again.",
      "helpfulness": "One"
    },
    {
      "date": "April 6, 2024",
      "title": "BEST stuff for Tapioca pudding!!🤤❤️",
      "score": "5.0 out of 5 stars",
      "text": "ONLY thing I use to make Tapioca Pudding!!🙌  If you like Old School, big pearl tapioca pudding???🤔 THIS IS the stuff you WANT!!❤️👌 YES, it IS a \"process\" that takes some time and planning! ONLY downside! 🙄 But it makes THEE BEST Tapioca Pudding on the planet!! I bought the \"6 bags\" option and I've already gone THROUGH 3 bags of this stuff!!👌❤️🤤 HIGHLY RECOMMEND!!🙌 YES, it DOES take a bit (soak time AND cook time 🙄👎) AND a double boilerBUUUT......  it's TOTALLY worth it!! 🙌🤤🤤🤤 LOVE the large, chewy pearls and I always add \"extra\"!!👌❤️ beats the pants OFF that icky, \"Minute Tapioca\"!👎🙄 GET THIS instead!!🙌❤️🤤🤤🤤👌❤️ Night and day difference!! 🙌 You won't be sorry or ever be able to go back once you try this¡❤️👌 I HIGHLY RECOMMEND!!! 🙌 You'll thank me later!!!🙋🏼‍♀️😂😜",
      "helpfulness": "6"
    },
    {
      "date": "June 7, 2025",
      "title": "Nice Quality Tapioca Pearls",
      "score": "5.0 out of 5 stars",
      "text": "These are nice, large tapioca pearls. I read online that soaking them for 48 hours reduced the cooking time but I think that was too long because some of them began to fall apart. Just having them in water overnight is probably sufficient.  I added the translucent pearls (after cooking and stirring on medium heat) to an existing pudding. Having it filled with tapioca made it very nice.",
      "helpfulness": "One"
    },
    {
      "date": "November 21, 2024",
      "title": "Very good.",
      "score": "5.0 out of 5 stars",
      "text": "We love tapioca and am really enjoying this.  I did change the instructions and soaked this close to 24 hours before cooking.  This reduced the cook time considerably.  I also used Splenda rather than sugar.  We noticed very little flavor difference and reduced the calories by quite a bit.",
      "helpfulness": "2"
    },
    {
      "date": "August 2, 2025",
      "title": "If you love it, it's a gift of Love you will never forget",
      "score": "5.0 out of 5 stars",
      "text": "Lost art.  Follow directions.  Some will never know what it is like to taste warm or chilled tapioca pudding made by the hands of someone that loves you very much.  Sad",
      "helpfulness": "One"
    },
    {
      "date": "June 12, 2025",
      "title": "Terrible packaging but product ok",
      "score": "4.0 out of 5 stars",
      "text": "Shipping department needs help, product is as described",
      "helpfulness": "0"
    },
    {
      "date": "April 30, 2024",
      "title": "Delicious and cheap.",
      "score": "5.0 out of 5 stars",
      "text": "All my life, I have always bought the Kraft minute tapioca. But like so many things, it has recently gotten quite expensive. It's anywhere from $5 to $7 now. I saw this Reece brand that was $12.92 and realized I could get six packs for the price of two and a half of The Kraft, so I gave it a shot. And I'm so glad I did it's delicious and exactly the same. The price seems to fluctuate, depending on what kind of sale they're having. I paid $12.92 and $10.95 So as long as it stays in that ballpark I will continue to buy it.",
      "helpfulness": "3"
    },
    {
      "date": "February 12, 2015",
      "title": "I've become one of you!!! and this is much easier to make than using package directions.",
      "score": "5.0 out of 5 stars",
      "text": "This is great tasting tapioca, but I followed my instincts to make it.  I did soak a half cup of pearls in water overnight, then drain in the morning as required in every recipe. The package said to let it cook for an hour, and slow cooker recipes said 2 hours. Well, I decided to just put everything into a saucepan: the soaked tapioca, 3 cups of lo-fat organic milk, 1/4 tsp of salt, 1/3 c sugar (sugar sub. splenda), and the eggs. I wisked well, and heated it to  boil, (stirring constantly, it took less than 5 min.) DONE!  I like it chilled so I put it in the frig.It tasted really good, and I may add some different flavoring next time like maple ext., lemon, or maybe fresh mango etc.Now for the texture. Although it was very good tasting, I am used to the regular sized instant tapioca and I must be honest,  I found the large pearls a bit chewy, and the result was not as pudding-like and creamy as usual. I think I prefer the smaller sized pearls for pudding.UPDATE: I'VE BECOME ONE OF YOU! I HAVE MOVED TO THE LARGE PEARL WORLD!!! After making this large pearl tapioca several times I am now craving it! I have abandoned the regular instant kind for this and will not go back! The taste, and yes, the texture are so good it is hard to believe I could have settled for the other kind. Thank you everyone for your great reviews that led me to try this in the first place!",
      "helpfulness": "36"
    }
  ]
}