{
  "product_title": "Aspen Pet 07528 PLUSH MEDIUM CARROT, Medium",
  "byline_info": "Visit the Aspen Pet Store",
  "product_description": "The original plush dog toy Fun shapes and colors any dog would adore Washable, synthetic fabrics All toys contain squeak, grunt or roar sounds.",
  "category": [
    "Pet Supplies",
    "Dogs",
    "Toys",
    "Chew Toys"
  ],
  "alt_images": [
    "https://m.media-amazon.com/images/I/41pK2VZLREL.jpg",
    "https://m.media-amazon.com/images/I/31NpKMXEU5L.jpg"
  ],
  "product_detail": {
    "Is Discontinued By Manufacturer": "No",
    "Product Dimensions": "3.5 x 2.5 x 8 inches; 0.32 ounces",
    "Item model number": "07528",
    "Date First Available": "July 1, 2004",
    "Manufacturer": "TopDawg Pet Supply",
    "ASIN": "B000RIBC1G",
    "Best Sellers Rank": "#74,975 in Pet Supplies (See Top 100 in Pet Supplies) #1,266 in Dog Chew Toys",
    "#1,266 in Dog Chew Toys": "",
    "Customer Reviews": "4.5 4.5 out of 5 stars 3,194 ratings"
  },
  "important_information": {},
  "rating": {
    "score": "4.5 out of 5",
    "dist": {
      "5 star": "77%",
      "4 star": "9%",
      "3 star": "7%",
      "2 star": "4%",
      "1 star": "3%"
    }
  },
  "top_comments": [
    {
      "date": "July 6, 2024",
      "title": "Dogs love this toy!",
      "score": "5.0 out of 5 stars",
      "text": "I have a small pet sitting business and this is about the 8th of this toy I’ve bought. Dogs love this simple toy, and it is very durable- for all size dogs",
      "helpfulness": "0"
    },
    {
      "date": "August 29, 2020",
      "title": "mr. carrot is a major new player here",
      "score": "5.0 out of 5 stars",
      "text": "i love this toy because my shiba loves this toy. mr. carrot has become a new favorite. and a major player in our home. he is the new first go-to for my pal. we play a kind of tug-of-war/fetch combo game with it, which is my shiba's favorite game.my dog will grab a toy, get my attention to come after him, which of course i do. i try and get the toy, which he won't let me have, this tug-of-war happens for awhile until i either get it, or he finally let's me have it, then i throw the toy across the apartment (it's long) and he runs and gets it. and then the whole thing starts over again. (get all that?) you know, basically fetch with a fight. but a planned and controlled fight. like marriage counseling.he loves this game. loves it. it's really his only one. so we do this game daily, and have used a myriad of toys throughout the fun. but i love mr. carrot the most of his toys for this game. i find it the easiest toy for me to grab without any worry of either me accidentally hitting my dog with my hands or his teeth accidentally coming into contact with me by scraping or accidentally biting my hands. which knock wood has never happened in almost 2 years of playing this game.mr. carrot is a big part of why this game has stayed safe. plus mr. carrot is just so darn adorable. so 3 cheers for mr. carrot!! hurrah! hurrah! hurrah!",
      "helpfulness": "4"
    },
    {
      "date": "September 2, 2025",
      "title": "He really loves “Mr. Carrot”!",
      "score": "5.0 out of 5 stars",
      "text": "“Mr. Carrot”, as we call it, is a major #1 favorite of my Bichon Murphy… he loves to carry it everywhere from room to room .. and it is the one he always singles out.Such a ‘love’ of his that I ordered a second to have for a back up…just in case…",
      "helpfulness": "0"
    },
    {
      "date": "November 5, 2008",
      "title": "Our dog's favorite toy and a great, fun tool for rescue adoptees",
      "score": "5.0 out of 5 stars",
      "text": "The Booda Soft Bite Medium Carrot Dog Toy is our dog's favorite toy!  She adores it! More durable than most of the toys we have tried, this carrot is one of the few toys that she has not destroyed within 24 hours.  The squeaker has a great sound, better than those in other squeaker toys we have tried.  The squealer is easy for her to work and loud and interesting enough to keep her interested but not so loud or irritating to be obnoxious --- which is a real plus since she loves to play with it over and over and over again.  Our puppy loves the sound so much that she enjoys experimenting with the different sounds she can make even more than chewing it!  The shape makes it easy for her to carry it in her mouth for such games as fetch. She also likes to cuddle with her head on this soft toy.We adopted a rescue puppy who was terrified of just about everything, including toys.  Her initial reaction to this toy was wonderful!  This toy helped her come out of her shell and be less afraid of noise in general.  I was not sure if the toy would be scary or not but once she found the squeaker noises, she just loved being able to play and make noise herself, making all sorts of variations and rhythms.  Although there are many additional things we are doing to help her, this toy was an important step in breaking through her fears.  Playing with this toy seemed to embolden her, bringing out this sense of delight and play in her.  In addition to an overall very high recommendation of this product for puppies in general, I would add a special recommendation for special needs or rescue puppies as a possible tool to help initial bonding to the owner and to help him/her break through their fears.  We now order this product in multiple quantities so we can have one in every room!",
      "helpfulness": "3"
    },
    {
      "date": "July 30, 2016",
      "title": "While not super durable, they might be laced with doggy joy.",
      "score": "4.0 out of 5 stars",
      "text": "So, I will not tell you this toy is durable. We have a Aussie Shepherd mix that has now destroyed two of these, both in less than an hour.However, nothing else has caused such immediate joy from him, either. He loves the squeak. No matter what else is going on, even treats, I can get his attention with this squeaker. Our Lightning loves to chew, and the little leaves atop the carrot are only the beginning. The stuffing gets pulled out, and it squeaks all the way to its demise (to our dog's immense, immense enjoyment). At least they're cheap, and it really doesn't seem any less durable than other plush toys. He destroys those too, he just seems less manic and happy about it.",
      "helpfulness": "2"
    },
    {
      "date": "December 12, 2023",
      "title": "Very durable and nice quality for the price.",
      "score": "5.0 out of 5 stars",
      "text": "This aqueaker carrot is great as my dog is a bullmation which is a pit bull terrier dalmatian mix breed. And he's obsessed with squeaker carrots! And this one he loves, it's lasted so far and a great quality for the price. I highly recommend this one! Thanks!",
      "helpfulness": "0"
    },
    {
      "date": "October 18, 2023",
      "title": "Not orange",
      "score": "3.0 out of 5 stars",
      "text": "The carrot is very well made. Very cute.IT IS YELLOW!!!I returned it. Not that my dog would care but I do",
      "helpfulness": "0"
    },
    {
      "date": "May 10, 2025",
      "title": "Carrot?",
      "score": "5.0 out of 5 stars",
      "text": "My little pug loves this thing!  What is it with dogs and carrots?",
      "helpfulness": "0"
    }
  ]
}