{
  "product_title": "Maine Lobster Meat",
  "byline_info": "Brand: Hancock Gourmet Lobster Company",
  "product_description": "Gluten Free Our delicious, fresh-frozen, cooked Maine Lobster Meat will add elegance to any recipe. The combination of sweet and succulent claw and knuckle meat is superb for any recipe or just to dip in butter or cocktail sauce. Package includes 2 lbs of frozen Maine lobster claw and knuckle meat.",
  "category": [
    "Grocery & Gourmet Food",
    "Pantry Staples",
    "Canned, Jarred & Packaged Foods",
    "Meat, Poultry & Seafood"
  ],
  "alt_images": [
    "https://m.media-amazon.com/images/I/41rUO9tsBXL.jpg"
  ],
  "product_detail": {
    "Item Weight": "2 Pounds",
    "UPC": "605820990106",
    "Manufacturer": "Hancock Gourmet Lobster Co.",
    "ASIN": "B0000FJS08",
    "Customer Reviews": "4.4 4.4 out of 5 stars 10 ratings"
  },
  "important_information": {
    "Ingredients": "LobsterLobster",
    "Legal Disclaimer": "Statements regarding dietary supplements have not been evaluated by the FDA and are not intended to diagnose, treat, cure, or prevent any disease or health condition.Statements regarding dietary supplements have not been evaluated by the FDA and are not intended to diagnose, treat, cure, or prevent any disease or health condition."
  },
  "rating": {
    "score": "4.4 out of 5",
    "dist": {
      "5 star": "60%",
      "4 star": "21%",
      "3 star": "19%",
      "2 star": "0%",
      "1 star": "0%"
    }
  },
  "top_comments": [
    {
      "date": "June 30, 2021",
      "title": "Excellent lobster meat and I’ll be back",
      "score": "5.0 out of 5 stars",
      "text": "If you like lobster meat, this is the place to get the best!!",
      "helpfulness": "0"
    },
    {
      "date": "March 14, 2014",
      "title": "ok, but would not order again",
      "score": "3.0 out of 5 stars",
      "text": "Price high for small quantity.  Quality not that good.  In fact, ended up feeding about half of it to pets.",
      "helpfulness": "One"
    },
    {
      "date": "November 10, 2015",
      "title": "Four Stars",
      "score": "4.0 out of 5 stars",
      "text": "good",
      "helpfulness": "0"
    },
    {
      "date": "January 22, 2014",
      "title": "Lobster Meat",
      "score": "5.0 out of 5 stars",
      "text": "Delicious - it arrived within 24 hours - earlier than expected.  I divided the packages in half - used one to add to my lobster bisque and kept the remainder frozen for future recipes.",
      "helpfulness": "8"
    },
    {
      "date": "January 17, 2014",
      "title": "Always good!",
      "score": "5.0 out of 5 stars",
      "text": "This is the third time we've ordered this lobster meat. Seems to get better every time. There's plenty of lobster in one package for 4-6 people. Great for your own lobster rolls.",
      "helpfulness": "0"
    },
    {
      "date": "April 17, 2013",
      "title": "GREAT PRODUCT",
      "score": "5.0 out of 5 stars",
      "text": "Great buy as well as service.  On my list to order again real soon.  Since moving to the South, the best \"Lobsta\" Sandwich I had in years!!!",
      "helpfulness": "13"
    },
    {
      "date": "February 15, 2014",
      "title": "Excellent",
      "score": "5.0 out of 5 stars",
      "text": "Large lobster pieces - Lobster was tender and flavorful - would buy again only for a special occasion as item is pricey",
      "helpfulness": "7"
    },
    {
      "date": "December 16, 2011",
      "title": "the good stuff",
      "score": "5.0 out of 5 stars",
      "text": "this is it, no shell anymore, just lobster and flavor mixed just right...will get a re order again and again...",
      "helpfulness": "5"
    }
  ]
}