{
  "product_title": "Bit O' Honey Candy, 1.7-Ounce Packets (Pack of 36)",
  "byline_info": "Brand: Bit-O-Honey",
  "product_description": "Product Description   There is nothing else like this chewy, satisfying taffy, blended with almond bits and featuring a rich, creamy, honey-nut flavor. Bit-O-Honey is, and always has been, low in fat with less than three grams of fat per serving.   About the Brand   Launched in 1924, there is nothing else like a Bit-O-Honey, with its rich, creamy honey-nutty flavor! Bit-O-Honey is a member of the Nestle family of brands. About Nestle In the 1860s Henri Nestle, a pharmacist, developed a food for babies who were unable to breastfeed. His first success was a premature infant who could not tolerate his mother's milk or any of the usual substitutes. People quickly recognized the value of the new product, after Nestlé's new formula saved the child's life, and soon, Farine Lactee Henri Nestle was being sold in much of Europe. Today, Nestle--whose headquarters is in Vevey, Switzerland--is the world's largest food and beverage company. They produce a line of varied products, including coffee, bottled water, pet food, ice cream, and infant formulas. Some of their most popular brands include Toll House, Stouffer's, Lean Cuisine, Carnation, Coffee-mate, Butterfinger, Alpo, Power Bars, and Nescafe. Nestle employs approximately 17,300 people in the US and 247,000 people world-wide, and has factories or operations in almost every country in the world.   \n  From the Manufacturer   Are you in the mood for a candy that's not the same old thing? Turn to Bit-O-Honey, a unique favorite since 1924. There is nothing else like this chewy, satisfying taffy, blended with almond bits and featuring a rich, creamy, honey-nut flavor. Bit-O-Honey is, and always has been, low in fat with less than three grams of fat per serving.   See more",
  "category": [
    "Grocery & Gourmet Food",
    "Snacks & Sweets",
    "Candy & Chocolate",
    "Taffy"
  ],
  "alt_images": [
    "https://m.media-amazon.com/images/I/41+445dE2VL.jpg",
    "https://m.media-amazon.com/images/I/41ffctlWz6L.jpg",
    "https://m.media-amazon.com/images/I/31+MPsB78mL.jpg"
  ],
  "product_detail": {
    "Product Dimensions": "2.8 x 8.7 x 1.22 inches; 1.7 ounces",
    "Item model number": "11006119",
    "UPC": "028000087005 079200087012 077290121159 028000087012",
    "Manufacturer": "Bit O' Honey",
    "ASIN": "B000E5AO8O",
    "Units": "61.0 Ounce",
    "Customer Reviews": "3.7 3.7 out of 5 stars 53 ratings"
  },
  "important_information": {
    "Safety Information": "Made on equipment that also processes other nuts and peanuts.Made on equipment that also processes other nuts and peanuts.",
    "Ingredients": "Corn Syrup, Sugar, Water, Hydrogenated Coconut Oil, Nonfat Milk, Almonds, and less than 2% of Honey, Salt, Egg Whites, Canola and/or Safflower and/or Palm Oil, Modified Soy Protein, Natural Flavor, Tbhq and Citric Acid (to Preserve Freshness).Corn Syrup, Sugar, Water, Hydrogenated Coconut Oil, Nonfat Milk, Almonds, and less than 2% of Honey, Salt, Egg Whites, Canola and/or Safflower and/or Palm Oil, Modified Soy Protein, Natural Flavor, Tbhq and Citric Acid (to Preserve Freshness).",
    "Legal Disclaimer": "Statements regarding dietary supplements have not been evaluated by the FDA and are not intended to diagnose, treat, cure, or prevent any disease or health condition.Statements regarding dietary supplements have not been evaluated by the FDA and are not intended to diagnose, treat, cure, or prevent any disease or health condition."
  },
  "rating": {
    "score": "3.7 out of 5",
    "dist": {
      "5 star": "33%",
      "4 star": "38%",
      "3 star": "10%",
      "2 star": "9%",
      "1 star": "10%"
    }
  },
  "top_comments": [
    {
      "date": "April 25, 2010",
      "title": "Yummy!",
      "score": "4.0 out of 5 stars",
      "text": "This is an excellent candy for those of us who have to limit our chocolate intake.  Each bar is sectioned into six pieces, which helps with portion control--and makes it perfect for sharing!  My only quibble is that it's sometimes hard to get all the waxed paper off the candy, as it's quite sticky.",
      "helpfulness": "0"
    },
    {
      "date": "February 26, 2014",
      "title": "Fresh candy",
      "score": "5.0 out of 5 stars",
      "text": "I love bit o honey,but it is hard to find in stores. I was hesitant to purchase online in case the candy was stale. I was very happy to see that the candy was fresh, soft , and as delicious as ever!",
      "helpfulness": "0"
    },
    {
      "date": "April 19, 2014",
      "title": "Very hard.  Not soft at all.",
      "score": "1.0 out of 5 stars",
      "text": "I was looking for the Bit o Honey of my youth and was so excited to get this.  But is was hard. Almost to the  point of being inedible.  I even tried warming in the microwave for a few seconds but it made it gooey and unable to deal with and stuck to the paper. Would not recommend this at all.",
      "helpfulness": "0"
    },
    {
      "date": "January 15, 2013",
      "title": "Where is honey?",
      "score": "2.0 out of 5 stars",
      "text": "It was hard to chew, it had uncertain test and smell... And yet, when I looked at lable, it was many other ingridients, but honey! Felt deceived. Bad, I ordered a big deal of it for the baby shower... Pity for spent money.",
      "helpfulness": "2"
    },
    {
      "date": "June 6, 2013",
      "title": "L\\Old fashion flavor",
      "score": "3.0 out of 5 stars",
      "text": "Good as I remember it.  Would rate  five stars  if it were only the candy.  However the inner wrapping is something else again.  There are two inner wrappeds one a heavier white which  peels of easily and the other a tisdue thin wax paper which is almost impossxible to peel of and impossible to get it off in one piece.  I hope it is eatable  as I sure  ate enough of it.",
      "helpfulness": "2"
    },
    {
      "date": "March 4, 2014",
      "title": "Yummy",
      "score": "4.0 out of 5 stars",
      "text": "Received quickly and in good condition. Fresh and delicious. Nice size bar, just like what you used to be able to buy.A little pricey, but still fun.",
      "helpfulness": "0"
    },
    {
      "date": "January 21, 2015",
      "title": "Your Honey tastes just as good whether with or without your dentures!!",
      "score": "5.0 out of 5 stars",
      "text": "You, too, can return to the days of your youth when a Bit-O-Honey was your favorite ooey gooey candy.  And, for reasons that you can't recall you just stopped enjoying that scrumptious bee-light (get it? \"bee\").  Perhaps it was because you can't reach that far down these days in the candy aisle?  Or maybe you are afraid that you would loosen your dentures if you chewed that golden honey Bit-O-Heaven?  So what?! Don't be afraid of a little Bit-O-Dentures get loose...that smooth honey flavor is even better without your teeth.  When I loosen my dentures on my honey it is all the sweeter when you get down to your gums!  C'mon, join me in a trip to the days when only our grandparents had dentures and the Bit-O-Honey was at eye level.  Why do I buy my Bit-O by the case?  There are two good reasons: first is because I'm a grown up (although I seem to be growing down a bit) and I can do what I want and, second, if I don't do it right now it could be months or even longer before I remember to place my order!",
      "helpfulness": "0"
    },
    {
      "date": "March 31, 2014",
      "title": "Good Old time Candy",
      "score": "4.0 out of 5 stars",
      "text": "Good Old tyme candy. Chewy and Delicious. Hard to find any more. Glad that I could get them delivered to my door.",
      "helpfulness": "0"
    }
  ]
}