{
  "product_title": "Celestial Seasonings Peppermint Herbal Tea, Caffeine Free, 20 Tea Bags Box (Pack of 6)",
  "byline_info": "Visit the Celestial Seasonings Store",
  "product_description": "Nothing is more soothing than a cup of your favorite tea. Celestial Seasonings Peppermint Herbal Tea is the perfect caffeine free addition to your daily routine. This tea features pure peppermint leaves from the Pacific Northwest for a cool, refreshing taste. Put some magic in your mug and enjoy the goodness found in every cup of Celestial Seasonings Teas. Celestial Seasonings teas are an invitation to put some magic in your mug! When we started Celestial Seasonings in 1969, we were inspired by the awesome power of nature right outside our door in the Rocky Mountains. We foraged the fields and forests for herbs and botanicals, creating unique and delicious blends as America’s first herbal tea company. Today we’re still crafting tea in Boulder, Colorado under the watchful eye of our Blendmaster, creating teas that are bursting with benefits, flavor, and our passion for inspiring a happier and wholesome life. *Recycled Paper Certification Hain Celestial 2/20/24",
  "category": [
    "Grocery & Gourmet Food",
    "Beverages",
    "Tea",
    "Fruit & Herbal Tea",
    "Herbal"
  ],
  "alt_images": [
    "https://m.media-amazon.com/images/I/61iWD7RnSeL.jpg",
    "https://m.media-amazon.com/images/I/51YPcEqtP7L.jpg",
    "https://m.media-amazon.com/images/I/51ZrJF2TSRL.jpg",
    "https://m.media-amazon.com/images/I/51BphPlSNLL.jpg",
    "https://m.media-amazon.com/images/I/419NbMXELzL.jpg",
    "https://m.media-amazon.com/images/I/41OWoH1pmSL.jpg"
  ],
  "product_detail": {
    "Is Discontinued By Manufacturer": "No",
    "Product Dimensions": "9.9 x 5.5 x 5.8 inches; 6.6 ounces",
    "Item model number": "48869",
    "Manufacturer": "Celestial Seasonings",
    "ASIN": "B000E671W0",
    "Units": "120 Count",
    "Best Sellers Rank": "#623 in Grocery & Gourmet Food (See Top 100 in Grocery & Gourmet Food) #8 in Herbal Tea",
    "#8 in Herbal Tea": "",
    "Customer Reviews": "4.8 4.8 out of 5 stars 37,825 ratings"
  },
  "important_information": {
    "Safety Information": "This product is labelled to United States standards and may differ from similar products sold elsewhere in its ingredients, labeling and allergen warningsThis product is labelled to United States standards and may differ from similar products sold elsewhere in its ingredients, labeling and allergen warnings",
    "Ingredients": "Peppermint.Peppermint.",
    "Directions": "Steep the tea bag in hot water for 4-6 minutes and remove the bag.Steep the tea bag in hot water for 4-6 minutes and remove the bag.",
    "Legal Disclaimer": "Statements regarding dietary supplements have not been evaluated by the FDA and are not intended to diagnose, treat, cure, or prevent any disease or health condition.Statements regarding dietary supplements have not been evaluated by the FDA and are not intended to diagnose, treat, cure, or prevent any disease or health condition."
  },
  "rating": {
    "score": "4.8 out of 5",
    "dist": {
      "5 star": "88%",
      "4 star": "7%",
      "3 star": "2%",
      "2 star": "1%",
      "1 star": "2%"
    }
  },
  "top_comments": [
    {
      "date": "August 3, 2025",
      "title": "DELICIOUS/ENJOY.. 😋",
      "score": "5.0 out of 5 stars",
      "text": "As usual delicious celestial tea...Good price for that many boxes !Came quickly & well wrapped...Delicious hot or cold... I have been making peach iced tea for these hot days.. great to drink even in the evening because there is no caffeine !",
      "helpfulness": "0"
    },
    {
      "date": "September 3, 2025",
      "title": "Delicious Herbal Teas",
      "score": "5.0 out of 5 stars",
      "text": "I have been buying this tea for several years.  I like the Cherry Berry.  The flavor is outstanding and it's an herbal tea.",
      "helpfulness": "0"
    },
    {
      "date": "August 9, 2025",
      "title": "A great value on a delicious,  exotic tea.",
      "score": "5.0 out of 5 stars",
      "text": "I've used this tea for a while and like it's spicy warmth very much. The price for 6 boxes was great, so I won't have to purchase again for a long time!",
      "helpfulness": "One"
    },
    {
      "date": "August 3, 2025",
      "title": "Delicious tea!",
      "score": "5.0 out of 5 stars",
      "text": "I've been drinking this tea for a few years now. It's one of my favorite herbal teas. It has a really nice blueberry taste, and the 6 pack is a good deal. Highly recommend.",
      "helpfulness": "0"
    },
    {
      "date": "August 19, 2025",
      "title": "Bold Flavor That Fits My Daily Routine",
      "score": "5.0 out of 5 stars",
      "text": "I’m a tea drinker who loves flavored teas, and Celestial Seasonings Country Peach Passion quickly became one of my favorites. I’ve purchased it multiple times and will keep buying it when it’s on sale. The fruity aroma alone makes you want a cup, and if you let the tea steep longer, the flavor becomes bolder and richer.My routine is to add a bag to 180° water in the morning, let it steep for 4–5 hours, and enjoy it at lunch—it tastes great chilled this way too. I also like that the bags don’t have strings, but I do wish they were individually wrapped for freshness.",
      "helpfulness": "0"
    },
    {
      "date": "September 10, 2025",
      "title": "Naturally sweet",
      "score": "5.0 out of 5 stars",
      "text": "My favorite tea, iced or hot!  The spices sweeten the tea, so no sugar is required for my flavor receptors.",
      "helpfulness": "0"
    },
    {
      "date": "April 23, 2025",
      "title": "Really strong, but potentially a bargain;-)",
      "score": "4.0 out of 5 stars",
      "text": "I'd never tried this kind of tea, so didn't know what to expect - I was using chamomile before, and that's pretty forgiving of you forgetting to take the tea bag out after just so many minutes, but with this stuff, you'd better set a timer! The first time I went off and left it, and when I came back the smell was so strong that I could only sip it on an exhale (- sort of reminded me of a fancy bath soap;-), and couldn't finish it. The next day I checked the directions (in \"Important Information,\" right here above - doesn't say on the box itself), and only left it in for 5 minutes. Still pretty strong, so I checked the reviews, and found one that said you could make two cups of tea with one bag. So this morning, I heated up 3 1/2 cups of water (two mugs-full, of the size I use), and steeped one tea bag in it for 5 minutes exactly. Threw out the tea bag; poured half to drink now and stashed the rest in the fridge for later, and I think I got it just about right! The flavor is slightly sweet and the aroma is not overwhelming; sort of like vanilla but not as potent (- can't find it now, but another reviewer suggested adding a teeny snip of vanilla  bean if you want it more pronounced).Note that this stuff is pretty spendy, but if you can get two cups of tea from one tea bag, it's actually a bargain!",
      "helpfulness": "4"
    },
    {
      "date": "August 3, 2025",
      "title": "Makes great iced tea",
      "score": "5.0 out of 5 stars",
      "text": "This cinnamon apple tea is delicious as an iced tea, especially. You taste the apples right away, and the Cinnamon kind of pleasantly hits you afterwards. It taste exactly like you would expect it to taste based on the description.",
      "helpfulness": "0"
    }
  ]
}