{
  "product_title": "Widow Hot Sauce, No Survivors, 5oz",
  "byline_info": "Visit the Sauce Crafters Store",
  "product_description": "Widow, No Survivors Hot Sauce - Extremely Hot. Use one drop at a time. Scared of Spiders? This one bites and there are no survivors. Comes with a large, ugly plastic Black Widow Spider attached to the neck of the bottle. Listed as our 17th hottest hot sauce. Charlie says the name says it all. This sauce was designed for the extreme chili-head. No rookies please. It will put a layer of sweat across your forehead. Some of us enjoy this reaction. This Asian style sauce is certified to have at least 85,000 Scoville Units and is sure to please your taste buds.",
  "category": [
    "Grocery & Gourmet Food",
    "Pantry Staples",
    "Sauces, Gravies & Marinades",
    "Hot Sauce"
  ],
  "alt_images": [
    "https://m.media-amazon.com/images/I/41IfGsawKQL.jpg",
    "https://m.media-amazon.com/images/I/31OEt8lF1XL.jpg",
    "https://m.media-amazon.com/images/I/31CaxvYJtYL.jpg"
  ],
  "product_detail": {
    "Is Discontinued By Manufacturer": "No",
    "Product Dimensions": "2 x 2 x 6.7 inches; 5 ounces",
    "UPC": "049746950002 778894086621 778554874735",
    "Manufacturer": "Widow",
    "ASIN": "B002YV7PIS",
    "Units": "5.00 Fluid Ounces",
    "Best Sellers Rank": "#175,976 in Grocery & Gourmet Food (See Top 100 in Grocery & Gourmet Food) #2,443 in Hot Sauce #5,447 in Sauces",
    "#2,443 in Hot Sauce": "",
    "#5,447 in Sauces": "",
    "Customer Reviews": "4.8 4.8 out of 5 stars 294 ratings"
  },
  "important_information": {
    "Directions": "Use one drop at a time. Not suitable for beginners.Use one drop at a time. Not suitable for beginners.",
    "Legal Disclaimer": "Statements regarding dietary supplements have not been evaluated by the FDA and are not intended to diagnose, treat, cure, or prevent any disease or health condition.Statements regarding dietary supplements have not been evaluated by the FDA and are not intended to diagnose, treat, cure, or prevent any disease or health condition."
  },
  "rating": {
    "score": "4.8 out of 5",
    "dist": {
      "5 star": "88%",
      "4 star": "7%",
      "3 star": "2%",
      "2 star": "2%",
      "1 star": "1%"
    }
  },
  "top_comments": [
    {
      "date": "October 7, 2023",
      "title": "Very good flavor",
      "score": "5.0 out of 5 stars",
      "text": "This hot sauce has excellent flavor, you can really taste the soy sauce in it.  I love extreme heat, and this is not sauce is not it.  This is not like a product from Mad Dog, or some other hot sauce that is a million SU plus hot.  If you are looking for something that just brings the pain, this is not going to be your cup of tea.  If you want a hot sauce that is hot and has outstanding flavor for Asian food, you will love this.  It is great with ramen or yakisoba.  I love hot sauces and have a huge collection, and Widow is a great addition to my collection.  It a great hot sauce for a specific niche.  I love my Asian food!",
      "helpfulness": "0"
    },
    {
      "date": "January 12, 2024",
      "title": "NIce gift for a Hot Sauce fan",
      "score": "5.0 out of 5 stars",
      "text": "Gave this as a gift for a fan of hot sauce and they really enjoyed it!The bottle looks great (the spider stayed on, so big plus). They said it was nice and hot and tasted great!",
      "helpfulness": "2"
    },
    {
      "date": "July 16, 2025",
      "title": "Super Hot!",
      "score": "5.0 out of 5 stars",
      "text": "This is probably the hottest sauce we've had.",
      "helpfulness": "0"
    },
    {
      "date": "June 27, 2019",
      "title": "1/2tsp is Enough for Spicy Ramen Bowl",
      "score": "5.0 out of 5 stars",
      "text": "I've been looking for a fairly hot sauce to add to my Maruchen Bowl Hot & Spicy Chicken ramen, and this sauce is perfect!  I add about 1/2tsp to the bowl along with about 1/2tbsp or so of Nam Prik Asian Chili Hot Sauce, and together they taste great and finally have the correct amount of heat.Be warned:  This may come out faster than you expect, as it's fairly thin.  Not 'Tabasco' thin, but thin enough to come out quickly if you're not careful.",
      "helpfulness": "One"
    },
    {
      "date": "August 14, 2021",
      "title": "Love this heat!!!",
      "score": "5.0 out of 5 stars",
      "text": "What I love about black widow is that you can add it to spice up any dish without altering the flavor. You kick up the heat a few notches and retain the flavor of your sauce, cream, topping or whatever you so please. Just a few little drops and you can bring the pain!!!",
      "helpfulness": "One"
    },
    {
      "date": "August 15, 2024",
      "title": "Seriously hot!",
      "score": "5.0 out of 5 stars",
      "text": "If you are looking for a really hot hot sauce, then look no further because this is the hottest sauce I've ever taste in my entire life. My recommendation one drop at a time because sometimes two drops are just a little bit too much.",
      "helpfulness": "0"
    },
    {
      "date": "November 19, 2023",
      "title": "Hot but flavorful",
      "score": "5.0 out of 5 stars",
      "text": "It’s very hot, but it is flavorful —- not just heat.",
      "helpfulness": "0"
    },
    {
      "date": "January 27, 2024",
      "title": "Hot!",
      "score": "4.0 out of 5 stars",
      "text": "I use this in my salsa! I make as normal and then add 4 table spoon of this for the neighbor who likes it hot. He loves the flavor",
      "helpfulness": "0"
    }
  ]
}