{
  "product_title": "Huy Fong Chili Garlic Sauce, 8 oz",
  "byline_info": "Brand: Huy Fong",
  "product_description": "Huy Fong Vietnamese Chili Garlic Sauce, 8 Oz",
  "category": [
    "Grocery & Gourmet Food",
    "Pantry Staples",
    "Sauces, Gravies & Marinades",
    "Hot Sauce"
  ],
  "alt_images": [
    "https://m.media-amazon.com/images/I/41vVuuPL0kL.jpg"
  ],
  "product_detail": {
    "Is Discontinued By Manufacturer": "No",
    "Product Dimensions": "2.3 x 2.2 x 4.4 inches; 9.6 ounces",
    "Item model number": "HF-CGS-8-6",
    "UPC": "024463061040",
    "Manufacturer": "Huy Fong",
    "ASIN": "B0016L34GO",
    "Units": "8.0 Ounce",
    "Best Sellers Rank": "#492 in Grocery & Gourmet Food (See Top 100 in Grocery & Gourmet Food) #2 in Sauces #2 in Hot Sauce",
    "#2 in Sauces": "",
    "#2 in Hot Sauce": "",
    "Customer Reviews": "4.7 4.7 out of 5 stars 12,805 ratings"
  },
  "important_information": {
    "Ingredients": "chili garlicchili garlic",
    "Legal Disclaimer": "Statements regarding dietary supplements have not been evaluated by the FDA and are not intended to diagnose, treat, cure, or prevent any disease or health condition.Statements regarding dietary supplements have not been evaluated by the FDA and are not intended to diagnose, treat, cure, or prevent any disease or health condition."
  },
  "rating": {
    "score": "4.7 out of 5",
    "dist": {
      "5 star": "84%",
      "4 star": "9%",
      "3 star": "3%",
      "2 star": "1%",
      "1 star": "3%"
    }
  },
  "top_comments": [
    {
      "date": "August 5, 2025",
      "title": "A Spicy, Flavorful Must-Have!",
      "score": "5.0 out of 5 stars",
      "text": "I recently purchased the Huy Fong Chili Garlic Sauce, 8 oz, and I’m absolutely thrilled with it! This sauce is a game-changer for anyone who loves bold, spicy flavors with a perfect balance of heat and garlic. The vibrant red color really transforms dishes, making them visually appealing while enhancing the flavor with its signature kick. The texture is thick and chunky, ideal for dipping, spreading, or mixing into stir-fries, noodles, or even scrambled eggs. It adds just the right heat without overwhelming the palate. The 8 oz jar is the perfect size for regular use, and the quality is consistently fantastic. The product arrived in great shape with the seal intact, ensuring freshness. Highly recommend to spice lovers!",
      "helpfulness": "13"
    },
    {
      "date": "September 2, 2025",
      "title": "Bold, Flavorful, and Versatile Sauce",
      "score": "5.0 out of 5 stars",
      "text": "Huy Fong Chili Garlic Sauce adds the perfect kick to a variety of dishes without overpowering them. It’s packed with bold chili heat and fresh garlic flavor, making it ideal for stir-fries, marinades, noodles, and dipping sauces.The 8 oz jar is the right size for home use, and a little goes a long way. If you enjoy a spicy, savory condiment that enhances flavor rather than just adding heat, this is an excellent pantry staple.",
      "helpfulness": "0"
    },
    {
      "date": "August 26, 2025",
      "title": "I Am The Little Red Rooster!",
      "score": "5.0 out of 5 stars",
      "text": "Yummie! The best for so many applications in your taste creations. Perfect heat level. Mix with a little mayo and boom—you got a Sriracha sauce.  Wonderful on burgers, spaghetti, potatoes.  A little goes a long way!",
      "helpfulness": "3"
    },
    {
      "date": "September 8, 2025",
      "title": "Spicy with the smack of garlic",
      "score": "5.0 out of 5 stars",
      "text": "Spicy with the smack of garlic. Great for soups and stews. This is the 4th delivery we've got of these. Well worth it.",
      "helpfulness": "0"
    },
    {
      "date": "September 6, 2025",
      "title": "Very Tasty",
      "score": "5.0 out of 5 stars",
      "text": "This is a great chili sauce, great for adding some zest to your recopies.",
      "helpfulness": "0"
    },
    {
      "date": "July 22, 2025",
      "title": "good stuff, highly addicting",
      "score": "4.0 out of 5 stars",
      "text": "The flavor is fantastic and it's super versatile for so many dishes. My only wish is if it was easier to pour or had a special lid.",
      "helpfulness": "One"
    },
    {
      "date": "August 29, 2025",
      "title": "Buy this, it makes everything better.",
      "score": "5.0 out of 5 stars",
      "text": "I have been working on eating more veggies and could not do so without sauce. This is a great addition to any sauce. I would say it's mild hot and delicious.",
      "helpfulness": "2"
    },
    {
      "date": "July 7, 2025",
      "title": "Consistently tasty",
      "score": "5.0 out of 5 stars",
      "text": "Huy Fong Chili Garlic Sauce is a solid choice if you like a little kick in your food. The flavor is a nice mix of chili heat and savory garlic, making it good for lots of different meals, not just Asian ones. It's pretty consistent in quality – thick and full of flavor, not watery. You get a lot for your money, so it's good value. I often just stir a spoonful into my stir fry or use it to spice up a soup. It's a reliable condiment to have around for adding some easy flavor.",
      "helpfulness": "11"
    }
  ]
}