{
  "product_title": "Goya Adobo All Purpose Seasoning with Pepper, 8 Ounce",
  "byline_info": "Visit the Goya Store",
  "product_description": "Goya Foods Adobo Seasoning with Pepper, 8 Ounce",
  "category": [
    "Grocery & Gourmet Food",
    "Pantry Staples",
    "Herbs, Spices & Seasonings",
    "Mixed Spices & Seasonings",
    "Mexican Seasoning"
  ],
  "alt_images": [
    "https://m.media-amazon.com/images/I/417M+OZDu+L.jpg",
    "https://m.media-amazon.com/images/I/514IdYqyh0L.jpg",
    "https://m.media-amazon.com/images/I/51fM+jbFz9L.jpg",
    "https://m.media-amazon.com/images/I/413h3e0PXrS.jpg",
    "https://m.media-amazon.com/images/I/31DtTzcx0JL.jpg",
    "https://m.media-amazon.com/images/I/41nxjC3Lj9S.jpg",
    "https://m.media-amazon.com/images/I/4164EM-Nh7S.jpg"
  ],
  "product_detail": {
    "Is Discontinued By Manufacturer": "No",
    "Product Dimensions": "2.13 x 2.13 x 5.44 inches; 9.28 ounces",
    "Item model number": "00307246",
    "Manufacturer": "Goya Foods, Inc.",
    "ASIN": "B06Y2Z5MQB",
    "Units": "8.0 Ounce",
    "Best Sellers Rank": "#347,938 in Grocery & Gourmet Food (See Top 100 in Grocery & Gourmet Food) #1,361 in Mexican Seasonings",
    "#1,361 in Mexican Seasonings": "",
    "Customer Reviews": "4.4 4.4 out of 5 stars 172 ratings"
  },
  "important_information": {
    "Ingredients": "Salt, Granulated Garlic, Tricalcium Phosphate (Prevents Caking), Oregano, Black Pepper, Turmeric.Salt, Granulated Garlic, Tricalcium Phosphate (Prevents Caking), Oregano, Black Pepper, Turmeric.",
    "Directions": "seasoned to tasteseasoned to taste",
    "Legal Disclaimer": "Statements regarding dietary supplements have not been evaluated by the FDA and are not intended to diagnose, treat, cure, or prevent any disease or health condition.Statements regarding dietary supplements have not been evaluated by the FDA and are not intended to diagnose, treat, cure, or prevent any disease or health condition."
  },
  "rating": {
    "score": "4.4 out of 5",
    "dist": {
      "5 star": "72%",
      "4 star": "13%",
      "3 star": "6%",
      "2 star": "5%",
      "1 star": "4%"
    }
  },
  "top_comments": [
    {
      "date": "April 14, 2020",
      "title": "Adds a nice KICK to the tortillas!",
      "score": "5.0 out of 5 stars",
      "text": "Tastes <span style=\"font-weight:bold;\">really good</span>. Just make sure to not use the WHOLE bottle on only one or two tortillas!",
      "helpfulness": "0"
    },
    {
      "date": "October 18, 2019",
      "title": "Yum",
      "score": "5.0 out of 5 stars",
      "text": "Not available where I buy most of my groceries but it's a staple in our home. This worked out perfectly.",
      "helpfulness": "0"
    },
    {
      "date": "May 25, 2019",
      "title": "Tastie, treat",
      "score": "5.0 out of 5 stars",
      "text": "Love the flavoring for Adobo. it's good for everything. From meats to vegetable it's A-Okay..",
      "helpfulness": "0"
    },
    {
      "date": "January 18, 2021",
      "title": "Has flavor and a lot of salt",
      "score": "4.0 out of 5 stars",
      "text": "The flavoring is pleasant, but I found it a bit too salty. I will use it and be sure nothing else has salt in it.",
      "helpfulness": "0"
    },
    {
      "date": "May 10, 2020",
      "title": "Very good product",
      "score": "5.0 out of 5 stars",
      "text": "Very good product",
      "helpfulness": "0"
    },
    {
      "date": "August 6, 2019",
      "title": "Good",
      "score": "5.0 out of 5 stars",
      "text": "Husband loves to cook with it",
      "helpfulness": "0"
    },
    {
      "date": "October 29, 2019",
      "title": "Very good product",
      "score": "5.0 out of 5 stars",
      "text": "Taste amazing",
      "helpfulness": "0"
    },
    {
      "date": "July 23, 2019",
      "title": "Decent season salt",
      "score": "3.0 out of 5 stars",
      "text": "Tastes like chicken bouillon cubes. Not bad, not great.",
      "helpfulness": "0"
    }
  ]
}