{
  "product_title": "Jamaican Classic Roasted and Ground Coffee 16oz",
  "byline_info": "Visit the JABLUM Store",
  "product_description": "",
  "category": [
    "Grocery & Gourmet Food",
    "Beverages",
    "Coffee",
    "Ground Coffee"
  ],
  "alt_images": [
    "https://m.media-amazon.com/images/I/41oO4-pKIYL.jpg"
  ],
  "product_detail": {
    "Is Discontinued By Manufacturer": "No",
    "Product Dimensions": "11.5 x 7.09 x 2.56 inches; 1 Pounds",
    "UPC": "647026705009",
    "Manufacturer": "Mavis Bank Coffee Factory",
    "ASIN": "B0007ZPY2C",
    "Units": "1.00 Count",
    "Best Sellers Rank": "#92,009 in Grocery & Gourmet Food (See Top 100 in Grocery & Gourmet Food) #1,300 in Ground Coffee",
    "#1,300 in Ground Coffee": "",
    "Customer Reviews": "4.2 4.2 out of 5 stars 258 ratings"
  },
  "important_information": {
    "Safety Information": "Store in a cool, dark place to maintain the vacuum seal and preserve freshness. Open the bag, brew the coffee grounds, and dispose of used grounds.Store in a cool, dark place to maintain the vacuum seal and preserve freshness. Open the bag, brew the coffee grounds, and dispose of used grounds.",
    "Directions": "Open the bag, brew the coffee grounds, and dispose of used grounds.Open the bag, brew the coffee grounds, and dispose of used grounds.",
    "Legal Disclaimer": "Statements regarding dietary supplements have not been evaluated by the FDA and are not intended to diagnose, treat, cure, or prevent any disease or health condition.Statements regarding dietary supplements have not been evaluated by the FDA and are not intended to diagnose, treat, cure, or prevent any disease or health condition."
  },
  "rating": {
    "score": "4.2 out of 5",
    "dist": {
      "5 star": "65%",
      "4 star": "14%",
      "3 star": "7%",
      "2 star": "3%",
      "1 star": "11%"
    }
  },
  "top_comments": [
    {
      "date": "January 26, 2007",
      "title": "Straight from Jamaica",
      "score": "5.0 out of 5 stars",
      "text": "I was not expecting this coffee to actually be shipped from Jamaica, so I was pleasantly surprised to find a FedEx International package at my door.  One cannot argue that it didn't come from Jamaica! I assumed it would be shipped via a distributor in the US.  I guess that just proves what they say about assuming...The coffee is real smooth and enjoyable.  Unlike other \"Jamaica grown\" products I tried during my youth - this one you can proudly admit you really did inhale the sweet aroma!It comes packed in a burlap bag with the sealed coffee bag inside, just like the picture.  It arrived fresh.As with any of these boutique coffees, you pay a premium - like the Hawaiian Kona coffees - so it's really a matter of taste and the depth of your pocketbook if you think they are worth the price.",
      "helpfulness": "17"
    },
    {
      "date": "July 4, 2019",
      "title": "The Best!",
      "score": "5.0 out of 5 stars",
      "text": "Every single morning I have the most wonderful coffee I have ever tasted!  I NEVER tire of its smoothness.  I never need sweeteners of any kind.  I've been drinking Jamacain coffee for years.  If you're looking for strong bitter knock you on your ass wake up now! - this ain't for you!  If you want that I wake up slowly smooth wonderful taste - this is it. Each cup is like a little bit of heaven.  I keep it in Planetary Design Airscape Coffee Storage Canister - purchased here on Amazon (5 years ago and still working perfectly).  Try it ground to get the correct taste before buying beans.",
      "helpfulness": "One"
    },
    {
      "date": "January 30, 2014",
      "title": "Best Coffee Blue Mountain. Big up Jamaica!",
      "score": "5.0 out of 5 stars",
      "text": "This is my favorite coffee. My husband and I went to Jamaica again in November 2013 and at the resorts we stayed we had the Blue Mountain coffee everyday and sine then we've been drinking it everyday. And GREAT that we're able to order it from Amazon.Com because we've been ordering once a month. And we have ordered so our friends & family can try it.  Just wishes that  the stores will invest in this product. Until then I will order until BlueMountain  runs out. Which I know they won't .  Thank you Jamaica for having the Best coffee ever .  Annie Bryan",
      "helpfulness": "5"
    },
    {
      "date": "August 21, 2024",
      "title": "Horrible,  not blue mountain",
      "score": "1.0 out of 5 stars",
      "text": "My husband has been bringing Jablum coffee home from work trips in Kingston,  Jamaica. It was the brand that turned me into a coffee drinker years ago.  He hasn't been back for awhile,  so I decided to order from Amazon.  It is not the same. It smells and tastes like sawdust. It's worse than even the cheapest grocery store brands. Save your money. Do not buy!",
      "helpfulness": "0"
    },
    {
      "date": "March 14, 2022",
      "title": "Genuine but only \"Okay\"",
      "score": "4.0 out of 5 stars",
      "text": "Very good medium almost light-roast with zero bitterness. Has a buttery flavor with notes of caramel and subtle mango.There is stitching at the top for anyone needing proof this is genuine. This is a small bag, but the price is \"okay\" for what you get.I enjoyed tasting this coffee but prefer deeply bold, nutty, smoky flavors in my coffee. This stays away from most of that. Decided to mix the rest with a French Roast 16oz for a dynamic medium-dark.Best as gift, taster, or mixer",
      "helpfulness": "0"
    },
    {
      "date": "September 30, 2021",
      "title": "Best coffee ever!!!",
      "score": "5.0 out of 5 stars",
      "text": "The coffee is strong but smooth...so delicious....never bothers my stomach like some coffees (too acidic)  Its pricey but worth it.  My personal treat for myself... makes a great gift for coffee lovers.",
      "helpfulness": "0"
    },
    {
      "date": "July 20, 2022",
      "title": "Coffee that's worth the time & $'s.",
      "score": "5.0 out of 5 stars",
      "text": "The cost is a little higher than I'd hoped it would be. Can't always afford it when I feel I need it.",
      "helpfulness": "0"
    },
    {
      "date": "June 19, 2016",
      "title": "Didn't taste right.",
      "score": "3.0 out of 5 stars",
      "text": "Bought this from Jamaica and loved it. Ordered on Amazon and it didn't taste right. Sort of more bitter and dated.  3 stars cause the actual coffee is one of the best in the world.",
      "helpfulness": "0"
    }
  ]
}