{
  "product_title": "Smokehouse 100-Percent Natural Lammy Bites Dog Treats, 8-Ounce",
  "byline_info": "Brand: SMOKEHOUSE TREATS",
  "product_description": "Smokehouse Lamb Munchies for dogs are natural hand-cuts that preserve the flavors of the finest quality lamb. We naturally enhance their color and flavor by slow-roasting them in their own natural juices for up to 53 hours. They are 100% natural; just as nature intended, with the natural flavors and textures dogs love. Made in the USA.",
  "category": [
    "Pet Supplies",
    "Dogs",
    "Treats"
  ],
  "alt_images": [
    "https://m.media-amazon.com/images/I/51p0GClamHL.jpg",
    "https://m.media-amazon.com/images/I/41fOQfaWjXL.jpg",
    "https://m.media-amazon.com/images/I/51JiV5U9y5L.jpg",
    "https://m.media-amazon.com/images/I/31EEV3RnZrL.jpg"
  ],
  "product_detail": {
    "Is Discontinued By Manufacturer": "No",
    "Product Dimensions": "5 x 5 x 6 inches; 12.8 ounces",
    "Item model number": "85965",
    "Date First Available": "October 2, 2001",
    "Manufacturer": "Smokehouse Pet Products",
    "ASIN": "B000GBTLOE",
    "Customer Reviews": "3.8 3.8 out of 5 stars 18 ratings"
  },
  "important_information": {},
  "rating": {
    "score": "3.8 out of 5",
    "dist": {
      "5 star": "54%",
      "4 star": "11%",
      "3 star": "10%",
      "2 star": "12%",
      "1 star": "13%"
    }
  },
  "top_comments": [
    {
      "date": "July 17, 2013",
      "title": "Lamb Lover Will Love Lamb Lung",
      "score": "5.0 out of 5 stars",
      "text": "My picky and highly-sensitive dog is a lamb lover. So if you're dog loves lamb, he/she will love this treat. Its very dry (so no messy oily residue left on your fingers) and crunchy. You may be able to break some of the larger pieces up into smaller pieces with your fingers but I don't need to because the size happens to be perfect for my 90 lb shepherd's mouth. And he's had no bad reactions to this treat for having the sensitive tummy he has.The first lamb lung treat ever introduced to my shepherd was Merrick Lamb Texas Hold 'Ems, a few days ago. Then I opened this Smokehouse version - it's basically the same thing except this brand cuts them thick and chunky as opposed to thin and flat. My guy adores both the brands, like they're better than jerky. Who knew? Perfect for training new commands.It smells like dried oriental medicine concoctions to me, so I'm very used to the smell and don't find it offensive. It's a very light smell anyway (even lighter than Merrick's) and FAR better than some of the bully sticks out there. I love the Smokehouse brand because I've always felt I could trust it. I LOVE their bully sticks too because they don't smell or leave residue on your fingers like the Cadet or Red Barn brands (which I can't stand because they smell of rotting animal urinals). And of course - more importantly, my shepherd loves treats by Smokehouse!(MADE IN THE USA)",
      "helpfulness": "2"
    },
    {
      "date": "February 12, 2015",
      "title": "Bugs",
      "score": "1.0 out of 5 stars",
      "text": "When I opened it up there were bugs running around and looks like they had been there for a while feasting because there was a lot of sawdust like looking stuff in there.",
      "helpfulness": "One"
    },
    {
      "date": "September 10, 2014",
      "title": "Now with BUGS included!!!",
      "score": "2.0 out of 5 stars",
      "text": "My dog loves these and they are low fat so she can have them.  I've been ordering them from Amazon for years, but recently the two manufacturer sealed jugs of these I've ordered came with live bugs in them.  Needless to say I was instantly grossed out.  I'm not sure what the quality issue is at Smokehouse, it's been great in the past, but they need to get their pest problem under control.  I understand these are lung and therefore a byproduct, but there is no excuse for vermin in a pet food product.  Stay away!",
      "helpfulness": "One"
    },
    {
      "date": "July 20, 2008",
      "title": "Smokehouse products are a great buy",
      "score": "3.0 out of 5 stars",
      "text": "My dogs didn't like these as well as other Smokehouse products.  They much prefer the chicken tenders or the duck and sweet potato treats.  They still liked them, but just didn't appear as excited as they do with the others",
      "helpfulness": "0"
    },
    {
      "date": "June 13, 2010",
      "title": "Natural Lammy Bites",
      "score": "4.0 out of 5 stars",
      "text": "My dog finds these treats tasty and I was able to save a little money by purchasing these through Amazon.",
      "helpfulness": "0"
    },
    {
      "date": "January 30, 2010",
      "title": "Lammy Bites are awesome!!!!!!!!!!!!!!!!!!!",
      "score": "5.0 out of 5 stars",
      "text": "Well,We Got our package from WWW.GizmoAndTaz.com,(an amazon affiliate)opened it up ,I opened up the Lammy Bites container and Taz kinda didn't know what to think he never tried this stuff before. After about 5 minutes kinda playing with it ,Taz decided he wanted another. And now he keeps coming back for more He just loves them ,Gizmo had one, It took him 2 seconds and then he wanted another ,but Gizmo just loves food! Try them out at WWW.GizmoAndTaz.Com You can buy products that real pets like ,tested by Gizmo And Taz. another wonderful product we know your pet will like!",
      "helpfulness": "0"
    },
    {
      "date": "January 31, 2015",
      "title": "The inner seal was broken, the product was spoiled ...",
      "score": "1.0 out of 5 stars",
      "text": "The inner seal was broken, the product was spoiled, soggy and full of bugs, I will never purchase again, Also, this item is not elegible for return, and I can understand that, but it came to me as garbage",
      "helpfulness": "One"
    },
    {
      "date": "March 29, 2012",
      "title": "Lamb Bites for Treats & Training!",
      "score": "5.0 out of 5 stars",
      "text": "These are just the right size for a quick reward and as a treat for \"I'm sorry I was away so long - thank you for understanding\" or any other excuse you can find to treat your pet because you always have the happy tail wag afterwards! My dogs gave this treat 5 woofs!!!  So that must be good!",
      "helpfulness": "0"
    }
  ]
}