{
  "product_title": "SPOT Mirror Finish Bowl | Stainless Steel | Pet Dish | Pet Dish for Dogs | Pet Dish for Cats | 3 Quart | by Ethical Pet (6063)",
  "byline_info": "Brand: SPOT",
  "product_description": "This Mirror Finish Bowl is made beautifully with stainless steel mirror finish. It is dishwasher safe, rust resistant and hygienic keeping your dog safe and healthy. Use this bowl for both food and water! Buy one for each! Our assortment of sizes are designed to make sure you have the perfect size for your pet. Dish Sizes: .5 Pint 1 Pint 1 Quart 2 Quart 3 Quart 5 Quart 10 Quart Pet safety is always paramount. The Ethical Products team takes great pride in the safety of our pet line. We like knowing that our fluffy friends are having fun in a safe and healthy environment. Some Recent Awards; 2018 Stretch & Squeak Pet Industry Recognition Award – Pet Business Magazine 2018 Push'N Pop Fear Free Award- Global Pet Expo 2018 Slithery Snakes - Editor's Choice Award – Pet Business Magazine 2018 Vanguard Award Plush Dog Toys – Pet Insights Magazine 2018 Vanguard Award Rope Dog Toys – Pet Insights Magazine For a full list of awards visit our website",
  "category": [
    "Pet Supplies",
    "Dogs",
    "Feeding & Watering Supplies",
    "Bowls & Dishes",
    "Basic Bowls"
  ],
  "alt_images": [
    "https://m.media-amazon.com/images/I/41PncqlJw3L.jpg",
    "https://m.media-amazon.com/images/I/31jok445pPL.jpg"
  ],
  "product_detail": {
    "Is Discontinued By Manufacturer": "No",
    "Product Dimensions": "4 x 9.5 x 9.5 inches; 0.8 ounces",
    "Item model number": "6063",
    "Date First Available": "July 1, 2004",
    "Manufacturer": "Ethical Pets",
    "ASIN": "B0002AS5FK",
    "Best Sellers Rank": "#247,181 in Pet Supplies (See Top 100 in Pet Supplies) #2,160 in Basic Dog Bowls",
    "#2,160 in Basic Dog Bowls": "",
    "Customer Reviews": "3.9 3.9 out of 5 stars 132 ratings"
  },
  "important_information": {},
  "rating": {
    "score": "3.9 out of 5",
    "dist": {
      "5 star": "58%",
      "4 star": "10%",
      "3 star": "11%",
      "2 star": "9%",
      "1 star": "12%"
    }
  },
  "top_comments": [
    {
      "date": "May 13, 2016",
      "title": "Great value, solid product",
      "score": "5.0 out of 5 stars",
      "text": "Others have written that this bowl seems light and not made from thick enough material.  I thought so at first as well, but after using it for several months this bowl is an excellent value.  I have been impressed how well it has held up (although it hasn't been in an abusive environment) and I highly recommend it if you are looking for an excellent value.",
      "helpfulness": "0"
    },
    {
      "date": "June 22, 2015",
      "title": "Great quality bowl",
      "score": "5.0 out of 5 stars",
      "text": "Great quality bowl.  Perfect size water dish for my 50 pound pup.  Had no issue at all removing the sticker.  Really thick metal.  Fill with water each morning and she's never been able to finish all the water in the 3 quart.  I bought a few and just throw them in the dishwasher, came out great, didn't discolor.",
      "helpfulness": "0"
    },
    {
      "date": "May 23, 2020",
      "title": "The company sticker is so hard to remove from the bowl, it isn't worth it!",
      "score": "1.0 out of 5 stars",
      "text": "I purchased 3 of these.  The company places their company logo/sticker dead center in the bottom of the bowl.  It doesn't come off easily, or at all.  On one bowl, I heated it with a hairdryer and it came off beautifully.  No residue, no glue.  On the other two.....let me just say, they aren't usable because after heating them, the stickers came off and left the glue.  I've heated it, put boiling water in it, used acetone on it, and NOTHING.  Plus, the acetone ruined the finish on the bottom of the bowl.  DO NOT BUY THESE.  You'll be unhappy and will waste your money.Why not just put the sticker on the outside/bottom of the bowl?  Poor decisions, for sure.",
      "helpfulness": "2"
    },
    {
      "date": "June 27, 2017",
      "title": "Great quality!",
      "score": "5.0 out of 5 stars",
      "text": "Bought this when I managed a coffeeshop so we could have a water dish for outside for puppies. Worked great; it was big, and went through a commercial dishwasher nightly with no problems. Lasted years with no rust or discoloration/water lines.",
      "helpfulness": "One"
    },
    {
      "date": "April 29, 2017",
      "title": "Nice bowl but the decal-label placement needs to go on the underside of bowl.",
      "score": "3.0 out of 5 stars",
      "text": "I wanted to contact the seller directly without posting a semi-neg review.  I replace my dog's bowls every 6 months to a year.... and these looked awesome.  They are very nice up close and personal, actually.  HOWEVER they placed a decal on the bowl that will NOT come up.  I've soaked it in hot water for 2 days, scrubbed and now the bowl looks worse than the one I am replacing.  Why don't they put decals on the under-side of the bowls?  I am not going to use a chemical like goo-gone or nail polish to remove it.  This has turned into a huge gluey mess on the bottom of the bowl.  Any suggestions?",
      "helpfulness": "10"
    },
    {
      "date": "December 17, 2020",
      "title": "Nice, lightweight, but capacity is off.",
      "score": "4.0 out of 5 stars",
      "text": "I found these bowls when searching for extra replacement steel bowls for our new elevated feeder.  The company from which we ordered the feeder did not offer any replacement bowls.  After a long search buying the wrong size dishes and sending them back.  I finally found this set that fits the feeder perfectly.  The feeder we ordered is linked below.  But I did have one issue.  These bowls are being sold as a certain size.  It says this bowl is a 3qt bowl.  I measured these bowls with water and a measuring cup.  I will put my findings, pictures, and link to the feeder below:Spot mirror finish bowl listed measurement was 3qtThe capacity of this bowl set:  9cups/2.25qt/2.16L/72ozThe capacity of the original bowl set with the feeder: 7cups/1.75qt/1.68L/56ozThat's a bit off if you ask me.  However, if I added much more liquid it would have overflowed.  Maybe bowls are measured somehow different, but I'd rather have actual numbers, actual amounts I can see that work realistically.  But in any event, if you have the 15” FOREYY Bamboo Elevated Dog Feeder, these bowls will work well.*Pics to show visual size difference of the two sets of bowls. The smaller set came with the feeder.https://www.amazon.com/gp/product/B07DHLSTWN/ref=ppx_yo_dt_b_asin_title_o09_s00?ie=UTF8&psc=1",
      "helpfulness": "2"
    },
    {
      "date": "March 16, 2022",
      "title": "Be sure not to poison your pet trying to get the sticker off",
      "score": "2.0 out of 5 stars",
      "text": "It’s a drinking vessel for pets.  Why on earth would anyone put a sticker ON the drinking surface?  Not the kind of sticker that is easy to remove, but the kind that requires you to use a chemical or scratch the product in order to remove it.  That makes zero sense.",
      "helpfulness": "0"
    },
    {
      "date": "September 3, 2014",
      "title": "Thin...very thin - UPDATE, they last!",
      "score": "5.0 out of 5 stars",
      "text": "Well, I read the reviews and the reviews of competing products. This stainless dog dish is real thin. I am wondering if it will even hold up to regular use by a dog. We'll see. Not impressed after opening the box, that's for certain. I'll update this review if this item should end up holding-up well to regular use. If not, I'll leave the review as is....Update on my review above. Well, what can I say, I live in Oregon (you know, rain...) and to my surprise, both of these bowls I purchased almost two years ago now have held-up to the elements, two very ornery livestock guardian dogs and a bunch of ne-er-do-well goats. Minus one ding on a bowl from perhaps a little rough handling, these things are doing great. No rust problems at all. Go figure...changed to 5 stars",
      "helpfulness": "One"
    }
  ]
}