{
  "product_title": "Meiji Hello Panda Cookies-L, Strawberry, 9.1 Ounce",
  "byline_info": "Visit the Meiji Store",
  "product_description": "",
  "category": [
    "Grocery & Gourmet Food",
    "Breads & Bakery",
    "Cookies"
  ],
  "alt_images": [
    "https://m.media-amazon.com/images/I/51U6QchJhKL.jpg",
    "https://m.media-amazon.com/images/I/51PjI--1bNL.jpg",
    "https://m.media-amazon.com/images/I/61X7xUIYdXL.jpg",
    "https://m.media-amazon.com/images/I/51C9U8BNABL.jpg"
  ],
  "product_detail": {
    "Is Discontinued By Manufacturer": "No",
    "Product Dimensions": "6.1 x 3.4 x 8.4 inches; 1.13 ounces",
    "Item model number": "S-PL-6223",
    "UPC": "008077102214",
    "Manufacturer": "Meiji",
    "ASIN": "B00026QIB2",
    "Units": "9.1 Ounce",
    "Best Sellers Rank": "#24,010 in Grocery & Gourmet Food (See Top 100 in Grocery & Gourmet Food) #472 in Grocery Cookies",
    "#472 in Grocery Cookies": "",
    "Customer Reviews": "4.7 4.7 out of 5 stars 1,506 ratings"
  },
  "important_information": {
    "Ingredients": "'WHEAT FLOUR, VEGETABLE SHORTENING (PARTIALLY HYDROGENATED PALM & SOYA BEAN OILS), SUGAR, LACTOSE, SKIM MILK POWDER, MALT EXTRACT, SEASONING (NATURAL), EMULSIFIER (SOYA-LECITHIN), LEAVENING (AMMONIUM BICARBONATE & SODIUM BICARBONATE), DEHYDRATED STRAWBERRY, SALT, NATURAL COLORING (E-162), ARTIFICIAL STRAWBERRY FLAVORING, CITRIC ACID.''WHEAT FLOUR, VEGETABLE SHORTENING (PARTIALLY HYDROGENATED PALM & SOYA BEAN OILS), SUGAR, LACTOSE, SKIM MILK POWDER, MALT EXTRACT, SEASONING (NATURAL), EMULSIFIER (SOYA-LECITHIN), LEAVENING (AMMONIUM BICARBONATE & SODIUM BICARBONATE), DEHYDRATED STRAWBERRY, SALT, NATURAL COLORING (E-162), ARTIFICIAL STRAWBERRY FLAVORING, CITRIC ACID.'",
    "Legal Disclaimer": "Statements regarding dietary supplements have not been evaluated by the FDA and are not intended to diagnose, treat, cure, or prevent any disease or health condition.Statements regarding dietary supplements have not been evaluated by the FDA and are not intended to diagnose, treat, cure, or prevent any disease or health condition."
  },
  "rating": {
    "score": "4.7 out of 5",
    "dist": {
      "5 star": "84%",
      "4 star": "8%",
      "3 star": "4%",
      "2 star": "1%",
      "1 star": "3%"
    }
  },
  "top_comments": [
    {
      "date": "August 14, 2025",
      "title": "Best sweet treats for on the go!",
      "score": "5.0 out of 5 stars",
      "text": "Best sweet treats for on the go! The strawberry cream filling is delicious, and the cute panda designs make them extra fun. Perfect for snacks, lunchboxes, or travel.",
      "helpfulness": "0"
    },
    {
      "date": "June 1, 2016",
      "title": "Best Biscuits EVER",
      "score": "5.0 out of 5 stars",
      "text": "I don't really know what to say about Meiji Hello Panda Biscuits.  When I think about their deliciousness I get a little bit teary-eyed.  It's sort of like biting into a piece of magic.  You close your eyes and you see a deep blue sky with the BIGGEST and BRIGHTEST rainbow that you've ever seen.  There are unicorns running around and fairies smiling at you...it's just the most beautiful scenery that your eyes have ever gazed upon in your whole entire life.  It isn't heaven - it might even be better because, after all, there ARE unicorns.  Then, when your biscuit is eaten, the amazingness is gone and you feel absolutely bereft.  But wait!  There are more biscuits in the bag!!  So you get to continue the awesome experience until the very end when you've run out of these magical biscuits.  *sigh*  It's a good thing I bought the pack of 20 of them.Meiji Hello Panda Biscuits with Strawberry Cream, 2-Ounce Boxes (Pack of 20)",
      "helpfulness": "7"
    },
    {
      "date": "August 4, 2025",
      "title": "Everything as advertised",
      "score": "5.0 out of 5 stars",
      "text": "All 10 packs arrived in perfect condition",
      "helpfulness": "0"
    },
    {
      "date": "December 3, 2016",
      "title": "Great snack, unique",
      "score": "5.0 out of 5 stars",
      "text": "These are one of the most delicious treats I've ever found. I generally like to shop for Asian snacks, and Hello Panda is something that always ends up in the cart. In American terms, its like taking a plain crack and filling it with flavored, dense creme frosting/filling. Its like a more wheat-like oreo substitute. The crackers are each printed with a different design and are crunchy. The filling is not as gooey as the picture depicts, but is a more solid mass. These are quick one bite snack, and the serving portion is just enough. The packaging is adorable and it suitable for all ages. Hello Panda is a must have if you're looking to expand your horizons in the cookie/biscuit department.",
      "helpfulness": "0"
    },
    {
      "date": "June 20, 2021",
      "title": "Caution! These are addicting.",
      "score": "5.0 out of 5 stars",
      "text": "This is one of those things I never would have given a second glance. My wife brought home a pack from work, and said you have to try them. I looked at the package skeptically,  and said really? She told me to just do it.Bottom line, I was not disappointed. They are surprisingly good, and highly addictive, haven't tried the other flavors yet, but I have them in my sights.",
      "helpfulness": "0"
    },
    {
      "date": "January 10, 2024",
      "title": "Son liked these",
      "score": "4.0 out of 5 stars",
      "text": "Som liked the taste of these good snack for lunch. Not many for the price",
      "helpfulness": "One"
    },
    {
      "date": "February 8, 2025",
      "title": "i love these",
      "score": "5.0 out of 5 stars",
      "text": "so good",
      "helpfulness": "One"
    },
    {
      "date": "August 6, 2011",
      "title": "Delicious and Handy! (And ridiculously cute!)",
      "score": "5.0 out of 5 stars",
      "text": "If you like the taste of strawberry Pocky or strawberry Yan Yan, you will like these.  My fiance and I have an  American palette, but we were hooked on Hello Panda ever since he bought the \"Milk\" (Vanilla) flavor on a whim from the international aisle of a supermarket.They arrive in individual boxes packed in a display box (like at a store).  The individual packaging make them easy to throw in a bag or purse on the go (easy for pacifying fussy kids too!), and the individual outer cardboard package means these creme-filled cookies don't get crushed by your water bottle. :)",
      "helpfulness": "2"
    }
  ]
}