{
  "product_title": "Scarpetta Tomato and Capers Bruschetta Topping, 15.8-Ounce Jar (Pack of 4)",
  "byline_info": "Brand: Scarpetta",
  "product_description": "Bruschetta's very simplicity lends itself to countless variations. Served warm or cold, use as a bake sauce or condiment for fish or poultry, in the oven or on the grill. Mix with pasta for a fantastic cold pasta salad. Bruschetta knows no season! With very little effort, you can create one of the great rustic dishes of Italy. Tradition: Served as a popular appetizer in ancient Rome, bruschetta was made in the summer when local Roma tomatoes were at their peak. The bread was grilled and flavored by rubbing it with garlic and olive oil and topped with tomatoes blended into a sauce. We've recreated this tradition using authentic recipes and savory ingredients for you to enjoy all year long. This container is microwave, freezer and dishwasher safe!",
  "category": [
    "Grocery & Gourmet Food",
    "Pantry Staples",
    "Sauces, Gravies & Marinades",
    "Sauces"
  ],
  "alt_images": [
    "https://m.media-amazon.com/images/I/51u3FsyOiWL.jpg"
  ],
  "product_detail": {
    "Package Dimensions": "9.8 x 9.1 x 5.5 inches; 5.5 Pounds",
    "UPC": "688672109070",
    "Manufacturer": "Scarpetta",
    "ASIN": "B000F3VB82",
    "Units": "63.2 Ounce",
    "Customer Reviews": "4.0 4.0 out of 5 stars 7 ratings"
  },
  "important_information": {
    "Ingredients": "Tomatoes (Tomato, Tomato Puree, Salt), Capers, Fresh Garlic, E.v. Olive Oil, Balsamic Vinegar, Fresh Organic Basil, Fresh Organic Marjoram.Tomatoes (Tomato, Tomato Puree, Salt), Capers, Fresh Garlic, E.v. Olive Oil, Balsamic Vinegar, Fresh Organic Basil, Fresh Organic Marjoram.",
    "Directions": "Grill or toast a slice of Tuscan bread and rub with a clove of peeled garlic. Drizzle lightly with e.v. olive oil and salt as desired. Top the bread with this fresh and flavorful topping. The appeal of bruschetta is that it is one of the simplest dishes in the Italian repertoire that offers robust pleasure to the palate.Grill or toast a slice of Tuscan bread and rub with a clove of peeled garlic. Drizzle lightly with e.v. olive oil and salt as desired. Top the bread with this fresh and flavorful topping. The appeal of bruschetta is that it is one of the simplest dishes in the Italian repertoire that offers robust pleasure to the palate.",
    "Legal Disclaimer": "Statements regarding dietary supplements have not been evaluated by the FDA and are not intended to diagnose, treat, cure, or prevent any disease or health condition.Statements regarding dietary supplements have not been evaluated by the FDA and are not intended to diagnose, treat, cure, or prevent any disease or health condition."
  },
  "rating": {
    "score": "4 out of 5",
    "dist": {
      "5 star": "61%",
      "4 star": "0%",
      "3 star": "21%",
      "2 star": "18%",
      "1 star": "0%"
    }
  },
  "top_comments": [
    {
      "date": "December 17, 2007",
      "title": "Nice flavor topping but watch for defective seals on jars.",
      "score": "2.0 out of 5 stars",
      "text": "This topping has a very nice flavor and makes tasty bruschetta. But be careful about the seals on the jars. I've have several arrive with the vacuum seal broken and when the jars were opened, a very unappetizing fuzzy growth presented itself. Amazon replaced the defective jars but I always wonder whether they are going to be good or not.",
      "helpfulness": "4"
    },
    {
      "date": "May 6, 2008",
      "title": "Decnt but not spectacular",
      "score": "3.0 out of 5 stars",
      "text": "This has great chunks and a good flavor, but I was not blown away.  The capers made me think it would have more kick, but it was just basic bruschetta.  I recommend it if you can find it on sale.",
      "helpfulness": "0"
    },
    {
      "date": "January 18, 2009",
      "title": "A family favorite!",
      "score": "5.0 out of 5 stars",
      "text": "I am a repeat buyer of this particular product, and this last shipment was as good as the previous.  We love this over chicken, as a bruschetta topping, or simply over pasta.  It is light and flavorful, and so good for you!  The size of each container is perfect for small families.  We never have leftovers...if there is any left after the meal, someone in the family will eat what is left straight from the bowl.The packaging does have some issues with the seals breaking, but Amazon always makes it right and replaces the product if it arrives with a broken seal.  We live at altitude, and we have issues with seals breaking simply from the grocery stores (which are 1500 feet below our house) to home, so we are used to that.Enjoy!",
      "helpfulness": "2"
    },
    {
      "date": "February 5, 2008",
      "title": "Good stuff, but I agree w/ the other reviewer ...",
      "score": "3.0 out of 5 stars",
      "text": "Some of mine arrived w/ the seals broken too.  This product is very good though and Amazon has great customer service.  The packaging for this item did get better with the second order.",
      "helpfulness": "3"
    },
    {
      "date": "December 13, 2013",
      "title": "Stuff is great",
      "score": "5.0 out of 5 stars",
      "text": "I put it on pasta and whatever meat I am eating. Tastes great and, for some reason, no heartburn that I normally get from pasta sauce. Healthier too.",
      "helpfulness": "One"
    },
    {
      "date": "December 10, 2009",
      "title": "Scarpetta Tomato and Capers Bruschetta Topping,",
      "score": "5.0 out of 5 stars",
      "text": "This is a taste of Italy in a jar, yummy!!  You can't make it this flavorful.pam in charleston scScarpetta Tomato and Capers Bruschetta Topping, 15.8-Ounce Jar (Pack of 4)",
      "helpfulness": "0"
    },
    {
      "date": "February 26, 2008",
      "title": "Very Tasty Topping!",
      "score": "5.0 out of 5 stars",
      "text": "High quality ingredients in this most flavorful Italian topping.  I did not have the problem with the containers that others have mentioned here.  I placed another order today.  Definitely recommend!",
      "helpfulness": "One"
    }
  ]
}