{
  "product_title": "Bil-Jac Reduced Fat Super Premium Dry Dog Food",
  "byline_info": "Brand: Bil-Jac",
  "product_description": "",
  "category": [
    "Pet Supplies",
    "Dogs",
    "Food",
    "Dry"
  ],
  "alt_images": [
    "https://m.media-amazon.com/images/I/41PSK0f0I-L.jpg"
  ],
  "product_detail": {
    "Date First Available": "August 18, 2004",
    "Manufacturer": "10076",
    "ASIN": "B000633VBQ",
    "Customer Reviews": "2.0 2.0 out of 5 stars 2 ratings"
  },
  "important_information": {},
  "rating": {
    "score": "2 out of 5",
    "dist": {
      "5 star": "26%",
      "4 star": "0%",
      "3 star": "0%",
      "2 star": "0%",
      "1 star": "74%"
    }
  },
  "top_comments": [
    {
      "date": "December 1, 2011",
      "title": "A Big Ripoff!",
      "score": "1.0 out of 5 stars",
      "text": "I bought this thing after a recommendation from a pet store rep. My dog hardly touched the stuff, and then I looked at the ingredients: one of the first things on it was corn-a grain known to cause allergies in dogs. As a matter of fact, corn might be the most allergy-prone food amongst dogs. Not to mention, thanks to our friends at Monsanto, it is almost always Genetically modified (GMO) or a franken-food, unless it's organic. Real \"premium\" dog foods brag that they've no corn.Right at the top of the list of ingredients is chicken-by-products, another no-no among real \"premium\" dog foods. This means all the waste that it is usually thrown out from the chicken since it's not real meat. Cheap dog foods put this in their food simply because it's cheap, but it's not real meat. A little further down you will notice BHA, an artificial preservative, which again real \"premium\" dog foods do not have.In short, BilJac is a joke. It is basically, insanely overpriced Alpo, with no organic ingredients whatsoever, and uses all the shortcuts, filler, and chemistry that the cheapest dog foods on the market use. Don't be fooled by the old-fashioned appeal of the company's 60 years in business. There is nothing but modern chemistry in the bag, and all the folksy appeal will not make up for cheap, lousy ingredients. Calling this stuff premium dog food would be like calling a Kia a Mercedes. For nearly the same price as this overpriced Alpo, one could buy organic dog food, free of preservatives, corn, and cheap by-products!",
      "helpfulness": "0"
    },
    {
      "date": "August 6, 2009",
      "title": "BEST DOG FOOD FOR YOUNG AND OLDER DOGS",
      "score": "5.0 out of 5 stars",
      "text": "was in line at Petsmart and the man in front of me was buying Bil Jac dog food. That was about 6 years ago. I asked him about it because I had never heard of it. He happened to be a Scientist who had been on a dog food study team and said it was the best of all they rated. I have 12 toy poodles ( I use to breed them) and this dog food they all loved immediately. The best part is it is the only small kibble I have found that isn't so hard. I have tried so many of the more expensive, better brands and they always turned their noses up at it, but would eventually, reluctantly, eat it. Bil Jac crumbles more easily for these little guys. For Picky eaters as well. It works well with dogs who have teeth problems and older dogs as well as it does not hurt their teeth to break the kibble. In a pinch I have had to buy other food for them and they never like it. The other kind I had to soak in water before feeding them because it was so hard. I promise your dogs will love this food and it's so good for them too. I have always let my dogs \"graze\" ( I am a big believer of that) and leave food down all the time and they never over eat with this or get fat. Normal BM's too. Can't say enough good stuff about this dog food. Once your dog gets a taste of this, they will never want another brand! Oh, it is for big dogs too!",
      "helpfulness": "0"
    }
  ]
}