{
  "product_title": "Russian Caravan",
  "byline_info": "Brand: Coffee Anyone ???",
  "product_description": "Very smoky aroma and flavor. Not of Russian origin, it is a blend in the tradition of the 19th century Russian tea trade. Caravans spent 16 months making the round trip to eastern China. Our own blend of China's Lapsang Souchong and Keemun Congou.",
  "category": [
    "Grocery & Gourmet Food",
    "Beverages",
    "Tea",
    "Black"
  ],
  "alt_images": [
    "https://m.media-amazon.com/images/I/410TE2CF79L.jpg"
  ],
  "product_detail": {
    "Item Weight": "8 ounces",
    "Manufacturer": "Coffee Anyone",
    "ASIN": "B0006NL1D6",
    "Units": "8 Ounce",
    "Customer Reviews": "4.0 4.0 out of 5 stars 2 ratings"
  },
  "important_information": {
    "Legal Disclaimer": "Statements regarding dietary supplements have not been evaluated by the FDA and are not intended to diagnose, treat, cure, or prevent any disease or health condition.Statements regarding dietary supplements have not been evaluated by the FDA and are not intended to diagnose, treat, cure, or prevent any disease or health condition."
  },
  "rating": {
    "score": "4 out of 5",
    "dist": {
      "5 star": "0%",
      "4 star": "100%",
      "3 star": "0%",
      "2 star": "0%",
      "1 star": "0%"
    }
  },
  "top_comments": [
    {
      "date": "February 16, 2008",
      "title": "Evening Solution",
      "score": "4.0 out of 5 stars",
      "text": "I used to drink chamomile during the last tv show of the night before settling in for bed, but I would get very sleepy very fast and fall asleep in the middle of the broadcast.I switched to Russian Caravan which is not as stimulating at Earl Grey or Engish Breakfast an it is just perfect and I am awake until after the program, drifting off on schedule.I strongly encourage people that find it too strong to pay close attention to seep time.  1 - 3 minutes is perfect, and while I seep for 3 minutes, it does not hold up much in the cup after 30 minutes, and then it starts to get bitter.",
      "helpfulness": "6"
    },
    {
      "date": "December 23, 2005",
      "title": "Not for Everyone - very unique!",
      "score": "4.0 out of 5 stars",
      "text": "We picked this up randomly in the loose tea section, and found it to be a very strong yet enjoyable tea.  This would be best served as a breakfast tea in colder weather.  To sweeten, use honey (sugars or substitutes won't taste right) and add some lemon for a very nice touch (we used lemon flavored honey which was perfect).The aroma and flavor are reminiscent of aged pipe tobacco.  This isn't something that appeals to everyone, but I haven't ever found another tea like it.  It has a thickness to it that is filling.",
      "helpfulness": "10"
    }
  ]
}