{
  "product_title": "ASS KICKIN' Habanero Popcorn Seasoning - Great for Gourmet Popcorn or Chicken Wings and Meat - Perfect Stocking Stuffers or Christmas Gifts - Try if you Dare!",
  "byline_info": "Visit the ASS KICKIN' Store",
  "product_description": "",
  "category": [
    "Grocery & Gourmet Food",
    "Pantry Staples",
    "Herbs, Spices & Seasonings",
    "Salt & Salt Substitutes",
    "Salt",
    "Popcorn Salt"
  ],
  "alt_images": [
    "https://m.media-amazon.com/images/I/51l7u5O-cuL.jpg",
    "https://m.media-amazon.com/images/I/51OTGz4zzjL.jpg",
    "https://m.media-amazon.com/images/I/51ajlqBDjbL.jpg",
    "https://m.media-amazon.com/images/I/51gFBfdUimL.jpg",
    "https://m.media-amazon.com/images/I/61wlzq9UsAL.jpg",
    "https://m.media-amazon.com/images/I/61tH2uomexL.jpg",
    "https://m.media-amazon.com/images/I/51GPPMn6y4L.jpg"
  ],
  "product_detail": {
    "Package Dimensions": "4.8 x 1.81 x 1.81 inches; 3.84 ounces",
    "UPC": "089382112600",
    "Manufacturer": "Southwest Specialty Foods Inc.",
    "ASIN": "B0047LLHWI",
    "Units": "3.25 Ounce",
    "Best Sellers Rank": "#91,267 in Grocery & Gourmet Food (See Top 100 in Grocery & Gourmet Food) #105 in Popcorn Salts",
    "#105 in Popcorn Salts": "",
    "Customer Reviews": "4.1 4.1 out of 5 stars 334 ratings"
  },
  "important_information": {
    "Directions": "Use generously as needed.Use generously as needed.",
    "Legal Disclaimer": "Statements regarding dietary supplements have not been evaluated by the FDA and are not intended to diagnose, treat, cure, or prevent any disease or health condition.Statements regarding dietary supplements have not been evaluated by the FDA and are not intended to diagnose, treat, cure, or prevent any disease or health condition."
  },
  "rating": {
    "score": "4.1 out of 5",
    "dist": {
      "5 star": "58%",
      "4 star": "17%",
      "3 star": "8%",
      "2 star": "10%",
      "1 star": "7%"
    }
  },
  "top_comments": [
    {
      "date": "December 8, 2024",
      "title": "Love it",
      "score": "5.0 out of 5 stars",
      "text": "Not too spicy. Not sure if it's true but I feel I'm eating less salt using it.",
      "helpfulness": "0"
    },
    {
      "date": "June 4, 2017",
      "title": "handy seasoning for everything, not just popcorn",
      "score": "5.0 out of 5 stars",
      "text": "love this seasoning, wish I could find more flavors too. Not enough different tastes.",
      "helpfulness": "0"
    },
    {
      "date": "April 24, 2024",
      "title": "Yummy but pricey",
      "score": "4.0 out of 5 stars",
      "text": "It's very good but very expensive too",
      "helpfulness": "0"
    },
    {
      "date": "January 8, 2019",
      "title": "So good",
      "score": "5.0 out of 5 stars",
      "text": "Amazing on popcorn has good spice to it.  Be careful will make you cough if you put too much on.",
      "helpfulness": "3"
    },
    {
      "date": "June 16, 2025",
      "title": "Not nearly the heat as there habanero popcorn.",
      "score": "2.0 out of 5 stars",
      "text": "I have ordered the habanero popcorn before and love the perfect heat in it along with the flavor. Well, the seasoning was what I thought would have the same heat as the popcorn, but theres really no comparison. The seasonong is weak with the heat. Tasted more like paprika. The ingredients say mild pepper and habanero pepper but there is really no heat to the seasoning unlike the popcorn. I think Southwest specialty foods made this seasoning weak purposely because think about it, you could save alot more money by ordering the seasoning and buy any brand of popcorn and add it to it without spending the same amount for a 3 pack of there habanero popcorn. But the seasoning is nowhere near as hot as there popcorn. The flavor is there and good, but you might try adding your own hot pepper to it to enhance it.",
      "helpfulness": "0"
    },
    {
      "date": "January 3, 2025",
      "title": "Not hot at all.",
      "score": "3.0 out of 5 stars",
      "text": "Didn't like it. Ended up not using it at all.",
      "helpfulness": "0"
    },
    {
      "date": "December 14, 2024",
      "title": "Try it on popcorn!!",
      "score": "5.0 out of 5 stars",
      "text": "Add this AND vinegar salt on popcorn…lovely food comma",
      "helpfulness": "0"
    },
    {
      "date": "January 23, 2014",
      "title": "Very Good..",
      "score": "5.0 out of 5 stars",
      "text": "I eat it on many foods but  have been not tried it on popcorn yet! Its great on Spagetti,and other meats.Also salads, Macoroony.I would highly recommend it . Because it has a chessy but also a Jalapeno flavor not Spicy kick to it..",
      "helpfulness": "One"
    }
  ]
}