{
  "product_title": "Stash Tea Green & White Fusion Green Tea - Caffeinated, Non-GMO Project Verified Premium Tea with No Artificial Ingredients, 18 Count (Pack of 6) - 108 Bags Total",
  "byline_info": "Visit the Stash Store",
  "product_description": "The Finer Things Club has got nothing on this tea! White tea is a very rare, expensive connoisseurs tea that is difficult to obtain as it is harvested only a few days of the year. We blend this prized tea with premium green teas from Japan, China and India for a truly unique and delicate sip. This bougie blend is sure to make your refined taste buds say \"très magnifique!\" Ingredients: Blended green teas, blended white teas. Contains Caffeine. Brewing Instructions: 1 tea bag | 8 oz water | 170-180° f | 1-3 min. Each Package Contains: 6 boxes of 18 tea bags (108 tea bags total)",
  "category": [
    "Grocery & Gourmet Food",
    "Beverages",
    "Tea",
    "Fruit & Herbal Tea",
    "Herbal"
  ],
  "alt_images": [
    "https://m.media-amazon.com/images/I/518AZ0eh+PL.jpg",
    "https://m.media-amazon.com/images/I/41wzKoZf6bL.jpg",
    "https://m.media-amazon.com/images/I/41JzFUATs-L.jpg",
    "https://m.media-amazon.com/images/I/51CaSVBAxzL.jpg",
    "https://m.media-amazon.com/images/I/41-eQQWxGXL.jpg",
    "https://m.media-amazon.com/images/I/51-Q0e6PA3L.jpg",
    "https://m.media-amazon.com/images/I/517I3P3+CaL.jpg"
  ],
  "product_detail": {
    "Is Discontinued By Manufacturer": "No",
    "Product Dimensions": "9.6 x 5.8 x 5.8 inches; 1.17 Pounds",
    "Item model number": "08268",
    "Manufacturer": "Stash Tea",
    "ASIN": "B000CQG8AS",
    "Units": "108 Count",
    "Best Sellers Rank": "#1,680 in Grocery & Gourmet Food (See Top 100 in Grocery & Gourmet Food) #382 in Herbal Tea",
    "#382 in Herbal Tea": "",
    "Customer Reviews": "4.7 4.7 out of 5 stars 18,426 ratings"
  },
  "important_information": {
    "Safety Information": "This product is labelled to United States standards and may differ from similar products sold elsewhere in its ingredients, labeling and allergen warningsThis product is labelled to United States standards and may differ from similar products sold elsewhere in its ingredients, labeling and allergen warnings",
    "Ingredients": "White tea, Japanese Green, Chinese Green, Assam Green, Darjeeling Green and Organic Green teasWhite tea, Japanese Green, Chinese Green, Assam Green, Darjeeling Green and Organic Green teas",
    "Directions": "To savor the full flavor of our teas, bring fresh water to a rolling boil. Pour hot water directly over the tea bag in a pre-heated pot or cup. Brew 3-5 minutes or to desired taste. One tea bag makes 8 ounces of hot tea. For iced tea, brew double strength.To savor the full flavor of our teas, bring fresh water to a rolling boil. Pour hot water directly over the tea bag in a pre-heated pot or cup. Brew 3-5 minutes or to desired taste. One tea bag makes 8 ounces of hot tea. For iced tea, brew double strength.",
    "Legal Disclaimer": "Statements regarding dietary supplements have not been evaluated by the FDA and are not intended to diagnose, treat, cure, or prevent any disease or health condition.Statements regarding dietary supplements have not been evaluated by the FDA and are not intended to diagnose, treat, cure, or prevent any disease or health condition."
  },
  "rating": {
    "score": "4.7 out of 5",
    "dist": {
      "5 star": "85%",
      "4 star": "8%",
      "3 star": "3%",
      "2 star": "1%",
      "1 star": "3%"
    }
  },
  "top_comments": [
    {
      "date": "August 23, 2025",
      "title": "Delicious morning drink",
      "score": "5.0 out of 5 stars",
      "text": "My wife gets this tea every three or four months. She buys boxes of 100 or so which is cheaper than buying individual smaller boxes. She drinks it every morning. It smells and tastes great. She thinks it's the best decaf chai out there.",
      "helpfulness": "0"
    },
    {
      "date": "August 31, 2025",
      "title": "I Didn't Know I Liked Black Tea",
      "score": "5.0 out of 5 stars",
      "text": "Seriously, I didn't like black tea at all (except southern sweet tea) until I tried this Earl Grey tea. It isn't just my favorite black tea. It has caused me to regularly drink tea. Now, in my routine, it's 16 oz of black coffee in the early morning, and 16 oz of black tea in the late morning. Drinking it after the coffee makes me feel so clean and healthy. I guess it's the perfect amount of caffeine to come down from the coffee. It is so unbelievably delicious, I just have to drink it! It smells amazing too!This tea also works AMAZING for southern sweet tea on a hot day, skip the soda!",
      "helpfulness": "One"
    },
    {
      "date": "August 14, 2025",
      "title": "Peach Stash",
      "score": "5.0 out of 5 stars",
      "text": "Excellent flavor and quality. This is our go-to beverage - brewed in an electric pot and served over ice.",
      "helpfulness": "0"
    },
    {
      "date": "July 13, 2025",
      "title": "Peach tea with great flavor.",
      "score": "5.0 out of 5 stars",
      "text": "This is the best peach tea I have found. My last order arrived and was the Ginger Peach tea and not the Peach tea I had ordered. I have a digestive issue with ginger and wish this could have been returned and refunded but that didn't happen.I'm hoping I can find a retail store that carries the product.",
      "helpfulness": "0"
    },
    {
      "date": "August 14, 2025",
      "title": "Tastes great",
      "score": "5.0 out of 5 stars",
      "text": "Love the taste, good price too.",
      "helpfulness": "0"
    },
    {
      "date": "August 26, 2025",
      "title": "Sweet and satisfying",
      "score": "5.0 out of 5 stars",
      "text": "Delicious!  Reminiscent of hot apple cider without the calories.",
      "helpfulness": "0"
    },
    {
      "date": "July 24, 2025",
      "title": "great tea, wrong item often shipped",
      "score": "4.0 out of 5 stars",
      "text": "love the smell and taste of this tea, but the seller repeatedly ships the wrong tea",
      "helpfulness": "0"
    },
    {
      "date": "August 11, 2025",
      "title": "Great tea and good price",
      "score": "5.0 out of 5 stars",
      "text": "I use herbal tea to make iced tea all summer, and we go through a lot of tea bags at 4 per 1/2 gallon jug. I can't always find this variety at the grocery store, so I was happy to find this available in a multi pack, and the price was good too!",
      "helpfulness": "One"
    }
  ]
}