{
  "product_title": "Cadet Sterile Natural Bone For Dogs, 7 To 9-Inch, White",
  "byline_info": "Visit the Cadet Store",
  "product_description": "Dog chew your dog will love. always supervise your pet when giving them any treats. ingredients: real shin bone.",
  "category": [
    "Pet Supplies",
    "Dogs",
    "Treats",
    "Rawhide",
    "Bones"
  ],
  "alt_images": [
    "https://m.media-amazon.com/images/I/31Yq1tf1i-L.jpg",
    "https://m.media-amazon.com/images/I/31Yq1tf1i-L.jpg"
  ],
  "product_detail": {
    "Is Discontinued By Manufacturer": "No",
    "Product Dimensions": "4 x 3 x 9 inches; 8 ounces",
    "Item model number": "1124",
    "Date First Available": "November 4, 2005",
    "Manufacturer": "Top Dog Treats and Chews",
    "ASIN": "B000BYPF7S",
    "Customer Reviews": "4.2 4.2 out of 5 stars 290 ratings"
  },
  "important_information": {},
  "rating": {
    "score": "4.2 out of 5",
    "dist": {
      "5 star": "67%",
      "4 star": "9%",
      "3 star": "9%",
      "2 star": "7%",
      "1 star": "8%"
    }
  },
  "top_comments": [
    {
      "date": "January 2, 2015",
      "title": "Why do I give my dogs sterilized bones (with caution)?",
      "score": "5.0 out of 5 stars",
      "text": "I have 2 big dogs.. over 70 lbs each and they both are enthusiastic chewers. It is important that I have chew toys that will last.In addition, I am very particular with their diets (having lived a decade with a dog with food allergies) so I am careful to not give my dogs \"digestible\" toys which could trigger an allergy.What I mean by this is that a large, hard sterilized bone will chip off very slowly but the pieces are not digestible. They just pass through undigested and  normally do not cause any irritation to the dogs digestive tract. Afterall their canine ancestors, wolves, would gnaw on bones after their dinners... Other types of treats that are made from animal by-products could result in allergic reactions, digestive irritation or diarrhea.Also, we don't let our dog eat any people food and so we don't buy treats that would smell like or resemble people food.I really like large sterilized bones as they are tough and my dogs have never had any kind of allergies.These large bones are about 8 inches long and are heavy duty. My dog was so excited to get this bone and took it straight to his bed to have a good chew. Because it is a bit longer, he was able to easily position it between his paws and dig right in. I have had it for a while now and although it is of their favorites, it hasn't worn down much.There is only one down side to this particular bone: Because it is a big bone it is heavy so don't let your dog drop it on your foot to retrieve it. My dog dropped it on my big toe and I thought I was going to have to go to the ER! LOL!This is a good problem to have though because it means it will last. I have heard people say that these large bones are also helpful in scraping off tartar from your dogs teeth. I can't say that I have noticed this. I do brush my dogs' teeth fairly regularly.At the time I purchased this bone, there were 101 reviews for this bone with an average of 4.2 stars. Like any savvy amazon shopper I did read through quite a few. I did notice that the #1 complaint is that the bone can sometime chip off into scary looking shards. I agree with these reviewers that this is flat out dangerous and could be extremely serious if your dog were to ingest a shard. It could perforate their intestines and result in internal bleeding that could be fatal.My experience has been that I have ordered bones on amazon a few times. I have received a bone that chipped into sharp pieces once. I understand that this can happen when the bones are very old and dry. Perhaps these sat in a warehouse too long. (To be honest the whole dog bone production process is not something I want to visualize)...All that being said, I am happy with my purchase, but completely understand the 1 star reviews. Keep a close watch over your dog when you first give them this bone. If this bone starts to chip right away, I'd ask for my money back and try another batch. When they are good quality they are a good chew toy for your dog, but as with everything else with your dog, when you introduce something new to them, they will need some supervision.I am sure that I will purchase this bone again.Also, I'll add that if you have a large dog that shreds his toys or is likely to swallow the stuffing or squeaker from a soft toy, this is a great alternative for you.",
      "helpfulness": "17"
    },
    {
      "date": "May 14, 2020",
      "title": "Finally got my dogs bone!! Great bone!!!",
      "score": "5.0 out of 5 stars",
      "text": "I finally got my dog's bone, TODAY, 5/13/20, I HAVE NO CLUE WHY UPS SAID it was left in my mailbox last week: it was delivered, Today. It is huge and so far seems to be a great product! Thank you. EDIT: My pitbull/Great Dane, 6 year old, boy dog, LOVES THIS BONE.A+++++++. BUY THIS BONE!! It will crack a little at first, my boy loved that, (the more open side of the bone) He had a blast with that, I would take away any jagged pieces) Then it got down to a perfect size. The first thing he looks for in the morning and the last thing at night!! Love this. Going to order another one right now!!",
      "helpfulness": "One"
    },
    {
      "date": "April 25, 2013",
      "title": "Amazing Product! A must have for dogs that love bones!",
      "score": "5.0 out of 5 stars",
      "text": "I'm a very frugal person...so when I see a $10 price tag on a dog bone...I think, do my dogs really need that? I could spend 10 bucks on me! But trust me...these bones are WORTH it! More than worth it! Rawhides are stupidly expensive and my dogs (a pit-lab mix and a greyhound) pretty much inhale them in minutes. Oftentimes they eat them so fast and swallow such large pieces that I'm scared I'll be taking one to the vet for internal damages they could cause.These bones are amazing and last a LONG time. The dogs LOVE them. I just got mine in the mail and my pit was sitting in front of me wagging his tail for it as soon as I broke the seal of the package. He chewed happily for a good hour and a half.GREAT PRODUCT! Also, came a day before the expected delivery date. Very happy customer right here.",
      "helpfulness": "0"
    },
    {
      "date": "June 1, 2013",
      "title": "They look nice",
      "score": "3.0 out of 5 stars",
      "text": "But my dogs didn't seem to like these too much.  They are picky I suppose and like rawhide better.  I had hoped these would occupy them.  Luckily they seem to be from the stone age and can probably last for years, maybe they'll get interested in them one day.",
      "helpfulness": "0"
    },
    {
      "date": "December 27, 2015",
      "title": "Our Dogs Love These Bones!",
      "score": "4.0 out of 5 stars",
      "text": "Our three Labradors love to chew and they love these bones. I love the fact that if they feel like chewing, they seek out these bones and gnaw until  satiated. It really helps having these bones around while we're at work, so the dogs have things to chew on besides the furniture. They last forever...like, forever. And, if the dogs start getting tired of them, I simply put them away and bring them out a few days later. You'd think I purchased brand new bones for them, as they are just as excited to see these as they would be to see a new bone. After recently reading other reviews of these bones, I might not purchase again, because if your dog actually chews them up they can cause splinter like shards that can be really bad for your dog. But, so far, we haven't had any problems. Our dogs must not be super aggressive chewers, they just like something to gnaw on now and then. These bones are from Brazil, not China, which is a relief to me. Good product for our household, but would do further research if buying for really aggressive chewers.",
      "helpfulness": "One"
    }
  ]
}