{
  "product_title": "Braided Money Tree - Bonsai Plant in Cobalt Blue Pot",
  "byline_info": "Brand: INDOORBONSAIANDEXOTICS",
  "product_description": "",
  "category": [
    "Grocery & Gourmet Food",
    "Fresh Flowers & Live Indoor Plants",
    "Live Indoor Plants",
    "Bonsai"
  ],
  "alt_images": [
    "https://m.media-amazon.com/images/I/51UGx7C5OYL.jpg"
  ],
  "product_detail": {
    "ASIN": "B0001WYNJG",
    "Units": "1.0 Count",
    "Customer Reviews": "2.8 2.8 out of 5 stars 2 ratings"
  },
  "important_information": {
    "Legal Disclaimer": "Statements regarding dietary supplements have not been evaluated by the FDA and are not intended to diagnose, treat, cure, or prevent any disease or health condition.Statements regarding dietary supplements have not been evaluated by the FDA and are not intended to diagnose, treat, cure, or prevent any disease or health condition."
  },
  "rating": {
    "score": "2.8 out of 5",
    "dist": {
      "5 star": "26%",
      "4 star": "0%",
      "3 star": "0%",
      "2 star": "74%",
      "1 star": "0%"
    }
  },
  "top_comments": [
    {
      "date": "November 27, 2012",
      "title": "Died FAST",
      "score": "2.0 out of 5 stars",
      "text": "I overwatered this thing ONCE and it quickly took off into a downward spiral of death. I've done this occassionally with other plants and just let them dry out a little and they're fine... not this guy. I'm not into sensitive men or sensitive plants - no more money trees for me.",
      "helpfulness": "0"
    },
    {
      "date": "July 28, 2005",
      "title": "Healthy Tree, Delivered on Time, Very Cool Looking!",
      "score": "5.0 out of 5 stars",
      "text": "I sent this plant to my sister when she moved into her new house for a new job.  I can't guarantee the fortune or luck, but my sister loves the Tree! It was her favorite house/job warming gift.  It's still really healthy now and has even grown some.  It was also delivered on the day after she moved in exactly as I asked.  Really good customer service and products, highly recommend.  Thanks again!",
      "helpfulness": "4"
    }
  ]
}