{
  "product_title": "Nueske's Applewood Smoked Bacon Sampler Gift Box",
  "byline_info": "",
  "product_description": "",
  "category": [
    "Grocery & Gourmet Food",
    "Food & Beverage Gifts",
    "Meat & Seafood Gifts"
  ],
  "alt_images": [
    "https://m.media-amazon.com/images/I/41hwkarbY5L.jpg"
  ],
  "product_detail": {
    "ASIN": "B0002IF5CI",
    "Units": "1 Count",
    "Customer Reviews": "2.8 2.8 out of 5 stars 13 ratings"
  },
  "important_information": {
    "Legal Disclaimer": "Statements regarding dietary supplements have not been evaluated by the FDA and are not intended to diagnose, treat, cure, or prevent any disease or health condition.Statements regarding dietary supplements have not been evaluated by the FDA and are not intended to diagnose, treat, cure, or prevent any disease or health condition."
  },
  "rating": {
    "score": "2.8 out of 5",
    "dist": {
      "5 star": "17%",
      "4 star": "14%",
      "3 star": "14%",
      "2 star": "42%",
      "1 star": "13%"
    }
  },
  "top_comments": [
    {
      "date": "December 17, 2011",
      "title": "$45.00 for 3 LBS.?",
      "score": "1.0 out of 5 stars",
      "text": "When you factor in the shipping ($15.00!), why you're \"forking-out\" $45.00...$15.00 per lb.! Hot Damn. Isn't there ANY bacon near you, that's acceptable, and cheaper? It may be the best...butt NOT at the price.",
      "helpfulness": "3"
    },
    {
      "date": "June 25, 2021",
      "title": "Bacon Arrived WARM in the box",
      "score": "2.0 out of 5 stars",
      "text": "Nueske only packed three small ice bags for almost TEN packages of bacon!There was plenty of room in the styrofoam box for more ice but I guess they are saving on....ice?Not sure the bacon is safe to eat.I paid almost $23.oo for shipping and it arrive at home with 64 degree temp outside. Not hot.",
      "helpfulness": "3"
    },
    {
      "date": "February 25, 2018",
      "title": "My medium cut looked like thin cut",
      "score": "3.0 out of 5 stars",
      "text": "I've been buying and enjoying Nueske's bacon for years but they have changed something. It's not cooking the same way any more. Also, they cutting it thinner. My medium cut looked like thin cut.",
      "helpfulness": "2"
    },
    {
      "date": "January 5, 2010",
      "title": "Bacon",
      "score": "4.0 out of 5 stars",
      "text": "Arrived way before Christmas and, luckily, was opened and refrigerated.  Enjoyed by all during the holidays.",
      "helpfulness": "5"
    },
    {
      "date": "January 19, 2012",
      "title": "Fantastic Bacon!",
      "score": "5.0 out of 5 stars",
      "text": "Fantastic bacon.  It hardly shrinked at all when cooked and there wasn't a pan full of grease afterwards.  My wife found it too smokey flavored for her taste but I thought it was great.  We haven't tried the peppered bacon yet but looking forward to it.  This is expensive bacon as one reviewer complained about so it's not something you would have every weekend.  As an occasional treat though it's probably the best bacon I have ever had.",
      "helpfulness": "One"
    },
    {
      "date": "April 30, 2016",
      "title": "Great",
      "score": "5.0 out of 5 stars",
      "text": "Neuske's is the best bacon ever.  I buy it every year around the holidays.  It make's the holidays special.  Buy it, you wont regret it.",
      "helpfulness": "One"
    },
    {
      "date": "February 10, 2013",
      "title": "unbelievable!!!!!!!",
      "score": "5.0 out of 5 stars",
      "text": "SIMPLY PUT! WORTH EVERY CENT!!! My house has smelled like this amazing bacon for 2 days. I paid $45 for the 3lb variety pack. SPEND YOUR MONEY!!!!!!",
      "helpfulness": "0"
    },
    {
      "date": "December 30, 2011",
      "title": "Bacon for our bacon daughter",
      "score": "5.0 out of 5 stars",
      "text": "We bought this bacon sampler for a daughter who loves, loves, loves, bacon!She was so pleased with this! It was delivered as promised and I wouldn't hesitate to order more.",
      "helpfulness": "0"
    }
  ]
}