{
  "product_title": "Whiskas Temptations Cat Treats",
  "byline_info": "Brand: Whiskas",
  "product_description": "What cats want!Chicken Flavour Temptations have a tasty, crunchy outside and an irresistible soft center. Just shake the pouch and watch your cat come running.100% nutritionally complete and balanced for growth and maintenance.No artificial flavors.",
  "category": [
    "Pet Supplies",
    "Cats",
    "Treats",
    "Snacks",
    "Crunchy Treats"
  ],
  "alt_images": [
    "https://m.media-amazon.com/images/I/51xeyR0In5L.jpg",
    "https://m.media-amazon.com/images/I/31bDuO2ZzVL.jpg"
  ],
  "product_detail": {
    "Product Dimensions": "6 x 5 x 1.5 inches; 3 ounces",
    "Item model number": "72306",
    "Department": "Teak",
    "UPC": "058496723064",
    "Manufacturer": "Mars, Inc.",
    "ASIN": "B0002AQKDY",
    "Units": "1.00 Count",
    "Best Sellers Rank": "#162,107 in Pet Supplies (See Top 100 in Pet Supplies) #431 in Crunchy Cat Treats",
    "#431 in Crunchy Cat Treats": "",
    "Customer Reviews": "4.4 4.4 out of 5 stars 62 ratings"
  },
  "important_information": {
    "Ingredients": "Chicken by-product meal, ground corn, animal fat (preserved with BHA/BHT), rice, soybean meal, dried meat by-products, wheat flour, natural poultry flavor, calcium carbonate, salt, dried cheese, vitamins [dl-alpha tocopherol acetate (source of vitamin E), choline chloride, vitamin A supplement, taurine, niacin, potassium iodide, riboflavin supplement, thiamine mononitrate, manganese sulfate, d-calcium pantothenate, pyridoxine hydrochloride (vitamin B6), vitamin B12 supplement, biotin, vitamin D3Chicken by-product meal, ground corn, animal fat (preserved with BHA/BHT), rice, soybean meal, dried meat by-products, wheat flour, natural poultry flavor, calcium carbonate, salt, dried cheese, vitamins [dl-alpha tocopherol acetate (source of vitamin E), choline chloride, vitamin A supplement, taurine, niacin, potassium iodide, riboflavin supplement, thiamine mononitrate, manganese sulfate, d-calcium pantothenate, pyridoxine hydrochloride (vitamin B6), vitamin B12 supplement, biotin, vitamin D3",
    "Legal Disclaimer": "Statements regarding dietary supplements have not been evaluated by the FDA and are not intended to diagnose, treat, cure, or prevent any disease or health condition.Statements regarding dietary supplements have not been evaluated by the FDA and are not intended to diagnose, treat, cure, or prevent any disease or health condition."
  },
  "rating": {
    "score": "4.4 out of 5",
    "dist": {
      "5 star": "76%",
      "4 star": "9%",
      "3 star": "0%",
      "2 star": "8%",
      "1 star": "7%"
    }
  },
  "top_comments": [
    {
      "date": "December 10, 2019",
      "title": "G Sowards",
      "score": "5.0 out of 5 stars",
      "text": "I honestly don’t know its taste but I get reminded everyday by my cats that they need their cat treat. They actually try and talk to you to give them the treat. They love it very much!",
      "helpfulness": "0"
    },
    {
      "date": "October 23, 2020",
      "title": "The neighborhood cats love them!",
      "score": "5.0 out of 5 stars",
      "text": "I don’t have cats, but wanted some treats for the neighborhood cats. All of them love these!",
      "helpfulness": "0"
    },
    {
      "date": "December 10, 2020",
      "title": "My cat loves these!!",
      "score": "5.0 out of 5 stars",
      "text": "She could eat these all day.  They are her go-to \"good girl\" treat!",
      "helpfulness": "0"
    },
    {
      "date": "May 3, 2021",
      "title": "Yummy flavor for kitty treats",
      "score": "5.0 out of 5 stars",
      "text": "Cat loves these treats",
      "helpfulness": "0"
    },
    {
      "date": "August 6, 2017",
      "title": "Very small pieces.",
      "score": "4.0 out of 5 stars",
      "text": "She likes these and likes the flavor. They are very small though. I break them in half so she has something to chew on.",
      "helpfulness": "0"
    },
    {
      "date": "December 15, 2018",
      "title": "Yummy",
      "score": "5.0 out of 5 stars",
      "text": "These are my cat's favorite treats. Easier to order than to run to the pet store.",
      "helpfulness": "0"
    },
    {
      "date": "September 9, 2021",
      "title": "PLEASE don't feed your cat Temptations treats!",
      "score": "1.0 out of 5 stars",
      "text": "My cat Izzy loved these treats. I say loved in past tense because she passed away today. She became almost addicted to these treats and wanted nothing else. The package clearly stated that the treats could be given to adult cats as a main meal and even listed a feeding guide. I discussed this with my vet and he had no reason to suspect any harm. She died after two months of eating temptation treats. I am heartbroken and devastated. After several trips to my vet no conclusion could be made as to why she was so sick. She was a perfectly healthy cat. She developed a severe neurological disorder. After two months she was only able to eat wet food mixed with water from a dropper. I contribute her death to temptations cat treats as a main meal. It is too late for Izzy but maybe this post will help your beloved cat.",
      "helpfulness": "0"
    },
    {
      "date": "December 11, 2012",
      "title": "Larger is Better",
      "score": "5.0 out of 5 stars",
      "text": "I like these, because there are more in this bag than some of the other ones.  Our cat, Snowball, loves to sniff at it before I give it to her.",
      "helpfulness": "One"
    }
  ]
}