{
  "product_title": "Special K Bars, Blueberry, 6-Count Bars (Pack of 12)",
  "byline_info": "Visit the Special K Store",
  "product_description": "Product Description   Kellogg’s Special K Blueberry is a lightly toasted, lightly sweetened rice cereal, high in flavor. Enjoy Special K every day as part of a healthy, reduced-calorie diet. It’s an excellent source of 11 vitamins and minerals. Kellogg’s Special K gives you the satisfaction you crave any time of day. In addition to cereal, Special K offers a variety of products and a wide range of delicious flavors.   Amazon.com   Special K Blueberry Cereal BarsThis oh-so-good blueberry flavored cereal bar is filled with crunchy rice and whole wheat flakes, and drizzled with lightly sweetened icing. And with 90 calories in each blueberry cereal bar, as well as three grams of fiber, it’s the perfect way to get some happy nutrition to-go. Snacks MatterStart Out on the Right Foot: Studies have shown that when you make the right snack choices at the beginning of the day, you are more likely to make good snack decisions the rest of the day. Eating a Special K Cereal Bar as a mid-morning snack provides the fiber and protein you need to stay energized.Take Control of Your Portions: Regular snacking helps prevent over-eating at mealtime and provides children and adults with needed energy to keep brains and bodies going throughout the day. In fact, up to 25 percent of the average American's calories come from snacking between meals. In order to eat snacks and treats in a healthful way, it is essential to pay attention to portion size. Individually wrapped Special K Cereal Bars provide a nutritious snack that will also satisfy your sweet tooth in one 90-calorie serving. Easy to pop into a lunchbox, a backpack or purse, Special K Cereal Bars provide a great option for nutritious eating on the go.A Snack Everyone Can Agree On: Arguing with kids over the snacks they take to school is second only to arguing over bedtimes. Parents push for nutritious snacks while kids want something sweet. Special K Cereal Bars offer the nutrition parents require with the taste that children will love. Take the Special K ChallengeFor Special K lovers hoping to trim down, Kellogg has created the Special K Challenge, a fun and easily managed online program found at specialk.com. Designed to help set and achieve weight loss goals, the program includes useful suggestions, menu tips, mobile apps, recipes, and online community features. Special K cereal bars are in the snack category of the program, providing a tasty way to stay satisfied without getting off track.A Healthy HistoryFounded by W. K. Kellogg in Battle Creek, Michigan, in 1906, the Kellogg Company is dedicated to making good nutrition easy and appealing for active professionals and busy families. Its Special K line now includes a delicious variety of cereals, breakfast bars, snack crackers, and beverages.About KelloggKellogg Company is a leading producer of cereal and convenience foods--a company you can rely on for great-tasting, high quality foods. Kellogg was founded in 1906, in Battle Creek, Michigan. For more than 100 years, innovation and their commitment to being the best has guided the company. From being the first company to offer premiums in cereal boxes to being the first to fortify the cereals, Kellogg has historically been a leader in industry, innovation, and marketing.The founder, W.K. Kellogg, had a strong commitment to nutrition, health, and quality. His vision continues to drive improvement in the products and processes, with the goal of providing great-tasting, nutritious products that meet the most rigorous quality standards.With more than 100 ready-to-eat cereals around the world, consumers count on Kellogg for great-tasting, convenient, and affordable choices that meet their nutrition needs.   \n  From the Manufacturer   Since 1906, Kellogg's has provided delicious, ready-to-eat cereal to help families start their morning right. Today, Kellogg's also provides tasty, low-fat snacking options to help you and your family eat right throughout the day. Kellogg's Special K Blueberry bars are a delicious, fruity snack bar with far less fat than the leading candy bar. These snack bars are made with rice and whole-grain wheat cereal and flavored with real blueberry juice. They're fortified with vitamins for guilt-free snacking. Make these healthy snacks a part of your day -- individually wrapped bars makes it easy to take them anywhere.   See more",
  "category": [
    "Grocery & Gourmet Food",
    "Snacks & Sweets",
    "Breakfast & Cereal Bars",
    "Cereal"
  ],
  "alt_images": [
    "https://m.media-amazon.com/images/I/51fPjgnoKRL.jpg",
    "https://m.media-amazon.com/images/I/51Bdo7L2UrL.jpg",
    "https://m.media-amazon.com/images/I/416GB7yrolL.jpg",
    "https://m.media-amazon.com/images/I/41EV69cy7vL.jpg",
    "https://m.media-amazon.com/images/I/412J-YzOwuL.jpg",
    "https://m.media-amazon.com/images/I/41onezRJuoL.jpg",
    "https://m.media-amazon.com/images/I/41pnWQXhloL.jpg"
  ],
  "product_detail": {
    "Product Dimensions": "12 x 11.9 x 6.7 inches; 5.25 Pounds",
    "UPC": "038000121593",
    "Manufacturer": "Special K",
    "ASIN": "B000AYDGZ2",
    "Units": "58.32 Ounce",
    "Customer Reviews": "3.7 3.7 out of 5 stars 12 ratings"
  },
  "important_information": {
    "Safety Information": "Contains wheat, milk, and soy ingredients.Contains wheat, milk, and soy ingredients.",
    "Ingredients": "Cereal (Rice, Sugar, Whole Grain Wheat, Wheat Gluten, Defatted Wheat Germ, Salt, Wheat Flour, Malt Flavoring, Maltodextrin, Riboflavin [Vitamin B2], Thiamin Hydrochloride [Vitamin B1]), Corn Syrup, Fruit Pieces, (Sugar, Blueberry, Juice Solids, Cranberries, Sunflower Oil), Fructose, Sugar, Partially Hydrogenated Vegetable Oils (Soybean and/or Cottonseed, and Palm Kernel), Dextrose, Nonfat Dry Milk, Natural and Artificial Flavor, Sorbitol, Glycerin, Soy Lecithin, Calcium Carbonate, Citric Acid, Salt, Niacinamide, Bht (Preservative), Pyridoxine Hydrochloride (Vitamin B6).Cereal (Rice, Sugar, Whole Grain Wheat, Wheat Gluten, Defatted Wheat Germ, Salt, Wheat Flour, Malt Flavoring, Maltodextrin, Riboflavin [Vitamin B2], Thiamin Hydrochloride [Vitamin B1]), Corn Syrup, Fruit Pieces, (Sugar, Blueberry, Juice Solids, Cranberries, Sunflower Oil), Fructose, Sugar, Partially Hydrogenated Vegetable Oils (Soybean and/or Cottonseed, and Palm Kernel), Dextrose, Nonfat Dry Milk, Natural and Artificial Flavor, Sorbitol, Glycerin, Soy Lecithin, Calcium Carbonate, Citric Acid, Salt, Niacinamide, Bht (Preservative), Pyridoxine Hydrochloride (Vitamin B6).",
    "Legal Disclaimer": "Statements regarding dietary supplements have not been evaluated by the FDA and are not intended to diagnose, treat, cure, or prevent any disease or health condition.Statements regarding dietary supplements have not been evaluated by the FDA and are not intended to diagnose, treat, cure, or prevent any disease or health condition."
  },
  "rating": {
    "score": "3.7 out of 5",
    "dist": {
      "5 star": "48%",
      "4 star": "12%",
      "3 star": "13%",
      "2 star": "16%",
      "1 star": "11%"
    }
  },
  "top_comments": [
    {
      "date": "July 6, 2010",
      "title": "doesn't anyone care that they are putting BHT into their bodies?",
      "score": "1.0 out of 5 stars",
      "text": "I called Kellogg's to see why Special K red berries has the natural preservative but Special K blueberry has the killer BHT.  The women who answered wasn't helpful and didn't know why. She also seemed annoyed with my question.  I won't even give my dog food with BHT why would I feed my family a cereal with BHT.  Why don't these company use the more natural and safer preservative like tocoperol etc?",
      "helpfulness": "4"
    },
    {
      "date": "March 16, 2011",
      "title": "Probably Stale",
      "score": "2.0 out of 5 stars",
      "text": "While these bars were a good \"deal\" versus the supermarket price, I was pretty disappointed to find that the expiration date on the individual packages is May of this year.  Normally, you would find a much further out date.  I believe these were overstocked and dumped onto customers via Amazon.  They also are kind of dry and hard versus ones I purchased at the supermarket, likely for the same reason.  My kids didn't like them, either, even when we went on a roadtrip and they were the only thing in the car to eat-- that's saying a lot! I ended up throwing them all away. Obviously don't recommend.",
      "helpfulness": "One"
    },
    {
      "date": "June 6, 2008",
      "title": "Too sugary",
      "score": "3.0 out of 5 stars",
      "text": "I bought these because of the blueberries! However, they are way too sugary. If you have a sweet tooth and want something that is healthy in comparison to eating a candy bar, then you might like these Special K bars.I will probably go back to Kashi GOLEAN Bar, Chocolate Almond Toffee, 2.75-Ounce Bars (Pack of 12), which seem to be more nutritious on the whole. They don't taste as good, but I'm learning to make sacrifices in order to improve my health.",
      "helpfulness": "6"
    },
    {
      "date": "September 24, 2011",
      "title": "He Likes The Bars.",
      "score": "4.0 out of 5 stars",
      "text": "My wife picked up a pack of Kellog's Special K Bars (blueberry variety). I'm not sure why because both of us tend to avoid such products. I guess maybe they're for the baby, because he's the one who's getting them. He likes them, of course. After he's done with his main meal, he often says \"bar'\" as if asking for a little desert treat and I know exactly what he means. He wants one of the Special K Bars. Well, OK, but I' somewhat against giving him this kind of \"candy\" food. One thing is certain, he likes the bars and one bar will calm him down.Gary Peterson",
      "helpfulness": "0"
    },
    {
      "date": "June 7, 2012",
      "title": "Special K bars, Blueberry",
      "score": "5.0 out of 5 stars",
      "text": "I really enjoy my Special K Bars with coffee in the morning. It helps to keep my weight down and sometimes I will eat on as a snack in the afternoon. Very tasty.",
      "helpfulness": "0"
    },
    {
      "date": "August 11, 2010",
      "title": "Special K bars",
      "score": "5.0 out of 5 stars",
      "text": "I am so happy I found these on amazon.com., I eat these every morning and to have them on hand is a blessing.  The price is great and so are the bars.  Everyone should try these.  they are wonderful",
      "helpfulness": "0"
    },
    {
      "date": "April 25, 2014",
      "title": "Love Love Love",
      "score": "5.0 out of 5 stars",
      "text": "This is my new go to snack!  90 calories a bar and 3 gram of fiber.  Another great item from Kellogg's.",
      "helpfulness": "0"
    },
    {
      "date": "April 7, 2008",
      "title": "Special K Bar Blueberry",
      "score": "5.0 out of 5 stars",
      "text": "These Special K bars are great.  My husband loves them and they are healthier than the junk food he used to eat.",
      "helpfulness": "One"
    }
  ]
}