{
  "product_title": "DeBoles Gluten-Free Corn Pasta, Spaghetti, 8 Ounce (Pack of 12)",
  "byline_info": "Visit the DeBoles Store",
  "product_description": "",
  "category": [
    "Grocery & Gourmet Food",
    "Pantry Staples",
    "Pasta & Noodles",
    "Pasta",
    "Spaghetti"
  ],
  "alt_images": [
    "https://m.media-amazon.com/images/I/41bytTWWC8L.jpg",
    "https://m.media-amazon.com/images/I/41JZ-Cbo64L.jpg",
    "https://m.media-amazon.com/images/I/31RIgu8nGhL.jpg",
    "https://m.media-amazon.com/images/I/41tKKsQoywL.jpg",
    "https://m.media-amazon.com/images/I/41R618iVLVL.jpg"
  ],
  "product_detail": {
    "Package Dimensions": "11.6 x 7 x 5.8 inches; 6.17 Pounds",
    "UPC": "778554934453 087336638022",
    "Manufacturer": "De Boles",
    "ASIN": "B000F0BXB0",
    "Units": "96 Ounce",
    "Customer Reviews": "3.9 3.9 out of 5 stars 31 ratings"
  },
  "important_information": {
    "Ingredients": "Yellow Corn Meal and Yellow Corn Flour.Yellow Corn Meal and Yellow Corn Flour.",
    "Directions": "Boil 4 quarts water. Add contents of this package to boiling water, stir gently until water boils again. Cook 7 to 9 minutes (do not overcook). Drain and serve.Boil 4 quarts water. Add contents of this package to boiling water, stir gently until water boils again. Cook 7 to 9 minutes (do not overcook). Drain and serve.",
    "Legal Disclaimer": "Statements regarding dietary supplements have not been evaluated by the FDA and are not intended to diagnose, treat, cure, or prevent any disease or health condition.Statements regarding dietary supplements have not been evaluated by the FDA and are not intended to diagnose, treat, cure, or prevent any disease or health condition."
  },
  "rating": {
    "score": "3.9 out of 5",
    "dist": {
      "5 star": "58%",
      "4 star": "12%",
      "3 star": "10%",
      "2 star": "9%",
      "1 star": "11%"
    }
  },
  "top_comments": [
    {
      "date": "January 15, 2013",
      "title": "FANTASTIC PRODUCT FROM AMAZON.",
      "score": "5.0 out of 5 stars",
      "text": "After trying a few products of Pasta Corn Spaghetti... IMHO this is the best you will find for the price. I have tried Mrs. Fields brand and less expensive brands from grocery store, and DeBoles has excellent taste and cooks well. I have found what I was looking for in this superb product. When I have friends over for spaghetti... they ask about the pasta brand. Must be a reason.I am a happy PrimeTime Amazon customer... always good prices and delivered right to my door free. The annual fee for Prime Time membership is a Super Value as I order several time monthly. No need to hold off on an item I want to consolidate qualifying order for free shipping. I don't abuse the system... but if I need one item today and no more for a week or so... I order it as I need it.",
      "helpfulness": "0"
    },
    {
      "date": "February 26, 2017",
      "title": "Apparent gluten contamination",
      "score": "1.0 out of 5 stars",
      "text": "My grand daughter loves (or possibly used to love) De Boles GF corn spaghetti.  She has Celiac disease, so GF is not a preference it is a must.  She must eat De Boles corn spaghetti it 5 or 6 times a week. It has gotten hard to find it, so I ordered on Amazon. About 2 hours after eating spaghetti that came from a box from Amazon (I had just opened it since I was completely out of the pasta), she exhibited the normal response you would expect if she ate a lot of gluten (basically sudden onset of vomiting and diarrhea for an hour or two, with no other symptoms and a rapid recovery after that). She questioned the taste when she started eating it, so my best guess is the pasta was contaminated with gluten. There were no other obvious sources of gluten.  Not sure if this is legitimate De Boles pasta that had cross-contamination (never happened before, but all their pasta is apparently manufactured in a single plant based on their web site) or if somehow Amazon hooked up with a copy cat supplier, but the rest of the case of pasta is going in the trash and I won't be ordering this item from Amazon in the future.",
      "helpfulness": "8"
    },
    {
      "date": "March 25, 2008",
      "title": "Not as good as Mrs Leeper's",
      "score": "2.0 out of 5 stars",
      "text": "I thought this was the same stuff I had purchased before, but actually, I had been buying Mrs Leeper's Corn Pasta. The De Boles stuff is okay, but not great. My wife and I find that Mrs Leepers is easier to cook, has a nicer texture (less likely to come out pasty) and a stronger corn taste (which I like, but others may not). In the future, we'll go back to ordering Mrs Leeper's, but I would say it's a matter of taste, not an inferior product per se (it's not like we'll be throwing this away, we just won't reorder).",
      "helpfulness": "10"
    },
    {
      "date": "January 8, 2013",
      "title": "missing box of pasta",
      "score": "3.0 out of 5 stars",
      "text": "The product was great, as always, but the case I ordered had a box missing. (In fairness, this only happened once.)  I complained on the Amazon website twice but never heard a word back.  If a product is not as advertised, shouldn't there be some way of providing feedback that is actually read and answered?",
      "helpfulness": "0"
    },
    {
      "date": "August 24, 2007",
      "title": "Lose Weight with Corn Pasta",
      "score": "4.0 out of 5 stars",
      "text": "We do not have the enzyme to digest corn.  Using corn pasta, instead of any other pasta, helps me lose weight.  At first the taste seems a little weird, after having eaten regular flour pasta for your whole life, but add some spagetti sauce, or cheese, etc. and it does taste just like regular pasta.  Just make sure you rinse it well after cooking, as you should any pasta, but rinsing this helps make it taste more like regular pasta.  Also try corn tortillas, and corn pita, and other corn pasta's like elbow macaroni, fetticini etc. I have lost over 40 pounds, and it is great for diabetics who have to watch their carb intake.  This doesn't make you blood sugar jump up.  I would have given it 5 stars, but like I said the taste takes some time getting use to, but it is not bad. Also, when cooking it leaves a little frothy paste like film on the outside that must be washed offed. Otherwise I give it a 5. Try using corn torilla's instead of bread and you will loose more weight, and keep you blood sugar more even.  Plus being gluten free has it's many advantages too.",
      "helpfulness": "4"
    },
    {
      "date": "July 1, 2014",
      "title": "DeBoles Gluten Free Spaghetti is Tasty!",
      "score": "5.0 out of 5 stars",
      "text": "I have a wheat allergy so I have to eat items not containing wheat.  I love the corn spaghetti by DeBoles.  The stores in my area have stopped selling it but I like it so much that I bought a large box of it online.  The only issue I have ever had with it is that it sometimes sticks together if you don't stir it enough.  I now add a little drop of oil and it doesn't stick at all!",
      "helpfulness": "0"
    },
    {
      "date": "May 17, 2009",
      "title": "ugg",
      "score": "1.0 out of 5 stars",
      "text": "Tried one box.  Turned out terrible.  It stuck together into one big clump.  Tried another box. This time I put some oil in the water with hopes that it would keep it seperate.  Didn't work.  If anyone has tried this and knows how please let me know.",
      "helpfulness": "0"
    },
    {
      "date": "December 27, 2013",
      "title": "Always Superior",
      "score": "5.0 out of 5 stars",
      "text": "I love DeBoles gluten free items they are always so tasty and good.  We have several gluten free members in our family and its great to have such a good product to count on.  Thank You so much for your fine products!",
      "helpfulness": "0"
    }
  ]
}