{
  "product_title": "Ready Crust Graham (10-Inch) Pie Crust, 9-Ounce Packages (Pack of 12)",
  "byline_info": "Visit the Ready Crust Store",
  "product_description": "Your favorite desserts just got that much tastier thanks to Keebler Ready Crust Graham Cracker Pie Crusts. Deliciously sweet and with a crispy texture, Keebler Ready Crust Graham Cracker Pie Crusts are ready to use and are the perfect base for no-bake recipes, pies of all kinds, tarts, and more. With a 10-inch pie shell, these crusts provides 2 extra servings than our Original Ready Crust. No matter the occasion, Keebler Ready Crust Graham Cracker Pie Crusts are convenient, delicious, and made to help get great desserts off to the right start.",
  "category": [
    "Grocery & Gourmet Food",
    "Pantry Staples",
    "Cooking & Baking",
    "Doughs, Shells & Crusts",
    "Pie Shells & Crusts"
  ],
  "alt_images": [
    "https://m.media-amazon.com/images/I/51bDTGYmDhL.jpg",
    "https://m.media-amazon.com/images/I/41Sx2sne5FL.jpg",
    "https://m.media-amazon.com/images/I/41Zq4kMe0pL.jpg",
    "https://m.media-amazon.com/images/I/51j743wEeKL.jpg"
  ],
  "product_detail": {
    "Is Discontinued By Manufacturer": "Yes",
    "Package Dimensions": "10.55 x 10.47 x 6.54 inches; 9 ounces",
    "UPC": "073416509207",
    "Manufacturer": "Ready Crust",
    "ASIN": "B000AYFCJA",
    "Units": "108.0 Ounce",
    "Best Sellers Rank": "#384,310 in Grocery & Gourmet Food (See Top 100 in Grocery & Gourmet Food) #34 in Prepared Pie Shells & Crusts",
    "#34 in Prepared Pie Shells & Crusts": "",
    "Customer Reviews": "4.3 4.3 out of 5 stars 14 ratings"
  },
  "important_information": {
    "Safety Information": "Contains wheat ingredients.Contains wheat ingredients.",
    "Ingredients": "Enriched flour (wheat flour, niacin, reduced iron, vitamin B1 [thiamin mononitrate], vitamin B2 [riboflavin], folic acid), palm and palm kernel oil with TBHQ for freshness, sugar, graham flour, corn syrup, molasses, contains 2% or less of salt, leavening (baking soda, sodium acid pyrophosphate, monocalcium phosphate), malt extract, soy lecithin.Enriched flour (wheat flour, niacin, reduced iron, vitamin B1 [thiamin mononitrate], vitamin B2 [riboflavin], folic acid), palm and palm kernel oil with TBHQ for freshness, sugar, graham flour, corn syrup, molasses, contains 2% or less of salt, leavening (baking soda, sodium acid pyrophosphate, monocalcium phosphate), malt extract, soy lecithin.",
    "Directions": "Packed with great care for shipping and storage, our pie shells arrive ready to perform for youPacked with great care for shipping and storage, our pie shells arrive ready to perform for you",
    "Legal Disclaimer": "Statements regarding dietary supplements have not been evaluated by the FDA and are not intended to diagnose, treat, cure, or prevent any disease or health condition.Statements regarding dietary supplements have not been evaluated by the FDA and are not intended to diagnose, treat, cure, or prevent any disease or health condition."
  },
  "rating": {
    "score": "4.3 out of 5",
    "dist": {
      "5 star": "69%",
      "4 star": "10%",
      "3 star": "12%",
      "2 star": "0%",
      "1 star": "9%"
    }
  },
  "top_comments": [
    {
      "date": "October 17, 2022",
      "title": "Great taste and great value!",
      "score": "5.0 out of 5 stars",
      "text": "Love the graham cracker flavor and the size is just right for a recipe.",
      "helpfulness": "0"
    },
    {
      "date": "November 8, 2009",
      "title": "Good Deal",
      "score": "5.0 out of 5 stars",
      "text": "This was a good buy.  Tried using it for lemon meringue and it was great.  Tried it with baked pumpkin custard and it was awful.  Mostly use it for cream pies which always turn out great.",
      "helpfulness": "0"
    }
  ]
}