{
  "product_title": "The Ginger People Spicy Apple Ginger Chews, 3-Ounce Bags (Pack of 24)",
  "byline_info": "Visit the The Ginger People Store",
  "product_description": "Life is better with Gin Gins Double Strength Hard Ginger Candy, as they are popular for healthy snacking, nausea, chemotherapy and motion sickness. The Ginger People creates great-tasting products made from sustainably sourced ginger and turmeric that supports overall health and wellness. Enjoy these super-delicious, super-soothing products made for a healthy lifestyle.",
  "category": [
    "Grocery & Gourmet Food",
    "Snacks & Sweets",
    "Candy & Chocolate",
    "Ginger Candy"
  ],
  "alt_images": [
    "https://m.media-amazon.com/images/I/51WdoQLHZkL.jpg",
    "https://m.media-amazon.com/images/I/51ldgFOjcEL.jpg",
    "https://m.media-amazon.com/images/I/41ldK1IuNnL.jpg",
    "https://m.media-amazon.com/images/I/51+ywCS4cEL.jpg"
  ],
  "product_detail": {
    "Is Discontinued By Manufacturer": "No",
    "Product Dimensions": "5 x 1.5 x 7 inches; 3 ounces",
    "Item model number": "90503",
    "UPC": "734027905030",
    "Manufacturer": "The Ginger People",
    "ASIN": "B000EM8EHK",
    "Units": "72.0 Ounce",
    "Best Sellers Rank": "#409,419 in Grocery & Gourmet Food (See Top 100 in Grocery & Gourmet Food) #383 in Ginger Candy",
    "#383 in Ginger Candy": "",
    "Customer Reviews": "3.5 3.5 out of 5 stars 19 ratings"
  },
  "important_information": {
    "Safety Information": "Made in a facility that also processes peanuts.Made in a facility that also processes peanuts.",
    "Ingredients": "Cane sugar, ginger (10%), tapioca starch, natural apple flavor, cinnamon oilCane sugar, ginger (10%), tapioca starch, natural apple flavor, cinnamon oil",
    "Legal Disclaimer": "Statements regarding dietary supplements have not been evaluated by the FDA and are not intended to diagnose, treat, cure, or prevent any disease or health condition.Statements regarding dietary supplements have not been evaluated by the FDA and are not intended to diagnose, treat, cure, or prevent any disease or health condition."
  },
  "rating": {
    "score": "3.5 out of 5",
    "dist": {
      "5 star": "51%",
      "4 star": "0%",
      "3 star": "16%",
      "2 star": "18%",
      "1 star": "15%"
    }
  },
  "top_comments": [
    {
      "date": "September 12, 2014",
      "title": "Addicting Little Treats.",
      "score": "5.0 out of 5 stars",
      "text": "I love Ginger, I got addicted to these so bad.They are very flavorful, with a nice Spice warmth.Kind of makes me think about the movie Dune. LOLI loved these so much I ate thru it in less then a month, so I ordered the bigger 11 Pound box.Be careful tho if they are Cold and hard, They can damage Filings, I had to have a Filing repaired cause I bit down on one and the filing broke and lifted right up. Didn't hurt or anything, but these things aren't chewy till they are warm. So to prevent that from  happening again I kept them in my pocket to keep them warm. Just a warning If you have filings in your teeth.Once they are nice and warm they get nice and chewy like bubblegum almost. And ginger is useful if your stomach is upset, or car/motion sickness. They are made with real Ginger.",
      "helpfulness": "One"
    },
    {
      "date": "January 17, 2025",
      "title": "Best deals, good quality flavor,",
      "score": "5.0 out of 5 stars",
      "text": "I would buy again, but prefer lemon and orange flavor over this one.  Has nausea relief.  Is good quality, the right stickiness, hardness and ginger heat level.  Gin - Gins are a bit bigger than Prince of Peace.  Gins have less powdered sugar on the outside of the chews and may taste just a bit more healthier. But both are my go tos.  I enjoy both brands  and buy both frequently.",
      "helpfulness": "0"
    },
    {
      "date": "August 27, 2011",
      "title": "Spicy Apple Ginger Chews",
      "score": "3.0 out of 5 stars",
      "text": "I love that flavor of ginger chews, but it seems in this particular batch, each chew was only half the size of ones like it I've bought in the past. The hot coffee chews and the original ones I bought before this kind were much larger pieces in the wrappers. It almost looked like under each wrapper contained half of a chew. You might want to bring this up with the Ginger People company that is supplying them to you.Thanks,Sherlyn",
      "helpfulness": "One"
    },
    {
      "date": "January 2, 2019",
      "title": "So great for nausea",
      "score": "5.0 out of 5 stars",
      "text": "The only thing that helps when i have an upset stomach!! I used to purchase them at Whole Foods but when they stopped carrying them i bought a pack of 24 from amazon!! A friend of mine used them when she was going through chemo therapy and suggested them to me. Definitely worth it!",
      "helpfulness": "0"
    },
    {
      "date": "August 6, 2020",
      "title": "Addicting",
      "score": "5.0 out of 5 stars",
      "text": "These are so good! They help my stomach issues. The is cost isn’t terrible and I like to have around. I will buy again!",
      "helpfulness": "0"
    },
    {
      "date": "March 22, 2012",
      "title": "didn't receive item as described",
      "score": "1.0 out of 5 stars",
      "text": "The product description said there were 24 packs in a box.....the box arrived and there were only 23 in the box.  Shipment arrived quickly.",
      "helpfulness": "0"
    },
    {
      "date": "October 10, 2010",
      "title": "super YUM",
      "score": "5.0 out of 5 stars",
      "text": "These candies are so great. The texture is almost like taffy, the ginger has a real nice bite. Not too sugary. Perfectly balanced ginger chews. Have not tried the other flavors so can't compare. I am sure they are all delicious. Bag looks little, but the candies are so flavorful that you don't need a lot so the 3oz. bag lasts a long time. Delish.",
      "helpfulness": "One"
    },
    {
      "date": "September 27, 2017",
      "title": "Tasty chew; incredibly frustrating to open individual candy wrappers.  Requires scissors.",
      "score": "3.0 out of 5 stars",
      "text": "Actually the chews are tasty w/ warm afterglow.  But do not expect to open these individual chews without a pair of scissors on hand.Really un-user-friendly packaging.  I simply could not open them using teeth and fingers.  That's frustrating and not a good design, Gin-Gins' folks!",
      "helpfulness": "0"
    }
  ]
}