{
  "product_title": "Ferrero Rafaello 15 Piece Gift Box 5.3oz",
  "byline_info": "Brand: Ferrero",
  "product_description": "Ferrero Raffaello is a crispy, creamy coconut almond treat.",
  "category": [
    "Grocery & Gourmet Food",
    "Snacks & Sweets",
    "Candy & Chocolate",
    "Candy & Chocolate Gifts"
  ],
  "alt_images": [
    "https://m.media-amazon.com/images/I/51dXiwqlYhL.jpg",
    "https://m.media-amazon.com/images/I/41lxj2c9+BL.jpg",
    "https://m.media-amazon.com/images/I/31nr1ETZaOL.jpg",
    "https://m.media-amazon.com/images/I/41eXMY1i-iL.jpg"
  ],
  "product_detail": {
    "Is Discontinued By Manufacturer": "No",
    "Product Dimensions": "4.02 x 4.02 x 4.02 inches; 8.99 ounces",
    "UPC": "009800145010",
    "Manufacturer": "Ferrero Products Inc",
    "ASIN": "B0001FQV9S",
    "Units": "5.3 Ounce",
    "Best Sellers Rank": "#232,834 in Grocery & Gourmet Food (See Top 100 in Grocery & Gourmet Food) #3,511 in Candy & Chocolate Gifts",
    "#3,511 in Candy & Chocolate Gifts": "",
    "Customer Reviews": "4.6 4.6 out of 5 stars 1,404 ratings"
  },
  "important_information": {
    "Ingredients": "'DRY COCONUT, VEGETABLE OILS (PALM AND SHEANUT), SUGAR, ALMONDS, SKIM MILK POWDER, WHEY POWDER (MILK), WHEAT FLOUR, TAPIOCA STARCH, BICARBONATE AS LEAVENING AGENT, SALT.''DRY COCONUT, VEGETABLE OILS (PALM AND SHEANUT), SUGAR, ALMONDS, SKIM MILK POWDER, WHEY POWDER (MILK), WHEAT FLOUR, TAPIOCA STARCH, BICARBONATE AS LEAVENING AGENT, SALT.'",
    "Legal Disclaimer": "Statements regarding dietary supplements have not been evaluated by the FDA and are not intended to diagnose, treat, cure, or prevent any disease or health condition.Statements regarding dietary supplements have not been evaluated by the FDA and are not intended to diagnose, treat, cure, or prevent any disease or health condition."
  },
  "rating": {
    "score": "4.6 out of 5",
    "dist": {
      "5 star": "79%",
      "4 star": "10%",
      "3 star": "6%",
      "2 star": "2%",
      "1 star": "3%"
    }
  },
  "top_comments": [
    {
      "date": "May 5, 2024",
      "title": "Best candy ever!!!!!",
      "score": "5.0 out of 5 stars",
      "text": "Great great great is all I can say !!!!!!!",
      "helpfulness": "0"
    },
    {
      "date": "January 25, 2017",
      "title": "Best.  Candy.  Ever.",
      "score": "5.0 out of 5 stars",
      "text": "Why can't spinach or broccoli or liver taste like this?  A bite of heaven.  Ferrero makes the most delicious candy confections. Hubby and I try not to keep sweets in the house, but for Christmas & Valentine's Day, we indulge and buy each other gift boxes with Ferrero Rocher, Rondoir and Raffaello candies.  They're a treat for the taste buds.  I love all three candies, but the coconut almond Raffaellos have a slight edge as my favorite, favorite confections.Unless you hate sweets or coconut with almonds - or have the taste buds of a barbarian - you will love these.  If you lack will power and aren't gifted with a strong metabolism, proceed with caution!",
      "helpfulness": "5"
    },
    {
      "date": "January 18, 2025",
      "title": "🥰",
      "score": "5.0 out of 5 stars",
      "text": "The best!",
      "helpfulness": "0"
    },
    {
      "date": "March 2, 2023",
      "title": "Box really helps",
      "score": "5.0 out of 5 stars",
      "text": "Great taste.  Not all the stores carry it for some reason.  Definitely pay for the version with the box.  The ones in the bag are poorly shipped and get crushed.  Slightly expensive",
      "helpfulness": "0"
    },
    {
      "date": "December 22, 2012",
      "title": "They're tasty!",
      "score": "4.0 out of 5 stars",
      "text": "I thought these were absolutely delicious. A lot of people are saying they were way too expensive, but I haven't seen these in any stores around here so I'm okay with paying a couple extra bucks to try them out.Very yummy. You might be able to find them elsewhere at a better price, but they're worth a try either way!",
      "helpfulness": "One"
    },
    {
      "date": "February 26, 2023",
      "title": "My favorite candy!",
      "score": "5.0 out of 5 stars",
      "text": "I haven’t met a candy or chocolate that can compare to this for me. I’ve been obsessed with it since I was a child and I still love it now! The coconut flavour is unforgettable. The best!",
      "helpfulness": "0"
    },
    {
      "date": "April 26, 2015",
      "title": "Candy For Everyone!",
      "score": "5.0 out of 5 stars",
      "text": "These are perfect for my husband and sister-in-law.  Two people who do not like chocolate.  I had searched for candy that would compare to the goodness of chocolate for a while without any luck, until now. These individually wrapped  servings of coconut goodness were perfect for my annual brunch Easter Basket.  They were comparable to my best chocolate candies. They were a big hit with everyone.  My husband and my sister-in-law can skip the jelly beans.  I will certainly purchase more  for the next family gathering and some to treat my husband and myself  at other times.",
      "helpfulness": "One"
    },
    {
      "date": "July 18, 2019",
      "title": "Delicious!",
      "score": "5.0 out of 5 stars",
      "text": "I tried this chocolates for the first time in a box that comes with 3 different flavors and I needed to get more of the white ones and I’m happy I found a whole box of just whites! They are delicious and perfect for a gift! They arrived on time, the box was intact and the chocolates perfect.",
      "helpfulness": "0"
    }
  ]
}