{
  "product_title": "Tiptree Little Scarlet Strawberry Preserve, 12 Ounce Jar",
  "byline_info": "Visit the Tiptree Store",
  "product_description": "Tiptree's signature preserve, a delicious dark crimson luxury jam made from the tiny, rare & intensely sweet Little Scarlet strawberry. The tiny berries are usually no larger than a 1p coin (up to 20mm). Wilkin & Sons are believed to be the only commercial growers of this fruit anywhere in the world today, making Little Scarlet Conserve utterly unique to Tiptree. It's also secret agent James Bond's favorite preserve.",
  "category": [
    "Grocery & Gourmet Food",
    "Pantry Staples",
    "Jams, Jellies & Sweet Spreads",
    "Jams, Jellies & Preserves",
    "Jams & Preserves"
  ],
  "alt_images": [
    "https://m.media-amazon.com/images/I/51zDnYiT7ZL.jpg",
    "https://m.media-amazon.com/images/I/516mgNYFBTL.jpg",
    "https://m.media-amazon.com/images/I/41Y1m1x31TL.jpg",
    "https://m.media-amazon.com/images/I/51NrS3QW6YL.jpg"
  ],
  "product_detail": {
    "Is Discontinued By Manufacturer": "No",
    "Product Dimensions": "4.19 x 2.69 x 2.63 inches; 12 ounces",
    "Item model number": "550268",
    "UPC": "043647150011",
    "Manufacturer": "Brands of Britain",
    "ASIN": "B000EPSEQS",
    "Units": "12.0 Ounce",
    "Best Sellers Rank": "#48,922 in Grocery & Gourmet Food (See Top 100 in Grocery & Gourmet Food) #250 in Jams & Preserves",
    "#250 in Jams & Preserves": "",
    "Customer Reviews": "4.5 4.5 out of 5 stars 3,029 ratings"
  },
  "important_information": {
    "Safety Information": "This product is labelled to United States standards and may differ from similar products sold elsewhere in its ingredients, labeling and allergen warningsThis product is labelled to United States standards and may differ from similar products sold elsewhere in its ingredients, labeling and allergen warnings",
    "Ingredients": "Sugar, Little Scarlet Strawberries, Gelling Agent: Citrus Pectin, Acidity Regulator: Citric Acid.Sugar, Little Scarlet Strawberries, Gelling Agent: Citrus Pectin, Acidity Regulator: Citric Acid.",
    "Directions": "Spread on toast, biscuits, muffins, pastries, or use as a cake filling. Pairs well with Goat, Cream Cheese, or Brie.Spread on toast, biscuits, muffins, pastries, or use as a cake filling. Pairs well with Goat, Cream Cheese, or Brie.",
    "Legal Disclaimer": "Statements regarding dietary supplements have not been evaluated by the FDA and are not intended to diagnose, treat, cure, or prevent any disease or health condition.Statements regarding dietary supplements have not been evaluated by the FDA and are not intended to diagnose, treat, cure, or prevent any disease or health condition."
  },
  "rating": {
    "score": "4.5 out of 5",
    "dist": {
      "5 star": "76%",
      "4 star": "11%",
      "3 star": "6%",
      "2 star": "3%",
      "1 star": "4%"
    }
  },
  "top_comments": [
    {
      "date": "May 15, 2019",
      "title": "Delicious preserves -- but beware or poor packaging and damaged product -- twice!",
      "score": "5.0 out of 5 stars",
      "text": "This strawberry preserve is wonderful.  I'd buy it again, in a heartbeat.  Instead of being mostly \"fillers\", these preserves are chunky, like good preserves should be, with lots of chunks of strawberry.  I also love that this product contains no high-fructose corn syrup or other nasty ingredients.  For someone like me, who can no longer put up my own preserves, it's hard to settle for the preserves and jams found in grocery stores.  This one tastes and looks closer to home made.Unfortunately, my first jar was not fully wrapped in two layers of bubble wrap.  Part of the jar was only wrapped in one layer.  Unfortunately, the lid under the single-layer of bubble wrapped took a hit, which broke the seal, and strawberry preserves leaked all over the rest of my order.  It was a mess.  Amazon sent a replacement jar right away, but the second jar arrived in the same condition, not fully wrapped and with the lid dented under the single-layer part of the wrapping, once again breaking the seal and causing yet another mess.  Unfortunately, the \"return this item\" page did not allow me to inform Amazon of the problem, so they could fix the problem in their packaging department.  I doubt if Amazon staff reads customer reviews, but I know of no other way to let them know of the problem!If you're looking for a nice quality, high-end strawberry preserve, I'd recommend this product.  However, it might be wise to order it as a single item, so the leaked jam won't leak all over the rest of your order.  It was a sticky mess!  Thankfully, enough remained in the jar(s) that I can enjoy what didn't leak out.  Delicious!",
      "helpfulness": "17"
    },
    {
      "date": "April 10, 2020",
      "title": "Just like Grandma's",
      "score": "5.0 out of 5 stars",
      "text": "I remember as a kid helping my grandmother pick strawberries in the sunshine.  We would gather flats of them and store them, still warm from the sun, in the backseat of our Buick station wagon for the trip home.  The open windows swirled the intoxicating scent of fresh strawberries all around us.  I thought it must be about as close to heaven as you could get.  At home we made the berries into jam and placed them in rows on the canning shelf like glittering rubies, waiting for winter when we would open a jar and relive that summer sunshine all over again.My friends, this jam tastes like my memories.  As soon as I opened the package I saw the tiny, perfect fruit pieces, suspended as if by magic in mid-air in the jar.  Each dollop of jam contains many chunks of real fruit in a bite that makes you close your eyes and whisper to heaven.It's not too sweet and extremely full of strawberries and the flavor of summer.  To spread this on my toast on a cold morning with a steaming cup of coffee is bliss.  Pure bliss.  I have been having an extra piece of toast at night with my tea as a snack, just because I'm looking forward to this jam so much.Eleven dollars for a jar of jam is a little expensive, yes.  But it does have to come from England, where these pretty little berries smiled up into the Queen's sunshine and gathered it to bring home to you.  And the jars are so adorable and vintage looking that I find myself saving them to store dried flower seeds in, or to gift to neighbors with some homemade scones and a little bouquet of wildflowers.  The jam is perfect for gifting and even more perfect for savoring.  You're worth $11.  Treat yourself.  You won't regret it.",
      "helpfulness": "29"
    },
    {
      "date": "May 14, 2025",
      "title": "Really great single malt scotch flavour",
      "score": "5.0 out of 5 stars",
      "text": "The best Scottish Whiskey I have found so far in the USA",
      "helpfulness": "0"
    },
    {
      "date": "April 22, 2024",
      "title": "Tasty",
      "score": "4.0 out of 5 stars",
      "text": "Lots of chunks of fruit which I liked! It is very sweet and a tasty jam, not unlike many other good ones I’ve tried. Not sure it lives up to the hype from Bon Apetit’s article but it is a nice jam.",
      "helpfulness": "0"
    },
    {
      "date": "May 19, 2025",
      "title": "Best unique strawberry jelly I’ve tasted in USA",
      "score": "5.0 out of 5 stars",
      "text": "This jelly is my favorite! So delicious",
      "helpfulness": "0"
    },
    {
      "date": "November 8, 2024",
      "title": "Fabulous!",
      "score": "5.0 out of 5 stars",
      "text": "If you haven't tried Tiptree jams and preserves, you are missing out.  I've never had better strawberry preserves; though the extra price is a bit steep, these strawberries are evidently special to the UK and they make the most of them! Great with homemade biscuits.  Non paid.",
      "helpfulness": "3"
    },
    {
      "date": "December 5, 2024",
      "title": "James Bond’s Favorite",
      "score": "5.0 out of 5 stars",
      "text": "I love these preserves. I use to order them by the dozen, from England, to give as gifts, but now I just order from Amazon. This is the best on plain cream scones , English muffins, or homemade baking powder biscuits. And, of course, according to the Bond books, it has always been James’ choice. Lovely tiny strawberries. Delicious.",
      "helpfulness": "2"
    }
  ]
}