{
  "product_title": "A Taste of Thai Spicy Thai Peanut Bake, 3.5 Ounce (Pack of 12)",
  "byline_info": "Visit the A Taste of Thai Store",
  "product_description": "Product Description   Just coat & bake. Real Thai, real easy. Authentic Thai Taste: Turn plain chicken into an exciting Thai favorite with this spicy peanut bake. Use it to coat chicken, shrimp, pork chops, and more. Then bake 'till done. It's that simple. Serve with fragrant jasmine rice and you have a meal from your favorite Thai restaurant. Preservatives free. Trans fat free. MSG free. Gluten free. Produced in Thailand.   About the Brand   A Taste of Thai, producing everything you need to cook authentic Thai dishes, is one of six brands distributed by Andre Prost Inc., a specialty foods company based in Old Saybrook, Conn. The company's other brands are Notta Pasta gluten-free pasta, Odense almond paste and marzipan, Honees honey-filled candies, Zotz Candies, and Ginger Snaps classic Sweedish cookies.",
  "category": [
    "Grocery & Gourmet Food",
    "Pantry Staples",
    "Cooking & Baking",
    "Breadcrumbs & Seasoned Coatings",
    "Seasoned Coatings"
  ],
  "alt_images": [
    "https://m.media-amazon.com/images/I/31X7scz8TyL.jpg"
  ],
  "product_detail": {
    "Is Discontinued By Manufacturer": "No",
    "Package Dimensions": "10.91 x 6.81 x 5.39 inches; 9.76 ounces",
    "Item model number": "8015",
    "UPC": "070650800152",
    "Manufacturer": "A Taste of Thai",
    "ASIN": "B0082ARXN2",
    "Units": "42.0 Ounce",
    "Best Sellers Rank": "#21,909 in Grocery & Gourmet Food (See Top 100 in Grocery & Gourmet Food) #28 in Cooking & Baking Seasoned Coatings",
    "#28 in Cooking & Baking Seasoned Coatings": "",
    "Customer Reviews": "4.6 4.6 out of 5 stars 1,833 ratings"
  },
  "important_information": {
    "Safety Information": "Allergens: Contains peanuts and soy.Allergens: Contains peanuts and soy.",
    "Ingredients": "Sugar, Peanuts, Spices, Dextrose, Salt, Hydrolyzed Soybean Protein, Cornstarch, Tri-calcium Phosphate (An Anti-caking Agent), Malic Acid.Sugar, Peanuts, Spices, Dextrose, Salt, Hydrolyzed Soybean Protein, Cornstarch, Tri-calcium Phosphate (An Anti-caking Agent), Malic Acid.",
    "Legal Disclaimer": "Statements regarding dietary supplements have not been evaluated by the FDA and are not intended to diagnose, treat, cure, or prevent any disease or health condition.Statements regarding dietary supplements have not been evaluated by the FDA and are not intended to diagnose, treat, cure, or prevent any disease or health condition."
  },
  "rating": {
    "score": "4.6 out of 5",
    "dist": {
      "5 star": "82%",
      "4 star": "10%",
      "3 star": "3%",
      "2 star": "2%",
      "1 star": "3%"
    }
  },
  "top_comments": [
    {
      "date": "September 4, 2025",
      "title": "Thai spicy peanut bake",
      "score": "5.0 out of 5 stars",
      "text": "Spicy blend, great chicken, easy preparation",
      "helpfulness": "One"
    },
    {
      "date": "September 7, 2025",
      "title": "Good taste. Spicy not hot.",
      "score": "5.0 out of 5 stars",
      "text": "Very good on broccoli",
      "helpfulness": "0"
    },
    {
      "date": "July 30, 2025",
      "title": "Fabulous! Easy and delicious!",
      "score": "5.0 out of 5 stars",
      "text": "FABULOUS! I used to purchase at the grocery store, but now the only way to get it is to buy a case of it...but I'll still continue to purchase from Amazon since it's the ONLY way I can get it.",
      "helpfulness": "0"
    },
    {
      "date": "July 30, 2025",
      "title": "Great product",
      "score": "5.0 out of 5 stars",
      "text": "I love this soup, this packet is easy to use, just follow the recipe, or modify it as you see fit.",
      "helpfulness": "One"
    },
    {
      "date": "July 18, 2015",
      "title": "it's good. It gets great reviews",
      "score": "4.0 out of 5 stars",
      "text": "Well, it's good.  It gets great reviews. Each box comes with two little 2 inch by 2 inch clear packets of the thai paste.  So, more packaging than contents. Fancy box, very little inside. You use just one of the tiny packets and use the other one on a later occasion. There is nothing else in the box.  Don't look for spices or powders.  It's just the paste.  I think the paste could have many applications, not just for tom kha gai soup.  Just keep your personal additional ingredients simple and don't do what I did and that was to add more fresh lime juice and fresh shaved ginger etc.  In a sense, i was making my own recipe to add to the recipe.  Wrong.  I think you have to experiment. Just keep your enhancements minimal.  A dash of lime juice, a slice of your own ginger, that's all.  It is possible that one whole packet is too much.  Think: you have bought 6 boxes with two packets each.  That's 12 meals.  A bit too much for one year, I'd say.  The taste of the paste is so unique and memorable (I immediately recalled it from having bought it once 5 yrs ago) that to have it even once a month is probably too frequent.  It'll cloy.  It'll become your thai cliche. It's a bit aromatic or perfumy, thus distinct, perhaps too distinct. So, maybe just buy one box, not 6, and experiment.  Again, try just half a packet, then add more if you think you need it.  Don't overcook the chicken slices, 3 or 4 boily minutes is all they need. Don't kill it. Don't shock the muscle. Slow boil.  Also, some advice on the onion slices, if you opt for them (and you should):  cook them only 3 minutes or so -- just enough to kill the onion skunk.  Trust me, they'll be al dente and sweet and delectable.  So, buy the 6 boxes, maybe, and share with friends and relatives.  Yes, it is quick.  If you feel energetic, you could whip up the tom kha gai in just 10 minutes. Or, realistically, 20 -- LOL.  Slice that chicken while it's still mostly frozen.  It makes the cutting snappy and more precise.  Be careful when pouring out the can of coconut milk into your pan.  It always splashes when the hydrogenated clumps suddenly dive out. It happens all the time.  Good luck.  Tom kha gai is my favorite soup and I order it without fail at every Thai restaurant I go to -- every city, every country.  It's my yardstick in judging the restaurant.  I must say, no tom kha gai is the same.  Every chef does it differently.  So, the Taste of Thai concoction is just one more variety, and you can tweak it to your liking, except for the fact that the paste is so pregnant and distinct that however you vary it, it'll still taste like that paste -- which ain't bad.  lol",
      "helpfulness": "7"
    },
    {
      "date": "May 6, 2025",
      "title": "i LOVE this stuff",
      "score": "5.0 out of 5 stars",
      "text": "This is my favorite way to cook chicken breasts. Cut them up into strips and cook. Make some rice, put the chicken on top ... YUM! I have this set up for auto delivery so yes, I will buy it again.",
      "helpfulness": "One"
    },
    {
      "date": "March 18, 2025",
      "title": "You MUST try this on chicken!",
      "score": "5.0 out of 5 stars",
      "text": "Awesome flavor!  I have been using this product for years and love, love, love it! You make it just like shake n bake, or you can put it on a plate, rinse the chicken and pat it in, flipping both sides.  It gives a nice little kick of flavor.  Not too spicey but every now and then it seems its hotter than the other packets. Once you try it, you will love it.",
      "helpfulness": "2"
    },
    {
      "date": "February 22, 2025",
      "title": "Gently spicy and delicious",
      "score": "5.0 out of 5 stars",
      "text": "I love this coating for an easy coat and bake option for chicken. I’ve also used it on pork chops. Savory with a hint of sweetness, a good amount of  peanuts and spices. I can not find this where I currently live and it’s well worth buying online.",
      "helpfulness": "One"
    }
  ]
}