{
  "product_title": "Lawry's Original Seasoned Salt Shaker, 8 oz",
  "byline_info": "Visit the Lawry's Store",
  "product_description": "A family favorite for decades, Lawry's signature Seasoned Salt features an expert blend of salt and natural herbs and spices, including paprika, turmeric, onion and garlic. Lawry's Seasoned Salt is a versatile kitchen staple for adding flavor to almost any recipe -- whether it's breakfast, lunch or dinner. Shake on beef, pork and poultry before and after cooking. Mix into ground beef for bold burgers. Add to fries and baked or mashed potatoes. Or sprinkle on salads, vegetables, soups and sauces.",
  "category": [
    "Grocery & Gourmet Food",
    "Pantry Staples",
    "Herbs, Spices & Seasonings",
    "Salt & Salt Substitutes",
    "Salt",
    "Seasoned Salt"
  ],
  "alt_images": [
    "https://m.media-amazon.com/images/I/41f9uL-ZGsS.jpg",
    "https://m.media-amazon.com/images/I/51ryfZkwm0S.jpg",
    "https://m.media-amazon.com/images/I/51V2GszsAgS.jpg",
    "https://m.media-amazon.com/images/I/41JaUX6DwmS.jpg",
    "https://m.media-amazon.com/images/I/61S1HOiCr2L.jpg",
    "https://m.media-amazon.com/images/I/613qtxxTGCS.jpg",
    "https://m.media-amazon.com/images/I/51V2GszsAgS.jpg"
  ],
  "product_detail": {
    "Is Discontinued By Manufacturer": "No",
    "Product Dimensions": "2.25 x 2.25 x 5.06 inches; 8 ounces",
    "Item model number": "021500000529",
    "Department": "DOLLAR GENERAL|Food|Food|SPICES & SALT",
    "Manufacturer": "McCormick & Company, Inc.",
    "ASIN": "B000SR5TJM",
    "Units": "8.0 Ounce",
    "Best Sellers Rank": "#433,402 in Grocery & Gourmet Food (See Top 100 in Grocery & Gourmet Food) #530 in Seasoned Salts",
    "#530 in Seasoned Salts": "",
    "Customer Reviews": "4.6 4.6 out of 5 stars 520 ratings"
  },
  "important_information": {
    "Ingredients": "Salt, Sugar, Spices (Including Paprika, Turmeric), Onion, Corn Starch, Garlic, Tricalcium Phosphate (to Make Free Flowing), Sunflower Oil, Extractives of Paprika & Natural Flavor.Salt, Sugar, Spices (Including Paprika, Turmeric), Onion, Corn Starch, Garlic, Tricalcium Phosphate (to Make Free Flowing), Sunflower Oil, Extractives of Paprika & Natural Flavor.",
    "Directions": "Shake on beef, pork and poultry before and after cooking. season any ground meat for great burgers. add to french fries, baked or mashed potatoes. perk up popcorn, any style eggs, rice and pasta. sprinkle on salads, vegetables, soups and sauces. best if used by date on bottom.Shake on beef, pork and poultry before and after cooking. season any ground meat for great burgers. add to french fries, baked or mashed potatoes. perk up popcorn, any style eggs, rice and pasta. sprinkle on salads, vegetables, soups and sauces. best if used by date on bottom.",
    "Legal Disclaimer": "Statements regarding dietary supplements have not been evaluated by the FDA and are not intended to diagnose, treat, cure, or prevent any disease or health condition.Statements regarding dietary supplements have not been evaluated by the FDA and are not intended to diagnose, treat, cure, or prevent any disease or health condition."
  },
  "rating": {
    "score": "4.6 out of 5",
    "dist": {
      "5 star": "80%",
      "4 star": "10%",
      "3 star": "7%",
      "2 star": "2%",
      "1 star": "1%"
    }
  },
  "top_comments": [
    {
      "date": "August 3, 2023",
      "title": "Elevate Your Dishes with Timeless Flavor!",
      "score": "5.0 out of 5 stars",
      "text": "As a home cook who values flavor and simplicity, Lawry's Original Seasoned Salt has become a staple in my kitchen, earning a glowing 5-star review! This iconic seasoned salt has been the secret ingredient that elevates my dishes and adds that extra touch of deliciousness.The flavor profile of Lawry's Original Seasoned Salt is unparalleled. It strikes the perfect balance between savory, salty, and a hint of mild sweetness, making it incredibly versatile for a wide range of dishes.The shaker design is practical and easy to use. It allows for precise seasoning, ensuring that I can control the amount of seasoned salt added to my recipes without overpowering the flavors.The 8 oz size is generous and long-lasting. A little goes a long way, and the seasoned salt lasts for a considerable amount of time, providing excellent value for the price.I appreciate the convenience of Lawry's Original Seasoned Salt. It's a one-stop seasoning solution that saves me time and effort in the kitchen. I no longer need to reach for multiple spices - this all-in-one seasoned salt does the job perfectly.The quality of Lawry's seasoned salt is consistent and reliable. Each time I use it, I can count on the same delicious flavor that enhances the taste of my dishes.The versatility of Lawry's Original Seasoned Salt is remarkable. I use it to season everything from meats and vegetables to soups and salads, and it never disappoints.The iconic Lawry's brand is known for its quality seasonings, and this seasoned salt lives up to that reputation. It has become a kitchen essential that I cannot do without.In conclusion, Lawry's Original Seasoned Salt is a must-have for any home cook seeking to elevate their dishes with a timeless and delicious flavor. Its unparalleled flavor profile, practical shaker design, generous size, convenience, consistency, versatility, and trusted brand name make it an outstanding seasoned salt for any kitchen. Elevate your recipes with Lawry's Original Seasoned Salt and savor the difference in every bite!",
      "helpfulness": "4"
    },
    {
      "date": "May 20, 2016",
      "title": "Love this stuff!",
      "score": "5.0 out of 5 stars",
      "text": "This stuff is amazing!! I ordered this with my monthly subscribe and I love it...I have always used Lawry's on all steak, hamburger, and chicken. It lasts a long time and tastes so amazing.. I like some spice on my meat, but not a lot so this stuff is a must buy",
      "helpfulness": "0"
    },
    {
      "date": "September 5, 2012",
      "title": "My cooks like it!",
      "score": "5.0 out of 5 stars",
      "text": "I dont personally know this stuff is but my cooks were requesting  so I ordered some. I guess I could say that the food tastes better now. I mean what else is there to say about a spice!",
      "helpfulness": "One"
    },
    {
      "date": "May 2, 2017",
      "title": "Very good",
      "score": "5.0 out of 5 stars",
      "text": "We've always loved this seasoning  ever since we tried it some 6 years back.",
      "helpfulness": "0"
    },
    {
      "date": "August 10, 2013",
      "title": "I have been using Lawry's for years....",
      "score": "5.0 out of 5 stars",
      "text": "Lawry's is the seasoned salt that I can always count on.  I use it on meat, chicken, and vegetables  Its unique flavor is addictive.",
      "helpfulness": "0"
    },
    {
      "date": "July 25, 2017",
      "title": "WOULD PURCHASE AGAIN",
      "score": "5.0 out of 5 stars",
      "text": "Yummmmm, it's good on my french fries lmao.",
      "helpfulness": "0"
    },
    {
      "date": "February 2, 2014",
      "title": "As expected",
      "score": "5.0 out of 5 stars",
      "text": "You cannot really go wrong with Lawry's seasoned salt. It looks just as shown and tastes like any other bottle.",
      "helpfulness": "0"
    },
    {
      "date": "August 13, 2017",
      "title": "SAVOR YOUR FLAVOR.",
      "score": "5.0 out of 5 stars",
      "text": "THE BEST SINCE REGULAR SALT.",
      "helpfulness": "0"
    }
  ]
}