{
  "product_title": "Stash Tea Chamomile Herbal Tea - Naturally Caffeine Free, Non-GMO Project Verified Premium Tea with No Artificial Ingredients, 20 Count (Pack of 6) - 120 Bags Total",
  "byline_info": "Visit the Stash Store",
  "product_description": "Imagine this: You just SLAYED your day. That to-do list? Completed. That load of laundry? You folded it and put it away. You even achieved the impossible: inbox zero. Dang, you’re good. And now it’s time to sit back and bask in the splendor of your awesomeness. But wait, what is this feeling you’re feeling? For some reason, it’s a little difficult to wind down after hustling like you do. Don’t fret, though. Just brew up some of our chamomile tea. One of chamomile tea's benefits is that it’s well-known to help you sleep. So if you’re in need of some chillaxin’, choose the best chamomile tea around. You deserve it. Ingredients: Blended chamomile flowers. Caffeine Free. Brewing Instructions: 1 tea bag | 8 oz water | 190-210° f | 3-5 min. Each Package Contains: 6 Boxes of 20 Tea Bags Each (120 Tea Bags Total).",
  "category": [
    "Grocery & Gourmet Food",
    "Beverages",
    "Tea",
    "Fruit & Herbal Tea",
    "Herbal"
  ],
  "alt_images": [
    "https://m.media-amazon.com/images/I/41vFwLILgyL.jpg",
    "https://m.media-amazon.com/images/I/41yrogSDLzL.jpg",
    "https://m.media-amazon.com/images/I/41C5WNWS7kL.jpg",
    "https://m.media-amazon.com/images/I/51DV7RRJUoL.jpg",
    "https://m.media-amazon.com/images/I/41-eQQWxGXL.jpg",
    "https://m.media-amazon.com/images/I/51fd3hHciUL.jpg",
    "https://m.media-amazon.com/images/I/517I3P3+CaL.jpg"
  ],
  "product_detail": {
    "Is Discontinued By Manufacturer": "No",
    "Product Dimensions": "9.6 x 5.8 x 5.8 inches; 8 ounces",
    "Item model number": "08221",
    "Manufacturer": "Stash Tea",
    "ASIN": "B000CQID2Y",
    "Units": "120 Count",
    "Best Sellers Rank": "#1,680 in Grocery & Gourmet Food (See Top 100 in Grocery & Gourmet Food) #382 in Herbal Tea",
    "#382 in Herbal Tea": "",
    "Customer Reviews": "4.7 4.7 out of 5 stars 18,426 ratings"
  },
  "important_information": {
    "Safety Information": "This product is labelled to United States standards and may differ from similar products sold elsewhere in its ingredients, labeling and allergen warningsThis product is labelled to United States standards and may differ from similar products sold elsewhere in its ingredients, labeling and allergen warnings",
    "Ingredients": "Blended Chamomile FlowersBlended Chamomile Flowers",
    "Directions": "To savor the full flavor of our teas, bring fresh water to a rolling boil. Pour hot water directly over the tea bag in a pre-heated pot or cup. Brew 3-5 minutes or to desired taste. One tea bag makes 8 ounces of hot tea. For iced tea, brew double strength.To savor the full flavor of our teas, bring fresh water to a rolling boil. Pour hot water directly over the tea bag in a pre-heated pot or cup. Brew 3-5 minutes or to desired taste. One tea bag makes 8 ounces of hot tea. For iced tea, brew double strength.",
    "Legal Disclaimer": "Statements regarding dietary supplements have not been evaluated by the FDA and are not intended to diagnose, treat, cure, or prevent any disease or health condition.Statements regarding dietary supplements have not been evaluated by the FDA and are not intended to diagnose, treat, cure, or prevent any disease or health condition."
  },
  "rating": {
    "score": "4.7 out of 5",
    "dist": {
      "5 star": "85%",
      "4 star": "8%",
      "3 star": "3%",
      "2 star": "1%",
      "1 star": "3%"
    }
  },
  "top_comments": [
    {
      "date": "August 23, 2025",
      "title": "Delicious morning drink",
      "score": "5.0 out of 5 stars",
      "text": "My wife gets this tea every three or four months. She buys boxes of 100 or so which is cheaper than buying individual smaller boxes. She drinks it every morning. It smells and tastes great. She thinks it's the best decaf chai out there.",
      "helpfulness": "0"
    },
    {
      "date": "August 31, 2025",
      "title": "I Didn't Know I Liked Black Tea",
      "score": "5.0 out of 5 stars",
      "text": "Seriously, I didn't like black tea at all (except southern sweet tea) until I tried this Earl Grey tea. It isn't just my favorite black tea. It has caused me to regularly drink tea. Now, in my routine, it's 16 oz of black coffee in the early morning, and 16 oz of black tea in the late morning. Drinking it after the coffee makes me feel so clean and healthy. I guess it's the perfect amount of caffeine to come down from the coffee. It is so unbelievably delicious, I just have to drink it! It smells amazing too!This tea also works AMAZING for southern sweet tea on a hot day, skip the soda!",
      "helpfulness": "One"
    },
    {
      "date": "August 14, 2025",
      "title": "Peach Stash",
      "score": "5.0 out of 5 stars",
      "text": "Excellent flavor and quality. This is our go-to beverage - brewed in an electric pot and served over ice.",
      "helpfulness": "0"
    },
    {
      "date": "July 13, 2025",
      "title": "Peach tea with great flavor.",
      "score": "5.0 out of 5 stars",
      "text": "This is the best peach tea I have found. My last order arrived and was the Ginger Peach tea and not the Peach tea I had ordered. I have a digestive issue with ginger and wish this could have been returned and refunded but that didn't happen.I'm hoping I can find a retail store that carries the product.",
      "helpfulness": "0"
    },
    {
      "date": "August 14, 2025",
      "title": "Tastes great",
      "score": "5.0 out of 5 stars",
      "text": "Love the taste, good price too.",
      "helpfulness": "0"
    },
    {
      "date": "August 26, 2025",
      "title": "Sweet and satisfying",
      "score": "5.0 out of 5 stars",
      "text": "Delicious!  Reminiscent of hot apple cider without the calories.",
      "helpfulness": "0"
    },
    {
      "date": "July 24, 2025",
      "title": "great tea, wrong item often shipped",
      "score": "4.0 out of 5 stars",
      "text": "love the smell and taste of this tea, but the seller repeatedly ships the wrong tea",
      "helpfulness": "0"
    },
    {
      "date": "August 11, 2025",
      "title": "Great tea and good price",
      "score": "5.0 out of 5 stars",
      "text": "I use herbal tea to make iced tea all summer, and we go through a lot of tea bags at 4 per 1/2 gallon jug. I can't always find this variety at the grocery store, so I was happy to find this available in a multi pack, and the price was good too!",
      "helpfulness": "One"
    }
  ]
}