{
  "product_title": "JES Japanese Ginger Salad Dressing",
  "byline_info": "Brand: Unknown",
  "product_description": "Prepare your favorite vegetable salad. For an exicting and unique taste experience, splash on JFC's Ginger Dressing over salad. Ginger combined with warm Miso and Sesame gives this new dressing a mild taste, which complements any salad.",
  "category": [
    "Grocery & Gourmet Food",
    "Pantry Staples",
    "Condiments & Salad Dressings",
    "Salad Dressings"
  ],
  "alt_images": [
    "https://m.media-amazon.com/images/I/41qCu6DLA7L.jpg"
  ],
  "product_detail": {
    "Package Dimensions": "9.3 x 3.1 x 2.5 inches; 1.4 Pounds",
    "Manufacturer": "JFC",
    "ASIN": "B00025DW8A",
    "Units": "12.9 Ounce",
    "Customer Reviews": "3.0 3.0 out of 5 stars 17 ratings"
  },
  "important_information": {
    "Ingredients": "Distilled vinegar, soy sauce (water, wheat, soy beans, salt), soy bean oil, onion, carrot, high fructose corn syrup, ginger, water, sesame seed, peanut butter, sesame oil, xanthan gum.Distilled vinegar, soy sauce (water, wheat, soy beans, salt), soy bean oil, onion, carrot, high fructose corn syrup, ginger, water, sesame seed, peanut butter, sesame oil, xanthan gum.",
    "Legal Disclaimer": "Statements regarding dietary supplements have not been evaluated by the FDA and are not intended to diagnose, treat, cure, or prevent any disease or health condition.Statements regarding dietary supplements have not been evaluated by the FDA and are not intended to diagnose, treat, cure, or prevent any disease or health condition."
  },
  "rating": {
    "score": "3 out of 5",
    "dist": {
      "5 star": "34%",
      "4 star": "8%",
      "3 star": "14%",
      "2 star": "21%",
      "1 star": "23%"
    }
  },
  "top_comments": [
    {
      "date": "July 31, 2018",
      "title": "Five Stars",
      "score": "5.0 out of 5 stars",
      "text": "Best ginger dressing I have been able to find outside of the 4 star sushi restaurants I visit.",
      "helpfulness": "0"
    },
    {
      "date": "March 17, 2014",
      "title": "Not what I expected.",
      "score": "1.0 out of 5 stars",
      "text": "I love a good Ginger Dressing especially one from local Hibachi Grills. This one the other hand was just awful, and I try to say that as nice as possible. Its has a really rich almost off putting smell about it. The flavor taste almost like dark roasted peanuts that's been blended into a thick-ish (yes its kind of thick) liquid that's spoiled. Ive tried to eat it on multiple occasions seeing how I spend almost $14 on it but I cant seem to get through it. My advise, usually Hibachi restaurants sell there dressing by the pint/gallon. Find one you like and get some there :)",
      "helpfulness": "3"
    },
    {
      "date": "October 1, 2016",
      "title": "Two Stars",
      "score": "2.0 out of 5 stars",
      "text": "Not the best ginger dressing I've had. My wife and I frequently go to Asian restaurants that offer up a ginger dressing. We were looking for something that we could keep at home for when we couldn't make it out to eat. I ordered this expecting it to be like that of any of the restaurants. It was OK. I think we ended up using it for maybe two meals and then throwing it away.",
      "helpfulness": "0"
    },
    {
      "date": "March 16, 2014",
      "title": "Not what I was hoping for",
      "score": "3.0 out of 5 stars",
      "text": "I was looking for a dressing that tastes like the dressing you get on the salads from a Japanese Steakhouse. This is ok as a regular dressing but wasnt what I was looking for, I have used it as a marinade and it works great for that!",
      "helpfulness": "3"
    },
    {
      "date": "November 23, 2013",
      "title": "Was exactly what I ordered",
      "score": "4.0 out of 5 stars",
      "text": "I use ginger dressing in a recipe I made up trying to copy cat shoguns famous house dressing, and I usually use a honey ginger, but I couldn't find one, so I went with this. Now mind you I don't like ginger dressing plain, so I make it a creamy dressing with milk, mayo, lemon juice, sugar, and ginger dressing to create the taste I'm looking for. It was exactly what I was looking for, for what I needed.",
      "helpfulness": "One"
    },
    {
      "date": "August 9, 2018",
      "title": "MY FAVORITE",
      "score": "5.0 out of 5 stars",
      "text": "I love this dressing on all kinds of things! Its not just for salad!",
      "helpfulness": "0"
    },
    {
      "date": "February 22, 2015",
      "title": "a complete waste of money",
      "score": "1.0 out of 5 stars",
      "text": "This dressing was nasty and separated and tasted yucky...a complete waste of money.",
      "helpfulness": "0"
    },
    {
      "date": "July 22, 2018",
      "title": "Two Stars",
      "score": "2.0 out of 5 stars",
      "text": "Salad dressing is to heavy and does not taste good",
      "helpfulness": "0"
    }
  ]
}