{
  "product_title": "Goya Malta, 12 Fl Oz, 1 Count",
  "byline_info": "Visit the Goya Store",
  "product_description": "Net Wt. 12 oz.",
  "category": [
    "Grocery & Gourmet Food",
    "Beverages",
    "Bottled Beverages, Water & Drink Mixes",
    "Soft Drinks"
  ],
  "alt_images": [
    "https://m.media-amazon.com/images/I/31oAekbvR3L.jpg",
    "https://m.media-amazon.com/images/I/31uk1RtIq4L.jpg",
    "https://m.media-amazon.com/images/I/313JR+l2sPL.jpg",
    "https://m.media-amazon.com/images/I/31NmTsCxjDL.jpg"
  ],
  "product_detail": {
    "Package Dimensions": "9.29 x 8.5 x 3.19 inches; 3.9 Pounds",
    "UPC": "041331039857",
    "Manufacturer": "Goya",
    "ASIN": "B00032CW9W",
    "Units": "12.0 Ounce",
    "Best Sellers Rank": "#578,516 in Grocery & Gourmet Food (See Top 100 in Grocery & Gourmet Food) #5,459 in Soda Soft Drinks",
    "#5,459 in Soda Soft Drinks": "",
    "Customer Reviews": "2.9 2.9 out of 5 stars 8 ratings"
  },
  "important_information": {
    "Ingredients": "WaterWater",
    "Directions": "Ready to drink, served chilled, for varieties visit us at www.goya.comReady to drink, served chilled, for varieties visit us at www.goya.com",
    "Legal Disclaimer": "Statements regarding dietary supplements have not been evaluated by the FDA and are not intended to diagnose, treat, cure, or prevent any disease or health condition.Statements regarding dietary supplements have not been evaluated by the FDA and are not intended to diagnose, treat, cure, or prevent any disease or health condition."
  },
  "rating": {
    "score": "2.9 out of 5",
    "dist": {
      "5 star": "26%",
      "4 star": "23%",
      "3 star": "9%",
      "2 star": "0%",
      "1 star": "42%"
    }
  },
  "top_comments": [
    {
      "date": "May 19, 2020",
      "title": "Malta goya",
      "score": "1.0 out of 5 stars",
      "text": "The price is outrageous... I get 6 pack in store for 6 bucks ... amazon is becoming expensive .. allowing people to sell items for more then it's worth",
      "helpfulness": "2"
    },
    {
      "date": "November 11, 2012",
      "title": "malted beverage in glass bottles.",
      "score": "5.0 out of 5 stars",
      "text": "This is a very sweet and strong malt flavoured drink. If you ever tasted those chocolated malted milk candy balls you will like this. The bottle cap can be replaced, just bang it hard while holding on to the bottle on the counter tightly, or use a cork. I drink a half bottle at a time and keep the rest in the fridge for later. I think i will have some now. Bye.",
      "helpfulness": "One"
    },
    {
      "date": "October 9, 2019",
      "title": "Too sweet",
      "score": "4.0 out of 5 stars",
      "text": "It came in time and they had packaged it really well. I don’t like the taste tho. It’s very sweet. I got it to help with lactation.",
      "helpfulness": "0"
    },
    {
      "date": "September 7, 2012",
      "title": "Too Sweet",
      "score": "3.0 out of 5 stars",
      "text": "Good malt taste but way too sweet. Chronic drinkers will have big dental expenses.The vendor was very diligent in packing the bottles and there was no breakage, but it is best to buy these drinks in a grocery store if possible.",
      "helpfulness": "0"
    },
    {
      "date": "December 28, 2018",
      "title": "Helps with breastmilk!",
      "score": "5.0 out of 5 stars",
      "text": "Attention Nursing moms! This right here helped my milk come in fast an full. I had a columbian friend tell mento try this when my supply was starting to weaken. I went from pumping a few ounces to pumping 10 ounces one pump each breast. Having my 3rd and i place this on my registry lol.",
      "helpfulness": "0"
    },
    {
      "date": "July 29, 2007",
      "title": "Malta",
      "score": "5.0 out of 5 stars",
      "text": "I have always loved this product. It taste great but the shipping cost is too expensive. It is alot cheaper going to the store and buying it that way you wont have to pay for shipping.",
      "helpfulness": "2"
    }
  ]
}