{
  "product_title": "Annie's White Cheddar Shells Macaroni and Cheese with Organic Pasta, 6 oz (Pack of 12)",
  "byline_info": "Visit the Annie's Homegrown Store",
  "product_description": "Product Description   Bring creamy, cheesy goodness to your family dinner table with Annie's White Cheddar Shells and Mac and Cheese. Made with organic macaroni shells and real white cheddar cheese, Annie's mac and cheese offers a great-tasting adult and kids dinner addition that's packed with flavor. Annie's mac and cheese with organic pasta contains cheese from cows not treated with rBST, offering quality ingredients in every bite. This pasta shells and cheese dinner side contains no artificial flavors or synthetic colors. It's ready in just ten minutes by following the simple steps on the package. This six-ounce box contains about two-and-a-half servings for a quick kids mac and cheese dinner option. Annie's makes products in over 20 family-friendly categories, from fruit-flavored snacks and cereal to mac and cheese. For busy bunnies and families on the go, we help make life a little easier and more delicious by spreading goodness through tasty foods and kindness to the planet. No significant difference has been shown between milk derived from rBST-treated and non rBST-treated cows.   About the Brand   Real Food Tastes Better™ For 25 years, Annie’s has been nourishing families with simple, down-to-earth foods that taste great and are easy to love. Annie’s Shells & White Cheddar continues to be our most popular product -- and with good reason! Creamy white cheddar cheese with organic shell pasta makes a delicious lunch or dinner for the whole family, packing 10g of protein in each serving. We never use artificial flavors, synthetic colors, or preservatives in our mac and cheese. Made with real cheese from cows not treated with the growth hormone rBST*. Brand Story: In 1989, Annie Withey co-founded Annie’s Homegrown with the goal of giving families healthy and delicious foods and to show by example that a successful business can also be socially responsible. Annie chose Bernie, her pet rabbit, to be the brand’s “Rabbit of Approval.” She put her address and phone number on the original boxes to encourage consumers to connect with her. Today, we continue to value direct and honest communication with our consumers. Our Products: We sell premium products made from high-quality natural and organic ingredients at affordable prices. Our products appeal to health-conscious consumers who seek to avoid the artificial flavors, synthetic colors and preservatives used in many conventional packaged foods. Today, we offer over 135 products, including mac and cheese, Cheddar Bunnies™, fruit snacks, crackers, graham snacks, granola bars, frozen pizza, frozen entrees, salad dressings, condiments, and more. Our Ingredients: Annie’s sources only from places and people we trust, with high emphasis on quality, as well as agricultural and environmental sustainability. We believe in transparency. We have long-standing relationships with key suppliers of natural and organic ingredients. We source only ingredients stated to be free of genetically modified organisms and strive to use ingredients that are as near to their whole, natural state as possible. The bottom line: we know that real food tastes better. That’s why every ingredient we use to make our food is chosen with care. *No significant difference has been shown between milk derived from rBST-treated and non rBST-treated cows   \n  From the Manufacturer   Introduced back in 1989, Annie's Shells & White Cheddar is the original. Annie created Shells & White Cheddar in her kitchen when she realized there was no all-natural, white cheddar macaroni and cheese on the market. She came up with a delicious product that is made with real white cheddar cheese and 100 percent durum semolina shell shaped pasta. There is nothing artificial about Annie's Shells and White Cheddar. It contains no MSG, nor artificial preservatives--no nasty stuff period! And each serving provides a good source of calcium.   See more",
  "category": [
    "Grocery & Gourmet Food",
    "Pantry Staples",
    "Canned, Jarred & Packaged Foods",
    "Packaged Meals & Side Dishes",
    "Macaroni & Cheese"
  ],
  "alt_images": [
    "https://m.media-amazon.com/images/I/41Uw4ic57wL.jpg",
    "https://m.media-amazon.com/images/I/41OnEgrlGUL.jpg",
    "https://m.media-amazon.com/images/I/41UR6x3xfmL.jpg",
    "https://m.media-amazon.com/images/I/412Yw7ppkiL.jpg",
    "https://m.media-amazon.com/images/I/51hI7BlOgQL.jpg",
    "https://m.media-amazon.com/images/I/51Cg5qJFapL.jpg",
    "https://m.media-amazon.com/images/I/51jIIEwc1xL.jpg"
  ],
  "product_detail": {
    "Is Discontinued By Manufacturer": "No",
    "Product Dimensions": "1.31 x 3.44 x 7.13 inches; 4.5 Pounds",
    "Item model number": "01038116",
    "Manufacturer": "Annie's Homegrown",
    "ASIN": "B000CQ01GU",
    "Units": "72.0 Ounce",
    "Best Sellers Rank": "#803 in Grocery & Gourmet Food (See Top 100 in Grocery & Gourmet Food) #5 in Packaged Macaroni & Cheese",
    "#5 in Packaged Macaroni & Cheese": "",
    "Customer Reviews": "4.6 4.6 out of 5 stars 15,988 ratings"
  },
  "important_information": {
    "Safety Information": "Contains milk and wheat ingredients. Made on shared equipment that also processes egg and soy.This product is labelled to United States standards and may differ from similar products sold elsewhere in its ingredients, labeling and allergen warningsContains milk and wheat ingredients. Made on shared equipment that also processes egg and soy.This product is labelled to United States standards and may differ from similar products sold elsewhere in its ingredients, labeling and allergen warnings",
    "Ingredients": "Organic Pasta (organic wheat flour), Dried Cheddar Cheese (cultured pasteurized milk, salt, non-animal enzymes), Whey, Salt, Corn Starch, Sodium Phosphate, Lactic Acid, Silicon Dioxide (for anticaking).Organic Pasta (organic wheat flour), Dried Cheddar Cheese (cultured pasteurized milk, salt, non-animal enzymes), Whey, Salt, Corn Starch, Sodium Phosphate, Lactic Acid, Silicon Dioxide (for anticaking).",
    "Directions": "1 - BOIL 6 cups water in a medium saucepan. 2 - Stir in PASTA and cook 8-10 minutes or until done, stirring occasionally. 3 - Drain pasta in COLANDER. While pasta is draining... 4 - Add 3 Tbsp low fat MILK to the warm saucepan. Richer flavor: add 2 Tbsp unsalted butter. 5 - SPRINKLE cheese over milk; stir to combine. 6 - Add cooked pasta and STIR well.1 - BOIL 6 cups water in a medium saucepan. 2 - Stir in PASTA and cook 8-10 minutes or until done, stirring occasionally. 3 - Drain pasta in COLANDER. While pasta is draining... 4 - Add 3 Tbsp low fat MILK to the warm saucepan. Richer flavor: add 2 Tbsp unsalted butter. 5 - SPRINKLE cheese over milk; stir to combine. 6 - Add cooked pasta and STIR well.",
    "Legal Disclaimer": "Statements regarding dietary supplements have not been evaluated by the FDA and are not intended to diagnose, treat, cure, or prevent any disease or health condition.Statements regarding dietary supplements have not been evaluated by the FDA and are not intended to diagnose, treat, cure, or prevent any disease or health condition."
  },
  "rating": {
    "score": "4.6 out of 5",
    "dist": {
      "5 star": "81%",
      "4 star": "10%",
      "3 star": "5%",
      "2 star": "1%",
      "1 star": "3%"
    }
  },
  "top_comments": [
    {
      "date": "September 1, 2025",
      "title": "Absolutely delightful!",
      "score": "5.0 out of 5 stars",
      "text": "Annie's White Cheddar is absolutely delightful! The creamy, rich flavor is perfectly balanced, making it a fantastic snack for any occasion. I love how it has that classic cheesy taste without being overly artificial. Plus, it's made with organic ingredients, which makes me feel good about indulging. Whether enjoyed straight from the bag or added to a meal, Annie's White Cheddar is a must-try for cheese lovers! Highly recommend!",
      "helpfulness": "0"
    },
    {
      "date": "August 17, 2025",
      "title": "Easy and delicious.",
      "score": "5.0 out of 5 stars",
      "text": "Love it.  One box is plenty for the two of us. Leftover, I added a few frozen shrimp. A little milk and it was better than any shrimp Alfredo I have had.  Wonderfullove the flavor and white cheese.",
      "helpfulness": "0"
    },
    {
      "date": "September 7, 2025",
      "title": "No issues",
      "score": "5.0 out of 5 stars",
      "text": "Came on time and undamaged. Great price and taste.",
      "helpfulness": "0"
    },
    {
      "date": "August 29, 2025",
      "title": "Tastes Like Real Cheese",
      "score": "5.0 out of 5 stars",
      "text": "Taste is obviously a personal opinion, but compared to other boxed mac and cheese, these are fantastic.  I just don't like the fake tasting cheese in Kraft, but Annie's taste real.  Nothing can compare to home made, so my five star rating is based on other boxed products.",
      "helpfulness": "2"
    },
    {
      "date": "June 25, 2025",
      "title": "Worth it, So GOOD.",
      "score": "4.0 out of 5 stars",
      "text": "So good, worth it. Much cheaper to buy here than in store, same quality (: enjoy.",
      "helpfulness": "0"
    },
    {
      "date": "August 8, 2025",
      "title": "Tastes great!",
      "score": "5.0 out of 5 stars",
      "text": "By far one of our favorites.  Great taste (nice aged white cheddar flavor). As a hack, we mix the powder with heavy cream to create a nice thick cheese sauce.  Add corn or potato starch to make it thicker for a nice texture.  Very easy to make.  Good portion and serving size for a nice meal.  Highly recommend.",
      "helpfulness": "0"
    },
    {
      "date": "September 4, 2025",
      "title": "A must buy from Amazon!",
      "score": "5.0 out of 5 stars",
      "text": "Just received my Amazon order today and cooked the Annie's macaroni and white cheese for our meal tonight...it is delicious!! I will be ordering more!",
      "helpfulness": "0"
    },
    {
      "date": "August 18, 2025",
      "title": "Great Deal",
      "score": "5.0 out of 5 stars",
      "text": "Good product and even better when on sale",
      "helpfulness": "0"
    }
  ]
}