{
  "product_title": "LorAnn Oils Super Strength Flavoring - Used For Candy Making, Flavoring Extracts, Baking, Hard Candy, and Flavor Oils - Bold, Natural Flavors 4X Stronger Than Extracts - Cotton Candy, 1 fl oz",
  "byline_info": "Visit the LorAnn Oils Store",
  "product_description": "",
  "category": [
    "Grocery & Gourmet Food",
    "Pantry Staples",
    "Cooking & Baking",
    "Extracts",
    "Natural"
  ],
  "alt_images": [
    "https://m.media-amazon.com/images/I/31jzjnoJweL.jpg",
    "https://m.media-amazon.com/images/I/51kYB8BTXEL.jpg",
    "https://m.media-amazon.com/images/I/51vvtGWqBDL.jpg",
    "https://m.media-amazon.com/images/I/31moVJ21GSL.jpg",
    "https://m.media-amazon.com/images/I/51-+mZKFwQL.jpg",
    "https://m.media-amazon.com/images/I/51sA0yh-jDL.jpg",
    "https://m.media-amazon.com/images/I/51Z0jrPnhvL.jpg"
  ],
  "product_detail": {
    "Is Discontinued By Manufacturer": "No",
    "Product Dimensions": "1.25 x 1.25 x 3.25 inches; 0.2 ounces",
    "Item model number": "0460",
    "UPC": "023535460057",
    "Manufacturer": "LorAnn Oils",
    "ASIN": "B000FRXI66",
    "Units": "1 Fluid Ounces",
    "Best Sellers Rank": "#2,300 in Grocery & Gourmet Food (See Top 100 in Grocery & Gourmet Food) #12 in Natural Extracts",
    "#12 in Natural Extracts": "",
    "Customer Reviews": "4.4 4.4 out of 5 stars 21,298 ratings"
  },
  "important_information": {
    "Ingredients": "Propylene glycol, water, glycerin, ethyl alcohol,artificial flavorsPropylene glycol, water, glycerin, ethyl alcohol,artificial flavors",
    "Directions": "Use ¼ to ½ teaspoon for 1 teaspoon of extract. Dissolve in a liquid or mix with other ingredients as needed.Use ¼ to ½ teaspoon for 1 teaspoon of extract. Dissolve in a liquid or mix with other ingredients as needed.",
    "Legal Disclaimer": "Statements regarding dietary supplements have not been evaluated by the FDA and are not intended to diagnose, treat, cure, or prevent any disease or health condition.Statements regarding dietary supplements have not been evaluated by the FDA and are not intended to diagnose, treat, cure, or prevent any disease or health condition."
  },
  "rating": {
    "score": "4.4 out of 5",
    "dist": {
      "5 star": "73%",
      "4 star": "11%",
      "3 star": "6%",
      "2 star": "3%",
      "1 star": "7%"
    }
  },
  "top_comments": [
    {
      "date": "September 7, 2025",
      "title": "Cotton candy sweet as gold",
      "score": "5.0 out of 5 stars",
      "text": "My daughter used the cotton candy flavoring to make hard candy for a fair project. It turned out great.  Only wished we would have made a bigger batch.  Color was clear, but we added food coloring to make a cotton candy like color.",
      "helpfulness": "0"
    },
    {
      "date": "August 6, 2025",
      "title": "Definitely super strength flavor",
      "score": "5.0 out of 5 stars",
      "text": "Nice size bottle of flavoring for the price. The flavor is indeed super strength, so use sparingly until you get the flavor just right. I've found using a little less than what a recipe calls for works just fine. When using the indicated amount, the flavor was overpowering and entering the cough syrupy level.",
      "helpfulness": "One"
    },
    {
      "date": "August 26, 2025",
      "title": "Strong and consistent flavor!",
      "score": "5.0 out of 5 stars",
      "text": "Strong chocolate flavor. I am using this to flavor home made ice cream made in the Ninja Creami. I am low/no oxalate so cannot use cocoa. The oxalate content of this has not been tested, however, I'm using less than a teaspoon to flavor a pint of ice cream and typically extracts are lower in general - I have not had any strong reactions. I have tried other flavorings and this has the best and strongest flavor which allows me to use less, as well have a robust chocolate flavor. I usually have it paired with Lorann's butter vanilla. My spouse is very picky and he also cannot tell that cocoa was not used - great product!",
      "helpfulness": "2"
    },
    {
      "date": "June 21, 2025",
      "title": "Measure Amount in Drops",
      "score": "5.0 out of 5 stars",
      "text": "I used 1/2 tablespoon of pistachio for one quart of ice cream.  Yes it had a chemical taste, but still edible.Next time, I will use 1/2 teaspoon and add drops if needed.  I don't want to overpower the taste of the pistachio nuts.Bottle size:1 ounce",
      "helpfulness": "3"
    },
    {
      "date": "July 8, 2025",
      "title": "Stay away from the Raspberry but all of the others I have tried are awesome.",
      "score": "4.0 out of 5 stars",
      "text": "All of the flavors were great except the Raspberry.  Otherwise it would have gotten 5 stars.  The cinnamon oil made nice hot gummies.  Really liked the result.  I used their Key Lime in a cheese cake - delicious!  The pineapple was used to make licorice as was the green apple - both great!  Unless you are getting the Raspberry - you cant go wrong with the Lorann oils.",
      "helpfulness": "One"
    },
    {
      "date": "August 23, 2025",
      "title": "Tastes as smells just like caramel",
      "score": "5.0 out of 5 stars",
      "text": "Very good aroma and flavor.  I used it to make caramel coffee creamer and syrup.  It is very concentrated, so usea few drops at a time to get the amount of flavor you want.  I will definitely purchase it again.  Thanks!",
      "helpfulness": "0"
    },
    {
      "date": "July 25, 2025",
      "title": "Wow! Really tastes like pistachio!!",
      "score": "5.0 out of 5 stars",
      "text": "I needed pistachio flavoring to make pistachio ice cream.  Pistachios are way too expensive to get a big bag,deshell them,and then grind up to add to ice cream to get enough of the flavor! So Concentrated flavoring is best & more economical!  It made some fantastic pistachio flavored ice cream. DELICIOUS!!! Good price and Lorain oils have always been good quality.  I will definitely buy this again when I need it !!!  Ps…I also bought the pecan flavoring at the same time, and that one is great as well.  Used it to make pecan ice cream and it really tastes like pecans! Good flavor!!",
      "helpfulness": "3"
    },
    {
      "date": "May 24, 2025",
      "title": "Good flavor, but slightly artificial taste",
      "score": "4.0 out of 5 stars",
      "text": "I used it to add to my ice cream for flavor. Has an artificial after taste, but other than that pretty good. A little goes a long way its lasted a while",
      "helpfulness": "0"
    }
  ]
}