{
  "product_title": "OliveNation Woodear Mushrooms 8 oz.",
  "byline_info": "Visit the JR Mushrooms & Specialties Store",
  "product_description": "OliveNation's dried wood ear is an economical alternative to the more expensive, yet similar taste and texture, Cloud Ear mushroom. Sold whole in bulk, these can be sliced or used entire after reconstituting. High in both nutritional and medicinal value, dried wood ear is high in fiber, protein, potassium, Vitamin D, and Iron, but low in sodium, calories, and fat. This versatile Asian mushroom adds a slight earthy flavor to soups, salads, stir fried dishes, or savory pasta sauces. To use, simply reconstitute our dried whole wood ear by soaking in water and rinsing, repeating until clean. Also known as jelly ear,\" this mushroom is frequently used to replace the more expensive Cloud Ear or Black Fungus, which is from a different but related family. Note: our dried wood ear MUST be reconstituted and cooked prior to consuming. \"",
  "category": [
    "Grocery & Gourmet Food",
    "Produce",
    "Fresh Vegetables",
    "Mushrooms & Truffles",
    "Portabello"
  ],
  "alt_images": [
    "https://m.media-amazon.com/images/I/315kM0X2RYL.jpg",
    "https://m.media-amazon.com/images/I/41fXKzcVC1L.jpg"
  ],
  "product_detail": {
    "Package Dimensions": "15.5 x 11 x 1 inches; 8 ounces",
    "UPC": "812725021761",
    "Manufacturer": "JR Mushrooms & Specialties",
    "ASIN": "B0002LEMII",
    "Units": "8.0 Ounce",
    "Customer Reviews": "5.0 5.0 out of 5 stars 1 rating"
  },
  "important_information": {
    "Ingredients": "Wood Ear MushroomsWood Ear Mushrooms",
    "Legal Disclaimer": "Statements regarding dietary supplements have not been evaluated by the FDA and are not intended to diagnose, treat, cure, or prevent any disease or health condition.Statements regarding dietary supplements have not been evaluated by the FDA and are not intended to diagnose, treat, cure, or prevent any disease or health condition."
  },
  "rating": {
    "score": "5 out of 5",
    "dist": {
      "5 star": "100%",
      "4 star": "0%",
      "3 star": "0%",
      "2 star": "0%",
      "1 star": "0%"
    }
  },
  "top_comments": [
    {
      "date": "September 22, 2018",
      "title": "Repeat Buyer. Love These.",
      "score": "5.0 out of 5 stars",
      "text": "I'm a repeat buyer. Great Woodear Mushrooms. Thanks!",
      "helpfulness": "0"
    }
  ]
}