{
  "product_title": "Yogi Tea Classic India Spice, Herbal Supplement, Tea Bags, 16 ct",
  "byline_info": "Brand: YOGI TEA",
  "product_description": "The spirit and creation of Yogi hearkens back to this distinctive blend. Inspired by a spicy, revitalizing tea developed thousands of years ago by yogis in India, this traditional formula contains cinnamon, cardamom and ginger, with a touch of clove and black pepper. Appreciated for its transcendent flavor and exotic aroma, but also recognized for its beneficial qualities, this warmly spiced tea is known in Ayurveda to support the nervous system as well as invigorate and cleanse the body.* Discover the taste of tradition with caffeine-free Classic India Spice. NOTE : All product information on this website is provided by the product manufacturer and is believed to be current. However, OrganicDirect does not guarantee the completeness or accuracy of this information. For the most complete and accurate product data, we suggest you contact the product manufacturer.",
  "category": [
    "Grocery & Gourmet Food",
    "Beverages",
    "Tea",
    "Tea Samplers"
  ],
  "alt_images": [
    "https://m.media-amazon.com/images/I/510Thi8izZL.jpg",
    "https://m.media-amazon.com/images/I/510Thi8izZL.jpg",
    "https://m.media-amazon.com/images/I/51nFHq0OsYL.jpg",
    "https://m.media-amazon.com/images/I/51ZqA1T4L3L.jpg",
    "https://m.media-amazon.com/images/I/51bbTTIpOTL.jpg"
  ],
  "product_detail": {
    "Is Discontinued By Manufacturer": "No",
    "Product Dimensions": "6 x 6 x 6 inches; 2.24 ounces",
    "Item model number": "77427",
    "UPC": "076950415140",
    "Manufacturer": "Yogi",
    "ASIN": "B00028LVWG",
    "Units": "1 Count",
    "Customer Reviews": "4.0 4.0 out of 5 stars 23 ratings"
  },
  "important_information": {
    "Legal Disclaimer": "Statements regarding dietary supplements have not been evaluated by the FDA and are not intended to diagnose, treat, cure, or prevent any disease or health condition.Statements regarding dietary supplements have not been evaluated by the FDA and are not intended to diagnose, treat, cure, or prevent any disease or health condition."
  },
  "rating": {
    "score": "4 out of 5",
    "dist": {
      "5 star": "54%",
      "4 star": "18%",
      "3 star": "9%",
      "2 star": "10%",
      "1 star": "9%"
    }
  },
  "top_comments": [
    {
      "date": "September 18, 2017",
      "title": "Excellent!",
      "score": "5.0 out of 5 stars",
      "text": "This is by far my favorite Yogi tea (slightly above the Tangerine).  It is very spicy, almost reminding me of a Chai Tea.  If you enjoy Chai, cinnamon, and clove, this is definitely a tea for you!  I have encountered many teas that do not have as much flavor as I would like, however this tea does not at all fit into that category!  Nice and warming!",
      "helpfulness": "0"
    },
    {
      "date": "March 25, 2018",
      "title": "Four Stars",
      "score": "4.0 out of 5 stars",
      "text": "Not the same as the classic Yogi tea I had from the same company in Germany.",
      "helpfulness": "0"
    },
    {
      "date": "March 3, 2012",
      "title": "Lackluster  pseudo-Indian tea",
      "score": "3.0 out of 5 stars",
      "text": "My friend shared Indian tea with me, which was THE  BEST, smooth, quickly brewing tea, I have ever had. This lacks what I expected.",
      "helpfulness": "0"
    },
    {
      "date": "February 18, 2014",
      "title": "Not worth it",
      "score": "1.0 out of 5 stars",
      "text": "Awful. won't buy again. Too peppery and I don't like the taste. I did not like it at all. Yuck.",
      "helpfulness": "0"
    },
    {
      "date": "July 2, 2017",
      "title": "Yogi Black Chai much better",
      "score": "2.0 out of 5 stars",
      "text": "Not good. Buy Yogi Black Chai. Much better than this.",
      "helpfulness": "0"
    },
    {
      "date": "December 8, 2016",
      "title": "The Ayurvedic Way",
      "score": "5.0 out of 5 stars",
      "text": "Snuggling in front of the TV or with a good book and a nice warming cuppa India Spice, or Chai, tea on a cold day or night is one of life's guilty pleasures. The flavors and scents are bold in the ayurvedic way. Yogi teas are a bit above the rest, IMO, because of that.",
      "helpfulness": "One"
    },
    {
      "date": "March 5, 2015",
      "title": "It's tea!! What could be wrong about it ...",
      "score": "4.0 out of 5 stars",
      "text": "It's tea!!  What could be wrong about it.",
      "helpfulness": "0"
    },
    {
      "date": "May 15, 2018",
      "title": "Best Chai tea PERIOD.",
      "score": "5.0 out of 5 stars",
      "text": "I love this tea. Been drinking Yogi Chai since the late 1980's. Hate to think Amazon is becoming the only place to get it. Best taste and flavour and has no black tea in it. The best. And the supplier did a great job.",
      "helpfulness": "0"
    }
  ]
}