{
  "product_title": "12 (5 oz.) Sole Almondine",
  "byline_info": "Visit the Omaha Steaks Store",
  "product_description": "Once you taste our Sole Almondine you'll be hooked! Premium boneless sole topped with tasty cheese-flavored bread crumbs and crunchy sliced almonds. Quick and easy to fix...bake, serve and dive in!",
  "category": [
    "Grocery & Gourmet Food",
    "Food & Beverage Gifts",
    "Snack Gifts"
  ],
  "alt_images": [
    "https://m.media-amazon.com/images/I/51-pfh-o+OL.jpg",
    "https://m.media-amazon.com/images/I/41h1kzasnlL.jpg",
    "https://m.media-amazon.com/images/I/41h1kzasnlL.jpg"
  ],
  "product_detail": {
    "Item Weight": "5 ounces",
    "Manufacturer": "Omaha Steaks",
    "ASIN": "B08H4P5SL1",
    "Units": "1.00 Count",
    "Customer Reviews": "1.4 1.4 out of 5 stars 3 ratings"
  },
  "important_information": {
    "Legal Disclaimer": "Statements regarding dietary supplements have not been evaluated by the FDA and are not intended to diagnose, treat, cure, or prevent any disease or health condition.Statements regarding dietary supplements have not been evaluated by the FDA and are not intended to diagnose, treat, cure, or prevent any disease or health condition."
  },
  "rating": {
    "score": "1.4 out of 5",
    "dist": {
      "5 star": "0%",
      "4 star": "0%",
      "3 star": "19%",
      "2 star": "0%",
      "1 star": "81%"
    }
  },
  "top_comments": [
    {
      "date": "January 29, 2015",
      "title": "Poor packaging - should be vaccum packed",
      "score": "1.0 out of 5 stars",
      "text": "I used to buy this direct from Omaha Steaks and it was a handy way to have frozen fish available - but now no almond slices as pictured.  Not one.  Poor packaging - should be vaccum packed.",
      "helpfulness": "2"
    },
    {
      "date": "May 6, 2007",
      "title": "transfat alert",
      "score": "3.0 out of 5 stars",
      "text": "When I purchased the product there was no nutritional information.  There was none at the Omaha Steak web site either.  I bought it expecting fish to be a healthy product.  I requested the company to send out nutritional information after my purchase.  It has 8g of transfat.  The sole almondine tastes fine but I would not purchase it again because of the transfat.  I baked it in a drip pan to remove as much of the fat as possible.",
      "helpfulness": "8"
    },
    {
      "date": "August 16, 2014",
      "title": "Dont try this fish!",
      "score": "1.0 out of 5 stars",
      "text": "Awful fish! It looks and tastes just like frozen fish stix! It takes forever to bake, which is usually not a good way...fish should be lightly coated with bread crumbs or beer batter and fried in oil till crispy.",
      "helpfulness": "3"
    }
  ]
}