{
  "product_title": "Wellness Complete Health Natural Wet Canned Puppy Food, Puppy Chicken & Salmon 12.5-Ounce Can (Pack of 12)",
  "byline_info": "Visit the Wellness Store",
  "product_description": "Wellness Complete Health Pate recipes are packed with protein and vegetables. They are designed for optimal development and contain all of the vitamins, minerals and antioxidants your puppy needs to thrive.",
  "category": [
    "Pet Supplies",
    "Dogs",
    "Food",
    "Wet",
    "Canned"
  ],
  "alt_images": [
    "https://m.media-amazon.com/images/I/41qzIpJbtXL.jpg",
    "https://m.media-amazon.com/images/I/51prvNz1KjL.jpg",
    "https://m.media-amazon.com/images/I/51ynNx9kL-L.jpg",
    "https://m.media-amazon.com/images/I/51MvZknKExL.jpg",
    "https://m.media-amazon.com/images/I/51sACKXnY+L.jpg",
    "https://m.media-amazon.com/images/I/51X1x2XSzTL.jpg",
    "https://m.media-amazon.com/images/I/51KWl6CkXAL.jpg"
  ],
  "product_detail": {
    "Is Discontinued By Manufacturer": "No",
    "Product Dimensions": "12 x 9 x 4.25 inches; 9.38 Pounds",
    "Manufacturer recommended age": "1 month and up",
    "Item model number": "8872",
    "Department": "dog-wet-food",
    "Date First Available": "September 30, 2004",
    "Manufacturer": "Wellness Pet LLC",
    "ASIN": "B000261O02",
    "Best Sellers Rank": "#2,425 in Pet Supplies (See Top 100 in Pet Supplies) #60 in Canned Dog Food",
    "#60 in Canned Dog Food": "",
    "Customer Reviews": "4.5 4.5 out of 5 stars 4,915 ratings"
  },
  "important_information": {},
  "rating": {
    "score": "4.5 out of 5",
    "dist": {
      "5 star": "75%",
      "4 star": "12%",
      "3 star": "6%",
      "2 star": "2%",
      "1 star": "5%"
    }
  },
  "top_comments": [
    {
      "date": "November 15, 2024",
      "title": "Tail-Wagging Thank You for the Best Meal Ever",
      "score": "5.0 out of 5 stars",
      "text": "From my dog:Dear Human,I’ve been meaning to write you a little note to thank you for introducing me to the Wellness Complete Health Natural Wet Canned Dog Food with Duck & Sweet Potato. I just have to tell you, this stuff is amazing! Every time you open the can, the smell fills the room, and I get so excited I can hardly wait for you to put it in my bowl. It’s like you’re spoiling me with a gourmet meal every time!The duck is so tasty and tender, and the sweet potato adds a perfect touch of sweetness. Honestly, it’s so good that I can’t help but gobble it up in record time. I even give you extra tail wags to show how much I love it.What I love even more is that this food is healthy for me. It’s packed with high-quality ingredients that help me stay strong and active, and I’ve noticed that I feel extra energized and ready to play after each meal. My coat looks shinier, and my tummy is happy too, so I think it’s doing wonders for me!So, thank you for choosing this fantastic food for me. You’ve totally earned my best doggy kisses and snuggles for making me feel so spoiled and loved. Keep feeding me this, and I’ll keep giving you all the love and loyalty in return!Tail wags and belly rubs,Your very grateful and happy dog 🐾",
      "helpfulness": "3"
    },
    {
      "date": "October 19, 2012",
      "title": "Cleared my Dogs Eyes Right Up! No more RX's for Her!",
      "score": "5.0 out of 5 stars",
      "text": "My dog loves this....and so do we!  Miki has been having problems for over a year with the skin just outside of her tear ducts getting red, then raw...poor thing.  Each time I'd take her to the vet, (2 different vets just to see), they  both prescribed the same eye drop medicine ($27.00) for a tiny bottle.  But, it never cleared up entirely, and the minute I'd stop with the drops, after weeks of applying 2-3 x's a day, it would come right back. Looking at her made me feel terrible.Then, I started thinking about maybe it was something she is eating, even though I've been feeding her Ceasar for a couple years and thought it to be a \"good\" dog food.  But after researching what was in Wellness dog food compared to the store bought stuff, I couldn't believe I was feeding her that stuff!So, after doing the math, a 3oz tub of Ceasar vs the 12 1/2 oz can of Wellness, I could get 3 bigger servings (4.1 oz each) out of a can of Wellness...for the same, or better price, and it was way healthier for her!Our Miki looks so pretty again (Papillon) and seems she has a whole lot more energy too! I figure it must be the change in diet that helped clear up her eyes but wasn't sure because we moved at the same time (same town) and I thought it might have been some plants/allergies she was getting into in the back yard.  But....I let myself run out of Wellness (not on purpose!) and had to feed her something else, so I went with the Ceasar and ordered her some more Wellness.  By the time I placed and received my order, (not much more than a week), the skin below her eyes had already broken out again! Ummmm...CONFIRMATION! And guess what?  Within 2 weeks after our Wellness shipment arrived, and she was back eating her favorite dog food, Miki's tear duct area was dried up, rawness gone, and hair was growing back!I don't even remember how I stumbled across this dog food, and who would have ever thought I'd be ordering dog food from Amazon, but with the great price, and free super saver shipping, like I said earlier, it's the same price as that store bought \"stuff\", but she gets more than an ounce more per serving and look at the ingredients...it's real chicken, and sweet potatoes! (A lot of other good for her stuff!)I'm sold on Wellness (so is Miki~she loves it!) I had just come back online to re-order some more Wellness Chicken and Sweet Potato food, when I thought that I should take a moment to RAVE about this great stuff.So I did!",
      "helpfulness": "18"
    },
    {
      "date": "January 20, 2025",
      "title": "My Dog Loves it!",
      "score": "5.0 out of 5 stars",
      "text": "My corgi loves this stuff! I got this to mix with his kibble, and he can’t get enough of it. He cleans his bowl every time. The chunks are a great size, and it smells pretty good too (for dog food!).I love that it’s grain-free and made with quality ingredients, which is a big plus for us. If you want to jazz up your dog’s meals or have a picky eater, this is definitely worth trying!",
      "helpfulness": "0"
    },
    {
      "date": "January 13, 2014",
      "title": "The food is top notch.  The cans arrive damaged in most cases",
      "score": "4.0 out of 5 stars",
      "text": "The Product:I've searched for quite some time for a pet food for puppies that was nutritionally balanced, without containing lots of fillers and extra content just to create volume.  Wellness Puppy is a 5 star food on all fronts.  I've never had any issues with this product and my dogs both love it.  This product is manufactured in the United States.  The west coast based facility tends to make the food a bit dryer than the east coast based facility.  Both smell the exact same.  You will see a \"gelatin\" type substance in the can when you open it.  Typically it's along the sides of the food.  The substance is not \"fat\".  It's very much like any food (think of canned soups like Chili) that separate after being on a shelf for a bit.  Simply stick a fork in the can and stir it back up.  It's just fine.  For specific details on contents and health aspects, do a quick google search.  I highly recommend this product to people with puppies.The Packaging & ShippingI order this by the case from Amazon and will try one final time before I discontinue.  I love amazon, but the cans I receive are always damaged.  The food (case wise) comes sealed with plastic wrap and clearly labeled with a lot number and expiration dates which is wonderful.  However, the last 2 shipments I've received have had 5 and 8 damaged cans respectively.  Now I understand that their will be a dent or two now and again and I'm completely fine with that.  I'm referring to damage that's so significant to the can that you don't know if the can is punctured or not, so you're hesitant to feed it to your pets.  There is seemingly no quality control on the amazon side pertaining to the handling and shipping of this product.  My hope is that they get it worked out because it's cheaper to buy at amazon with the free shipping, but it's far more expensive when you have to throw away 5 or more cans per case due to damage.If you're interested in trying this food, stop by a pet store and pick up a can or two.  Expect to pay between $2.50 and $3.00 per can.  Your pets will love it.  It costs a bit more because of the high quality ingredients used in the manufacture.  My puppies (small breeds) have been getting it since they were 11 weeks old.  They're healthy, happy, great coats and clean teeth.  I couldn't be happier with the product.",
      "helpfulness": "11"
    }
  ]
}