{
  "product_title": "Betty Crocker Muffin Mix Blueberry, 18.2500-Ounce Boxes (Pack of 12)",
  "byline_info": "Visit the Betty Crocker Store",
  "product_description": "Betty Crocker Muffin Mix Blueberry helps you make moist delicious home baked muffins.",
  "category": [
    "Grocery & Gourmet Food",
    "Pantry Staples",
    "Cooking & Baking",
    "Baking Mixes",
    "Muffins & Quickbreads"
  ],
  "alt_images": [
    "https://m.media-amazon.com/images/I/51R0KWKnb7L.jpg",
    "https://m.media-amazon.com/images/I/4183lwX4rZL.jpg",
    "https://m.media-amazon.com/images/I/51iUQ0nalKL.jpg",
    "https://m.media-amazon.com/images/I/41QfEbdSKhL.jpg"
  ],
  "product_detail": {
    "Package Dimensions": "11.8 x 9.6 x 7.9 inches; 16.5 Pounds",
    "UPC": "016000428706",
    "Manufacturer": "Betty Crocker Baking",
    "ASIN": "B000EMQG0W",
    "Units": "202.8 Ounce",
    "Customer Reviews": "4.1 4.1 out of 5 stars 17 ratings"
  },
  "important_information": {
    "Safety Information": "Contains wheat and milk ingredients.Contains wheat and milk ingredients.",
    "Ingredients": "Enriched Flour Bleached (Wheat Flour, Niacin, Iron, Thiamin Mononitrate, Riboflavin, Folic Acid), Sugar, Blueberries Canned In Light Syrup (Blueberries, Water, High Fructose Corn Syrup, Partially Hydrogenated Soybean and/or Cottonseed Oil, Modified Corn Starch, Vital Wheat Gluten, Baking Soda, Sodium Aluminum Phosphate, Salt, Propylene Glycol Monoesters of Fatty Acids, Mono and Diglycerides, Corn Starch, Maltodextrin, Sodium Stearoyl Lactylate, Citric Acid, Cellulose Gum, Xanthan Gum, Artificial Flavor, Modified Cream.Enriched Flour Bleached (Wheat Flour, Niacin, Iron, Thiamin Mononitrate, Riboflavin, Folic Acid), Sugar, Blueberries Canned In Light Syrup (Blueberries, Water, High Fructose Corn Syrup, Partially Hydrogenated Soybean and/or Cottonseed Oil, Modified Corn Starch, Vital Wheat Gluten, Baking Soda, Sodium Aluminum Phosphate, Salt, Propylene Glycol Monoesters of Fatty Acids, Mono and Diglycerides, Corn Starch, Maltodextrin, Sodium Stearoyl Lactylate, Citric Acid, Cellulose Gum, Xanthan Gum, Artificial Flavor, Modified Cream.",
    "Directions": "You will need: 3/4 Cup milk, 1/4 cup vegetable oil, 2 eggs. 1. Heat oven to 425 degrees F (or 400 degrees F for dark or nonstick pan). Place paper baking cups in 12 regular-size muffin cups, or grease (or use cooking spray) bottoms of muffin cups. 2. Drain blueberries; rinse and set aside. Stir muffin mix, milk, oil and eggs in medium bowl just until blended (batter may be lumpy). Gently stir in blueberries. 3. Divide batter among muffin cups (each about 2/3 full). Bake 16 to 21 minutes or until golden brown and tops spring back when touched. Cool 5 minutes (if you did not use paper baking cups, run knife around edges of cups before removing); carefully remove from pan. Cool completely before storing. High Altitude (3500-6500 ft): If using dark or nonstick pan without using paper baking cups, spray pan with cooking spray for best results. Stir 1 tbsp into dry muffin mix.You will need: 3/4 Cup milk, 1/4 cup vegetable oil, 2 eggs. 1. Heat oven to 425 degrees F (or 400 degrees F for dark or nonstick pan). Place paper baking cups in 12 regular-size muffin cups, or grease (or use cooking spray) bottoms of muffin cups. 2. Drain blueberries; rinse and set aside. Stir muffin mix, milk, oil and eggs in medium bowl just until blended (batter may be lumpy). Gently stir in blueberries. 3. Divide batter among muffin cups (each about 2/3 full). Bake 16 to 21 minutes or until golden brown and tops spring back when touched. Cool 5 minutes (if you did not use paper baking cups, run knife around edges of cups before removing); carefully remove from pan. Cool completely before storing. High Altitude (3500-6500 ft): If using dark or nonstick pan without using paper baking cups, spray pan with cooking spray for best results. Stir 1 tbsp into dry muffin mix.",
    "Legal Disclaimer": "Statements regarding dietary supplements have not been evaluated by the FDA and are not intended to diagnose, treat, cure, or prevent any disease or health condition.Statements regarding dietary supplements have not been evaluated by the FDA and are not intended to diagnose, treat, cure, or prevent any disease or health condition."
  },
  "rating": {
    "score": "4.1 out of 5",
    "dist": {
      "5 star": "53%",
      "4 star": "26%",
      "3 star": "11%",
      "2 star": "0%",
      "1 star": "10%"
    }
  },
  "top_comments": [
    {
      "date": "December 24, 2010",
      "title": "NOT only a Muffin Mix - also - WAFFLES like donut cakes",
      "score": "5.0 out of 5 stars",
      "text": "UPDATED-8-31-after 8 batches in waffle maker - see reviews and pix underProctor-Silex 26500Y Durable Belgian Waffle BakerAnd have now made this: Betty Crocker Supermoist Cake Mix, Triple Chocolate Fudge, 18.4-Ounce Boxes (Pack of 12)Makes seven [28 pcs] - Freeze well - as waffles using soda - adds cal but light and fluffy cake texture - NO HOT OVEN for us - Do divide before removeing from baker. Perfect serving pcs. Going to try as Ice cream sandwiches next.*********************************************Quick [Batter] Breads and pancakes and 6 Jumbo Muffins /Cooking Directions for Batter Bread/Quick bread not on pckg - will get from Betty Crocker and enter here.Mixed Batter by hand - used BAKE cycle on Bread machine.  set for 55-60 minutes -Notes on pix - Easily 10 slicesAs expected an excellent Betty Crocker product.",
      "helpfulness": "One"
    },
    {
      "date": "March 10, 2014",
      "title": "The older 18.25 Oz box was much better! It has been changed now!",
      "score": "3.0 out of 5 stars",
      "text": "Betty Crocker, Shame on you! Stop messing with a good thing & bring back that older recipe!I grew up eating this brand of Blueberry Muffin Mix! I was so happy to be able to get cases of it here on Amazon! I would gladly give the older recipe in the 18.25 oz. boxes 5+ stars! But...not the newer 16.9 oz version that you'll get now!I guess I was just lucky to have gotten one of the very last cases of that wonderful older recipe with the boxes that were 18.25 oz.Now it has been changed, both in the oz. per box & mostly the quality & taste. this is NOT a good thing!!!Besides the fact that you used to be able to make a dozen small muffins out of that older 18.25 oz box, it also tasted so much better! Now you're lucky just to get 10 small muffins & the mix tastes...what can I say...FLAT!I'd keep buying this by the case every month, if only Betty Crocker would just go back to that better, tastier, older recipe!",
      "helpfulness": "6"
    },
    {
      "date": "January 6, 2013",
      "title": "Like the old ones!",
      "score": "5.0 out of 5 stars",
      "text": "When I was a kid we had these very often and I loved them. Later I would get them at the grocery store but the only thing I could find was the type with fake blueberries in them. They are junk! These are fantastic just like the ones we used to have years ago that I cannot find in the store. Recommend very much.",
      "helpfulness": "2"
    },
    {
      "date": "September 1, 2013",
      "title": "Watch out they changed the recipe",
      "score": "1.0 out of 5 stars",
      "text": "Gross.  My kids and I LOVED these muffins.  Easy and quick to make.  However for some unknown reason Betty Crocker decided to sub water for milk.  I will not waste my money on this product ever again.  Disgusting.  They ruined a good thing.",
      "helpfulness": "6"
    },
    {
      "date": "November 13, 2006",
      "title": "Amazon needs to work on quantities shipped",
      "score": "3.0 out of 5 stars",
      "text": "Ordered pack of 12.  Got 1.  Amazon did fix issue after 10 minute phone call.",
      "helpfulness": "One"
    },
    {
      "date": "January 26, 2014",
      "title": "Betty Crocker Muffin Mix Blueberry, 16.9-Ounce Boxes (Pack of 12)",
      "score": "5.0 out of 5 stars",
      "text": "Sometimes I think buying 12 at once is a bit too much.  That said, when you live overseas and rely on the DPO to get foods you enjoy, sometimes you just need to buy a dozen and eat them a little more often than you should.  This product is enjoyed by the whole family.",
      "helpfulness": "One"
    },
    {
      "date": "September 5, 2011",
      "title": "Betty Crocker Wild Blueberry Mix",
      "score": "5.0 out of 5 stars",
      "text": "I cannot say enough good things about this product.  I do enhance it a little by adding about one half cup of wild blueberrys to each box (mix).  My wife and I give boxes of it to our family and friends.Betty Crocker Muffin Mix, Wild Blueberry, 18.25-Ounce Boxes (Pack of 12)",
      "helpfulness": "2"
    },
    {
      "date": "April 30, 2009",
      "title": "Betty Crocker Wild Blueberry Muffin Mix",
      "score": "5.0 out of 5 stars",
      "text": "This is a delicious product!  Rather than use it as muffins, or for breakfast, I increase its \"healthiness\" & serve it as cake.  Substitute applesauce for the oil, and bake in a rectangular cake pan.  Top with Dream Whip (prepare yourself, using powdered milk)or Cool Whip.  (This isn't sufficiently elegant for a dinner party, but it tastes alot better than most cakes)!",
      "helpfulness": "2"
    }
  ]
}