{
  "product_title": "Guiltless Gourmet Tortilla Chips, Unsalted Yellow Corn, 7 Ounce (Pack of 12)",
  "byline_info": "Brand: Guiltless Gourmet",
  "product_description": "Baked not fried. Sinfully delicious. Low fat. Made with certified organic corn. Why are so many people happy to get the blues? We reckon that it has something to do with the whole grain, Organic blue corn that we've given the guiltless treatment. These chips are sweeping the nation with all the force of a blue norther. Give 'em a try and find out why. A chip this good only comes around once in a blue moon. Are Guiltless Gourmet Chips really guiltless? Sure are! Guiltless Gourmet Tortilla Chips are all natural and are made without artificial ingredients, preservatives and fat substitutes. Our chips are cholesterol-free and chock-full of complex carbohydrates your body needs, with only 2 grams of fat per serving. Who said snacking had to be a guilty pleasure to taste this sinful? How can these chips be both Guiltless and Gourmet? While these two notions may seem contrary, as any good cook knows, good food tastes good. Since we use only the finest in organic and all natural ingredients, we make only great tasting, top quality products. Delicious, stone ground organic corn, expeller pressed oils and superlative seasonings are hallmarks of Guiltless Gourmet Tortilla Chips. And since you are what you eat, wouldn't you rather be Guiltless? Certified organic by QAI. This product is consistent with the American Heart Association's dietary guidelines for healthy American adults, when used as part of an overall healthy diet.",
  "category": [
    "Grocery & Gourmet Food",
    "Snacks & Sweets",
    "Snack Foods",
    "Chips & Crisps",
    "Tortilla"
  ],
  "alt_images": [
    "https://m.media-amazon.com/images/I/51PHLiHNHDL.jpg"
  ],
  "product_detail": {
    "Package Dimensions": "19 x 13.1 x 12 inches; 5.29 Pounds",
    "UPC": "000901000024",
    "Manufacturer": "Guiltless Gourmet",
    "ASIN": "B000GZW58E",
    "Units": "84.0 Ounce",
    "Customer Reviews": "3.8 3.8 out of 5 stars 25 ratings"
  },
  "important_information": {
    "Ingredients": "Stone Ground Organic Yellow Corn, Lime.Stone Ground Organic Yellow Corn, Lime.",
    "Legal Disclaimer": "Statements regarding dietary supplements have not been evaluated by the FDA and are not intended to diagnose, treat, cure, or prevent any disease or health condition.Statements regarding dietary supplements have not been evaluated by the FDA and are not intended to diagnose, treat, cure, or prevent any disease or health condition."
  },
  "rating": {
    "score": "3.8 out of 5",
    "dist": {
      "5 star": "49%",
      "4 star": "13%",
      "3 star": "25%",
      "2 star": "0%",
      "1 star": "13%"
    }
  },
  "top_comments": [
    {
      "date": "April 30, 2016",
      "title": "I love these!",
      "score": "5.0 out of 5 stars",
      "text": "I love these!!!  Even my kids eat them.  With some spicy salsa, my family doesn't miss the salt.  Gotta love how healthy they are!!",
      "helpfulness": "0"
    },
    {
      "date": "March 22, 2009",
      "title": "Great item; couple issues were courteously corrected by Nutricity & Amazon",
      "score": "3.0 out of 5 stars",
      "text": "Absolutely LOVE this product!  A few glitches with the order (some delay and problem with the age of the product).  Amazon & Nuturicity made every effort to address & correct the problems.  I will give this seller another try in the future, due to their good customer service & the great experience documented by other buyers.",
      "helpfulness": "One"
    },
    {
      "date": "September 23, 2009",
      "title": "Sadly, these are no longer oil-free...",
      "score": "4.0 out of 5 stars",
      "text": "Unfortunately for us \"Engine 2 Diet\" fans, the ingredients list has changed on these chips as of September 2009, and they now contain expeller pressed (canola, safflower or sunflower) oil. I hope to save someone else the mistake I just made in buying a pack of 12.Fortunately I don't have pre-existing heart disease that I know of, but if you're strictly following Dr. Caldwell Esselstyn's program in \"Prevent and Reverse Heart Disease: The Revolutionary, Scientifically Proven, Nutrition-Based Cure\", DON'T buy these chips, they're not what they used to be (which was just organic yellow corn and lime).",
      "helpfulness": "75"
    },
    {
      "date": "September 2, 2012",
      "title": "damaged goods",
      "score": "1.0 out of 5 stars",
      "text": "the shipment must have had a very rough ride to my house as when it arrived every one of the bags were shaking down into a little ball . and the first 2 bags that I opened about 2 thirds of the chips were shattered . I communicated this to the vendor and they offered to credit 2 thirds of 2 bags.  I've been explained it was every bag in the shipment past 12 bags and they refused credit 2 thirds of 12 bags . I simply wanted a replacement of all 10 remaining bags and they said that they can only make a credit of the 2 bags . I am very dissatisfied .",
      "helpfulness": "6"
    },
    {
      "date": "March 2, 2013",
      "title": "Finally, A Product Off The Shelf I Can Buy",
      "score": "5.0 out of 5 stars",
      "text": "I try to only eat organic foods but never corn because so much of it is now GMO and you just have to try and avoid that.  I am on a strict -SOS (no added salt, oil, sugar) eating program so there are few foods I can buy off the shelf.  This product has just a speck of added oil & salt and they are listed as the last ingredients; however, despite that the amount is so small the calories from fat and sodium are still the same as the corn.These taste great.  There is one problem.  Since I like to put these on my daily salads I really need this product on Subscribe and Save and it isn't available.  Given that, it is only close to everything I wanted.",
      "helpfulness": "One"
    },
    {
      "date": "February 5, 2013",
      "title": "Great for the dieter that must have their chips.",
      "score": "3.0 out of 5 stars",
      "text": "My only complaint is that I wish they did not break so easy.  I eat a lot of beans and rice, with salsa and they break a little too easy, other than that, exactly what I thought they would be, a not so bad for you chip.",
      "helpfulness": "One"
    },
    {
      "date": "January 18, 2015",
      "title": "Healthy Chips",
      "score": "4.0 out of 5 stars",
      "text": "Great deal for a case! Can't find these chips at a regular grocery store and these are the healthiest since they don't use any oils.",
      "helpfulness": "0"
    },
    {
      "date": "July 17, 2014",
      "title": "Unacceptable marketing policy",
      "score": "1.0 out of 5 stars",
      "text": "Despite disclaimers, it is completely unacceptable to list the ingredients of a product and then sell that product with a different ingredients set.  If the company has changed their recipe, then change the darned ad.  Yes?",
      "helpfulness": "11"
    }
  ]
}