{
  "product_title": "Mighty Leaf Tea Company - Mountain Spring Jasmine, 15 tea bags - 1.32 oz",
  "byline_info": "Visit the Mighty Leaf Store",
  "product_description": "Our Organic Spring Jasmine is made of smooth China green tea leaves skillfully scented by layers of pure, sweet jasmine blossoms with an intoxicating aroma and a rounded cup, Organic Spring Jasmine is the go-to afternoon green tea for our Tea Master, Eliot.",
  "category": [
    "Grocery & Gourmet Food",
    "Beverages",
    "Tea",
    "Fruit & Herbal Tea",
    "Herbal"
  ],
  "alt_images": [
    "https://m.media-amazon.com/images/I/41Y8HHnWeJL.jpg",
    "https://m.media-amazon.com/images/I/415OGdtOFNL.jpg",
    "https://m.media-amazon.com/images/I/41bhKwugZqL.jpg",
    "https://m.media-amazon.com/images/I/41ETzqv6TgL.jpg",
    "https://m.media-amazon.com/images/I/41ILRynVKtL.jpg"
  ],
  "product_detail": {
    "Is Discontinued By Manufacturer": "Yes",
    "Product Dimensions": "2 x 2 x 2 inches; 1.32 ounces",
    "Item model number": "30016 - BX",
    "Department": "men, women, unisex-adult",
    "UPC": "798527504636 640206714747 656252300162",
    "Manufacturer": "Mighty Leaf",
    "ASIN": "B0011UBCYQ",
    "Units": "15 Count",
    "Best Sellers Rank": "#50,060 in Grocery & Gourmet Food (See Top 100 in Grocery & Gourmet Food) #1,866 in Herbal Tea",
    "#1,866 in Herbal Tea": "",
    "Customer Reviews": "4.5 4.5 out of 5 stars 165 ratings"
  },
  "important_information": {
    "Safety Information": "This product is labelled to United States standards and may differ from similar products sold elsewhere in its ingredients, labeling and allergen warningsThis product is labelled to United States standards and may differ from similar products sold elsewhere in its ingredients, labeling and allergen warnings",
    "Ingredients": "Organic green tea, and jasmine flowers.Organic green tea, and jasmine flowers.",
    "Directions": "Mountain Spring Jasmine makes an excellent addition when served with savory or spicy meals. Pairs well with Chinese Dim Sum foods such as potstickers and dumplings. A delicious self-drinking tea that will delight anytime of day. It is also a delicate tea that when drunk will promote serenity and reflection.Mountain Spring Jasmine makes an excellent addition when served with savory or spicy meals. Pairs well with Chinese Dim Sum foods such as potstickers and dumplings. A delicious self-drinking tea that will delight anytime of day. It is also a delicate tea that when drunk will promote serenity and reflection.",
    "Legal Disclaimer": "Statements regarding dietary supplements have not been evaluated by the FDA and are not intended to diagnose, treat, cure, or prevent any disease or health condition.Statements regarding dietary supplements have not been evaluated by the FDA and are not intended to diagnose, treat, cure, or prevent any disease or health condition."
  },
  "rating": {
    "score": "4.5 out of 5",
    "dist": {
      "5 star": "77%",
      "4 star": "7%",
      "3 star": "11%",
      "2 star": "1%",
      "1 star": "4%"
    }
  },
  "top_comments": [
    {
      "date": "April 10, 2025",
      "title": "Taste is awesome",
      "score": "5.0 out of 5 stars",
      "text": "Mighty Leaft teas are so smooth and delicious. Whenever I make a pot of Jasmine tea in the late afternoon, I feel so relaxed and the taste is awesome.",
      "helpfulness": "0"
    },
    {
      "date": "April 28, 2024",
      "title": "Taste the jasmine in every sip! Great tea!",
      "score": "5.0 out of 5 stars",
      "text": "Mighty leaf has done it again! A wonderful tasting tea with notes of jasmine in every sip. Great quality product and packaging:)",
      "helpfulness": "0"
    },
    {
      "date": "May 6, 2023",
      "title": "Tea is Great but Amazon? Not so much!",
      "score": "5.0 out of 5 stars",
      "text": "This is a fantastic tea. I love the light floral taste and smell. Highly recommend it. But SERIOUSLY AMAZON??!! Is it possible to be delivered a tea package that ISN’T crushed and opened? This has happened so many times. Ship little thin cardboard boxes in a BOX instead of a paper or plastic bag PLEASE.",
      "helpfulness": "4"
    },
    {
      "date": "April 6, 2024",
      "title": "Tea is good but the box was broken",
      "score": "3.0 out of 5 stars",
      "text": "If it wasn't individually wrap, I wouldn't use it because the box was opened when arrived.",
      "helpfulness": "0"
    },
    {
      "date": "February 17, 2025",
      "title": "Love",
      "score": "5.0 out of 5 stars",
      "text": "Been buying for quite sometime,  love the Jasmine tea bags",
      "helpfulness": "0"
    },
    {
      "date": "November 11, 2024",
      "title": "Amazing",
      "score": "5.0 out of 5 stars",
      "text": "I like the fragrance and packaging. Definitely will buy again.",
      "helpfulness": "0"
    },
    {
      "date": "November 19, 2024",
      "title": "Love this tes",
      "score": "5.0 out of 5 stars",
      "text": "This is my most favorite tea so I shared it as a gift.",
      "helpfulness": "0"
    },
    {
      "date": "March 30, 2016",
      "title": "Ok flowery tea; 2nd to discontinued Peets Fancy Jadmine.",
      "score": "4.0 out of 5 stars",
      "text": "Not as good as Peets Fancy Jasmine. What happened to that products?  Still, Mighty Leaf comes in second if you like the flowery teas, which I  do .",
      "helpfulness": "0"
    }
  ]
}