{
  "product_title": "Enjoy Li Hing Mui Powder 2 Pack - 2 Oz Bags",
  "byline_info": "Visit the Enjoy Store",
  "product_description": "As of late 2021, the manufacturer adds less red and yellow food coloring to this product. This does not change the flavor, only appearance. Product now appears dark brown in color (reflecting the natural color of the plums it is made from) instead of red.",
  "category": [
    "Grocery & Gourmet Food",
    "Pantry Staples",
    "Cooking & Baking",
    "Flavoring Powders"
  ],
  "alt_images": [
    "https://m.media-amazon.com/images/I/511TZFe8xoL.jpg",
    "https://m.media-amazon.com/images/I/513q6rN2HKL.jpg"
  ],
  "product_detail": {
    "Is Discontinued By Manufacturer": "No",
    "Product Dimensions": "5 x 1 x 6 inches; 1.6 ounces",
    "Manufacturer": "Enjoy",
    "ASIN": "B0009XBQE2",
    "Units": "4 Ounce",
    "Best Sellers Rank": "#128,736 in Grocery & Gourmet Food (See Top 100 in Grocery & Gourmet Food) #481 in Flavoring Powders",
    "#481 in Flavoring Powders": "",
    "Customer Reviews": "4.0 4.0 out of 5 stars 642 ratings"
  },
  "important_information": {
    "Legal Disclaimer": "Statements regarding dietary supplements have not been evaluated by the FDA and are not intended to diagnose, treat, cure, or prevent any disease or health condition.Statements regarding dietary supplements have not been evaluated by the FDA and are not intended to diagnose, treat, cure, or prevent any disease or health condition."
  },
  "rating": {
    "score": "4 out of 5",
    "dist": {
      "5 star": "63%",
      "4 star": "8%",
      "3 star": "10%",
      "2 star": "4%",
      "1 star": "15%"
    }
  },
  "top_comments": [
    {
      "date": "August 14, 2017",
      "title": "... first I wasn't sure if I was going to like it because of a similar after taste to diet ...",
      "score": "5.0 out of 5 stars",
      "text": "At first I wasn't sure if I was going to like it because of a similar after taste to diet Pepsi, but after the second time eating it I didn't taste it anymore. Pairs very well with strawberry fruit bars (popsicles). Almost all gone, hasn't even been a full month.  Comes with a grand total of 4 ounces.  Which is more than it sounds like if you've never bought it before.  In other words it's very POTENT.",
      "helpfulness": "One"
    },
    {
      "date": "May 26, 2013",
      "title": "Pretty good stuff",
      "score": "5.0 out of 5 stars",
      "text": "I had never heard of this product before I read about it in a recipe.  I really enjoyed the unique taste and think it could become addicting.  It's primarily a plum extract flavor.  The one problem I had with it had nothing to do with anything the vendor or manufacturer did.  My teenaged Boxer pup (who seems to enjoy fruity products) managed to get one package of two, chew it open and spread it generously around my house, dyeing my sheets and his nose red.  If you buy this, protect it. When the remaining package is used up, I will purchase again.",
      "helpfulness": "One"
    },
    {
      "date": "June 22, 2021",
      "title": "It's brown and tastes off. Even though expiration date says good.",
      "score": "1.0 out of 5 stars",
      "text": "This is either extremely expired and redated or not what it is supposed to be. The brand is one I've enjoyed before, which is making me think it's the seller. I'm actually now nervous what I tried. Looks like brown gravy mix and tastes like powdered sugar and soap. I don't understand why they don't have a return policy. I gave it a shot since I couldn't return hoping it was just oxidized or something but both packets are this brown. Amazon I would definitely consider looking into this product and seller.",
      "helpfulness": "5"
    },
    {
      "date": "August 20, 2013",
      "title": "MMMMMMMMMMMMMMMM",
      "score": "5.0 out of 5 stars",
      "text": "This is a very dangerous product. :-)  Once you start putting it on fresh fruit you wont stop using it. Sweet & Salty with that wonderful plum taste!  I transfer it into a small jar to make it easier to use and prevent me from pouring the entire bag over whatever I am eating. I love it on Watermelon and Mango but still exploring it on other fruits. You can find smaller amounts on Amazon and from this company and it's not expensive. As an old ad once said..\"Try it, you'll like it\"",
      "helpfulness": "0"
    },
    {
      "date": "October 18, 2020",
      "title": "Terrible!",
      "score": "3.0 out of 5 stars",
      "text": "I remember using this on white rice as a child and loving it. It's awful..  It doesn't taste like li hing mui at all, it taste like playdough. Furthermore I think it contains ground up seeds.. There are really hard little flecks in it that make it very gritty. It's possible you could make a sauce with this if you filter it, it taste alright on fruit.. But not what I remember it being as a child.",
      "helpfulness": "One"
    },
    {
      "date": "February 15, 2022",
      "title": "Delicious",
      "score": "5.0 out of 5 stars",
      "text": "In Hawaii this powder is used for flavoring many snack foods. Great on dried fruit. Used mine on dried cranberries and popcorn. So happy to be able to order it whenever I run out.",
      "helpfulness": "0"
    },
    {
      "date": "January 12, 2021",
      "title": "Decent flavor, albeit with noticeable aspartame taste",
      "score": "4.0 out of 5 stars",
      "text": "OK, so some of the earlier reviews will say it doesn't taste like they thought it would. That's to be expected, y'all. Every brand will have its own unique taste.Does this still taste like Li Hing Mui? Yes.Is it the best, most authentic tasting brand? Not exactly, but it does the trick.This particular formulation from Enjoy has the sweet, sour, tangy flavor profile you're looking for. My only criticism is that it does have a noticeable aspartame taste, especially the after taste.",
      "helpfulness": "3"
    },
    {
      "date": "October 16, 2018",
      "title": "I keep coming back",
      "score": "5.0 out of 5 stars",
      "text": "I love sweet/salty tastes and have been eating various brands of Li Hing Mui for 20 years. This powder is one of the best. I use it with all fruits (especially mangoes - OH MY GOD MANGOeS WITH LI HING MUI SO GOOD). I have ordered/reordered about 10 times since early last year. I probably put more powder than most on my fruit, so I go through it pretty quickly.",
      "helpfulness": "2"
    }
  ]
}