{
  "product_title": "Bob's Red Mill Gluten Free Chocolate Cake Mix, 16 ounce (Pack of 4)",
  "byline_info": "Visit the Bob's Red Mill Store",
  "product_description": "About the Brand   Bob Moore's secret to life may just be \"work hard and keep it simple.\" Living this philosophy, Bob literally puts his nose to the grindstone every day. Bob's Red Mill Natural Foods is an Oregon-based company that utilizes simple, old-world technology to mill hundreds of all-natural whole grain products. Bob's Red Mill is dedicated to the manufacturing of natural foods in the natural way. In their own words: \"With all the sophisticated knowledge of recent times, no machinery has yet been developed that grinds grains into flour quite as well as our flint-hard quartz millstones quarried in France and used by discriminating millers since early Roman times.\" \"Our well-dressed (sharpened) sets of millstones turn the highest quality wheat into a finer, better baking bread flour than all the hammer mills, steel roller mills, steel buhr mills, or pulverizers ever built! These slow turning millstones grind the bran, endosperm, and germ (containing its nutritious wheat germ oil) into flour in a cool natural way, creating a more assimilable food.\" Bob's Red Mill stone grinds all common and most uncommon grains into flours and meals on its over 100-year-old mills. They mix them into an astounding array of unique cereals, pancake and waffle mixes, machine and hand-made bread mixes, quick bread mixes, gluten-free mixes, and specialty grain products.",
  "category": [
    "Grocery & Gourmet Food",
    "Pantry Staples",
    "Cooking & Baking",
    "Baking Mixes",
    "Cakes"
  ],
  "alt_images": [
    "https://m.media-amazon.com/images/I/512tulN60JL.jpg",
    "https://m.media-amazon.com/images/I/51f7rwys1bL.jpg",
    "https://m.media-amazon.com/images/I/41xq+J-2raL.jpg",
    "https://m.media-amazon.com/images/I/41Wijh98PIL.jpg",
    "https://m.media-amazon.com/images/I/41U1eSjI7rL.jpg",
    "https://m.media-amazon.com/images/I/41B1aeFEidL.jpg"
  ],
  "product_detail": {
    "Is Discontinued By Manufacturer": "No",
    "Product Dimensions": "9.5 x 4 x 8 inches; 1 Pounds",
    "Item model number": "1616C164",
    "Manufacturer": "Bob's Red Mill",
    "ASIN": "B000ED9LSU",
    "Units": "64.0 Ounce",
    "Best Sellers Rank": "#33,842 in Grocery & Gourmet Food (See Top 100 in Grocery & Gourmet Food) #64 in Cake Mixes",
    "#64 in Cake Mixes": "",
    "Customer Reviews": "4.7 4.7 out of 5 stars 1,226 ratings"
  },
  "important_information": {
    "Ingredients": "Sugar, Gluten Free Flour Blend (Sweet White Rice Flour, Brown Rice Flour, Potato Starch, Whole Grain Sorghum Flour, Tapioca Flour, Xanthan Gum), Cocoa Powder, Baking Powder (Sodium Acid Pyrophosphate, Sodium Bicarbonate, Corn Starch, Monocalcium Phosphate), Baking Soda, Sea Salt, Natural Vanilla Powder (Sugar, Cornstarch, Vanilla Extract).Sugar, Gluten Free Flour Blend (Sweet White Rice Flour, Brown Rice Flour, Potato Starch, Whole Grain Sorghum Flour, Tapioca Flour, Xanthan Gum), Cocoa Powder, Baking Powder (Sodium Acid Pyrophosphate, Sodium Bicarbonate, Corn Starch, Monocalcium Phosphate), Baking Soda, Sea Salt, Natural Vanilla Powder (Sugar, Cornstarch, Vanilla Extract).",
    "Directions": "STEP 1) Preheat oven to 350°F. Grease and flour two 8”-round cake pan. STEP 2) Pour cake mix into a mixing bowl. Make a well in the center and pour in 2 lightly beaten eggs, 2/3 cup milk, and 1/3 cup vegetable oil. Stir until well combined. Add 2/3 cup boiling water and stir into mix. Pour batter into pans. STEP 3) Bake for 25-30 minutes, until toothpick inserted in center comes out mostly clean. Cool in pans for 10 minutes. Move to wire racks to cool completely before frosting. Makes one 8-inch layer cake.STEP 1) Preheat oven to 350°F. Grease and flour two 8”-round cake pan. STEP 2) Pour cake mix into a mixing bowl. Make a well in the center and pour in 2 lightly beaten eggs, 2/3 cup milk, and 1/3 cup vegetable oil. Stir until well combined. Add 2/3 cup boiling water and stir into mix. Pour batter into pans. STEP 3) Bake for 25-30 minutes, until toothpick inserted in center comes out mostly clean. Cool in pans for 10 minutes. Move to wire racks to cool completely before frosting. Makes one 8-inch layer cake.",
    "Legal Disclaimer": "Statements regarding dietary supplements have not been evaluated by the FDA and are not intended to diagnose, treat, cure, or prevent any disease or health condition.Statements regarding dietary supplements have not been evaluated by the FDA and are not intended to diagnose, treat, cure, or prevent any disease or health condition."
  },
  "rating": {
    "score": "4.7 out of 5",
    "dist": {
      "5 star": "85%",
      "4 star": "9%",
      "3 star": "3%",
      "2 star": "1%",
      "1 star": "2%"
    }
  },
  "top_comments": [
    {
      "date": "June 26, 2024",
      "title": "So wonderful!",
      "score": "5.0 out of 5 stars",
      "text": "Having become gluten intolerant, I thought I’d never find a chocolate cake I liked again.  WRONG1!  This is excellent quality cake. It mixes easily, cooks exactly as it should, but most of all tastes wonderful! Heck, I’d recommend this, even if I wasn’t gluten intolerant.",
      "helpfulness": "3"
    },
    {
      "date": "September 9, 2020",
      "title": "Incredibly flavorful and moist. Best gluten free cake mix (or any cake mix) I've ever had",
      "score": "5.0 out of 5 stars",
      "text": "After a diagnosis of hashimotos (a thyroid disease) I started on a gluten/ dairy free diet. Changing out flour and butter in baked products can be challenging with mixed results. We normally like to bake from scratch and are experimenting with what works but in the meantime I really wanted some good cake. The cake mix itself is gluten free and we added almond milk and earth balance dairy free butter to it. This cake was amazing and better than the normal chocolate cakes I've had! It was so full of flavor and moist and delicious! We topped it off with dairy free homemade peanut butter buttercream and I don't care if I ever manage to make another cake from scratch again. Hands down the best cake I've ever had.",
      "helpfulness": "10"
    },
    {
      "date": "April 10, 2025",
      "title": "Great Cake Mix",
      "score": "5.0 out of 5 stars",
      "text": "Always good for everyone, those who need gluten products and those that don’t.  Delicious!!!!",
      "helpfulness": "0"
    },
    {
      "date": "February 16, 2025",
      "title": "Best mix",
      "score": "5.0 out of 5 stars",
      "text": "I recently had to stop eating gluten and love cake. I trust Bob's and wanted to see what this would taste like before making my own from scratch. This cake mix tastes just like my own scratch made regular chocolate cake! It's moist, has great texture, just think of the best cake you've ever had, this mix is it! I don't have to give up great cake!!! This is my second bag and I'll be ordering more. I can't get this in my local places. I only make from scratch but this is just too perfect. It'll be my little secret lol. Nobody will EVER know it's gluten-free! I've fooled everyone! I'm hooked! And I'm not a bot, I promise!",
      "helpfulness": "One"
    },
    {
      "date": "March 31, 2025",
      "title": "Easy, Make as directed",
      "score": "5.0 out of 5 stars",
      "text": "Just follow the directions.  This mix makes anice chocolate cake",
      "helpfulness": "0"
    },
    {
      "date": "April 22, 2020",
      "title": "Gluten free cake mix",
      "score": "4.0 out of 5 stars",
      "text": "I like this cake mix. It is good and very easy to make. It has a good flavor, although it is a little dry for a yellow cake. Still, it's the best gluten-free yellow cake I have found. It is also free of rice flour, to which I am also allergic.  One issue is that one of the cake mixes wasn't sealed in the back and I'm afraid to use it. I have never had that happen before,. With this pandemic, I had already destroyed the box so I couldn't exchange it. That was annoying.  Just check to make sure all of the mixes are sealed correctly before you destroy the shipping box. This is much too expensive for one of the bags not to be completely sealed.",
      "helpfulness": "0"
    },
    {
      "date": "July 7, 2025",
      "title": "Finally! A GF cake mix that rises to the occasion!",
      "score": "5.0 out of 5 stars",
      "text": "To date, this is the best gluten-free cake mix I've used.",
      "helpfulness": "One"
    },
    {
      "date": "January 5, 2020",
      "title": "The best.",
      "score": "5.0 out of 5 stars",
      "text": "I use this cake mix to create many recipes when I do not feel like making a cake completely from scratch. I use Bob's Red MIll because of its gluten-free options for my daughter who has Celiacs Disease. This holiday, I used it to make an Upside-down Pineapple cake that was extremely delicious. No one would have ever known that it was gluten free had I not told them. The texture is just like regular cakes made with flour, and it holds up pretty well for a couple of days in the fridge.Consumers reading this review should know that I do make cakes from scratch and that I have tried many brands of gluten-free flour and cake mixes--this is the best in terms of aroma, texture, and taste. I have also used it to make a strawberry cake with fresh strawberry filling. It also works nicely as cup-cakes.My one suggestion for the baker is that you do not over bake this mix. Cook it about 10 degrees lower than the instructions say, and leave it a bit longer in as well. Add an extra egg yolk for moisture or a tablespoon of milk. Lastly, the cake is done when you can touch the top and feel a firmness below that does not leave an imprint.Good luck bakers!",
      "helpfulness": "34"
    }
  ]
}