{
  "product_title": "Pacific Chai Decaffeinated Vanilla Chai Latte Mix, 10-Ounce Canisters (Pack of 6)",
  "byline_info": "Brand: Pacific Chai",
  "product_description": "Natural and artificial flavors. Just add water. An extraordinary tea latte rich with honey, vanilla, cinnamon & ginger.",
  "category": [
    "Grocery & Gourmet Food",
    "Beverages",
    "Tea",
    "Chai"
  ],
  "alt_images": [
    "https://m.media-amazon.com/images/I/51tqzCIbzlL.jpg",
    "https://m.media-amazon.com/images/I/51CNSUcvXHL.jpg",
    "https://m.media-amazon.com/images/I/51e874QcOOL.jpg",
    "https://m.media-amazon.com/images/I/51qtjeXGkVL.jpg",
    "https://m.media-amazon.com/images/I/51xczpbKPIL.jpg",
    "https://m.media-amazon.com/images/I/51Vsaq6MFgL.jpg",
    "https://m.media-amazon.com/images/I/51GgR1yqKcL.jpg"
  ],
  "product_detail": {
    "Is Discontinued By Manufacturer": "No",
    "Package Dimensions": "10.24 x 6.65 x 6.38 inches; 0.01 ounces",
    "Item model number": "D10oz6",
    "UPC": "661524001074 661524001173",
    "Manufacturer": "Pacific Chai",
    "ASIN": "B000G17Y0C",
    "Units": "60 Ounce",
    "Best Sellers Rank": "#249,589 in Grocery & Gourmet Food (See Top 100 in Grocery & Gourmet Food) #659 in Chai Tea",
    "#659 in Chai Tea": "",
    "Customer Reviews": "4.5 4.5 out of 5 stars 227 ratings"
  },
  "important_information": {
    "Safety Information": "Contains: Milk.Contains: Milk.",
    "Ingredients": "Sugar, Nondairy Creamer (Coconut Oil, Corn Syrup Solids, Sodium Caseinate [A Milk Derivative], Dipotassium Phosphate, Sugar, Mono and Diglycerides, Silicon Dioxide, Tetrasodium Pyrophosphate, Soy Lecithin), Nonfat Dry Milk, Sweet Whey, Decaf Black Tea, Natural & Artificial Flavors, Spice Blend (Cinnamon, Anise, Cloves, Ginger), Vanilla Extract, Honey.Sugar, Nondairy Creamer (Coconut Oil, Corn Syrup Solids, Sodium Caseinate [A Milk Derivative], Dipotassium Phosphate, Sugar, Mono and Diglycerides, Silicon Dioxide, Tetrasodium Pyrophosphate, Soy Lecithin), Nonfat Dry Milk, Sweet Whey, Decaf Black Tea, Natural & Artificial Flavors, Spice Blend (Cinnamon, Anise, Cloves, Ginger), Vanilla Extract, Honey.",
    "Directions": "To Prepare Hot: combine 2 tbsp of Pacific Chai Latte mix with 6 to 8 oz of hot water. To Steam: combine 2 tbsp of Pacific Chai Latte mix with 7 oz of cold water. Inject 1 oz of steam until hot and frothy (155 degrees F). To Prepare Iced: combine 2 tbsp of Pacific Chai Latte mix with 4 oz of hot water. Stir to dissolve. Add 4 oz of cold water and serve over ice. To Prepare Frozen: In blender, combine 6 tbsp of Pacific Chai Latte mix with 4 oz of water and 2 cups of ice. Blend until smooth.To Prepare Hot: combine 2 tbsp of Pacific Chai Latte mix with 6 to 8 oz of hot water. To Steam: combine 2 tbsp of Pacific Chai Latte mix with 7 oz of cold water. Inject 1 oz of steam until hot and frothy (155 degrees F). To Prepare Iced: combine 2 tbsp of Pacific Chai Latte mix with 4 oz of hot water. Stir to dissolve. Add 4 oz of cold water and serve over ice. To Prepare Frozen: In blender, combine 6 tbsp of Pacific Chai Latte mix with 4 oz of water and 2 cups of ice. Blend until smooth.",
    "Legal Disclaimer": "Statements regarding dietary supplements have not been evaluated by the FDA and are not intended to diagnose, treat, cure, or prevent any disease or health condition.Statements regarding dietary supplements have not been evaluated by the FDA and are not intended to diagnose, treat, cure, or prevent any disease or health condition."
  },
  "rating": {
    "score": "4.5 out of 5",
    "dist": {
      "5 star": "79%",
      "4 star": "10%",
      "3 star": "3%",
      "2 star": "2%",
      "1 star": "6%"
    }
  },
  "top_comments": [
    {
      "date": "December 4, 2011",
      "title": "Very Good!",
      "score": "5.0 out of 5 stars",
      "text": "I was introduced to this years ago by a co-worker. I don't drink coffee, and this was such a different way for tea to be made. I have been drinking it ever since, I absolutely LOVE it and will keep ordering the six pack from Amazon! I have also introduced this to other people and am so glad it does come in the six pack because they always want a can after tasting it! I almost forgot to add the BEST thing about it is it is decaffinated so you can drink it any time of the day or night! In my humble opinion the decaffinated tastes MUCH better than the caffinated!",
      "helpfulness": "0"
    },
    {
      "date": "October 8, 2023",
      "title": "Great for the price!",
      "score": "5.0 out of 5 stars",
      "text": "I use to go to Donut places to get my vanilla chi. Then I realized I could get it at a much better price and decaf to boot. It tastes great too.",
      "helpfulness": "0"
    },
    {
      "date": "October 21, 2022",
      "title": "My favorite hot chai .",
      "score": "5.0 out of 5 stars",
      "text": "I love this chai. Especially since it’s offered in caffeine free version. My only issue is  the price has gone up so much ..",
      "helpfulness": "2"
    },
    {
      "date": "March 12, 2023",
      "title": "Great Flavor",
      "score": "5.0 out of 5 stars",
      "text": "I love love LOVE this flavor.  I have bought this 2x's in the decaf cans.  I would reccommend this to others.",
      "helpfulness": "0"
    },
    {
      "date": "October 26, 2017",
      "title": "Loved the Chai- hard to find decafe vanilla - prefer ...",
      "score": "4.0 out of 5 stars",
      "text": "Loved the Chai- hard to find decafe  vanilla - prefer without latte but this is all I could find - good flavor & taste",
      "helpfulness": "0"
    },
    {
      "date": "April 9, 2021",
      "title": "Love this Chai",
      "score": "5.0 out of 5 stars",
      "text": "Although expensive this is the best tasting  Chai I have found.  Wish it were a little more nutritious.  But I love a warm drink in the morning and this is perfect.and I have it every morning.  I never get tired of it.  Perks me up but I do get decaf.  Caffeine no longer agrees with me.",
      "helpfulness": "One"
    },
    {
      "date": "January 25, 2023",
      "title": "Pricey",
      "score": "5.0 out of 5 stars",
      "text": "The product is good but I bought a few months ago for almost $3 cheaper.  Everything is going up but that seems like a big jump in a short time.",
      "helpfulness": "0"
    },
    {
      "date": "December 26, 2022",
      "title": "Way over priced",
      "score": "1.0 out of 5 stars",
      "text": "Way over priced and does not taste as good as the batch I bought last summer.  The color of the powder is a dark gray not the usual tan.  I will not purchase this band again.",
      "helpfulness": "0"
    }
  ]
}