{
  "product_title": "Oasis Supply Merckens Chocolate (1 Pound, Milk Chocolate)",
  "byline_info": "Visit the Oasis Supply Store",
  "product_description": "",
  "category": [
    "Grocery & Gourmet Food",
    "Snacks & Sweets",
    "Chocolate Candy",
    "Assortment Boxes"
  ],
  "alt_images": [
    "https://m.media-amazon.com/images/I/31foVsibkkL.jpg",
    "https://m.media-amazon.com/images/I/510KB0va6vL.jpg",
    "https://m.media-amazon.com/images/I/51cFFhuKAHL.jpg"
  ],
  "product_detail": {
    "Product Dimensions": "8 x 8 x 8 inches; 1 Pounds",
    "Item model number": "Mer CocoaLite-1LB",
    "UPC": "616043718798",
    "Manufacturer": "Oasis Supply",
    "ASIN": "B0008DI8KS",
    "Units": "1 Pounds",
    "Best Sellers Rank": "#122,445 in Grocery & Gourmet Food (See Top 100 in Grocery & Gourmet Food) #4,601 in Chocolate Candy Assortment Boxes",
    "#4,601 in Chocolate Candy Assortment Boxes": "",
    "Customer Reviews": "4.6 4.6 out of 5 stars 587 ratings"
  },
  "important_information": {
    "Ingredients": "Sugar, Vegetable Oil (Palm Kernel Oil, Hydrogenated Palm Kernel And Cottonseed Oils), Nonfat Dry Milk, Cocoa Processed With Alkali, Cocoa, Glyceryl Lacto Esters Of Fatty Acids, Soy Lecithin, Salt.Contains: Milk And Soy Ingredients.Sugar, Vegetable Oil (Palm Kernel Oil, Hydrogenated Palm Kernel And Cottonseed Oils), Nonfat Dry Milk, Cocoa Processed With Alkali, Cocoa, Glyceryl Lacto Esters Of Fatty Acids, Soy Lecithin, Salt.Contains: Milk And Soy Ingredients.",
    "Legal Disclaimer": "Statements regarding dietary supplements have not been evaluated by the FDA and are not intended to diagnose, treat, cure, or prevent any disease or health condition.Statements regarding dietary supplements have not been evaluated by the FDA and are not intended to diagnose, treat, cure, or prevent any disease or health condition."
  },
  "rating": {
    "score": "4.6 out of 5",
    "dist": {
      "5 star": "81%",
      "4 star": "9%",
      "3 star": "2%",
      "2 star": "3%",
      "1 star": "5%"
    }
  },
  "top_comments": [
    {
      "date": "June 10, 2017",
      "title": "Great quality chocolate.",
      "score": "5.0 out of 5 stars",
      "text": "Great quality chocolate. Great taste. Very smooth & easy to work with. Didn't have to worry about bubbles or anything. We even remelted some when we messed up the 1st set of molds (our 1st time) & it was nice & smooth. Didn't need a special melter or double boiler either. Put 1/2 a bag (came in two 5lb bags) in a metal mixing bowl & set it in a pan (Bowl can't just float or you will risk getting water in the chocolate & ruining it. Bowl must be secure with lip at the top of the pan) of water on medium & stirred until melted. Then we just had to put the bowl back in the hot water for each set of molds. We made 45 Eiffel Tower suckers 9 at a time + 60 2\" tall ET cupcake toppers 12 at a time. It's also best to set in the fridge & not the freezer as the chocolate gets too brittle in the freezer.",
      "helpfulness": "3"
    },
    {
      "date": "July 10, 2012",
      "title": "Best Candy Melt to work with in my experience",
      "score": "5.0 out of 5 stars",
      "text": "I recently decided to jump on the bandwagon and give cake balls a whirl for a July 4th Party I was having. I had never even seen, much less heard of candy melts prior to this undertaking. Of course, where do I go first when looking for something? Amazon.com! Now...I live in Texas and it's H-O-T right now, so I was concerned about product \"meltage\" during shipping. I drove myself on over to Michael's and purchased a plethora of Wilton Candy Melts. Well, I couldn't help myself...based on the positive reviews of the Mercken's Candy coatings, I decided to go ahead and order some White (5 lbs)5 LBS. Merckens White Coatings and Blue (1 lb.) 1LB. Merckens Blue Coatings Candy Coating. To my surprise, both arrived without melting...shocker! A few days later, I ordered Yellow Mercken's (1 lb.) 1LB. Merckens Yellow Coatings and Paramount crystals Paramont Crystals, 1 lb.  , along with a couple other items. This shipment came and the candy melts had, well, melted! The Paramount Crystals were also a melted mess, but I figured since it was going to be liquified anyway...no harm no foul (or is it \"fowl'?). I wasn't surprised by this...have you ever BEEN to Texas in late June? As my late Grandmother would say \"It's as hot as Corn Liquor!\" (not that she knew how hot that was, since she NEVER drank alcohol in her 94 years!) So, I will not remove a single star from my rating based on this product melting...after all, it is INTENDED to melt! ***take note those of you who remove stars based on issues irrelevant to the item itself, you know who you are, you're the people who rate a PRODUCT based things that don't speak to the product...such as shipping speed, poor customer service or other acts of God which have nothing to do with the actual worthiness of the product itself. Rant over.Okay...now that I got the \"back-story\" out of the way...the actual review! I set about making chocolate cake balls to make a r/w/b flag and some cheesecake balls, which were oh-so-yummy, but a big, fat, time-consuming pain, to put on a stick, coated and decorated with sprinkles. I also was going to be dipping pretzel rods and Oreos...a regular \"dip-fest\" as it were. Being one to experiment until I find the best/easiest method...I melted some white almond bark (I'd used almond bark in the past for white and choc dipped pretzels with good success), Wilton's Candy Melts, Ghirardelli White Chocolate (the bars for baking $$$$$), and finally the Mercken's Candy Melts. Of the 4, the Mercken's was the \"winner\" as far as ease of dipping, smooth consistency and taste. I hesitate to put taste in there, because it's so subjective and besides, they all tasted good to me. But, I do realize taste is an important consideration for most people. Really, the Ghirardelli had the best taste, but the cost and the difficulty in it \"setting up\" as nicely gave the edge to Mercken's for this project. The Mercken's did edge out the Wilton candy melts as far as MY taste buds go. Your mileage may vary. The Almond Bark was the least expensive, slightly more difficult to work with for this project, not real white, very yummy. Mercken's is available in many colors, is readily available (in Dallas), is less $ than Mercken's and certainly the Ghirardelli, but not quite a smooth and a tad more difficult to work with.Since this review is for the yellow coating, I wanted to mention you might consider purchasing a large quantity of the white candy coating, since it can be purchased in 5 lb. bags, and just use Candy Food Coloring Wilton Primary Candy Color Set to tint it to a shade you like.  Regular food coloring does not work...it must be specifically for candy.If you're particular, like I am, and the extra cost doesn't bother you, go with the Mercken's . If this is a project with and for the kiddos, the Wilton melts will be hunky dory. It's not that Mercken's are head and shoulders above Wilton's candy melts, just moderately so. Wilton's are certainly more widely available, cost less and come in more colors.Bottom line (for me) is that Mercken's was easiest to work with and that was/is the biggest factor in my preference. With the sprinkles and candy coating...all the desserts I was serving were so uber-RICH and sugary, I rightly figured the cake-pops and such wouldn't get eaten as much as they would be looked at for their decorating value and cuteness factor. My soiree hosted no kids...just a a house full of (thirsty) adults who were more focused on the offerings of adult beverages and jello shots than they were the desserts.***Note, I have pretty much the exact same review for the 1 lb. white, 1 lb. blue and 1 lb. yellow Mercken's Coatings, thanks to \"Cut and Paste\", to spare myself the trouble of re-writing the same review. Therefore, there is need to read my reviews for those items.",
      "helpfulness": "0"
    },
    {
      "date": "December 29, 2013",
      "title": "Merckens Chocolate?",
      "score": "5.0 out of 5 stars",
      "text": "but decided to try it based on good Amazon reviews.  I like/love chocolate!!  Good chocolate.  Dark Chocolate!  Creamy Chocolate!  Melt on your tongue chocolate!  Usually have to go to real speciality stores to find outstanding dark chocolate - like the Chocolate Fetish in Asheville, NC.Merckens?  Where have I been - ordered it to make chocolate pretzels and other desert specialities.  So far, haven't gotten around to it - the Mercken wafers are just too good to keep them waiting until we're ready to make desserts.  Put them in a glass dish away from the easy chair (makes them last longer) and it's difficult not to detour one's path to pass the glass dish and with a quick curl of the fingers to snag a couple wafers.Shipping is a little pricy but it's cheaper than driving to North Carolina (From Arkansas)There's and old song, \"If you knew Merckens like I know Merckens, you'd fall in love again!\"",
      "helpfulness": "One"
    },
    {
      "date": "December 12, 2024",
      "title": "Taste is so fresh and delicious",
      "score": "5.0 out of 5 stars",
      "text": "I love making molded chocolate candy but finding a good quality melting chocolate can be difficult.  I used to have to settle for the brand sold at Hobby Lobby or Michael's. This not only tastes significantly better but it melts easier.Great for cake pops and pretzels too.",
      "helpfulness": "One"
    },
    {
      "date": "December 7, 2017",
      "title": "Outstanding!",
      "score": "5.0 out of 5 stars",
      "text": "Chocolate arrived two days before the estimated delivery window in great condition, fresh and delicious. I heated chocolate in 2-cup glass measuring cup in microwave on high  in 15 second intervals, stirring between each heating session. I used some in snowflake molds with pecans and caramel and every detail was perfect. Also made peanut butter sandwiches with Waverly crackers and dipped one end, placed on no-stick foil covered cookie sheet, cooled them on the porch (December in WV) for 5 minutes, then dipped the other end . Scrumptious! When I was ready to quit,  I stirred chopped pecans and caramels into remaining warm chocolate and dropped spoonfuls onto no-stick foil covered cookie sheet. Also scrumptious. Will definitely buy this again from Oasis Supply.",
      "helpfulness": "One"
    },
    {
      "date": "March 20, 2017",
      "title": "Great tasting chocolate, easy to work with!",
      "score": "4.0 out of 5 stars",
      "text": "I am not a professional candy maker - I am a casual home, hobby candy maker and these are great to work with. It certainly makes dipping candy a much easier than having to take time to temper regular chocolate. I've had candy melts/wafers that taste awful - but these are a really great chocolate!  Will certainly purchase again.",
      "helpfulness": "One"
    },
    {
      "date": "April 18, 2025",
      "title": "Yummy!",
      "score": "5.0 out of 5 stars",
      "text": "Made candy as Christmas gifts and everyone loved it. Easy to melt in the microwave.",
      "helpfulness": "0"
    },
    {
      "date": "July 9, 2023",
      "title": "Good product- fast shipment- dependable flavor",
      "score": "5.0 out of 5 stars",
      "text": "I have used these chocolates for several years- they are a product I feel that I can depend onI appreciate that they can be ordered from here and delivered directly to my home, and still at a good price",
      "helpfulness": "One"
    }
  ]
}