{
  "product_title": "Vogel Herbamare Original (500g = 17.86oz)",
  "byline_info": "Visit the A.Vogel Store",
  "product_description": "Uses: Food etc.. Therapeutic Use: Food",
  "category": [
    "Grocery & Gourmet Food",
    "Pantry Staples",
    "Herbs, Spices & Seasonings",
    "Salt & Salt Substitutes",
    "Salt",
    "Sea Salt"
  ],
  "alt_images": [
    "https://m.media-amazon.com/images/I/41C9Se1VcuL.jpg",
    "https://m.media-amazon.com/images/I/414QGRsx4hL.jpg",
    "https://m.media-amazon.com/images/I/41RevC8UaYL.jpg",
    "https://m.media-amazon.com/images/I/41zso5ajG5L.jpg"
  ],
  "product_detail": {
    "Is Discontinued By Manufacturer": "No",
    "Product Dimensions": "7.17 x 5.51 x 10.08 inches; 1.1 Pounds",
    "Item model number": "545753",
    "UPC": "778554815318",
    "Manufacturer": "Vogel",
    "ASIN": "B0002DU87K",
    "Units": "17.5 Ounce",
    "Best Sellers Rank": "#39,692 in Grocery & Gourmet Food (See Top 100 in Grocery & Gourmet Food) #312 in Sea Salts",
    "#312 in Sea Salts": "",
    "Customer Reviews": "4.6 4.6 out of 5 stars 1,633 ratings"
  },
  "important_information": {
    "Ingredients": "All Natural IngredientsAll Natural Ingredients",
    "Directions": "Use as directed on labelUse as directed on label",
    "Legal Disclaimer": "This statement has not been evaluated by the FDA. This product is not intended to diagnose, treat, cure, or prevent any disease.This statement has not been evaluated by the FDA. This product is not intended to diagnose, treat, cure, or prevent any disease.Statements regarding dietary supplements have not been evaluated by the FDA and are not intended to diagnose, treat, cure, or prevent any disease or health condition.Statements regarding dietary supplements have not been evaluated by the FDA and are not intended to diagnose, treat, cure, or prevent any disease or health condition."
  },
  "rating": {
    "score": "4.6 out of 5",
    "dist": {
      "5 star": "86%",
      "4 star": "7%",
      "3 star": "1%",
      "2 star": "1%",
      "1 star": "5%"
    }
  },
  "top_comments": [
    {
      "date": "March 20, 2025",
      "title": "Great yeast, sugar and gluten free seasoning salt",
      "score": "5.0 out of 5 stars",
      "text": "Tasty yeast, sugar and gluten free seasoning salt.  Very happy with this purchase.  I plan to purchase again.",
      "helpfulness": "0"
    },
    {
      "date": "April 10, 2025",
      "title": "The best!",
      "score": "5.0 out of 5 stars",
      "text": "It’s the best seasoning. I use it in place of salt. It’s very clean since it is from Switzerland and following their standards",
      "helpfulness": "One"
    },
    {
      "date": "July 2, 2025",
      "title": "So good!",
      "score": "5.0 out of 5 stars",
      "text": "This salt is good on everything, but I especially love it on tomatoes and mozarella. Using this salt is an easy way to upgrade your sallad, eggs, vegetables etc. Highly recomended.",
      "helpfulness": "0"
    },
    {
      "date": "March 9, 2025",
      "title": "Great stuff",
      "score": "5.0 out of 5 stars",
      "text": "Love this stuff. So buttery and fine textured. Best salt ever!",
      "helpfulness": "0"
    },
    {
      "date": "August 21, 2024",
      "title": "GREAT STUFF",
      "score": "5.0 out of 5 stars",
      "text": "Healthy, tasty way to add healthy salt and minerals to one's food!  I am a repeat buyer.",
      "helpfulness": "0"
    },
    {
      "date": "May 18, 2025",
      "title": "Herbamare seasoning",
      "score": "5.0 out of 5 stars",
      "text": "We live this brand seasoning. Have ysed it for years!",
      "helpfulness": "0"
    },
    {
      "date": "April 25, 2025",
      "title": "Good for Soup",
      "score": "4.0 out of 5 stars",
      "text": "It’s good for seasoning soup",
      "helpfulness": "0"
    },
    {
      "date": "February 21, 2025",
      "title": "Great seasoning",
      "score": "5.0 out of 5 stars",
      "text": "Once I tried this, I knew it was a winner.  Now I have many people hooked on this.  This has enhanced the flavor of so many of my dishes.  Tastes great!",
      "helpfulness": "0"
    }
  ]
}