{
  "product_title": "Tinkyada Brown Rice Pasta, Fettuccini Style, 14 Ounce (Pack of 12)",
  "byline_info": "Brand: Tinkyada",
  "product_description": "We keep it simple. We make it great! Delightful mouth-feel, bite after bite! Light and not stuffy! A pasta , al dente, made from RICE & WATER and enjoyed by all... kids, adults and seniors, in an ever greater part of the world. You may have tried rice pasta made from various kinds of ingredients, and still thinking that rice pasta is unpalatable or lacking... now you have Tinkyada Rice Pasta.",
  "category": [
    "Grocery & Gourmet Food",
    "Pantry Staples",
    "Pasta & Noodles",
    "Pasta",
    "Fettuccine"
  ],
  "alt_images": [
    "https://m.media-amazon.com/images/I/41H1OKmMBiL.jpg",
    "https://m.media-amazon.com/images/I/41Iuq7dSN5L.jpg",
    "https://m.media-amazon.com/images/I/51rfVmRXTSL.jpg",
    "https://m.media-amazon.com/images/I/31wtarr3dZL.jpg",
    "https://m.media-amazon.com/images/I/518yjM0o69L.jpg",
    "https://m.media-amazon.com/images/I/31qnkln-wsL.jpg"
  ],
  "product_detail": {
    "Package Dimensions": "15.7 x 11.1 x 4.6 inches; 1.18 Pounds",
    "Item model number": "859124",
    "Manufacturer": "Tinkyada",
    "ASIN": "B000FK63QA",
    "Units": "168.0 Ounce",
    "Best Sellers Rank": "#408,998 in Grocery & Gourmet Food (See Top 100 in Grocery & Gourmet Food) #182 in Fettuccine Pasta",
    "#182 in Fettuccine Pasta": "",
    "Customer Reviews": "4.5 4.5 out of 5 stars 64 ratings"
  },
  "important_information": {
    "Ingredients": "Stone-Ground Brown Rice, Rice Bran and Water.Stone-Ground Brown Rice, Rice Bran and Water.",
    "Directions": "Store in a cool and dry place. Stovetop Cooking Instruction: Put one package of pasta into 4 qt (3.78 lt) of boiling water and add a tbsp of salt. Stir occasionally and cook for 13-15 minutes until desired tenderness is reached. Rinse with cold water. Drain well. For best result, rid pasta of surface moisture. Can be served hot or warm with any kind of pasta sauce or in your favorite pasta recipes, hot soup, in salad, stir-fried, or as a casserole. Use it as you would like any regular pasta. The good texture of Tinkyada can withstand quite a bit of over-cooking. Quick and Energy-Saving Cooking: Cook 1 to 2 minutes in boiling water. Switch off stove. Cover pot for about 16 minutes. Ready to serve.Store in a cool and dry place. Stovetop Cooking Instruction: Put one package of pasta into 4 qt (3.78 lt) of boiling water and add a tbsp of salt. Stir occasionally and cook for 13-15 minutes until desired tenderness is reached. Rinse with cold water. Drain well. For best result, rid pasta of surface moisture. Can be served hot or warm with any kind of pasta sauce or in your favorite pasta recipes, hot soup, in salad, stir-fried, or as a casserole. Use it as you would like any regular pasta. The good texture of Tinkyada can withstand quite a bit of over-cooking. Quick and Energy-Saving Cooking: Cook 1 to 2 minutes in boiling water. Switch off stove. Cover pot for about 16 minutes. Ready to serve.",
    "Legal Disclaimer": "Statements regarding dietary supplements have not been evaluated by the FDA and are not intended to diagnose, treat, cure, or prevent any disease or health condition.Statements regarding dietary supplements have not been evaluated by the FDA and are not intended to diagnose, treat, cure, or prevent any disease or health condition."
  },
  "rating": {
    "score": "4.5 out of 5",
    "dist": {
      "5 star": "73%",
      "4 star": "9%",
      "3 star": "10%",
      "2 star": "8%",
      "1 star": "0%"
    }
  },
  "top_comments": [
    {
      "date": "December 29, 2013",
      "title": "Gluten Free Pasta JOY",
      "score": "5.0 out of 5 stars",
      "text": "After being without pasta for several months because of gluten sensitivity, I was thrilled to find a gluten free alternative.  I was prepared for a less than satisfying experience, but really missed pasta so I took the plunge.  So glad I did!  I now know why Tinkyada has the word JOY plastered on the wrappers of their pasta. This pasta is virtually the same as semolina pasta in taste and texture - and better than whole wheat pasta by far on both counts.  Cooking time is slightly faster than semolina pasta and a lot faster than whole wheat versions.Only one small drawback: it tends to get a bit mushy if saved as leftovers in sauces and soups.  So now we make just enough for each meal.  If we're making a larger batch of something we add the sauce or soup over the cooked noodles and store each separately in the fridge.  It's a small adjustment that's well worth it, considering the benefit of having gluten free pasta!",
      "helpfulness": "0"
    },
    {
      "date": "November 24, 2014",
      "title": "Save your money",
      "score": "2.0 out of 5 stars",
      "text": "Cheaper options out there that taste better",
      "helpfulness": "0"
    },
    {
      "date": "December 7, 2017",
      "title": "Why is it 20dollars more a case than the spaghetti ...",
      "score": "3.0 out of 5 stars",
      "text": "Why is it 20dollars more a case than the spaghetti for the same product and 2oz less in weight per package?",
      "helpfulness": "0"
    },
    {
      "date": "July 13, 2013",
      "title": "This brand is awesome...",
      "score": "4.0 out of 5 stars",
      "text": "I had tried the Tinkyada spaghetti in the past and was thrilled with it.  I got a 12-pack of this because it was significantly cheaper for the same amount of pasta.The flavor and color of this is about as close as you're going to get to wheat.  It doesn't have that \"jasmine\" rice smell when you're cooking it like typical white rice stick noodles do.  It also doesn't have that rubbery texture.  I think both may be due to the fact that it uses whole brown rice.  The bran of the rice is a welcome addition to rice pasta.  Another aspect of this that is *better* than wheat is that it keeps its \"al dente\" even after being in the fridge.The reason I took off 1 star is because I found that the noodles tend to break apart, particularly when reheated.  It's possible that it is my issue though.  But, I didn't have that with the spaghetti, which I would easily give 5 stars.The brand is good.  Next up...  Kraft macaroni and cheese, substituting with this brand of macaroni noodles.",
      "helpfulness": "0"
    },
    {
      "date": "February 11, 2012",
      "title": "Gold Standard",
      "score": "5.0 out of 5 stars",
      "text": "I believe Tinkyada is the gold standard for gluten free noodles.  I love their products and find that most people will not notice a significant difference using them in recipes.  The tricks to cooking gluten free noodles is to cook with a dash of olive oil in the water to prevent sticking and when done (take one out and cut it and then taste it to be sure) to rinse them extremely well with HOT tap water, then drain and SERVE immediately or add to your favorite dish or casserole.Please note that when using frozen gluten free noodle leftovers, expect the noodles to break up and disintegrate when recooked.  Leftovers are better used in the first two days refrigerated than frozen.",
      "helpfulness": "0"
    },
    {
      "date": "December 2, 2013",
      "title": "The Best of the Gluten-free Noodles",
      "score": "5.0 out of 5 stars",
      "text": "The best of the Tinkyada noodles. Fettucine noddles hold up to boiling, and have a texture that people who aren't gluten-free will also love. We started buying it because the kids are gluten-free, but keep a box in stock always, because it will boil up in 15 or so minutes for a fantastic quick mid-week meal. We buy the other shapes occasionally because the kids get bored, but whether you are covering it with red sauce and meatballs, or just tossing in some sausage and butter, these noodles will make your meal quick, easy and delicious. Can't rate it highly enough!",
      "helpfulness": "0"
    },
    {
      "date": "January 22, 2014",
      "title": "OK product but not organic",
      "score": "3.0 out of 5 stars",
      "text": "I've used several Tinkyada rice pasta products. They taste fine but I have noted recently that not all of their products are organic, which is a very important consideration for me. The bulk pasta sold at our local food co-op from Tinkyada is marked \"organic\" but the packaged ones vary. Some are and some aren't. Check the label carefully if organic is important to you too.The quick cooking method on the label,  works great for this product but don't let it sit TOO long in the cooking water, or it starts to get mushy.Geraldine Helen Hartman author of The Groovy Green Kitchen series.",
      "helpfulness": "0"
    },
    {
      "date": "November 13, 2012",
      "title": "Brown rice fettuccini",
      "score": "4.0 out of 5 stars",
      "text": "I am allergic to wheat so I purchase gluten-free products regularly.  Rice pasta is sometimes hard to work with because it overcooks so easily and turns to mush.  This brand holds its shape better than most but I still don't cook it as long as the directions say, and if there are leftovers, I wouldn't store them in the sauce.  It tastes good and holds its shape better than others.",
      "helpfulness": "0"
    }
  ]
}