{
  "product_title": "Tone's Onion Powder - 20 oz. shaker",
  "byline_info": "Brand: Tone's",
  "product_description": "",
  "category": [
    "Grocery & Gourmet Food",
    "Pantry Staples",
    "Herbs, Spices & Seasonings",
    "Single Herbs & Spices",
    "Onion"
  ],
  "alt_images": [
    "https://m.media-amazon.com/images/I/41oR1Znfc+L.jpg",
    "https://m.media-amazon.com/images/I/41+0asHeeNL.jpg",
    "https://m.media-amazon.com/images/I/31fvz6KUghL.jpg",
    "https://m.media-amazon.com/images/I/51S-83eH73L.jpg"
  ],
  "product_detail": {
    "Package Dimensions": "7.9 x 3.7 x 2.4 inches; 1.25 Pounds",
    "UPC": "041351913977",
    "ASIN": "B000EZZISK",
    "Units": "20 Ounce",
    "Customer Reviews": "4.0 4.0 out of 5 stars 70 ratings"
  },
  "important_information": {
    "Legal Disclaimer": "Statements regarding dietary supplements have not been evaluated by the FDA and are not intended to diagnose, treat, cure, or prevent any disease or health condition.Statements regarding dietary supplements have not been evaluated by the FDA and are not intended to diagnose, treat, cure, or prevent any disease or health condition."
  },
  "rating": {
    "score": "4 out of 5",
    "dist": {
      "5 star": "50%",
      "4 star": "29%",
      "3 star": "6%",
      "2 star": "4%",
      "1 star": "11%"
    }
  },
  "top_comments": [
    {
      "date": "September 11, 2013",
      "title": "Good onion powder",
      "score": "5.0 out of 5 stars",
      "text": "Onion powder is one of those things that I find myself using quite a bit.  It's not a substitute for real onions, but it's a very useful spice that adds a little something to a lot of dishes.This Tone's onion powder is excellent - it tastes like onions, so I don't know what more to say.  And it's a lot of onion powder at a great price.I will add this:  a previous review says there are \"black specs\" in the powder, but this is absolutely NOT the case.  Not a single one.",
      "helpfulness": "One"
    },
    {
      "date": "July 12, 2013",
      "title": "IT IS A BIG \"JAR\" OF ONION POWDER",
      "score": "4.0 out of 5 stars",
      "text": "I don't want to be a smart-arse but, hey ? ... It is Onion Powder in a big (20 ounce) plastic jar, with a safety-seal, under the cap.IF YOU AGREE WITH THE PRICE-PER-OUNCE (DELIVERED) THEN, PURCHASE THIS PRODUCT.It is \"recent or current production\" and is as shelf-stable as onion powder gets, without resorting to a nitro-packed and sealed metal can (at much greater cost).  I doubt any rat could (or would) chew through this but I have not really seen what a determined rat can do.  I can say that this product is as secure from bears or rodents as any plastic or rubber tote is.I decided that this product will (very likely) store, at room temperature, along-side of my medium term PREPS, for at least 3 or four years ... Maybe longer.YMMV ... Just double-check the shipping charges, before you pull the lever.I trust you to use your own logic to determine if THIS product is appropriate for YOU.  I can attest that it is exactly what it appears to be but I have not opened or actually cooked with THIS brand, as yet.  I put it directly onto my middle-tier (mid-term PREPS) storage shelf.Again ... YMMV.",
      "helpfulness": "0"
    },
    {
      "date": "November 19, 2012",
      "title": "Tastes a little like chalk",
      "score": "1.0 out of 5 stars",
      "text": "I was really not impressed with this. It doesn't have much flavor to it, onion or otherwise. It has a tendency to clump, so if I'm adding it to a soup or something I end up with little onion powder balls throughout. I've never had that problem before. It just doesn't taste right.",
      "helpfulness": "3"
    },
    {
      "date": "July 31, 2012",
      "title": "Not impressed.  Directions says to make a slurry",
      "score": "2.0 out of 5 stars",
      "text": "Not impressed with the flavor.There are others with much better flavor.The grind is very very small.It may be okay for soups and stews but too powdery for sprinkling onto anything solid like a rub.In fact the directions says to mix with the broth of what you plan on adding it to first.I will probably use what I have for a brining solution for pork and chicken, along with salt and sugar.",
      "helpfulness": "0"
    },
    {
      "date": "March 15, 2013",
      "title": "TOO FINE GROUND",
      "score": "3.0 out of 5 stars",
      "text": "This is 'powder' 4 sure!  All other onion powders I've use are more grandular; this one is like powdered sugar, flour, etc (I got a dust cloud when used).  It does, however, have nice strong flavor, which is most important.  In future, guess I'll buy onion flakes and grind to my preferred consistency.",
      "helpfulness": "0"
    },
    {
      "date": "March 6, 2014",
      "title": "Really good deal",
      "score": "5.0 out of 5 stars",
      "text": "I've always been happy with Tones spices and knew I'd like this onion powder..... Yes, I sure do! And, the price is right when you buy it in the giant economy size provided you are able to use it up before the flavor may deteriorate. I enjoy it sprinkled heavily on my tuna fish salad sandwich - yummy!",
      "helpfulness": "0"
    },
    {
      "date": "February 29, 2020",
      "title": "Kitchen staple",
      "score": "4.0 out of 5 stars",
      "text": "Tones has the best flavor IMHO.",
      "helpfulness": "0"
    },
    {
      "date": "October 2, 2013",
      "title": "Onions!",
      "score": "5.0 out of 5 stars",
      "text": "Love the taste of onion but hate the fussiness and tearful production of cutting one up? Well I have the answer for you! All of the taste and none of the mess in a fine powder! This is 20 impressive ounces of onion flavor in a bottle. Great value for great taste.",
      "helpfulness": "0"
    }
  ]
}