{
  "product_title": "Chef Paul Magic Seasoning Blends Pork & Veal Magic | Bold & Smoky Seasoning | Perfect for BBQ, Grilling, and Roasting | All Purpose Seasoning Blend for Pork, Veal & Lamb | 2 oz (Pack Of 1)",
  "byline_info": "Visit the Magic Seasoning Blends Store",
  "product_description": "",
  "category": [
    "Grocery & Gourmet Food",
    "Pantry Staples",
    "Herbs, Spices & Seasonings",
    "Mixed Spices & Seasonings",
    "Meat Seasoning"
  ],
  "alt_images": [
    "https://m.media-amazon.com/images/I/41M1Mc1-baL.jpg",
    "https://m.media-amazon.com/images/I/51D4eGe79oL.jpg",
    "https://m.media-amazon.com/images/I/41R6ov85E0L.jpg",
    "https://m.media-amazon.com/images/I/51-O3-eslGL.jpg",
    "https://m.media-amazon.com/images/I/51QY9cPGxBL.jpg",
    "https://m.media-amazon.com/images/I/51EMZproIAL.jpg",
    "https://m.media-amazon.com/images/I/51NpJ97uPWL.jpg"
  ],
  "product_detail": {
    "Is Discontinued By Manufacturer": "No",
    "Product Dimensions": "6.09 x 1.89 x 2.6 inches; 2 ounces",
    "Item model number": "BHBUST051718A4041",
    "Manufacturer": "Magic Seasoning Blends",
    "ASIN": "B0000CDBRG",
    "Units": "2 Ounce",
    "Best Sellers Rank": "#40,753 in Grocery & Gourmet Food (See Top 100 in Grocery & Gourmet Food) #460 in Meat Seasonings",
    "#460 in Meat Seasonings": "",
    "Customer Reviews": "4.8 4.8 out of 5 stars 653 ratings"
  },
  "important_information": {
    "Legal Disclaimer": "Statements regarding dietary supplements have not been evaluated by the FDA and are not intended to diagnose, treat, cure, or prevent any disease or health condition.Statements regarding dietary supplements have not been evaluated by the FDA and are not intended to diagnose, treat, cure, or prevent any disease or health condition."
  },
  "rating": {
    "score": "4.8 out of 5",
    "dist": {
      "5 star": "89%",
      "4 star": "7%",
      "3 star": "3%",
      "2 star": "0%",
      "1 star": "1%"
    }
  },
  "top_comments": [
    {
      "date": "July 3, 2025",
      "title": "Hard to find in my local stores",
      "score": "5.0 out of 5 stars",
      "text": "So glad I found these pork spices by prudhomme. Haven't been able to find it here in any stores. I love the perfect spice combination.",
      "helpfulness": "0"
    },
    {
      "date": "January 8, 2025",
      "title": "Great seasonings",
      "score": "5.0 out of 5 stars",
      "text": "Every KPaul product I’ve tried has not disappointed. An excellent brand.",
      "helpfulness": "0"
    },
    {
      "date": "January 18, 2025",
      "title": "Absolutely Delicious!",
      "score": "5.0 out of 5 stars",
      "text": "This is perfect on pork chops or pork roast.  Paul Prudhomme's spices are the only ones I buy now.",
      "helpfulness": "0"
    },
    {
      "date": "August 5, 2025",
      "title": "Nice",
      "score": "5.0 out of 5 stars",
      "text": "Great stuff",
      "helpfulness": "0"
    },
    {
      "date": "June 8, 2025",
      "title": "Chef Paul",
      "score": "5.0 out of 5 stars",
      "text": "Only season I useExcellent",
      "helpfulness": "0"
    },
    {
      "date": "May 14, 2021",
      "title": "Chef Prudhomme Spices are the Best",
      "score": "5.0 out of 5 stars",
      "text": "I have been using Chef Prudhomme spices as rubs for cooking meats on my grill for at least 10 years now.  I love the blackened steak seasoning (my fave), chicken seasoning and pork seasoning (great on pork tenderloin),  They are have not changed over the years and are fantastic.  I have not found anything better.  Thanks for your creations Chef Prudhomme, RIP.",
      "helpfulness": "One"
    },
    {
      "date": "December 19, 2020",
      "title": "The Best pork seasoning",
      "score": "5.0 out of 5 stars",
      "text": "Like all of us, I like to season my meat. Unlike many, I prefer a light touch that doesn't drown out the flavor of the meat itself, just adds to it. I don't remember why I purchased my first bottle, it has been that long ago, but it was the right choice. My ex-wife is from Kewanee, IL, which bills itself as \"The Pork Capital of the US.\" There was a local resident that sold a wonderful pork seasoning that was just about perfect. Unfortunately, it was only available at the festival, and no where else. So I went on a search for a similar seasoning. I don't remember what lead to Chef Prudhomme's Pork seasoning, but i gave it a try, and it was just what I was looking for. It enhances the flavor just right, even though I apply it liberally, and doesn't add anything that would cover the taste of the pork itself. Definitely worth the money. Chef Prudhomme makes a whole spectrum of seasonings that I'm sure would do just as good of a job, even though J haven't tried them.",
      "helpfulness": "4"
    },
    {
      "date": "April 19, 2019",
      "title": "Good stuff",
      "score": "4.0 out of 5 stars",
      "text": "Wish we didn't have to buy so much.  Hard to use that much before it goes bad.",
      "helpfulness": "0"
    }
  ]
}