{
  "product_title": "Kwanza \"Music Aficionado\" Gift Basket By Zawadi African Tea",
  "byline_info": "Brand: Zawadi African Tea",
  "product_description": "Honor the music lover in your life with a Zawadi African Tea gift basket. Designed to bring relief to children in Kenya orphaned by AIDS, the \"Music Aficionado\" baskets make great gifts and feel good to give. A portion of the proceeds from each stylish basket goes directly to the Kenya AIDS Intervention/Prevention Project Group (KAIPPG). Each gift basket includes three packages of Zawadi African Tea (Jambo! Pure Black, Safari Spiced Chai, and Karibu Spiced Chai), a tea strainer and African tribal wood and reed art handcrafted by the Kamba and Turkana tribes from the Kenyan region where the tea is grown. The teas, accessories, and art are packaged in a basket. By purchasing this gift you are helping to bring more attention to the rampant disaster afflicting Africas' youth.",
  "category": [
    "Grocery & Gourmet Food",
    "Food & Beverage Gifts"
  ],
  "alt_images": [
    "https://m.media-amazon.com/images/I/51EYNZKMVFL.jpg",
    "https://m.media-amazon.com/images/I/514ARXS9GFL.jpg",
    "https://m.media-amazon.com/images/I/51N3DKXMD9L.jpg"
  ],
  "product_detail": {
    "Item Weight": "6 Pounds",
    "Manufacturer": "Zawadi African Tea",
    "ASIN": "B000E4CGTA",
    "Units": "1 Count",
    "Customer Reviews": "5.0 5.0 out of 5 stars 1 rating"
  },
  "important_information": {
    "Ingredients": "Pure Black Kenyan Tea and spices, tea strainer and African musical instruments.Pure Black Kenyan Tea and spices, tea strainer and African musical instruments.",
    "Legal Disclaimer": "Statements regarding dietary supplements have not been evaluated by the FDA and are not intended to diagnose, treat, cure, or prevent any disease or health condition.Statements regarding dietary supplements have not been evaluated by the FDA and are not intended to diagnose, treat, cure, or prevent any disease or health condition."
  },
  "rating": {
    "score": "5 out of 5",
    "dist": {
      "5 star": "100%",
      "4 star": "0%",
      "3 star": "0%",
      "2 star": "0%",
      "1 star": "0%"
    }
  },
  "top_comments": [
    {
      "date": "January 18, 2008",
      "title": "Great Gift",
      "score": "5.0 out of 5 stars",
      "text": "This was a gift for my brother & his young children.  They all love it! Whenever the children come home, this is the first thing they do.  Great way to introduce music participation into young lives. The teas were enjoyable and this gift is for a good cause.",
      "helpfulness": "2"
    }
  ]
}