{
  "product_title": "Lee Kum Kee Chiu Chow Chili Oil, 7.2 Ounce",
  "byline_info": "Visit the Lee Kum Kee Store",
  "product_description": "A savory chili sauce made from the finest preserved-chili and fermented soybeans prepared following the authentic recipe from Chiu-Chow China. Excellent for dipping and stir-frying. Delicious with noodles and pasta.",
  "category": [
    "Grocery & Gourmet Food",
    "Pantry Staples",
    "Sauces, Gravies & Marinades",
    "Sauces",
    "Asian",
    "Chili Sauce"
  ],
  "alt_images": [
    "https://m.media-amazon.com/images/I/41SSG7CGmdL.jpg",
    "https://m.media-amazon.com/images/I/416jW07Mb7L.jpg",
    "https://m.media-amazon.com/images/I/41onwil3FAL.jpg",
    "https://m.media-amazon.com/images/I/61X91K4IMsL.jpg",
    "https://m.media-amazon.com/images/I/51RpEaO4k1L.jpg",
    "https://m.media-amazon.com/images/I/21nbIeHov3L.jpg",
    "https://m.media-amazon.com/images/I/51S81Z-fn5L.jpg"
  ],
  "product_detail": {
    "Is Discontinued By Manufacturer": "No",
    "Product Dimensions": "2.76 x 2.76 x 6.3 inches; 7.2 ounces",
    "UPC": "078895710922 078895743050 078895733532",
    "Manufacturer": "Lee Kum Kee",
    "ASIN": "B000T3WBX2",
    "Units": "7.2 Ounce",
    "Best Sellers Rank": "#340,584 in Grocery & Gourmet Food (See Top 100 in Grocery & Gourmet Food) #912 in Chili Sauces",
    "#912 in Chili Sauces": "",
    "Customer Reviews": "4.2 4.2 out of 5 stars 46 ratings"
  },
  "important_information": {
    "Ingredients": "SEE LABELSEE LABEL",
    "Legal Disclaimer": "Statements regarding dietary supplements have not been evaluated by the FDA and are not intended to diagnose, treat, cure, or prevent any disease or health condition.Statements regarding dietary supplements have not been evaluated by the FDA and are not intended to diagnose, treat, cure, or prevent any disease or health condition."
  },
  "rating": {
    "score": "4.2 out of 5",
    "dist": {
      "5 star": "63%",
      "4 star": "12%",
      "3 star": "15%",
      "2 star": "4%",
      "1 star": "6%"
    }
  },
  "top_comments": [
    {
      "date": "October 27, 2013",
      "title": "Leaking when received",
      "score": "3.0 out of 5 stars",
      "text": "Like the product but 10% had leaked into the packaging which was a mess, think someone should look into this so it does not happen to others.",
      "helpfulness": "3"
    }
  ]
}