{
  "product_title": "Buffalo Bills Venison Jerky Strips 10oz Pack (20 venison jerky 7\" strips per bag)",
  "byline_info": "Visit the Buffalo Bills Store",
  "product_description": "10oz of our Buffalo Bills Venison Jerky in 7” strips. One of the best commercial brands of venison jerky on the market, this chopped and formed jerky is made with 97% farm-raised venison and 3% beef. (Beef is added to this product in order to comply with USDA regulations to allow for nationwide distribution.) Each 10oz vacuum packed bag of Buffalo Bills Venison Jerky contains 20 unwrapped 7\" venison jerky strips and each strip weighs 0.5oz.",
  "category": [
    "Grocery & Gourmet Food",
    "Snacks & Sweets",
    "Snack Foods",
    "Meat Snacks",
    "Jerky"
  ],
  "alt_images": [
    "https://m.media-amazon.com/images/I/51l0GgOHoQL.jpg",
    "https://m.media-amazon.com/images/I/51k-M3Lvu5L.jpg"
  ],
  "product_detail": {
    "Is Discontinued By Manufacturer": "No",
    "Product Dimensions": "11 x 7 x 1 inches; 13 ounces",
    "UPC": "015855100607",
    "Manufacturer": "Choo Choo R Snacks, Inc.",
    "ASIN": "B000FYVKW8",
    "Units": "10.0 Ounce",
    "Best Sellers Rank": "#90,717 in Grocery & Gourmet Food (See Top 100 in Grocery & Gourmet Food) #812 in Jerky",
    "#812 in Jerky": "",
    "Customer Reviews": "4.1 4.1 out of 5 stars 308 ratings"
  },
  "important_information": {
    "Ingredients": "Venison, Seasoning (Dextrose, Salt, Corn Syrup Solids, Onion And Garlic Powder, Hydrolyzed Soy Protein (Salt, Caramel Color, Sunflower Oil), Spices, Natural Smoke Flavor, With Not More Than 2% Silica Gel And Soybean Oil Added To Prevent Caking. Contains Soybean), Sugar, Beef, Soy Sauce (Water, Salt, Hydrolyzed Soy Protein, Corn Syrup, Caramel Color, Potassium Sorbate), Pepper, Water, Natural Smoke Flavor.Venison, Seasoning (Dextrose, Salt, Corn Syrup Solids, Onion And Garlic Powder, Hydrolyzed Soy Protein (Salt, Caramel Color, Sunflower Oil), Spices, Natural Smoke Flavor, With Not More Than 2% Silica Gel And Soybean Oil Added To Prevent Caking. Contains Soybean), Sugar, Beef, Soy Sauce (Water, Salt, Hydrolyzed Soy Protein, Corn Syrup, Caramel Color, Potassium Sorbate), Pepper, Water, Natural Smoke Flavor.",
    "Legal Disclaimer": "Statements regarding dietary supplements have not been evaluated by the FDA and are not intended to diagnose, treat, cure, or prevent any disease or health condition.Statements regarding dietary supplements have not been evaluated by the FDA and are not intended to diagnose, treat, cure, or prevent any disease or health condition."
  },
  "rating": {
    "score": "4.1 out of 5",
    "dist": {
      "5 star": "59%",
      "4 star": "15%",
      "3 star": "11%",
      "2 star": "6%",
      "1 star": "9%"
    }
  },
  "top_comments": [
    {
      "date": "October 7, 2024",
      "title": "Jerky",
      "score": "5.0 out of 5 stars",
      "text": "Wonderful taste abd not very salty",
      "helpfulness": "0"
    },
    {
      "date": "August 22, 2025",
      "title": "👍",
      "score": "5.0 out of 5 stars",
      "text": "👍",
      "helpfulness": "0"
    },
    {
      "date": "November 4, 2017",
      "title": "It was okay",
      "score": "4.0 out of 5 stars",
      "text": "Kids liked them. Super salty, the flavor made it taste like any other beef jerky. I wanted something that would taste different.",
      "helpfulness": "0"
    },
    {
      "date": "February 5, 2011",
      "title": "Worked well as gift",
      "score": "5.0 out of 5 stars",
      "text": "I got these as a holiday gift for my brother. He has hunted all his life, basically, and knows his venison. He approved and said these are really good! He actually LIKED what I sent him for a change! Whew! An aspect we both really liked is that they are a low-fat, high-protein gift, which he can enjoy over the holidays without worrying so much about blowing his healthy diet. Great product! The \"individually wrapped\" part was appreciated by him, too. That way they stay fresh.",
      "helpfulness": "4"
    },
    {
      "date": "August 30, 2022",
      "title": "Tastes exactly like beef jerky.",
      "score": "3.0 out of 5 stars",
      "text": "I live in an area where the locals go hunting every year and produce some amazing jerky. It has that 'gamey' sort of flavor too it where it tastes wild.. But this tastes exactly like beef jerky. I am an avid bronco billys fan of the one pound bag of jerky but this is a blatant waste of money considering they mix beef in with the deer and it completely kills the flavor. It tastes great but not what I was after.",
      "helpfulness": "2"
    },
    {
      "date": "February 1, 2016",
      "title": "Very disappointing!",
      "score": "1.0 out of 5 stars",
      "text": "This is bad jerky!  I received my package and sampled it a few minutes ago.  It was so greasy to the touch that I had to go wash my hands before I wrote this review.  My lips feel greasy after eating it.  Jerky should not be greasy.  It is also very salty!  I can't taste much else because of the high salt.  The \"resealable package\" won't work at all.  I made multiple unsuccessful attempts to close the bag.  I had to get my own zip bag to store it.  I would not recommend this jerky to anyone nor will I purchase it again.",
      "helpfulness": "5"
    },
    {
      "date": "August 19, 2024",
      "title": "Fire🔥",
      "score": "5.0 out of 5 stars",
      "text": "Love this will order again",
      "helpfulness": "0"
    },
    {
      "date": "April 18, 2016",
      "title": "A Nice Pack Jerky!",
      "score": "5.0 out of 5 stars",
      "text": "A really good chewy venison jerky. The taste is that of the most commonly used flavors. But not overwhelming or strong. It is also slightly salty. A nice pack jerky next cut strip which is the best kind of course. Have I had better? Yes. But I also have had a lot lot worse... even cut-strip.",
      "helpfulness": "0"
    }
  ]
}