{
  "product_title": "Teddy Grahams Snacks, Honey, 10-Ounce Boxes (Pack of 6)",
  "byline_info": "Visit the Teddy Grahams Store",
  "product_description": "Teddy grahams, honey, 10-ounce boxes (pack of 6) is Teddy with a little kiss of Honey.",
  "category": [
    "Grocery & Gourmet Food",
    "Snacks & Sweets",
    "Snack Foods",
    "Crackers",
    "Graham Crackers"
  ],
  "alt_images": [
    "https://m.media-amazon.com/images/I/51qXLQP1URL.jpg",
    "https://m.media-amazon.com/images/I/51qXLQP1URL.jpg",
    "https://m.media-amazon.com/images/I/51Cd6H7G9KL.jpg"
  ],
  "product_detail": {
    "Is Discontinued By Manufacturer": "Yes",
    "Product Dimensions": "13.8 x 7.9 x 5.4 inches; 4.56 Pounds",
    "Item model number": "04558",
    "UPC": "044000045586",
    "Manufacturer": "Mondelez Global",
    "ASIN": "B000F9Z20E",
    "Units": "60 Ounce",
    "Best Sellers Rank": "#444,428 in Grocery & Gourmet Food (See Top 100 in Grocery & Gourmet Food) #289 in Graham Crackers",
    "#289 in Graham Crackers": "",
    "Customer Reviews": "4.5 4.5 out of 5 stars 6 ratings"
  },
  "important_information": {
    "Ingredients": "Enriched Flour (Wheat Flour, Niacin, Reduced Iron, Thiamine Mononitrate {Vitamin B1}, Riboflavin {Vitamin B2}, Folic Acid), Sugar, Graham Flour (Whole Grain Wheat Flour), Soybean Oil and/or Partially Hydrogenated Cottonseed Oil, High Fructose Corn Syrup, Honey, Maltodextrin, Calcium Carbonate (Source of Calcium), Salt, Baking Soda, Soy Lecithin (Emulsifier), Cornstarch. Contains: Wheat, Soy.Enriched Flour (Wheat Flour, Niacin, Reduced Iron, Thiamine Mononitrate {Vitamin B1}, Riboflavin {Vitamin B2}, Folic Acid), Sugar, Graham Flour (Whole Grain Wheat Flour), Soybean Oil and/or Partially Hydrogenated Cottonseed Oil, High Fructose Corn Syrup, Honey, Maltodextrin, Calcium Carbonate (Source of Calcium), Salt, Baking Soda, Soy Lecithin (Emulsifier), Cornstarch. Contains: Wheat, Soy.",
    "Legal Disclaimer": "Statements regarding dietary supplements have not been evaluated by the FDA and are not intended to diagnose, treat, cure, or prevent any disease or health condition.Statements regarding dietary supplements have not been evaluated by the FDA and are not intended to diagnose, treat, cure, or prevent any disease or health condition."
  },
  "rating": {
    "score": "4.5 out of 5",
    "dist": {
      "5 star": "54%",
      "4 star": "46%",
      "3 star": "0%",
      "2 star": "0%",
      "1 star": "0%"
    }
  },
  "top_comments": [
    {
      "date": "May 11, 2013",
      "title": "Great and healthy Snack!",
      "score": "5.0 out of 5 stars",
      "text": "I love this cookies, my son (20 months old) is allergic to milk, so is difficult to find a great flavor snack with no milk on it. This is the perfect one, he ask for \"Teddy bear cookies Mom!\" and they are always crunchy and delicious.",
      "helpfulness": "One"
    },
    {
      "date": "July 20, 2010",
      "title": "Taste like graham crackers",
      "score": "5.0 out of 5 stars",
      "text": "These cookies are great for kids snacks and for adults. But be careful, cus a little can get out of hand! I ate half of box while snacking and watching tv one night. Plus on auto ship, they are a great bargain.",
      "helpfulness": "One"
    },
    {
      "date": "September 19, 2010",
      "title": "Teddy Grahams",
      "score": "5.0 out of 5 stars",
      "text": "Very vast delivery of Teddy Grahams Snacks. If you haven't tried them I suggest that you try them and you will be hooked on them as I am.I take a bag to work to share with coworkers. Just GREAT.",
      "helpfulness": "3"
    }
  ]
}