{
  "product_title": "Big Train Strawberry Smoothie Fruit Super Concentrate, 32-Ounce Units",
  "byline_info": "Visit the Big Train Store",
  "product_description": "This nonfat smoothie concentrate fuses the flavor of nature with science. The Fruit Tea Blast is blended with green and black teas, with added Vitamin C and a pound of real fruit per container",
  "category": [
    "Grocery & Gourmet Food",
    "Beverages",
    "Bottled Beverages, Water & Drink Mixes",
    "Juices"
  ],
  "alt_images": [
    "https://m.media-amazon.com/images/I/116qDl6cPEL.jpg"
  ],
  "product_detail": {
    "Item Weight": "2 Pounds",
    "Manufacturer": "Big Train",
    "ASIN": "B000DINK6A",
    "Units": "1.00 Count",
    "Customer Reviews": "5.0 5.0 out of 5 stars 2 ratings"
  },
  "important_information": {
    "Ingredients": "STRAWBERRY PUREE, BEET SUGAR, TEA INFUSION (WATER, BLACK TEA, GREEN TEA), NATURAL AND ARTIFICIAL FLAVORS, ASCORBIC ACID (VITAMIN C), VEGETABLE GUM, SODIUM CITRATE, RED 40, SODIUM BENZOATE (TO PRESERVE FRESHNESS).STRAWBERRY PUREE, BEET SUGAR, TEA INFUSION (WATER, BLACK TEA, GREEN TEA), NATURAL AND ARTIFICIAL FLAVORS, ASCORBIC ACID (VITAMIN C), VEGETABLE GUM, SODIUM CITRATE, RED 40, SODIUM BENZOATE (TO PRESERVE FRESHNESS).",
    "Legal Disclaimer": "Statements regarding dietary supplements have not been evaluated by the FDA and are not intended to diagnose, treat, cure, or prevent any disease or health condition.Statements regarding dietary supplements have not been evaluated by the FDA and are not intended to diagnose, treat, cure, or prevent any disease or health condition."
  },
  "rating": {
    "score": "5 out of 5",
    "dist": {
      "5 star": "100%",
      "4 star": "0%",
      "3 star": "0%",
      "2 star": "0%",
      "1 star": "0%"
    }
  },
  "top_comments": [
    {
      "date": "March 2, 2017",
      "title": "Yum!",
      "score": "5.0 out of 5 stars",
      "text": "Best tasting smoothie ever! I add banana to it.",
      "helpfulness": "0"
    },
    {
      "date": "September 27, 2007",
      "title": "Smoothies",
      "score": "5.0 out of 5 stars",
      "text": "This is one of the best additions added to fresh fruit I have found for smoothies. My Grandsons have to have one every time they visit, I like them too. I freeze any leftover and they are great then too.",
      "helpfulness": "0"
    }
  ]
}