{
  "product_title": "Suzie's Flatbread, Multi-Seed, 4.5-Ounce Bags (Pack of 12)",
  "byline_info": "Visit the SUZIE'S Store",
  "product_description": "Cracker snacks. All natural. Low fat. The flavor is full and satisfying. As consumers care more about what they eat, the people at Suzie's Snacks have blended these ancient grains with other natural and alternative ingredients in ways that are new to most shoppers. The result is better choices for healthy, natural snacks. Product of USA.",
  "category": [
    "Grocery & Gourmet Food",
    "Snacks & Sweets",
    "Snack Foods",
    "Crackers",
    "Flatbread"
  ],
  "alt_images": [
    "https://m.media-amazon.com/images/I/51pzF-EOhKL.jpg",
    "https://m.media-amazon.com/images/I/51c4GCCt87L.jpg",
    "https://m.media-amazon.com/images/I/51pVAObCSXL.jpg",
    "https://m.media-amazon.com/images/I/51i3d8uijtL.jpg"
  ],
  "product_detail": {
    "Package Dimensions": "12.5 x 9.7 x 7.7 inches; 5.45 Pounds",
    "Item model number": "513",
    "UPC": "022929515137",
    "Manufacturer": "Suzie's",
    "ASIN": "B000FDMQGS",
    "Units": "54.0 Ounce",
    "Customer Reviews": "4.0 4.0 out of 5 stars 2 ratings"
  },
  "important_information": {
    "Safety Information": "Allergen Statement: This products is produced in a facility that manufactured items which may contain soy & or tree nuts.Allergen Statement: This products is produced in a facility that manufactured items which may contain soy & or tree nuts.",
    "Ingredients": "Enriched wheat flour(niacin,iron,thiamin,riboflavin),organic corn flour,water,sesame seeds,malt,non-hydrogenated soybean oil,poppy seeds,garlic powder,caraway seeds,dehydrated onion flakes,salt,yeast,egg whites.Enriched wheat flour(niacin,iron,thiamin,riboflavin),organic corn flour,water,sesame seeds,malt,non-hydrogenated soybean oil,poppy seeds,garlic powder,caraway seeds,dehydrated onion flakes,salt,yeast,egg whites.",
    "Legal Disclaimer": "Statements regarding dietary supplements have not been evaluated by the FDA and are not intended to diagnose, treat, cure, or prevent any disease or health condition.Statements regarding dietary supplements have not been evaluated by the FDA and are not intended to diagnose, treat, cure, or prevent any disease or health condition."
  },
  "rating": {
    "score": "4 out of 5",
    "dist": {
      "5 star": "0%",
      "4 star": "100%",
      "3 star": "0%",
      "2 star": "0%",
      "1 star": "0%"
    }
  },
  "top_comments": [
    {
      "date": "June 27, 2011",
      "title": "I love these flatbread",
      "score": "4.0 out of 5 stars",
      "text": "When i first tasted these i feel in love with them, then i notice that I could get them by the dozen which was very very good my only problem is that several of my packages had a whole in it, it wasn't that bad because it did not spoil, I would probably order again but ask that you check to make sure there aren't any whole in the opening of the package",
      "helpfulness": "0"
    },
    {
      "date": "April 10, 2015",
      "title": "Suzie's multi-seed flatbread meets my cracker needs",
      "score": "4.0 out of 5 stars",
      "text": "I was looking for a replacement product for the Seeded Tortilla Flatbread crackers that I loved but that Trader Joe's has recently discontinued.  Suzy's multi-seeded flat bread crackers are a reasonable substitution, although they may have slightly more salt and sugar. The flavor, shape, and crispness is pretty close, and I recommend it for others who were also addicted to the TJ's flatbread crackers.",
      "helpfulness": "0"
    }
  ]
}