{
  "product_title": "Zotz Fizzy Old Fashioned Hard Candy Assorted Fruit Flavored, Cherry, Apple, Watermelon Individually Wrapped. Filled With A Fizzy Center Gluten-Free, From Italy Since 1970 (48 Strings, Total 192 Units)",
  "byline_info": "Visit the Zotz Store",
  "product_description": "",
  "category": [
    "Grocery & Gourmet Food",
    "Snacks & Sweets",
    "Candy & Chocolate",
    "Hard Candy"
  ],
  "alt_images": [
    "https://m.media-amazon.com/images/I/51a9wmFBuHL.jpg",
    "https://m.media-amazon.com/images/I/51zAeIb3pmL.jpg",
    "https://m.media-amazon.com/images/I/41bXnbZ0lUL.jpg",
    "https://m.media-amazon.com/images/I/31j-71kOHLL.jpg",
    "https://m.media-amazon.com/images/I/51BmqJIJ3TL.jpg",
    "https://m.media-amazon.com/images/I/61W6FA+gwJL.jpg",
    "https://m.media-amazon.com/images/I/51H6Fsi8wmL.jpg"
  ],
  "product_detail": {
    "Is Discontinued By Manufacturer": "No",
    "Package Dimensions": "9.8 x 8.35 x 3.07 inches; 2.06 Pounds",
    "Item model number": "500",
    "Manufacturer": "Andre Prost, Inc.",
    "ASIN": "B000E7SYLG",
    "Units": "192.0 Count",
    "Best Sellers Rank": "#78,227 in Grocery & Gourmet Food (See Top 100 in Grocery & Gourmet Food) #2,075 in Hard Candy",
    "#2,075 in Hard Candy": "",
    "Customer Reviews": "4.6 4.6 out of 5 stars 312 ratings"
  },
  "important_information": {
    "Ingredients": "Sugar, Corn Syrup, Malic Acid, Sodium Bicarbonate, Tartaric Acid, Artificial Flavors, Artificial Colors (F.d. &C. Yellow N.5, Yellow N. 6, Red N. 40).Sugar, Corn Syrup, Malic Acid, Sodium Bicarbonate, Tartaric Acid, Artificial Flavors, Artificial Colors (F.d. &C. Yellow N.5, Yellow N. 6, Red N. 40).",
    "Legal Disclaimer": "Statements regarding dietary supplements have not been evaluated by the FDA and are not intended to diagnose, treat, cure, or prevent any disease or health condition.Statements regarding dietary supplements have not been evaluated by the FDA and are not intended to diagnose, treat, cure, or prevent any disease or health condition."
  },
  "rating": {
    "score": "4.6 out of 5",
    "dist": {
      "5 star": "84%",
      "4 star": "5%",
      "3 star": "3%",
      "2 star": "3%",
      "1 star": "5%"
    }
  },
  "top_comments": [
    {
      "date": "July 6, 2025",
      "title": "Great taste",
      "score": "5.0 out of 5 stars",
      "text": "Amazing flavor! Everyone I've shared these with think they taste amazing.",
      "helpfulness": "0"
    },
    {
      "date": "September 13, 2009",
      "title": "CHILDHOOD MEMORIES (AND THE INTERNET) CAN BE WONDERFUL THINGS",
      "score": "5.0 out of 5 stars",
      "text": "When I was growing up, penny candy was one of the simple joys of life.  Even if you were 5, you didn't need a lot on money to go into the neighborhood penny candy store by yourself and purchase a bag full of sheer decadence!  And although I found candy, in general, to be completely irresistible, ZOTZ were, by far, my favorite.Talking about childhood memories and the candy we enjoyed with a friend of mine recently prompted me to go looking for this simple sweet treat on the Internet.  Having not seen the candy in over 40 years, I was only really expecting to find a brief history/write-up, if that, on the item since I didn't think they were being made any more.  Imagine my pure elation when I discovered they were still around (and could be ordered on AMAZON!).  I couldn't order them fast enough!When I finally received my package and popped that first ZOTZ (in decades) into my mouth, it was like being transported back in time.  The anticipation and exhilaration of that explosion of fizz and flavor to overtake my mouth when I finally bit into the hard candy shell and released the flavorful fizz inside ...  pure rapture!  I have to say, while the experience on the whole was certainly wonderful, the 'fizz experience' was somewhat less than I remembered (as a child, it was all I could do to keep my lips together so the fizz didn't escape my mouth), but, all-in-all, well-worth the price of admission.  Would I do it again?  Oh yeh!  Would I recommend it to others?  For sure!  (DISCLAIMER: INDIVIDUAL RESULTS MAY VARY).",
      "helpfulness": "One"
    },
    {
      "date": "December 10, 2024",
      "title": "Tasty and didn't arrived crushed!",
      "score": "5.0 out of 5 stars",
      "text": "Surprised these arrived undamaged. Good stuff!",
      "helpfulness": "0"
    },
    {
      "date": "November 28, 2024",
      "title": "GREAT favor with a fizz in the center! LOVE it!",
      "score": "5.0 out of 5 stars",
      "text": "This is a special candy I buy in bulk and hand them out to everyone I meet.  They are that good and different.",
      "helpfulness": "0"
    },
    {
      "date": "May 29, 2023",
      "title": "They’re zots, what else do you need",
      "score": "5.0 out of 5 stars",
      "text": "Just like you remember them, absolutely delicious. This is the one definitively good thing about being an adult, you can buy a whole box of zots if you want to. Feels good.",
      "helpfulness": "0"
    },
    {
      "date": "October 24, 2020",
      "title": "Great value",
      "score": "5.0 out of 5 stars",
      "text": "I discovered  these at a popular candy shop in the city and knew I wanted more. These are great and better than the store ones because  they were fresher and didn't stick to the wrapper. Plus it's cheaper with prime shipping",
      "helpfulness": "0"
    },
    {
      "date": "February 8, 2011",
      "title": "Childhood favorite!",
      "score": "5.0 out of 5 stars",
      "text": "I loved Zotz as a kid. You get 48 packs, which has 4 pieces, so you end up with 192 Zotz. At the time that I purchased these, it was around $10.00 for the whole box, which ends up about 5cents per each Zotz which is reasonable, especially for something I have not seen in a store in a long time. The candy arrived well-packaged and protected. I have not found any broken pieces. My 13-year-old really likes them too. This candy would pose a choking hazard for young children though, so I would not recommend them unless your child is old enough to suck on hard candy without accidentally swallowing or choking on it. The candy is very sour, so you better have a taste for sour stuff :)",
      "helpfulness": "4"
    },
    {
      "date": "September 14, 2012",
      "title": "Delicious Fizziness!",
      "score": "5.0 out of 5 stars",
      "text": "My husband and I love these candies!  They start out like a normal hard candy with a bit of zing in their flavor.  Then the little hole on the side of the candy (where they put the fizzy solution into the candy) usually starts to fizz.  I try to wait at this point to eat more of the hard outside but I usually can't.  Once you bite through the hard outside the entire inside is fizzing and has a similar flavor to the hard outside.  The fizzing is similar but more prolonged that Pop Rocks and these have much better flavors.Delicious!",
      "helpfulness": "One"
    }
  ]
}