{
  "product_title": "A.1. Steakhouse Chicago Marinade (16 oz Bottles, Pack of 6)",
  "byline_info": "Brand: A.1.",
  "product_description": "Product Description   A.1. Chicago Steakhouse Marinade delivers the classic A.1. flavor you love to enhance your family's favorite dishes. This delicious marinade brings out bold and rich flavor from any meat you're cooking. Add this tasty bottled marinade to steak, chicken or pork by covering the meat with sauce and refrigerating for at least 30 minutes. For more tender and juicy meat, marinate longer, or brush marinade sauce on top while grilling or broiling. Use it to add extra flavor to your steak dinner, or brush this marinade on a chicken kebab before grilling. Each 16 fluid ounce bottle contains 33% more than the leading national competitor. From steak sauce to marinades and meat rubs, A.1. adds delicious flavor to all your family favorites.   About the Brand   Kraft has come a long way since 29-year-old James L. Kraft moved from Ontario, canada, to Chicago and started selling cheese to grocers from a horse-drawn wagon. In fact, the story dates back further, since for more than 200 years, many companies have united to make Kraft Foods what it is today. It started before the Revolution--in Dorchester, Massachusetts--when, in 1765, a local physician, Dr. James Baker, went into partnership with a young Irish chocolate-maker, John Hannon. It was America's first chocolate mill, where, in 1780, they made a blend of quality chocolate called Baker's chocolate. Baker's chocolate was the first of a long list of companies that have joined Kraft Foods, Inc., in making good food for busy families.  In 1988, Kraft became part of Philip Morris Companies Inc., and a year later Philip Morris Companies combined Kraft and General Foods Corp. to form Kraft General Foods, the largest food company in the U.S. Some of the most popular and well-known brands in the Kraft family include Maxwell House, Yuban, Oscar Mayer, Breakstone, Grape-Nuts, Jell-O, Post, Minute Rice, Cheez Whiz, Cracker Barrell, Tang, Cool Whip, Shake 'N Bake, Stove Top, General Foods International Coffees, and many, many more.   \n  From the Manufacturer   Inspired by the great steakhouses of Chicago, this robust marinade combines coarse black pepper and roasted red bell peppers to create a flavor you would expect from your favorite steakhouse. A1 Chicago Steakhouse Marinade enhances the natural flavor of all kinds of meat, poultry, seafood, and vegetables. Made with tomato puree, bell peppers, and a bold blend of seasonings, it also tastes fabulous when added to stews, sauces, and casseroles. With its rich and memorable flavor, A1 Chicago Steakhouse Marinade brings the legendary tastes of Chicago's best steakhouses to your own table.   See more",
  "category": [
    "Grocery & Gourmet Food",
    "Pantry Staples",
    "Sauces, Gravies & Marinades",
    "Seasoning Mixes"
  ],
  "alt_images": [
    "https://m.media-amazon.com/images/I/51Ozv0ocMBS.jpg",
    "https://m.media-amazon.com/images/I/61kxjoihPSS.jpg",
    "https://m.media-amazon.com/images/I/511PpxcI+IS.jpg",
    "https://m.media-amazon.com/images/I/512Nq1f0RNS.jpg",
    "https://m.media-amazon.com/images/I/61bTXQf2GuS.jpg",
    "https://m.media-amazon.com/images/I/512k3vZRoKS.jpg",
    "https://m.media-amazon.com/images/I/51hqgFPf35S.jpg"
  ],
  "product_detail": {
    "Is Discontinued By Manufacturer": "No",
    "Product Dimensions": "8.5 x 7.1 x 6.3 inches; 7.55 Pounds",
    "Item model number": "10054400001713",
    "Manufacturer": "Kraft-Heinz",
    "ASIN": "B000E1FZ28",
    "Units": "96.0 Ounce",
    "Best Sellers Rank": "#23,213 in Grocery & Gourmet Food (See Top 100 in Grocery & Gourmet Food) #89 in Seasoning Mixes",
    "#89 in Seasoning Mixes": "",
    "Customer Reviews": "4.6 4.6 out of 5 stars 1,868 ratings"
  },
  "important_information": {
    "Safety Information": "This product is labelled to United States standards and may differ from similar products sold elsewhere in its ingredients, labeling and allergen warningsThis product is labelled to United States standards and may differ from similar products sold elsewhere in its ingredients, labeling and allergen warnings",
    "Ingredients": "TOMATO PUREE (WATER, TOMATO PASTE), VINEGAR, HIGH FRUCTOSE CORN SYRUP, SOYBEAN OIL, SALT, RED BELL PEPPERS, CONTAINS LESS THAN 2% OF SPICE, LEMON JUICE CONCENTRATE, RED BELL PEPPERS*, GARLIC*, MODIFIED FOOD STARCH, ONIONS*, PAPRIKA, XANTHAN GUM, POTASSIUM SORBATE AND CALCIUM DISODIUM EDTA TO PRESERVE FRESHNESS, NATURAL FLAVOR. *DRIEDTOMATO PUREE (WATER, TOMATO PASTE), VINEGAR, HIGH FRUCTOSE CORN SYRUP, SOYBEAN OIL, SALT, RED BELL PEPPERS, CONTAINS LESS THAN 2% OF SPICE, LEMON JUICE CONCENTRATE, RED BELL PEPPERS*, GARLIC*, MODIFIED FOOD STARCH, ONIONS*, PAPRIKA, XANTHAN GUM, POTASSIUM SORBATE AND CALCIUM DISODIUM EDTA TO PRESERVE FRESHNESS, NATURAL FLAVOR. *DRIED",
    "Directions": "Pour 1/2 cup marinade over steak, chicken or pork. Cover and refrigerate for at least 30 minutes. Marinate longer for richer flavor and more tender and juicy meat.Pour 1/2 cup marinade over steak, chicken or pork. Cover and refrigerate for at least 30 minutes. Marinate longer for richer flavor and more tender and juicy meat.",
    "Legal Disclaimer": "Statements regarding dietary supplements have not been evaluated by the FDA and are not intended to diagnose, treat, cure, or prevent any disease or health condition.Statements regarding dietary supplements have not been evaluated by the FDA and are not intended to diagnose, treat, cure, or prevent any disease or health condition."
  },
  "rating": {
    "score": "4.6 out of 5",
    "dist": {
      "5 star": "81%",
      "4 star": "10%",
      "3 star": "4%",
      "2 star": "1%",
      "1 star": "4%"
    }
  },
  "top_comments": [
    {
      "date": "June 23, 2025",
      "title": "Flavor That Transforms Any Steak!",
      "score": "5.0 out of 5 stars",
      "text": "A.1. really nailed it with this New York Steakhouse marinade! I’ve used it on ribeyes, sirloins, and even pork chops, and it never disappoints. The flavor is bold, savory, and perfectly balanced, not too salty or overpowering. It tenderizes the meat beautifully and adds that steakhouse quality taste right at home.I especially appreciate the convenience of the 16 oz bottle, and buying it in a pack ensures I never run out before the next BBQ. Whether you’re grilling, baking, or broiling, this marinade takes your meat to the next level.If you love A.1. and bold steakhouse flavor, this is a must-have in your kitchen!",
      "helpfulness": "0"
    },
    {
      "date": "May 2, 2025",
      "title": "Great marinade",
      "score": "5.0 out of 5 stars",
      "text": "I order this marinade once a year 6 pack durning cook out season. I can't find it in the stores. Delicious  on steak, chicken and pork chops. Fast delivery.",
      "helpfulness": "One"
    },
    {
      "date": "March 5, 2022",
      "title": "Spice Season Marinade",
      "score": "5.0 out of 5 stars",
      "text": "The media could not be loaded.\n                \n\n\n\nMany excellent ways to use A1 marinades. My preferred way; A1 Marinade, McCormick Montreal Seasoning, Jack Daniels Bourbon, in a Ziploc bag. Always use good meats! These are from Safeway grocery. The critics frown on over seasoned meat. The trick is, most of the seasoning will burn off on the grill. Next trick is, alway keep the upside of steak, wet with marinade. The first upside, from the marinade bag. The second upside, from the bottle. Third trick is more of a technique, the fuel. I swear by charcoal and wood mixture. Mesquite is my main fuel. Any wood or charcoal added, adds more flavor. Which brings me to my final trick! Never use lighter fluid! It will negatively flavor the food! Chimney starters, and balled up newspaper only! Some more technique? Grill lines? Charring? Ribboning? All good stuff! Grill lines - very hot grates. Charring - fire touching meat. Ribboning - that perfect pink or red strip in the center - perfect timing, amount of time searing on both sides. All made possible by A1 Marinade!",
      "helpfulness": "2"
    },
    {
      "date": "October 22, 2023",
      "title": "The God's themselves use this product",
      "score": "5.0 out of 5 stars",
      "text": "There's nothing on this planet, nor in the heavens above that can make chicken taste this damn good. Even a vegan would cross the line to eat chicken marinated in this. That's a bold statement, but I can't help that it's true. You want to feel reborn....marinate chicken in this product and enjoy. I have no doubt it's adding healthy years on the end of my life each time I devour it.",
      "helpfulness": "One"
    },
    {
      "date": "June 12, 2025",
      "title": "Makes for a savory katsu (chicken and pork) sauce!",
      "score": "4.0 out of 5 stars",
      "text": "Good flavor with a nice kick from the A1 sauce.This makes for an alternative katsu (chicken and pork) sauce, since my quick and dirty sauce is A1 + ketchup.Great value for the money since I got to pick these up from Amazon Resale; regular A1 sauce bought locally is not cheap!I will be enjoying this just to slap on my steaks for the next few months!",
      "helpfulness": "0"
    },
    {
      "date": "September 3, 2020",
      "title": "I don't follow the instructions, just marinate it for like 15 to 30 minutes and wipe off excess",
      "score": "5.0 out of 5 stars",
      "text": "This stuff makes amazing juicy steak but if you let it marinate as long as the package says, it flat out won't taste good at all.I like to cut my steaks thinner or make a long slit and splay it open to get the marinade up in there and let it sit for about 15 minutes maybe 30 then grill it and while the marinade is still wet, just before it becomes part of the meat, wipe off the marinade then let it finish cooking. If I'm being lazy then I just marinate it for about 30 minutes and then wipe off most of the excess marinade and then put it on the grill.Great if you under marinate it, horrible nasty crap if you don't. And don't buy the Chicago or other flavors. New York is the only one that tastes good.",
      "helpfulness": "4"
    },
    {
      "date": "June 25, 2024",
      "title": "Favorite marinade!",
      "score": "5.0 out of 5 stars",
      "text": "Excellent on steaks, pork chops, and even chicken! This is our go-to marinade, and we keep it stocked for summer grilling!",
      "helpfulness": "One"
    },
    {
      "date": "December 4, 2024",
      "title": "Awesome fit",
      "score": "5.0 out of 5 stars",
      "text": "Cover fit just right and was everything as described thank you 5 stars !!!",
      "helpfulness": "0"
    }
  ]
}