{
  "product_title": "Numi Organic Tea Golden Chai, Full Leaf Black Tea in Teabags, 18-Count Box (Pack of 6)",
  "byline_info": "Visit the Numi Store",
  "product_description": "Product description   Food items cannot be returned.   About the Brand   Numi's vision is to inspire well-being of mind, body, and spirit through the simple art of tea. Numi elevates the tea experience through quality, creativity, and authenticity. We are grateful to those who contribute to our tea journey, and we hope to have a positive impact on all members of our \"Communitea\"--from farmer to packer to our fellow tea drinker. Conscientious of the impact of our actions, we aspire to be environmentally responsible and globally sustainable by using recyclable and biodegradable packaging and sustainable bamboo in our merchandising. The Numi Journey In the fall of 1999, brother and sister Ahmed and Reem had a vision-to revive the serenity, creativity, and comfort that is inspired by the simple art of tea. Both artistic souls and world explorers, the two siblings have combined their belief in the transcendental properties of tea with their individual passions for photography, art, and culture. The result of this blend was Numi Tea, a refreshing and innovative selection of teas and teasans that awaken the palate, inspire the soul, and gracefully enhance water's unique potential.  The brother and sister duo behind Numi TeaAhmed, the master alchemist behind Numi's blends, discovered the calming simplicity of tea and herbal teasans while living in Prague, Czech Republic, where he co-owned and ran two teahouses. A distinguished photographer, Ahmed used his artistic and intuitive nature as a foundation for his innovative and artisan approach to the blending of teas.  Fluent in English, Arabic, French, German and Czech, Ahmed is a citizen of the world; each pot of Numi tea is an amalgamation of his worldly cultural knowledge, his in-depth understanding of teas, and his appreciation for quality.  Ahmed's sister Reem has a background that is almost as diverse as the selection of Numi teas. Before the advent of Numi, Reem, a biomedical engineer, moved to Italy to nurture her artistic aspirations. Reem has exhibited her artwork around the world in San Francisco, New York City, Melbourne, and Florence. But you don't need to be a globetrotter to admire her artwork--Reem's original paintings are also exhibited on each one of Numi's packages. Inspired by her brother's photos and by the meditative nature and timeless essence of tea, Reem painted Numi's artwork using oil on small tin plates, with imagery that evokes a slower, more contemplative way of being. Reem believes that tea, like art, has a universal essence and is a portal for self-reflection. What started as a dream in Reem's small Oakland apartment moved to a lovely 25,000 squrare-foot space on the Oakland waterfront and has progressed into an exciting and delicious journey. Since its beginning, Numi has carved a distinct path in the U.S. tea world by introducing exotic teas such as Rooibos (Red Tea), Lemon Myrtle, Honeybush, and Dry Desert Lime, and also by offering full-leaf tea in teabags, without added oils or flavorings. Numi continues to pave the way and set new tea trends, most recently with its creation of the hand-sewn and handcrafted \"Flowering Teas.\"",
  "category": [
    "Grocery & Gourmet Food",
    "Beverages",
    "Tea",
    "Black"
  ],
  "alt_images": [
    "https://m.media-amazon.com/images/I/51z-VGs0TdL.jpg"
  ],
  "product_detail": {
    "Product Dimensions": "7.25 x 8.25 x 5.75 inches; 1.2 Pounds",
    "Item model number": "10180",
    "UPC": "680692601800",
    "Manufacturer": "Numi",
    "ASIN": "B000FFS91M",
    "Units": "9.9 Ounce",
    "Best Sellers Rank": "#414,827 in Grocery & Gourmet Food (See Top 100 in Grocery & Gourmet Food) #4,231 in Black Tea",
    "#4,231 in Black Tea": "",
    "Customer Reviews": "4.5 4.5 out of 5 stars 17 ratings"
  },
  "important_information": {
    "Ingredients": "Fair Trade Certified Organic Assam Black Tea, Organic Cinnamon, Organic Ginger, Organic Green Cardamom, Organic AniseFair Trade Certified Organic Assam Black Tea, Organic Cinnamon, Organic Ginger, Organic Green Cardamom, Organic Anise",
    "Directions": "Bring fresh water to a boil and carefully pour over a bag of Golden Chai. Steep 3-5 minutes to capture the full taste. Over steeping brings out bitterness from tannin, a natural part of tea. Add warm milk for a Chai delight.Bring fresh water to a boil and carefully pour over a bag of Golden Chai. Steep 3-5 minutes to capture the full taste. Over steeping brings out bitterness from tannin, a natural part of tea. Add warm milk for a Chai delight.",
    "Legal Disclaimer": "Statements regarding dietary supplements have not been evaluated by the FDA and are not intended to diagnose, treat, cure, or prevent any disease or health condition.Statements regarding dietary supplements have not been evaluated by the FDA and are not intended to diagnose, treat, cure, or prevent any disease or health condition."
  },
  "rating": {
    "score": "4.5 out of 5",
    "dist": {
      "5 star": "68%",
      "4 star": "16%",
      "3 star": "16%",
      "2 star": "0%",
      "1 star": "0%"
    }
  },
  "top_comments": [
    {
      "date": "May 27, 2010",
      "title": "Authentic, delicious chai flavor",
      "score": "5.0 out of 5 stars",
      "text": "I love chai (unsweetened) & usually sprinkly the spices in a standard black tea. However, I've tried other chai formulations so I can get the chai flavor quickly. I tried the Numi Golden Chai for the first time a couple months ago at a small coffee shop near the Indiana University campus & liked it so much that I asked if they sold boxes of the tea bags. I quickly finished the bag of tea in a couple weeks, but live two hours away & wouldn't make a trip to IU to buy the tea. The next best thing was to search for it on the Internet. I found several places, but ordered the multiple boxes from Amazon because the price with free shipping made the overall cost less than other vendors. The tea is the same delicious blend that I can now enjoy for a few more months before I have to re-order my new favorite tea bag formulation!",
      "helpfulness": "0"
    },
    {
      "date": "October 29, 2007",
      "title": "a little disappointing . . .",
      "score": "3.0 out of 5 stars",
      "text": "I ordered this tea in search of a good chai in a tea bag. (My favorite is Harney & Sons \"Indian Spice\" but it is a loose tea, pretty expensive, they make tea bags, too, but they are even more expensive.) So I was on a mission to find a really good chai, with less mess.  The spice in this chai is great, tastes very good, but it is lacking tea flavor and body, if I put too much milk in it, it over powers the tea altogether.  It just seems watery to me, maybe I'll try 2 tea bags per cup.  I really relied on the reviews above and the worst part is I bought the 6-pack and now I have all this tea I really don't care for.",
      "helpfulness": "7"
    },
    {
      "date": "June 26, 2008",
      "title": "Flavorful",
      "score": "4.0 out of 5 stars",
      "text": "Delicious spicy black tea.  You can sweeten and add milk if you like it that way.  Better than the chai found in some famous coffee places!",
      "helpfulness": "One"
    },
    {
      "date": "November 17, 2006",
      "title": "Simply, my quest for perfect Chai has ended",
      "score": "5.0 out of 5 stars",
      "text": "I started drinking Chai tea in 2000, having given up coffee. I needed something to replace my coffee,without the ferocious caffeine attack that begins shortly afterwards.  In my search for the best chai tea, I have triedTazo[very good},Celestial seasonings[okay]Stash[good] Big Train[a mix, sweet}Yogi{okay-good} Revolution Bombay Chai[very good]Alto eco ceylon Chai{very Good} Kashmiri Chai[very Good}Tetley{surprisingly good} looose Chai from Stash[good} Fresh Direct[very good] Tazo{very Good] and local tea sellers. NUMI TEA GOLDEN CHAI IS THE BEST I HAVE TASTED. Not too spicey,it hold the tea flavor both with milk and soy milk,plain and with sugar[and splenda] It is spicey not biting, strong not overpowering. Simply excellent! And organic to boot!",
      "helpfulness": "13"
    },
    {
      "date": "February 27, 2013",
      "title": "Just Love this Chai Tea",
      "score": "5.0 out of 5 stars",
      "text": "Very balanced, very flavorful chai tea.  Like the fact that it's organic black assam tea. As with most chais it is seasonsed with cinnamon - but cinammon is not the dominating (some times biting) taste that comes through. I'm not crazy about tea where I feel like I'm drinking down one of those spicey/hot cinammon candies. I'm hooked on this tea!",
      "helpfulness": "2"
    },
    {
      "date": "October 4, 2014",
      "title": "A nice chai, but very weak",
      "score": "3.0 out of 5 stars",
      "text": "This tea is a bit too subtle for me - the flavors are nice, but the tea is quite weak.  I think someone new to tea drinking might enjoy this.",
      "helpfulness": "0"
    },
    {
      "date": "November 19, 2015",
      "title": "Better than it used to be...",
      "score": "4.0 out of 5 stars",
      "text": "This tea has definitely improved since the first time I tried it. It seems like the ginger flavor is stronger and very prominent. Two teabags are what it takes to make one cup of tea. That way it is strong enough. I put half-and-half and a packet or two of stevia in this tea and it is satisfying. I'd still like them to increase the other spices and maybe add black pepper. It would be nicer if this was a little more spicy like more traditional Indian chai tea.~The Rebecca Review",
      "helpfulness": "One"
    },
    {
      "date": "April 16, 2015",
      "title": "Five Stars",
      "score": "5.0 out of 5 stars",
      "text": "Best Tea EVER! Love this golden chai, drink it every day!",
      "helpfulness": "One"
    }
  ]
}