{
  "product_title": "Dingo Dental Bone For Small Dogs, Chicken, 1.4-Ounce",
  "byline_info": "Visit the Dingo Store",
  "product_description": "Product Description   The Dingo brand combines powerful flavors and benefits to create bones, chews and treats that are sure to keep you and your dog wanting more. With a wide variety of shapes and flavors, there are options for any size companion. Dingo Dental Bones come in a variety of sizes and give your pup that flavorful classic chew they crave. Each knotted bone is made with real chicken in the middle. Dingo Dental Bones, For Total Care, are a daily oral health chew that reduces tartar and plaque and freshens breath due to the natural action of chewing, and that’s something you and your pup can smile about. Treat your pup with a fun chew that satisfies and freshens. These classic shaped chews are great for small dogs. Feed Dingo Dental Bones as a treat or snack. Always provide plenty of fresh drinking water. Keep your chews fresh with the resealable pouch. This package contains 1 Small Dental Bone.   Amazon.com   The Story Behind the BoneIn the 1990's, the Dingo brand started with a man named Les and his dog, Dingo. Like most dogs, Dingo had an instinctual need to chew, and to his owner's dismay, Dingo enjoyed gnawing on furniture and destroying shoes. In hopes of fixing Dingo's behavioral problems, Les attempted replacing shoes with rawhide bones. Unfortunately, Dingo was not a fan of these traditional rawhide chews. Rather than giving up hope, Les searched for an alternate solution. Coincidentally, Les's wife worked for a jerky company, and Dingo loved the jerky treats. Due to Dingo's adoration of the jerky, Les began soaking the traditional rawhide bones in water and filling them with jerky, leaving some jerky around the edges for Dingo to see. And with that, the Dingo bone was born. Finally, Dingo had a treat that he loved, while still being able to fulfill his chewing needs. Now your dog can enjoy the original Dingo chew in the form of mini bones.The Healthy Treat Dogs LoveThe traditional rawhide bone is a durable, edible bone that serves as a common treat for dogs. With the Dingo Mini Packs, dogs reap the dental benefits of teeth cleansing and gum conditioning, while also enjoying the meaty flavor that the Dingo bone ensures. Because all Dingo bones are hand tied with real meat in the middle, they provide the highest quality treat for your dog. This treat is both easily digestible and soft enough not to damage dogs' teeth, making it a safe and healthy bone that your dog will love.One of a KindIn 1997, the Dingo brand was granted a patent for the single most logical improvement on the rawhide dog chew in thirty years. Due to its meat in the middle quality, the Dingo bone is the only product of its kind on the market. This allows dogs to experience a unique treat that's innovation and uniqueness separates it from traditional rawhide bones. Although competitors have attempted to mimic the Dingo bone, no other product combines rawhide with real meat in the middle to create a longer-lasting treat that encourages your dog to chew through the entire bone.Dingo comes in various types!Dingo comes in different shapes, flavors and functional forms: Dingo Knotted Bones Dingo Rolls, Chips & Twists Dingo Novelty Shapes Dingo Naturals  Dingo Soft & Chewy Dingo Healthy & Flavorful Chews  Dingo Dental Tartar Control Dingo Dental Total Care Dingo Dental Fresh Breath  Dingo Munchy",
  "category": [
    "Pet Supplies",
    "Dogs",
    "Treats",
    "Rawhide",
    "Bones"
  ],
  "alt_images": [
    "https://m.media-amazon.com/images/I/419t16SuYaL.jpg",
    "https://m.media-amazon.com/images/I/31CLdgLLkWL.jpg",
    "https://m.media-amazon.com/images/I/51fBbmJIiGL.jpg",
    "https://m.media-amazon.com/images/I/51LcsOrOYKL.jpg",
    "https://m.media-amazon.com/images/I/51BIvoN6jLL.jpg",
    "https://m.media-amazon.com/images/I/31kOFiYxIiL.jpg"
  ],
  "product_detail": {
    "Is Discontinued By Manufacturer": "No",
    "Product Dimensions": "14 x 13 x 4 inches; 2.24 ounces",
    "Item model number": "156073",
    "Department": "Pet Supplies",
    "Date First Available": "July 1, 2004",
    "Manufacturer": "Dingo",
    "ASIN": "B000FPKZS2",
    "Customer Reviews": "3.6 3.6 out of 5 stars 12 ratings"
  },
  "important_information": {},
  "rating": {
    "score": "3.6 out of 5",
    "dist": {
      "5 star": "24%",
      "4 star": "46%",
      "3 star": "15%",
      "2 star": "0%",
      "1 star": "15%"
    }
  },
  "top_comments": [
    {
      "date": "April 15, 2008",
      "title": "DO NOT BUY THIS BONE, IT WILL MAKE YOUR DOG SICK.",
      "score": "1.0 out of 5 stars",
      "text": "I bought this bone for our 8 month old schnoodle. He loved it, and ate all of the inside 'meat' within two days. True, he shouldn't have been left to eat it so quickly but he also shouldn't have gotten sick. The day after he started eating this bone, he developed diarrhea with some blood for a couple of days. After a week, he is still having loose stool and yesterday he vomited twice. Otherwise, he has been eating his food and drinking water as usual and is playing like he always does so we have been trying to wait for his system to clear up on its own. Another couple of days of these symptoms and we'll be taking him to the vet. Btw, I did a google search on the Dingo brand for any cases of puppies/dogs getting sick and I found multiple hits where people were talking about their dog having the same reaction as ours did. I also found out that there was a recall on another type of Dingo treat 1 year ago. Please look for another brand of bones for your pet, better to be safe then sorry.",
      "helpfulness": "4"
    },
    {
      "date": "October 7, 2012",
      "title": "dog had no interest",
      "score": "3.0 out of 5 stars",
      "text": "My Chauncy is spoiled. He gets raw marrow bones so he did not have an interest in this. May be good for a dog that hasn't had the taste of a real bone.",
      "helpfulness": "0"
    },
    {
      "date": "February 21, 2015",
      "title": "Good dog treat",
      "score": "5.0 out of 5 stars",
      "text": "My dog (70lb boxed/ rot mix) loves these. It takes her about 30 minutes to go through half of one. I normally give her half one day and half the next.",
      "helpfulness": "0"
    },
    {
      "date": "April 27, 2015",
      "title": "My dogs really liked this & it lasted long enough that they both ...",
      "score": "5.0 out of 5 stars",
      "text": "My dogs really liked this & it lasted long enough that they both shared it.  :)  I have one terrier & one always hungry Chihuahua  lol",
      "helpfulness": "0"
    },
    {
      "date": "December 7, 2010",
      "title": "Bully's best friend",
      "score": "5.0 out of 5 stars",
      "text": "My American Bulldog, Chaos, loves Dingo Dental Bone. Sadly, the bone is gone within a day because of his teeth! But it's ok because what matters is that he's entertained when he chews on it and does not chew on things that he's not supposed to :-).",
      "helpfulness": "0"
    },
    {
      "date": "November 10, 2016",
      "title": "Five Stars",
      "score": "5.0 out of 5 stars",
      "text": "dog loved it i loved it",
      "helpfulness": "0"
    },
    {
      "date": "October 25, 2015",
      "title": "Five Stars",
      "score": "5.0 out of 5 stars",
      "text": "all gone dogs love them",
      "helpfulness": "0"
    },
    {
      "date": "June 12, 2015",
      "title": "Yum",
      "score": "5.0 out of 5 stars",
      "text": "Pooch seemed to like it.",
      "helpfulness": "0"
    }
  ]
}