{
  "product_title": "Torani Sugar Free Black Cherry Syrup 750mL",
  "byline_info": "Visit the Torani Store",
  "product_description": "Deep-red in hue with the aroma of fresh-picked summer cherries. Its subtle almond background notes highlight the sweet-tart essence of this complex fruit.",
  "category": [
    "Grocery & Gourmet Food",
    "Beverages",
    "Beverage Syrups & Concentrates",
    "Syrups"
  ],
  "alt_images": [
    "https://m.media-amazon.com/images/I/31MlfzwOcmL.jpg",
    "https://m.media-amazon.com/images/I/41Oqh71vgqL.jpg",
    "https://m.media-amazon.com/images/I/41l9tt-zdxL.jpg",
    "https://m.media-amazon.com/images/I/41C6dV5BOmL.jpg",
    "https://m.media-amazon.com/images/I/41vT5--cNiL.jpg",
    "https://m.media-amazon.com/images/I/413W-JKewAL.jpg",
    "https://m.media-amazon.com/images/I/51-+MdOjEKL.jpg"
  ],
  "product_detail": {
    "Is Discontinued By Manufacturer": "No",
    "Package Dimensions": "12.87 x 5.87 x 3.78 inches; 1.65 Pounds",
    "Item model number": "Torani",
    "UPC": "089036321327",
    "Manufacturer": "Torani",
    "ASIN": "B000CESJN4",
    "Units": "25.4 Fluid Ounces",
    "Best Sellers Rank": "#33,213 in Grocery & Gourmet Food (See Top 100 in Grocery & Gourmet Food) #389 in Syrups",
    "#389 in Syrups": "",
    "Customer Reviews": "4.5 4.5 out of 5 stars 2,713 ratings"
  },
  "important_information": {
    "Legal Disclaimer": "Statements regarding dietary supplements have not been evaluated by the FDA and are not intended to diagnose, treat, cure, or prevent any disease or health condition.Statements regarding dietary supplements have not been evaluated by the FDA and are not intended to diagnose, treat, cure, or prevent any disease or health condition."
  },
  "rating": {
    "score": "4.5 out of 5",
    "dist": {
      "5 star": "76%",
      "4 star": "12%",
      "3 star": "7%",
      "2 star": "2%",
      "1 star": "3%"
    }
  },
  "top_comments": [
    {
      "date": "July 29, 2025",
      "title": "taste is great",
      "score": "5.0 out of 5 stars",
      "text": "great stuff",
      "helpfulness": "0"
    },
    {
      "date": "March 31, 2025",
      "title": "The Secret to the Perfect Diet Coke — I'm Obsessed",
      "score": "5.0 out of 5 stars",
      "text": "I started adding this Torani Sugar-Free Black Cherry Syrup to my diet coke and… I’m never going back. It makes it taste so good—like a fancy soda shop drink but without the sugar or calories. Just one quick pour and it’s totally transformed.The flavor is smooth, not artificial, and it blends in perfectly without leaving any weird aftertaste. I’ve also used it in sparkling water when I want something sweet but still light. It’s honestly the easiest way to make a regular drink feel special.Pros:✔️ Amazing cherry flavor without the sugar✔️ No weird aftertaste✔️ Perfect in diet soda or sparkling water✔️ One bottle lasts a long time✔️ Guilt-free treat that actually tastes greatFinal Thoughts:This syrup is a staple for me now. If you love a good cherry coke vibe without all the sugar, this is it. I always keep a bottle in my pantry—and now I kinda feel fancy every time I pour a drink.",
      "helpfulness": "2"
    },
    {
      "date": "January 30, 2025",
      "title": "Great sugar substitute for cherry syrup",
      "score": "5.0 out of 5 stars",
      "text": "This is a great tasting sugar free alternative for black cherry syrup. I mix it with either water or carbonated water.",
      "helpfulness": "0"
    },
    {
      "date": "September 27, 2023",
      "title": "Use for drinks!",
      "score": "4.0 out of 5 stars",
      "text": "Purchased to make ice cream and no matter what I did, it turned out disgusting! Tried batches with monkfruit, stevia, real sugar- went through at least five tests before giving up entirely. Including trying the recipe another reviewer left.  That said, in trying to find a way to use it up so I didn't have to throw an entire bottle out, it did work in mixed drinks. 2 Tablespoons lemonade mix, 1-2 oz of this syrup, and 12oz-16oz water helped use it up. Wouldn't personally purchase again, but if you're looking to make cherry drinks, it did work well for that!",
      "helpfulness": "0"
    },
    {
      "date": "May 5, 2025",
      "title": "Tastes good in ice tea",
      "score": "5.0 out of 5 stars",
      "text": "As advertised",
      "helpfulness": "0"
    },
    {
      "date": "June 5, 2025",
      "title": "Wrap the bottles up",
      "score": "5.0 out of 5 stars",
      "text": "I absolutely love this syrup. I always have extra on handI had a delivery of two ottles on Monday and one of the bottles was broken. Amazon has fixed the problem. My issue is that I’ve been ordering this for years and it’s always come in bubble wrap. I know they switched vendors but could you please wrap those bottles up. It ruins other items in the box if they break.",
      "helpfulness": "0"
    },
    {
      "date": "March 28, 2014",
      "title": "I don't hate it, and I don't love it. Functional. More of a \"fake\" cherry flavor.",
      "score": "3.0 out of 5 stars",
      "text": "So, I love black cherry, and when I get something like a Diet Hansen's Cherry Soda, or a Diet Cherry Coke, I'm in heaven. But for those options, you can't always control how much cherry flavor you're putting into stuff, and I wanted to be the master of my own cherry flavor destiny.I've been experimenting also with managing sugar to cut calories, and being deeply in love with Torani's Sugar Free Hazelnut syrup, I went for the Black Cherry, even knowing it wasn't Prime and was coming in a bottle way bigger than I wanted.Alas, the courtship ended quickly -- this tastes like the cherry flavor you get in ice cream or 7-Up Slurpee. If you've ever had a high quality black cherry sorbet, or even those soda's I've mentioned above -- and black cherries themselves -- you know that there is SUPPOSED to be a bite after you eat one; but that there's a perfect blend of sweet and dark rich flavor to balance out that tartness, so it's addictive, and you want more. Actually if you can get a hold of a black cherry in high quality ice cream, that flavor is often there, too. But the ice cream of course is also hard to find.Anyhoo, the point is -- this is a watered down version of cherry. I don't get the same \"bitter\" after taste people are getting, but I'm actually LOOKING for a \"tartness\" similar to what you'd get after drinking cranberry juice. You want that bite, that bite is the tartness of one of these suckers. But this tastes like cough medicine without the terrible alcohol flavor, like a frozen popsicle that's cherry flavored. All that fake cherry flavor stuff.It'll do in a pinch I think but it's really mediocre, basically, for those who REALLY love black cherry and know what it's about. If you're a \"casual\" syrup lover, you might not notice or care. But trust me. If you've ever had your grandma make you a black cherry pie ... you'll be ruined for life.",
      "helpfulness": "21"
    },
    {
      "date": "November 12, 2024",
      "title": "Love the taste",
      "score": "5.0 out of 5 stars",
      "text": "Wonderful taste and sugar free all in one,, it's a win win.",
      "helpfulness": "0"
    }
  ]
}