{
  "product_title": "Pigeon Peas, 1 lb.",
  "byline_info": "Brand: Barry Farm",
  "product_description": "Pigeon Peas, 1 lb.",
  "category": [
    "Grocery & Gourmet Food",
    "Pantry Staples",
    "Dried Beans, Lentils & Peas",
    "Peas",
    "Pigeon"
  ],
  "alt_images": [
    "https://m.media-amazon.com/images/I/51poobnoRxL.jpg"
  ],
  "product_detail": {
    "Package Dimensions": "5.3 x 4.3 x 1.8 inches; 1 Pounds",
    "UPC": "050647100342",
    "Manufacturer": "Barry Farm",
    "ASIN": "B000FA3L10",
    "Units": "16.0 Ounce",
    "Customer Reviews": "3.3 3.3 out of 5 stars 21 ratings"
  },
  "important_information": {
    "Legal Disclaimer": "Statements regarding dietary supplements have not been evaluated by the FDA and are not intended to diagnose, treat, cure, or prevent any disease or health condition.Statements regarding dietary supplements have not been evaluated by the FDA and are not intended to diagnose, treat, cure, or prevent any disease or health condition."
  },
  "rating": {
    "score": "3.3 out of 5",
    "dist": {
      "5 star": "32%",
      "4 star": "12%",
      "3 star": "31%",
      "2 star": "5%",
      "1 star": "20%"
    }
  },
  "top_comments": [
    {
      "date": "July 31, 2012",
      "title": "Not White Acre Peas",
      "score": "3.0 out of 5 stars",
      "text": "I was looking for White Acre Peas and the search sent me to Pigeon Peas. Not even close. Pigeon Peas are more like Black Eyed peas with a more woodsy taste. And Pigeon Peas take forever to cook. They were ok but I will not buy them again. It is easier to get a can of black eyed peas and season.",
      "helpfulness": "0"
    },
    {
      "date": "June 3, 2021",
      "title": "high quality domestic gandules",
      "score": "5.0 out of 5 stars",
      "text": "Although not cheap these are excellent quality domestically grown gandules. They are excellent after a rinse and soak for stew, rice and peas, or a thick stewed beans gravy. I will be purchasing again.",
      "helpfulness": "0"
    },
    {
      "date": "July 25, 2020",
      "title": "Ridiculously expensive",
      "score": "1.0 out of 5 stars",
      "text": "Ridiculously small for the price. Outrageously expensive! Very deceptive marketing. Picture makes it look big. Tried to return product, but was told \"not eligible for return\". And I'm a prime member. Lots of cancellations coming up!Couldn't give zero stars. 🙄",
      "helpfulness": "2"
    },
    {
      "date": "October 28, 2014",
      "title": "They look like I will need to do some sorting of them",
      "score": "4.0 out of 5 stars",
      "text": "I have never used this product before. They look like I will need to do some sorting of them, but overall look good. Looking forward to trying them fresh cooked.",
      "helpfulness": "0"
    },
    {
      "date": "January 4, 2012",
      "title": "pigeon peas",
      "score": "2.0 out of 5 stars",
      "text": "These are NOT the pigeon peas used in England to make the Lancashire dish of parched peas (also called Carlin peas).  I had written tothe seller who did not know what country they came from but i thought i would give them a try anyway as i really wanted some \"black peas\".They are not at all similiar and i ended up throwing them out as the taste was awful.  If you want the traditional Lancashire dish...don'tbuy these!!",
      "helpfulness": "5"
    },
    {
      "date": "August 22, 2011",
      "title": "pigeon peas",
      "score": "5.0 out of 5 stars",
      "text": "I was planning a Carribean birthday party and really needed to receive the peas in time . I recieved them sooner than promised and am very grateful. If ever I need them again. I will know where to order them.",
      "helpfulness": "3"
    },
    {
      "date": "August 4, 2013",
      "title": "Not satisfied",
      "score": "2.0 out of 5 stars",
      "text": "They were not the peas that I thought they were and the postage was very expensive  came quickly but when cooked didn't taste like the ones I buy in the UK",
      "helpfulness": "One"
    },
    {
      "date": "January 14, 2014",
      "title": "kadyos or pigeon peas",
      "score": "4.0 out of 5 stars",
      "text": "Miss this one. We always have the fresh ones back home overseas when i was growing up. My late mom's specialty. Tasted like fresh one, sweet and tasty.",
      "helpfulness": "2"
    }
  ]
}