{
  "product_title": "Shake 'N Bake Seasoned Coating Mix, Parmesan, 4.75-Ounce Boxes (Pack of 8)",
  "byline_info": "Brand: SHAKE'N BAKE",
  "product_description": "From the Manufacturer   Kraft Shake 'N Bake Parmesan lets you enjoy a crispy, crunchy main dish without all the unnecessary fat and calories of frying. This coating makes crispy, moist, and delicious meals in the oven. Low in fat and 100 percent cholesterol free, Shake 'N Bake is made with enriched wheat flour and a blend of spices that enhances the flavor of all kinds of meat, poultry, and fish. Count on Kraft Shake 'N Bake Parmesan to help you create a healthy and tasty main dish the whole family will love.",
  "category": [
    "Grocery & Gourmet Food",
    "Pantry Staples",
    "Cooking & Baking",
    "Breadcrumbs & Seasoned Coatings",
    "Seasoned Coatings"
  ],
  "alt_images": [
    "https://m.media-amazon.com/images/I/31T4rNtoX6L.jpg"
  ],
  "product_detail": {
    "Package Dimensions": "10.1 x 7.7 x 5.5 inches; 3.9 Pounds",
    "UPC": "043000010570",
    "Manufacturer": "Sun Maid",
    "ASIN": "B000E1BKNQ",
    "Units": "46.0 Ounce",
    "Best Sellers Rank": "#495,576 in Grocery & Gourmet Food (See Top 100 in Grocery & Gourmet Food) #722 in Cooking & Baking Seasoned Coatings",
    "#722 in Cooking & Baking Seasoned Coatings": "",
    "Customer Reviews": "2.8 2.8 out of 5 stars 12 ratings"
  },
  "important_information": {
    "Ingredients": "Enriched Wheat Flour (Wheat Flour, Niacin, Iron, Thiamin Mononitrate [Vitamin B1], Riboflavin [Vitamin B2], Folic Acid), Wheat Flour, Salt, Garlic (Dried), Parmesan Cheese (Milk, Cheese Culture, Salt, Enzymes), Onions (Dried), Partially Hydrogenated Soybean and Cottonseed Oil, Maltodextrin, Contains less than 2% of Whey, Dextrose, Parsley (Dried), Caramel Color, Sugar, Buttermilk (Dried), Natural Flavor, Yeast, Paprika, Wheat Starch, Spice, Silicon Dioxide As An Anticaking Agent, Sodium Phosphate, Butter, Modified Food Starch, Turmeric Extract (Color), Artificial Flavor.Enriched Wheat Flour (Wheat Flour, Niacin, Iron, Thiamin Mononitrate [Vitamin B1], Riboflavin [Vitamin B2], Folic Acid), Wheat Flour, Salt, Garlic (Dried), Parmesan Cheese (Milk, Cheese Culture, Salt, Enzymes), Onions (Dried), Partially Hydrogenated Soybean and Cottonseed Oil, Maltodextrin, Contains less than 2% of Whey, Dextrose, Parsley (Dried), Caramel Color, Sugar, Buttermilk (Dried), Natural Flavor, Yeast, Paprika, Wheat Starch, Spice, Silicon Dioxide As An Anticaking Agent, Sodium Phosphate, Butter, Modified Food Starch, Turmeric Extract (Color), Artificial Flavor.",
    "Directions": "Quick Prep: Preheat oven to 400 degrees F. Moisten with water 2-1/2 lbs bone in chicken (6-8 pieces) or 2 lbs boneless skinless chicken breasts. 1. Shake: Shake moistened chicken, 1-2 pieces at a time, in shaker bag with one packet of coating mix. Discard any remaining mix and bag. 2. Bake: Bake at 400 degrees F in ungreased or foil-lined 15x10x1 inch baking pan until cooked through. Bone-In: 45 Minutes. Boneless: 20 Minutes. Do not cover or turn chicken during baking.Quick Prep: Preheat oven to 400 degrees F. Moisten with water 2-1/2 lbs bone in chicken (6-8 pieces) or 2 lbs boneless skinless chicken breasts. 1. Shake: Shake moistened chicken, 1-2 pieces at a time, in shaker bag with one packet of coating mix. Discard any remaining mix and bag. 2. Bake: Bake at 400 degrees F in ungreased or foil-lined 15x10x1 inch baking pan until cooked through. Bone-In: 45 Minutes. Boneless: 20 Minutes. Do not cover or turn chicken during baking.",
    "Legal Disclaimer": "Statements regarding dietary supplements have not been evaluated by the FDA and are not intended to diagnose, treat, cure, or prevent any disease or health condition.Statements regarding dietary supplements have not been evaluated by the FDA and are not intended to diagnose, treat, cure, or prevent any disease or health condition."
  },
  "rating": {
    "score": "2.8 out of 5",
    "dist": {
      "5 star": "33%",
      "4 star": "12%",
      "3 star": "0%",
      "2 star": "12%",
      "1 star": "43%"
    }
  },
  "top_comments": [
    {
      "date": "October 22, 2024",
      "title": "Cant shake!",
      "score": "1.0 out of 5 stars",
      "text": "There's no bag to shake! Stupidist thing ever. More environmental crap. Now I have to find something to shake my chops in. I'm camping dah!",
      "helpfulness": "0"
    },
    {
      "date": "January 26, 2014",
      "title": "Shake 'N Bake Seasoned Coating Mix, Parmesan, 4.75-Ounce Boxes",
      "score": "5.0 out of 5 stars",
      "text": "We like Shake 'N Bake and the Parmesan variety is one of our favorites.  Good product.  Good price.  We're glad we can get this via DPO delivery because we can't get it on the local economy.",
      "helpfulness": "0"
    },
    {
      "date": "January 31, 2007",
      "title": "Shake it before you bake it",
      "score": "2.0 out of 5 stars",
      "text": "If you do it in reverse (bake before shaking), you're going to get a mess.  The parmesan just won't stick and it will be extra gritty.If you want good chicken, make sure you follow the prescribed order:1) Shake2) Then bakeThen you're going to have some of the finest chicken known to man.Shake 'n Bake Baby!",
      "helpfulness": "2"
    },
    {
      "date": "November 10, 2009",
      "title": "Better than I expected, nearly as pretty as the picture",
      "score": "4.0 out of 5 stars",
      "text": "The one complaint that I have with traditional Shake 'N Bake is that no matter how hard I try, or how hard my now-departed wife had tried, when either of us used Shake 'N Bake we never quite got the results shown in the picture on the box.  There'd always be spotty coverage and the bottom of the chicken or pork we had cooked would be somewhat soggy and less crispy than promised.Surprisingly enough, the Parmesan Shake 'N Bake seems to come much, much closer (in it's final results) to what you see on the picture on the box.My children love Parmesan coated pork and chicken that we've gotten at a nice restaurant we occassionally go to and I've long since grown bored with traditional Shake 'N Bake flavor.  (Barbeque doesn't work as an alternative for me as I don't much care for Barbeque flavor myself.)  I thought about finding a nice parmesan crusted recipe and actually found one online that several people seemed to think was pretty good, though my own laziness kicked in as I thought about the hassles of following that recipe and wished that there was a Shake 'N Bake variety that would offer what I was looking for.  A few seconds of internet searching later and I was rewarded with the knowledge that what I was looking for is out there.  From there, it was just a trip to a local grocer's store to find a box to take home and use.Now that I know that I can get this flavor from Amazon, in a fairly big package (enough to last through several meals), I'm a very happy at home chef, and my children will also be happy to consume the cooked results.As to the flavor and taste, it's pretty good.  Not over whelmingly cheesy, but a nice start towards a tasty flavor.  Home chefs may wish to add a little extra garlic or other Italian herbs or spices to the mix before they coat the chicken or pork (though the box shows chicken in the picture, it can be used for either chicken or pork) just to flavor to their own personal tastes, but again, what is here is a very good start.",
      "helpfulness": "5"
    },
    {
      "date": "April 20, 2024",
      "title": "Not as good as before",
      "score": "1.0 out of 5 stars",
      "text": "Do not buy shake and bake anymore even though l really loved it. Hate that you do not provide the shaker bags anymore. Not convenient to have to provide my own. I buy the store brand which does and is just as good and much cheaper.",
      "helpfulness": "0"
    },
    {
      "date": "September 27, 2021",
      "title": "Shake 'N Bake Seasoned Coating Mix, Parmesan, 4.75-Ounce Boxes (Pack of 8)",
      "score": "5.0 out of 5 stars",
      "text": "I love this stuff, Thanks!",
      "helpfulness": "0"
    },
    {
      "date": "April 25, 2018",
      "title": "It's the best!",
      "score": "5.0 out of 5 stars",
      "text": "I can't find this flavor in stores.  It's the best!",
      "helpfulness": "0"
    },
    {
      "date": "September 3, 2009",
      "title": "ShakeNBake",
      "score": "5.0 out of 5 stars",
      "text": "I love this product!. It makes cooking chicken so easy and you don't have to watch it: 45 minutes in the oven and you're done!!. Experiment with added ingredients.",
      "helpfulness": "One"
    }
  ]
}