{
  "product_title": "Apricot Syrup 14.4 ounce",
  "byline_info": "Brand: Grama's, Inc.",
  "product_description": "Like pouring gold over your pancakes and waffles!! Or on ice cream. What a treat. Tasty and delicious . . the unmistakable apricot.",
  "category": [
    "Grocery & Gourmet Food",
    "Pantry Staples",
    "Cooking & Baking",
    "Baking Syrups, Sugars & Sweeteners"
  ],
  "alt_images": [
    "https://m.media-amazon.com/images/I/319C5D4X9QL.jpg"
  ],
  "product_detail": {
    "Item Weight": "14.4 ounces",
    "UPC": "724778008005",
    "Manufacturer": "Grama's, Inc.",
    "ASIN": "B0001KH6FQ",
    "Units": "14.4 Ounce",
    "Customer Reviews": "4.2 4.2 out of 5 stars 37 ratings"
  },
  "important_information": {
    "Ingredients": "Apricots, sugar, lemon juice, modified food starch and loveApricots, sugar, lemon juice, modified food starch and love",
    "Legal Disclaimer": "Statements regarding dietary supplements have not been evaluated by the FDA and are not intended to diagnose, treat, cure, or prevent any disease or health condition.Statements regarding dietary supplements have not been evaluated by the FDA and are not intended to diagnose, treat, cure, or prevent any disease or health condition."
  },
  "rating": {
    "score": "4.2 out of 5",
    "dist": {
      "5 star": "58%",
      "4 star": "23%",
      "3 star": "10%",
      "2 star": "0%",
      "1 star": "9%"
    }
  },
  "top_comments": [
    {
      "date": "May 7, 2020",
      "title": "Great Flavor Without All the Sugar",
      "score": "5.0 out of 5 stars",
      "text": "This syrup is stupendous! I spent many hours over the course of months searching for apricot syrup, specifically searching for Smuckers Apricot Syrup (it was my favorite when I was a kid), but it seems they don't make it anymore. So I took to Amazon and found this. I was a little wary at first, because who doesn't hesitate to try something new? But I've found a new favorite. It has a light, wonderful apricot flavor that isn't overbearing, and it doesn't come off as over-sweet like a lot of big-brand syrups. I imagine that if I were to find Smuckers after trying this, I wouldn't like it anymore. If you like apricot syrup on your pancakes, waffles, or French toast, this is the one to buy!",
      "helpfulness": "0"
    },
    {
      "date": "January 19, 2018",
      "title": "Four Stars",
      "score": "4.0 out of 5 stars",
      "text": "I like the product, but to expensive for me.",
      "helpfulness": "0"
    },
    {
      "date": "August 4, 2020",
      "title": "Disappointing",
      "score": "3.0 out of 5 stars",
      "text": "Weak flavor, disappointing. Very thin syrup.",
      "helpfulness": "0"
    },
    {
      "date": "February 24, 2017",
      "title": "Delicious!",
      "score": "5.0 out of 5 stars",
      "text": "I ordered this because my daughter and my dad both love apricot syrup when we go out to eat at Perkins. I thought it would be easy enough to find a bottle at the local grocery store but after trying all of my local ones, including the high end, I was amazed to find there was no apricot in site. So I made my way to Amazon and was swayed by Grama's great reviews. So far my 9 year old daughter has tried this and absolutely loves it. I am sure we will be buying more soon.",
      "helpfulness": "11"
    },
    {
      "date": "May 13, 2011",
      "title": "good stuff!",
      "score": "5.0 out of 5 stars",
      "text": "We used to buy a similiar (flavor) syrup until it became unavailable locally. Decided to search for it on Amazon and found this wonderful supplier. Delivery was fast and I was impressed with how well it was packaged. However, the best part is the product itself. I purchased it to use on pancakes and waffles and it is delicious! Then the other evening I decided to try it on ice cream. Just as terrific. What I'm talking about of course is the apricot strup. I hope to order other flavors in the future.I highly recommend this seller.",
      "helpfulness": "12"
    },
    {
      "date": "January 9, 2019",
      "title": "Husband Loves it",
      "score": "5.0 out of 5 stars",
      "text": "My husband love it.  if he could he will have some everyday.  But for me it really did have the apricot favor . It had a hint of the flavor.  he loves it so much I had to reorder.",
      "helpfulness": "0"
    },
    {
      "date": "December 13, 2017",
      "title": "Four Stars",
      "score": "4.0 out of 5 stars",
      "text": "Nice on pancakes.  Brings back memories of childhood.",
      "helpfulness": "0"
    },
    {
      "date": "February 6, 2017",
      "title": "Three Stars",
      "score": "3.0 out of 5 stars",
      "text": "Was hoping it would be more like the Smuckers but that is just a matter of taste.",
      "helpfulness": "0"
    }
  ]
}