{
  "product_title": "Shelton Poultry Turkey Jerky, Original, 0.50-Ounce (Pack of 12)",
  "byline_info": "Brand: Shelton's",
  "product_description": "Made from turkey raised without antibiotics. Free range. Wheat free. Contains 1 gram total carbohydrates per serving. The serious snack. U.S. Inspected for wholesomeness by U.S. Department of Agriculture. Shelton's Beef Jerky is made from thinly-sliced beef meat, marinated in a flavorful tamari mixture, and then slowly dried in ovens. We use no preservatives. After all, Shelton's Beef Jerky is the stuff that serious snacks are made of!",
  "category": [
    "Grocery & Gourmet Food",
    "Snacks & Sweets",
    "Snack Foods",
    "Meat Snacks",
    "Jerky"
  ],
  "alt_images": [
    "https://m.media-amazon.com/images/I/51JYRrgtiiL.jpg",
    "https://m.media-amazon.com/images/I/51HNT5A6FXL.jpg",
    "https://m.media-amazon.com/images/I/31nQSJRLWwL.jpg"
  ],
  "product_detail": {
    "Is Discontinued By Manufacturer": "No",
    "Package Dimensions": "7.4 x 5.6 x 5.5 inches; 6.4 ounces",
    "UPC": "048481009709",
    "Manufacturer": "Shelton's",
    "ASIN": "B004UB8GBK",
    "Units": "6.0 Ounce",
    "Customer Reviews": "3.7 3.7 out of 5 stars 141 ratings"
  },
  "important_information": {
    "Safety Information": "The product is labelled to United States standards and may differ from similar products sold elsewhere in its ingredients, labeling and allergen warningsThe product is labelled to United States standards and may differ from similar products sold elsewhere in its ingredients, labeling and allergen warnings",
    "Ingredients": "Turkey Meat, Tamari Soy Sauce (Water, Soybeans, Salt, Alcohol), Water, Garlic Powder, Pepper, Onion Powder.Turkey Meat, Tamari Soy Sauce (Water, Soybeans, Salt, Alcohol), Water, Garlic Powder, Pepper, Onion Powder.",
    "Legal Disclaimer": "Statements regarding dietary supplements have not been evaluated by the FDA and are not intended to diagnose, treat, cure, or prevent any disease or health condition.Statements regarding dietary supplements have not been evaluated by the FDA and are not intended to diagnose, treat, cure, or prevent any disease or health condition."
  },
  "rating": {
    "score": "3.7 out of 5",
    "dist": {
      "5 star": "42%",
      "4 star": "25%",
      "3 star": "9%",
      "2 star": "10%",
      "1 star": "14%"
    }
  },
  "top_comments": [
    {
      "date": "January 8, 2013",
      "title": "LOVE THIS JERKY !!! IT'S TURKEY NOT BEEF .....",
      "score": "5.0 out of 5 stars",
      "text": "This jerky is one of the few that is made without sugar ,wheat *gluten* ( yes they put wheat in our jerky),free range and 100 % preservative and antibiotic free . Turkey is a lean meat and this effects the style profile of the jerky . It by nature is a bit dryer and in turn has more chew  to the texture . If you are use to a beefy jerky with a more muscular or robust profile , from a cow , the difference will be striking . At first  when I tried Shelton's turkey jerky I was surprised at it's unique texture and flavor ,but I am now hooked by the lean,chewy ,clean and peppery taste . Shelton' is by far one of few truly healthy jerky on the market , sugar free jerky takes out the inflammatory factors in the product that can contribute to a state of health which enables premature aging and disease . This style of jerky is also great for a low-carb diet . I urge you to try this jerky with an open and informed mind , and you may also become addicted to the stuff .",
      "helpfulness": "9"
    },
    {
      "date": "June 22, 2018",
      "title": "My father would have loved these :-)",
      "score": "4.0 out of 5 stars",
      "text": "Dry, tough & salty..and already in great travel size snack packs! Love that it’s made with tamari soy sauce since I have gluten issues. But the price is just ridiculous so I usually just make my own yummy jerky & save these for travel emergencies!",
      "helpfulness": "One"
    },
    {
      "date": "October 24, 2019",
      "title": "Got strong teeth? Then order this jerky",
      "score": "1.0 out of 5 stars",
      "text": "It's a shame that this is as tough as it is. It was recommended by the writer of \"The Fast Metabolism Diet\" so I tried it. Nearly chipped a tooth! It's certainly spicy, peppered thoroughly, and it tasted \"fresh\"....clean of soy of extra sodium but it's so very hard to chew. I literally needed to leave it in my mouth to soften and THEN finally try to chew it.  I then tried \"Chomps\" Turkey sticks. Much easier to eat but I do wish it had the flavor of these.  ugh.",
      "helpfulness": "0"
    },
    {
      "date": "June 10, 2016",
      "title": "I like the taste of the product and use to buy ...",
      "score": "2.0 out of 5 stars",
      "text": "I like the taste of the product and use to buy it a lot in the past but the price has skyrocketed! I thought that I was getting a bigger package and didn't realize these were basically a single serving bag. Really disappointed. Won't buy it anymore to cost prohibitive. It's sad too because I have so many allergies it was one of the few things I could eat for a snack.",
      "helpfulness": "0"
    },
    {
      "date": "January 17, 2013",
      "title": "A little too dry",
      "score": "3.0 out of 5 stars",
      "text": "I appreciate that this is organic and I think they are the only sugar-free jerky out there which is why I bought it. The tasty is a little too salty and the consistency is WAY to dry, it is hard to chew.",
      "helpfulness": "One"
    },
    {
      "date": "October 7, 2013",
      "title": "Pricey, but worth it!",
      "score": "5.0 out of 5 stars",
      "text": "I first discovered these in a local health food store years ago and fell in love with them.  I'm thrilled to be able to buy them in bulk on Amazon.  We SO prefer these over the sweetened jerky which is all that can be found in mainstream stores.  And we've never found it too tough, chewy, or dry - it's JERKY, for heaven's sake!  In addition to flat out loving the product, the one time I had opportunity to call their customer service department with a problem (one bag of our jerky had gone moldy), my problem was handled by the sweetest woman who went above and beyond the call of duty to make it right.  Not only did she send us a replacement bag, she threw in samples of their latest products!  Love the jerky AND the company who makes it!  Thank you Shelton's!",
      "helpfulness": "2"
    },
    {
      "date": "April 16, 2014",
      "title": "Close your eyes, you're in for a treat",
      "score": "4.0 out of 5 stars",
      "text": "I had no idea what to expect, and it looked like dog chews when I saw it. I closed my eyes and took a chance and was pleasantly surprised. I am on a diet that suggested these, and found they do work. They are chewy if you need that action, and they have a little kick with the pepper. It's convenient in a snack bag and 19g protein, 1g carb per serving. They are not cholesterol free with 50g per serving. I gave it 4 stars because I don't know what to compare it to having never tried jerky. I say try it if you are looking for a low carb snack.",
      "helpfulness": "0"
    },
    {
      "date": "December 11, 2010",
      "title": "Not-too-sweet Jerky",
      "score": "5.0 out of 5 stars",
      "text": "This jerky is not the usual over-sweetened, mushy jerky that seems to be popular today.  If that is what you like, this is not your jerky.  For folks who like their jerky flavorful but not sweet, this is peppered but not super spicy.  The texture is dry and hard like traditional jerky, rather than soft and oily.  It takes some chewing but it is not overly tough.",
      "helpfulness": "7"
    }
  ]
}