{
  "product_title": "Cat Litter Box Deodorizer Powder Spray & Odor Eliminator (2 Cans) - Non-Stick Kitty Litter Box Deodorizer, Eliminators, Absorber & Freshner",
  "byline_info": "Visit the Stink Free Store",
  "product_description": "",
  "category": [
    "Pet Supplies",
    "Cats",
    "Litter & Housebreaking",
    "Odor & Stain Removers",
    "Odor Removers"
  ],
  "alt_images": [
    "https://m.media-amazon.com/images/I/41vsOB-n43L.jpg"
  ],
  "product_detail": {
    "Is Discontinued By Manufacturer": "No",
    "Product Dimensions": "5 x 2 x 4 inches; 1 Pounds",
    "Item model number": "46903112",
    "Date First Available": "July 25, 2005",
    "Manufacturer": "Stink Free",
    "ASIN": "B0009YUDHC",
    "Customer Reviews": "3.0 3.0 out of 5 stars 27 ratings"
  },
  "important_information": {},
  "rating": {
    "score": "3 out of 5",
    "dist": {
      "5 star": "37%",
      "4 star": "17%",
      "3 star": "0%",
      "2 star": "0%",
      "1 star": "46%"
    }
  },
  "top_comments": [
    {
      "date": "December 12, 2014",
      "title": "both works pretty well. It has a baby powder smell and ...",
      "score": "4.0 out of 5 stars",
      "text": "It works !! i always use this as a littler box air fresher and a none-stick spray, both works pretty well. It has a baby powder smell and my cats are fine with that smell. The only problem i have is the smell of the moment i spray onto the little box, my cats hates that smell. It like some kind of chemical smell but it does disappear after a while.",
      "helpfulness": "0"
    },
    {
      "date": "January 11, 2011",
      "title": "Great product",
      "score": "5.0 out of 5 stars",
      "text": "Stink-free is an awesome product. I clean my cats' litter boxes & then spray on a good coat of Stink-free & it is so much easier to scoop out the waste. It doesn't stick to the sides of the box & the smell is really nice.Strongly recommend this product for all indoor cat owners. It makes & keeps the litter box odors to a minimum.",
      "helpfulness": "3"
    },
    {
      "date": "July 4, 2018",
      "title": "Works great! I live in in RV which is a ...",
      "score": "5.0 out of 5 stars",
      "text": "Works great!  I live in in RV which is a small space and it is VERY important that my litter box stays clean and this product keeps the litter box at it's best.  Pleasant smell as well. The only product that I will use.  I highly recommend this to cat owners.",
      "helpfulness": "0"
    },
    {
      "date": "November 26, 2009",
      "title": "Stink free litter box spray",
      "score": "5.0 out of 5 stars",
      "text": "I had been purchasing the Stink Free Litter Box Spray at a retail pet store, but they discontinued the product.  Thankfully I found it at Amazon . . . it really works.  I have two indoor kitties who both use one litter box.  I spray this product on the cleaned litter every morning and the litter and box smell like baby powder - so their area stays un-stinkey.",
      "helpfulness": "2"
    },
    {
      "date": "October 9, 2014",
      "title": "Works good but doesn't last very long",
      "score": "4.0 out of 5 stars",
      "text": "This works well however it is messy and doesn't last very long. I think it might be a waste of money.",
      "helpfulness": "0"
    },
    {
      "date": "September 17, 2010",
      "title": "Stink Free brand litter box deoderant",
      "score": "4.0 out of 5 stars",
      "text": "This is meant to cover up urine and stool smells, and I am all for that!  Just be aware that it is actually spraying powder-smells like baby powder, and it is not good to breath in. Keep kitties and face away for spraying and let it settle before you come back. Best use for this is to \"season\" a new little box--fills in porous areas to prevent nasties from sinking into plastic litter boxes.",
      "helpfulness": "2"
    },
    {
      "date": "November 18, 2011",
      "title": "Superb product!!!",
      "score": "5.0 out of 5 stars",
      "text": "The product name could not be more accurate -- \"Stink Free.\"  My cats' litter box has experienced many reviews, but none as positive as when using \"Stink Free.\"  This product is absolutely unmatched.  Litter smells are immediately erased and replaced with an aromatic baby powder fragrance.  Believe it!!!!!!",
      "helpfulness": "3"
    },
    {
      "date": "February 12, 2010",
      "title": "The Best Cat Litter Product Ever",
      "score": "5.0 out of 5 stars",
      "text": "This is the very best cat litter/smell product on the market. If I could give it 100 stars I would, I find it indespensible!!!!! Because of this product my litter lasts soooo much longer before it has to be changed. It also prevents litter from sticking to the box when wet. I can not say enough good things about Stink Free Litter Spray.",
      "helpfulness": "9"
    }
  ]
}