{
  "product_title": "Sunspire Sundrops Plain, 1.19-Ounces (Pack of 12)",
  "byline_info": "Brand: SunSpire",
  "product_description": "Sundrops are all-natural, colorful candy coated, Grain Sweetened chocolate pieces that bring great fun, good taste and nutrition to baked goodies of all types",
  "category": [
    "Grocery & Gourmet Food",
    "Snacks & Sweets",
    "Chocolate Candy",
    "Chocolate Covered Foods",
    "Nuts"
  ],
  "alt_images": [
    "https://m.media-amazon.com/images/I/41d0zS9qxYL.jpg",
    "https://m.media-amazon.com/images/I/41VSZArES6L.jpg",
    "https://m.media-amazon.com/images/I/51zUG-5i7ML.jpg",
    "https://m.media-amazon.com/images/I/51vQo3fMk7L.jpg",
    "https://m.media-amazon.com/images/I/31d-wND7LaL.jpg",
    "https://m.media-amazon.com/images/I/51tEB8aZlzL.jpg",
    "https://m.media-amazon.com/images/I/51l1oacwX7L.jpg"
  ],
  "product_detail": {
    "Package Dimensions": "8.4 x 6 x 3.2 inches; 1.25 Pounds",
    "UPC": "077241591307 077241593301",
    "Manufacturer": "SunSpire",
    "ASIN": "B0001M0Z7K",
    "Units": "14.28 Ounce",
    "Customer Reviews": "4.0 4.0 out of 5 stars 18 ratings"
  },
  "important_information": {
    "Ingredients": "Dried unsulphured molasses, whole milk powder, cocoa butter, unsweetened chocolate, soy lecithin (added as an emulsifier), pure natural vanilla, shell-turbinado sugar, whole rice syrup.Dried unsulphured molasses, whole milk powder, cocoa butter, unsweetened chocolate, soy lecithin (added as an emulsifier), pure natural vanilla, shell-turbinado sugar, whole rice syrup.",
    "Legal Disclaimer": "Statements regarding dietary supplements have not been evaluated by the FDA and are not intended to diagnose, treat, cure, or prevent any disease or health condition.Statements regarding dietary supplements have not been evaluated by the FDA and are not intended to diagnose, treat, cure, or prevent any disease or health condition."
  },
  "rating": {
    "score": "4 out of 5",
    "dist": {
      "5 star": "53%",
      "4 star": "14%",
      "3 star": "19%",
      "2 star": "14%",
      "1 star": "0%"
    }
  },
  "top_comments": [
    {
      "date": "September 22, 2015",
      "title": "Ionosphere chocolate drps",
      "score": "5.0 out of 5 stars",
      "text": "I purchase these for my grandchildren. I like that they do not have artificial coloring in them. I think they taste better than M & Ms. Very good choice for a little niceity to have on hand.",
      "helpfulness": "0"
    },
    {
      "date": "November 2, 2014",
      "title": "I ordered these hoping to enjoy a natural substitute for a favorite halloween candy but ...",
      "score": "2.0 out of 5 stars",
      "text": "I ordered these hoping to enjoy a natural substitute for a favorite halloween candy but the Sundrops candy coating has a really weird aftertaste.  My kids refused to eat them and they are candy lovers.",
      "helpfulness": "One"
    },
    {
      "date": "March 27, 2009",
      "title": "All natural candy",
      "score": "3.0 out of 5 stars",
      "text": "These are a good candy for children that need to be on all natural diets.  If eaten plain, they are no match for M&Ms.  They worked well in monster cookies, however.  At least, I thought so.  My husband and children did not agree with me, however.  I think these are an excellent alternative if some of the artificial flavors and colors found in other candy do not agree with you (or you don't agree with them).",
      "helpfulness": "One"
    },
    {
      "date": "November 14, 2013",
      "title": "Great, natural, non-GMO chocolate candies (but expensive)",
      "score": "4.0 out of 5 stars",
      "text": "Found this gem in my son's Halloween bucket full of mostly crap-candy (i.e. the kind with GMO ingredients, artificial colors, artifical flavors, artificial sweeteners, etc).I loved the flavor, a little \"darker\" than regular M&Ms and definitely not as sweet. My son was so-so on them, but he's not a big fan of M&M's either. Great for decorating kids cakes and the like.But the price? $2 per little pouch? That seems crazy! If you don't have to have the little individual packs, check the bulk isle at your local Whole Foods or Sprouts, if you have either of those nearby.Edit: Just found this alternative to try: UNREAL Candy - Candy Coated Chocolates",
      "helpfulness": "One"
    },
    {
      "date": "April 22, 2014",
      "title": "Warning they go fast!  yummy",
      "score": "5.0 out of 5 stars",
      "text": "Favorite mock M&M's!  They taste awsome and most importantly they only use natural food coloring...i always intended to make monster cookies with these but they are gone before i get the gumption.",
      "helpfulness": "0"
    },
    {
      "date": "December 21, 2017",
      "title": "Small quantity",
      "score": "3.0 out of 5 stars",
      "text": "Unfortunately I didn’t pay attention to the size of the bags that were coming.  They were under 2 oz a bag.  I needed more than this and wasn’t happy with the price for so little. I went to return them and unfortunately this item isn’t eligible for returns for some reason.",
      "helpfulness": "0"
    },
    {
      "date": "March 11, 2012",
      "title": "Yummy all natural alternative",
      "score": "4.0 out of 5 stars",
      "text": "I bought these because they were all natural.  I've been trying to avoid eating foods containing artificial dyes and these were a great replacement for the popular candy that has dyes.  I find them to be a little less sweet but actually prefer that.  The candy shells are quite brittle and most of the candies came with cracked shells.  i.e. The bottom of the bag had quite a bit of chipped candy coating.  This didn't really bother me as I like these for the taste, not their appearance, but I could see how others may be turned off by this.  I'd buy these again.",
      "helpfulness": "0"
    },
    {
      "date": "December 15, 2014",
      "title": "This is a great natural alternative to M and Ms",
      "score": "5.0 out of 5 stars",
      "text": "This is a great natural alternative to M and Ms. It has good flavor and nice colors--and it is good for you.",
      "helpfulness": "0"
    }
  ]
}