{
  "product_title": "The Chocolate and Sweets Tower by Wine Country Gift Baskets",
  "byline_info": "Visit the Wine Country Gift Baskets Store",
  "product_description": "This Lindt Chocolate and Sweets gift tower arrives with a collection of Lindt chocolate truffles including milk chocolate, dark chocolate and white chocolate, caramel corn, chocolate filled puff pastries, chocolate souffle, lemon and madeleine cakes, coconut and strawberry chocolate waffle cookies, chocolate chip brownies and more.",
  "category": [
    "Grocery & Gourmet Food",
    "Snacks & Sweets",
    "Candy & Chocolate",
    "Candy & Chocolate Gifts"
  ],
  "alt_images": [
    "https://m.media-amazon.com/images/I/51ZGdbivUfL.jpg",
    "https://m.media-amazon.com/images/I/51f4y9dOlcL.jpg",
    "https://m.media-amazon.com/images/I/41Jsak-CSLL.jpg",
    "https://m.media-amazon.com/images/I/51xMsjRagOL.jpg",
    "https://m.media-amazon.com/images/I/51t-qprGHqL.jpg",
    "https://m.media-amazon.com/images/I/41Ok9u2+eFL.jpg",
    "https://m.media-amazon.com/images/I/515HxbCvhKL.jpg"
  ],
  "product_detail": {
    "Is Discontinued By Manufacturer": "No",
    "Product Dimensions": "6 x 7 x 14 inches; 1.3 Pounds",
    "Manufacturer recommended age": "12 months and up",
    "Item model number": "510",
    "UPC": "098009619446",
    "Manufacturer": "Houdini, Inc. DBA Wine Country Gift Baskets -- Dropship",
    "ASIN": "B07FVRPYJT",
    "Units": "1 Count",
    "Best Sellers Rank": "#154,831 in Grocery & Gourmet Food (See Top 100 in Grocery & Gourmet Food) #1,928 in Candy & Chocolate Gifts",
    "#1,928 in Candy & Chocolate Gifts": "",
    "Customer Reviews": "4.1 4.1 out of 5 stars 163 ratings"
  },
  "important_information": {
    "Ingredients": "Gourmet ChocolatesGourmet Chocolates",
    "Legal Disclaimer": "Statements regarding dietary supplements have not been evaluated by the FDA and are not intended to diagnose, treat, cure, or prevent any disease or health condition.Statements regarding dietary supplements have not been evaluated by the FDA and are not intended to diagnose, treat, cure, or prevent any disease or health condition."
  },
  "rating": {
    "score": "4.1 out of 5",
    "dist": {
      "5 star": "63%",
      "4 star": "8%",
      "3 star": "15%",
      "2 star": "6%",
      "1 star": "8%"
    }
  },
  "top_comments": [
    {
      "date": "December 28, 2023",
      "title": "Christmas Gifts",
      "score": "5.0 out of 5 stars",
      "text": "I handed these out as Christmas gifts. Packaging was so pretty I didn’t need to wrap. Yummy treats too!",
      "helpfulness": "One"
    },
    {
      "date": "January 17, 2024",
      "title": "",
      "score": "5.0 out of 5 stars",
      "text": "Le compré para regalar y la persona quedó encantada con las galletas. Excelente elección.",
      "helpfulness": "0"
    },
    {
      "date": "February 5, 2024",
      "title": "A gift for Christmas",
      "score": "5.0 out of 5 stars",
      "text": "Product was very well received.The product was fresh and chocolates were good",
      "helpfulness": "One"
    },
    {
      "date": "April 8, 2025",
      "title": "Tower",
      "score": "3.0 out of 5 stars",
      "text": "Was not so good",
      "helpfulness": "0"
    },
    {
      "date": "April 9, 2014",
      "title": "Great Easter Gift =)",
      "score": "5.0 out of 5 stars",
      "text": "After reading the reviews here I had a few moments of doubt. However, since I had ordered from this company before; I chose to order this item and sent it to my boyfriend for Easter. He is a very honest person and he would have been gentle about it but would have told me if there was an issue.It actually arrived ahead of schedule so he is already enjoying his. So over all I would say it is a great  Easter Gift and would highly recommend this item.",
      "helpfulness": "2"
    },
    {
      "date": "May 1, 2025",
      "title": "Get a basket from someplace else.",
      "score": "1.0 out of 5 stars",
      "text": "It was not worth the price.  Extremely small and will never buy a basket from Wine Country!",
      "helpfulness": "0"
    },
    {
      "date": "January 13, 2023",
      "title": "Perfect gift",
      "score": "4.0 out of 5 stars",
      "text": "Given as a gift and much enjoyed by recipient",
      "helpfulness": "0"
    },
    {
      "date": "July 1, 2023",
      "title": "Great gift",
      "score": "5.0 out of 5 stars",
      "text": "Sent this to a friend recovering from an illness.Made a nice presentation and wasn’t expensive.",
      "helpfulness": "One"
    }
  ]
}