{
  "product_title": "Kettle Bakes Potato Chips, Aged White Cheddar, 4-Ounce Bags (Pack of 15)",
  "byline_info": "Visit the Kettle Heroes Store",
  "product_description": "A natural obsession. 65% Less fat; baked not fried; 0 g Trans fat. 65% Less fat than regular fried potato chips always all natural. The rice cakes are jealous. For us, looking forward is always about looking back. That's how we made a chip with all the flavor you'd expect from Kettle brand but with 65% less fat. We whole-slice and batch-bake fresh Russet potatoes and then match their vintage style with perfectly matured, vintage white cheddar to deliver rich and tangy flavor. It's our newest take on a timeless taste. 3 g Fat compared to 10 g fat found in regular fried potato chips.",
  "category": [
    "Grocery & Gourmet Food",
    "Snacks & Sweets",
    "Snack Foods",
    "Chips & Crisps",
    "Potato"
  ],
  "alt_images": [
    "https://m.media-amazon.com/images/I/51BTw2tTfaL.jpg"
  ],
  "product_detail": {
    "Is Discontinued By Manufacturer": "Yes",
    "Package Dimensions": "19.1 x 15.4 x 11.5 inches; 4 ounces",
    "UPC": "084114109859",
    "Manufacturer": "Kettle",
    "ASIN": "B000G6Q4GW",
    "Units": "60.0 Ounce",
    "Customer Reviews": "4.4 4.4 out of 5 stars 12 ratings"
  },
  "important_information": {
    "Safety Information": "Contains milk.Contains milk.",
    "Ingredients": "Select Russet Potatoes, Expeller Pressed High Monounsaturated Safflower and/or Sunflower Oil, Cheddar and Parmesan Cheeses (Pasteurized Milk, Cheese Cultures, Salt, Enzymes), Sweet Whey, Salt, Cultured Buttermilk, Natural Butter Flavors (Maltodextrin), Evaporated Cane Juice, Natural Cheese Flavors (Maltodextrin, Yeast Extract), Onion Powder, Cultured Whey, Lactic Acid, Garlic Powder, Citric Acid.Select Russet Potatoes, Expeller Pressed High Monounsaturated Safflower and/or Sunflower Oil, Cheddar and Parmesan Cheeses (Pasteurized Milk, Cheese Cultures, Salt, Enzymes), Sweet Whey, Salt, Cultured Buttermilk, Natural Butter Flavors (Maltodextrin), Evaporated Cane Juice, Natural Cheese Flavors (Maltodextrin, Yeast Extract), Onion Powder, Cultured Whey, Lactic Acid, Garlic Powder, Citric Acid.",
    "Legal Disclaimer": "Statements regarding dietary supplements have not been evaluated by the FDA and are not intended to diagnose, treat, cure, or prevent any disease or health condition.Statements regarding dietary supplements have not been evaluated by the FDA and are not intended to diagnose, treat, cure, or prevent any disease or health condition."
  },
  "rating": {
    "score": "4.4 out of 5",
    "dist": {
      "5 star": "72%",
      "4 star": "11%",
      "3 star": "0%",
      "2 star": "17%",
      "1 star": "0%"
    }
  },
  "top_comments": [
    {
      "date": "April 16, 2010",
      "title": "Weird after-taste for me (try one bag before you buy a box)",
      "score": "2.0 out of 5 stars",
      "text": "I bought a box of these baked barbeque Kettle brand chips from Amazon in somewhat larger-sized bags, because they came so highly recommended by other reviewers, but I really don't care for them at all (though other people to whom I've offered them  munch through them quite happily, and are pleased to take the rest of the bag home with them when I make the offer).  I can only conclude that individual palates may respond very differently to these particular chips.So, if you've bought a bag of Kettle's baked chips in this particular flavor recently in your local grocery store and found them quite tasty, you'll probably be quite happy with buying these by the box-full from Amazon.However, if you haven't yet tried them, do NOT invest in a multi-bag shipment until you first discover whether or not these particular chips appeal to your particular palate.I'm busy giving away every bag I bought, because I developed a distaste for them after eating the first few chips from the first bag I opened (which I ended up throwing away half-full).  But my dislike for these baked barbecue-flavor chips from Kettle brand (whose other, 'full-fat' chips I've almost always relished) is definitely a minority opinion among my friends and neighbors, so far.",
      "helpfulness": "One"
    },
    {
      "date": "May 2, 2010",
      "title": "Like no other baked chip! Delicious but expensive",
      "score": "4.0 out of 5 stars",
      "text": "I love these Kettle brand baked chips!  They are so close in texture and flavor to regular fried chips.  I just wish they were less expensive.  They really are greatly reduced in fat content as well.No other baked chip comes close.  I wonder how they do it?",
      "helpfulness": "One"
    },
    {
      "date": "April 10, 2011",
      "title": "The BEST! Kettle Baked Cheddar Chips",
      "score": "5.0 out of 5 stars",
      "text": "My husband and I went to Kauai  in Feb. of this year and we tried these chips for the first time. And my husband started a saying then \"an opened bag of these chips is and empty bag of these chips\"  and once we came home we could not find them anywhere. No store around our town of Grand Junction Colorado carried the baked cheddar chips. So I looked to Amazon and there they were. So now we have them available and we will order more. Yesterday we had sandwiches for lunch and as my husband ate the last few chips and crumpled the bag up he said\" an opened bag of chips is an empty bag and he laughed. They really are good tasting chips whether a person is watching their calorie intake or not. We will buy them again!",
      "helpfulness": "One"
    },
    {
      "date": "July 12, 2008",
      "title": "Not as good as I hoped",
      "score": "2.0 out of 5 stars",
      "text": "I had high hopes for these chips, I love the Kettle Brand and I love cheddar. But they were TOO crisp,they were sharp and hard. And the taste was salty but it didn't remind me of good aged cheddar at all.",
      "helpfulness": "0"
    },
    {
      "date": "March 16, 2009",
      "title": "One of the Best Ever",
      "score": "5.0 out of 5 stars",
      "text": "We are always searching for low fat, lower calorie snack foods to satisfy our strong snacking needs. These chips are one of the best we have ever found. They are delicious and satisfying and have only 120 calories per serving. They are terribly expensive at our local supermarkets, but  Amazon offers a great price!",
      "helpfulness": "One"
    },
    {
      "date": "August 13, 2010",
      "title": "NOM NOM NOM NOM......",
      "score": "5.0 out of 5 stars",
      "text": "really, that's all i have to say! The chips can be a little....uh...crunchy at times, so watch the roof of your mouth, but the flavor is great.  I hope Amazon carries the salt and pepper ones soon!",
      "helpfulness": "One"
    },
    {
      "date": "October 20, 2010",
      "title": "Better healthy chips compared to most",
      "score": "5.0 out of 5 stars",
      "text": "Great baked chips, but it taste most like sour-cream-and-onions than cheddar. It still a great product.",
      "helpfulness": "0"
    },
    {
      "date": "February 9, 2008",
      "title": "Wonderful chips!",
      "score": "5.0 out of 5 stars",
      "text": "These are great baked potato chips for those who are watching their fat intake!  Love them!",
      "helpfulness": "0"
    }
  ]
}