{
  "product_title": "Lipton Soup Secrets Instant Mix for a Warm Bowl of Soup Noodle Made With Real Chicken Broth Flavor, 4.5 Oz, Pack of 24",
  "byline_info": "Visit the Lipton Store",
  "product_description": "Product Description   Enjoy soup at any time with Lipton Soup Secrets Soup Mixes. Our satisfying soups are made with real chicken broth and enriched flavorful noodles, and they’re a great way to please the entire family. Each box of Soup Secrets Soup mix makes 6-8 servings. Enjoy it as a satisfying bowl of soup any time of day for as few as 70 calories (or less) per one cup serving. Soup Secrets make it easy for you to make hearty, homemade soup for your family. Add one bag of instant soup mix to four cups of water and bring to a boil, cooking until noodles are tender. Add your favorite meats and/or vegetables for a delicious meal made in a faction of the time. For even faster prep, combine one pack of dry soup mix to four cups of water and microwave on high for 10-12 minutes or until noodles are tender. Bring the entire family together with Lipton Soups! Lipton Soups have been there for you and your family since 1940. When you’re craving something warm and satisfying for your family, reach for Lipton Soup Secrets, and enjoy the soul-restoring combination of flavorful broth and curly, swirly noodles. Soup Secrets are available in 4 delicious varieties: classic Noodle Soup, Extra Noodle Soup, Ring-O-Noodle Soup, and Chicken Noodle Soup with Diced White Chicken Meat.   From the Manufacturer   Lipton Soup Secrets - Noodle SoupOur classic noodle soup is a great base to your hearty homemade soup recipe or perfectly satisfying on its own!Lipton Soup Secrets:Warm, soothing and satisfying, a hearty homemade soup recipe starts with Lipton Soup Secrets. Relax and take a Lipton Soup break! History of LiptonIn 1880, 40-year-old, Glasgow-born entrepreneur and innovator Sir Thomas Lipton envisioned an opportunity to make tea universally accessible with guaranteed quality at acceptable prices. He began by purchasing tea estates in Ceylon, now Sri Lanka, and arranged packaging and shipping at low costs to sell his teas directly from the tea garden to the tea pot. In 1893, he established the Thomas J Lipton Co., a tea packing company with its headquarters and factory in Hoboken, New Jersey. Lipton entered the dehydrated soup market in 1939 and the Lipton soups brand was founded. He began years of conscientious testing, reformulating and evaluating to get the consistent quality you will find in Lipton soup brands today. In 1954, the famous California Dip recipe (now known as the “Lipton Onion Dip” combines the Onion Soup Mix with sour cream and became a huge success based on its convenience and flavor. It became evident that some varieties were more suited for recipe usage than others and over the years, other flavors and soup products were added to the Lipton soup portfolio. The dates of the introductions of the existing product lines are as follows: 1970: Lipton Cup-A-Soup ,1980: Lipton Soup Secrets, 1992: Lipton Recipe Secrets. The Lipton brand now offers a wide range of teas and soups.  Explore the full line of Lipton Soup Secrets:",
  "category": [
    "Grocery & Gourmet Food",
    "Pantry Staples",
    "Soups, Stocks & Broths",
    "Noodle Soups"
  ],
  "alt_images": [
    "https://m.media-amazon.com/images/I/51wU4SDoBQL.jpg",
    "https://m.media-amazon.com/images/I/61O9MH-P+XL.jpg",
    "https://m.media-amazon.com/images/I/51jAJ0YrL5L.jpg",
    "https://m.media-amazon.com/images/I/51ayeSUB3sL.jpg",
    "https://m.media-amazon.com/images/I/41B+ESvyDyL.jpg",
    "https://m.media-amazon.com/images/I/51YxQ39iXIL.jpg",
    "https://m.media-amazon.com/images/I/616Tl2RYEuL.jpg"
  ],
  "product_detail": {
    "Is Discontinued By Manufacturer": "No",
    "Package Dimensions": "16.26 x 10.12 x 5.43 inches; 4.5 ounces",
    "Item model number": "324",
    "Manufacturer": "Unilever",
    "ASIN": "B00099XP5Y",
    "Units": "108.0 Ounce",
    "Best Sellers Rank": "#160,022 in Grocery & Gourmet Food (See Top 100 in Grocery & Gourmet Food) #607 in Packaged Noodle Soups",
    "#607 in Packaged Noodle Soups": "",
    "Customer Reviews": "4.6 4.6 out of 5 stars 277 ratings"
  },
  "important_information": {
    "Safety Information": "This product is labelled to United States standards and may differ from similar products sold elsewhere in its ingredients, labeling and allergen warningsThis product is labelled to United States standards and may differ from similar products sold elsewhere in its ingredients, labeling and allergen warnings",
    "Ingredients": "Ingredients:Enriched Egg Noodles [Wheat Flour, Durum Flour, Egg, Niacin, Ferrous Sulfate (Iron), Thiamin Mononitrate, Riboflavin, Folic Acid], Maltodextrin (Corn, Potato), Salt, Corn Syrup*, Chicken Fat, Monosodium Glutamate, Powdered Chicken, Hydrolyzed Vegetable Protein (Soy, Corn, Wheat), Corn Starch, Disodium Guanylate, Disodium Inosinate, Yeast Extract, Natural Flavor (Celery), Parsley*, Chicken Broth*, Turmeric (For Color), Spices, Rosemary Extract. *Dehydrated May Contain Milk, Sulfites.Ingredients:Enriched Egg Noodles [Wheat Flour, Durum Flour, Egg, Niacin, Ferrous Sulfate (Iron), Thiamin Mononitrate, Riboflavin, Folic Acid], Maltodextrin (Corn, Potato), Salt, Corn Syrup*, Chicken Fat, Monosodium Glutamate, Powdered Chicken, Hydrolyzed Vegetable Protein (Soy, Corn, Wheat), Corn Starch, Disodium Guanylate, Disodium Inosinate, Yeast Extract, Natural Flavor (Celery), Parsley*, Chicken Broth*, Turmeric (For Color), Spices, Rosemary Extract. *Dehydrated May Contain Milk, Sulfites.",
    "Directions": "Stovetop Cooking Instructions: 1. In medium saucepan, bring 4 cups (32 oz) water to a boil; stir in contents of one pouch soup mix. 2. Reduce heat and simmer uncovered, stirring occasionally, 5 minutes or until noodles are tender. Microwave Cooking Instructions: 1. In 2-quart microwave-safe casserole, combine 4 cups (32 oz) water and contents of one pouch soup mix. 2. Microwave uncovered at high 12 to 14 minutes (microwave ovens vary; adjust times as needed.) or until noodles are tender, stirring once halfway through cooking. Refrigerate any unused cooked portion.Stovetop Cooking Instructions: 1. In medium saucepan, bring 4 cups (32 oz) water to a boil; stir in contents of one pouch soup mix. 2. Reduce heat and simmer uncovered, stirring occasionally, 5 minutes or until noodles are tender. Microwave Cooking Instructions: 1. In 2-quart microwave-safe casserole, combine 4 cups (32 oz) water and contents of one pouch soup mix. 2. Microwave uncovered at high 12 to 14 minutes (microwave ovens vary; adjust times as needed.) or until noodles are tender, stirring once halfway through cooking. Refrigerate any unused cooked portion.",
    "Legal Disclaimer": "Statements regarding dietary supplements have not been evaluated by the FDA and are not intended to diagnose, treat, cure, or prevent any disease or health condition.Statements regarding dietary supplements have not been evaluated by the FDA and are not intended to diagnose, treat, cure, or prevent any disease or health condition."
  },
  "rating": {
    "score": "4.6 out of 5",
    "dist": {
      "5 star": "80%",
      "4 star": "9%",
      "3 star": "6%",
      "2 star": "2%",
      "1 star": "3%"
    }
  },
  "top_comments": [
    {
      "date": "September 23, 2024",
      "title": "tasty",
      "score": "5.0 out of 5 stars",
      "text": "excellent value for the price.",
      "helpfulness": "0"
    },
    {
      "date": "April 8, 2021",
      "title": "Great price!",
      "score": "5.0 out of 5 stars",
      "text": "The corners of a couple of boxes were a bit smashed, but product wasn't effected. Same as what you get in the supermarket, but much cheaper! We love this stuff as a quick alternative to homemade.",
      "helpfulness": "0"
    },
    {
      "date": "May 21, 2021",
      "title": "SOUP NOT RECEIVED-LOST",
      "score": "5.0 out of 5 stars",
      "text": "I ABSOLUTELY LOVE YOUR SOUP AND HAVE BEEN WAITING FOR DELIVERY (WHICH STILL HASN'T HAPPENED).  I NEED SOMEONES HELP TO GET THIS PROBLEM TAKEN CARE OF.  PLEASE AND THANK YOU",
      "helpfulness": "0"
    },
    {
      "date": "December 23, 2021",
      "title": "Great soup",
      "score": "5.0 out of 5 stars",
      "text": "Been eating liston soup since I was a kid",
      "helpfulness": "0"
    },
    {
      "date": "August 13, 2019",
      "title": "Cost is 80 cents per pouch. I don't know how this compares with retail, seems fair enough  ?!",
      "score": "4.0 out of 5 stars",
      "text": "Of the several varieties of instant package soups this product is my preferred choice. Each pouch produces 4 full cups of very delicious soup and the flavor is rich with the taste of chicken. What I most like about this product is it can be taken just as it comes out of the envelope by adding the hot water or AS I like to prepare  additional ingredients like mixed frozen veggies, bits of left over poultry or assorted meats, and it all comes ready to eat in a few minutes",
      "helpfulness": "0"
    },
    {
      "date": "March 1, 2020",
      "title": "Love Lipton soup",
      "score": "5.0 out of 5 stars",
      "text": "My teens love the Lipton soup! As for traveling hotels/motels it’s great as a quick snack",
      "helpfulness": "One"
    },
    {
      "date": "March 9, 2021",
      "title": "really good",
      "score": "5.0 out of 5 stars",
      "text": "try it you will like it",
      "helpfulness": "0"
    },
    {
      "date": "May 23, 2021",
      "title": "Great soup",
      "score": "5.0 out of 5 stars",
      "text": "Delicious",
      "helpfulness": "0"
    }
  ]
}