{
  "product_title": "Annie's Organic Shells and White Cheddar Macaroni and Cheese, Whole Wheat, 6 oz (Pack of 12)",
  "byline_info": "Visit the Annie's Homegrown Store",
  "product_description": "Product Description   Enjoy a bowl of delectable Annie's Organic Whole Grain Shells and White Cheddar Macaroni and Cheese and help protect the planet at the same time. Each bite of this white cheddar mac will please the taste buds with its cheesy, creamy and oh-so-dreamy goodness! Made with organic whole grain pasta and real white cheddar cheese, this mac and cheese is easy to prepare and perfect for any time of day. Plus, these ingredients are grown with regenerative practices, which can help reduce greenhouse gases in our atmosphere. So not only are you benefiting from a whopping 30 grams of whole grains per serving, but the Earth benefits from farming practices that help protect and restore our planet.   About the Brand   Annie's Homegrown is a good company with good people that makes good food and does good stuff. From the beginning, Annie impressed upon us the necessity of operating responsibly by giving back to the community. Because if you don't take care of the folks who are taking care of you, everything gets ugly. And anyone who thinks an ugly planet is a healthy planet is a wackadoo. Annie's motto: Eat Responsibly. Act Responsibly.  Annie's Homegrown has stayed committed to its goals even as the company has expanded. With distribution in all 50 states, it's become the second-largest brand of macaroni and cheese in the U.S. And in their own words: \"We know we're the first most delicious.\"  History of Annie's Homegrown  After creating Smartfood in 1982, one of the fastest-selling snack food products in U.S. history, Annie Withey co-founded Annie's Homegrown in 1989 with the idea of making a great-tasting, all-natural macaroni and cheese. In the end, though, she did a lot more than that.  In 1998, Annie's Homegrown was the first to develop and introduce three amazing kinds of organic macaroni and cheese. At the end of 2001, Annie's introduced a line of certified organic pasta, dressed up in a lovely bright purple box. And in 2005, Annie's introduced three flavors of Deluxe Mac and Cheese, four awesome flavors of organic crackers that they call Cheddar Bunnies, and three flavors of graham crackers called Bunny Grahams, made with organic ingredients.  Annie continues to be the inspirational leader of Annie's. She works from her home in Connecticut, answering some consumer letters and providing input on new product and marketing ideas. She remains the company's corporate conscience.    \n  From the Manufacturer   Annie is a big fan of whole wheat pasta and thought it would taste great with their original white cheddar cheese sauce. Organic Whole Wheat Shells & White Cheddar is made with certified-organic whole wheat pasta and certified-organic white cheddar cheese. Try this twist on Annie's original macaroni and cheese product. You'll get lots of extra fiber from this one!  The gentler practices of organic farming, that exclude the use of chemical pesticides and fertilizers, benefit all of the Earth's inhabitants, from micro organisms to humans. Annie's encourages organic farming and are proud to support organic farmers by creating additional all-organic products. Organic Whole Wheat Shells and White Cheddar is certified organically grown and processed in accordance with Oregon Tilth Standards.   See more",
  "category": [
    "Grocery & Gourmet Food",
    "Pantry Staples",
    "Canned, Jarred & Packaged Foods",
    "Packaged Meals & Side Dishes",
    "Macaroni & Cheese"
  ],
  "alt_images": [
    "https://m.media-amazon.com/images/I/513s2JvzfTL.jpg",
    "https://m.media-amazon.com/images/I/519190SP6AL.jpg",
    "https://m.media-amazon.com/images/I/51Dx6QK3YtL.jpg",
    "https://m.media-amazon.com/images/I/51VyxaLn+KL.jpg",
    "https://m.media-amazon.com/images/I/51m55eng5LL.jpg",
    "https://m.media-amazon.com/images/I/51+bnf6q+WL.jpg",
    "https://m.media-amazon.com/images/I/31g5eCP+PHL.jpg"
  ],
  "product_detail": {
    "Is Discontinued By Manufacturer": "No",
    "Package Dimensions": "10.98 x 7.36 x 5.87 inches; 4.5 Pounds",
    "Item model number": "DUNFI0688978",
    "Manufacturer": "Annie’s",
    "ASIN": "B000CQ25QE",
    "Units": "72.0 Ounce",
    "Customer Reviews": "4.6 4.6 out of 5 stars 151 ratings"
  },
  "important_information": {
    "Ingredients": "ORGANIC PASTA (ORGANIC WHEAT FLOUR, ORGANIC WHOLE OAT FLOUR, ORGANIC WHOLE WHEAT FLOUR, ORGANIC WHOLORGANIC PASTA (ORGANIC WHEAT FLOUR, ORGANIC WHOLE OAT FLOUR, ORGANIC WHOLE WHEAT FLOUR, ORGANIC WHOL",
    "Legal Disclaimer": "Statements regarding dietary supplements have not been evaluated by the FDA and are not intended to diagnose, treat, cure, or prevent any disease or health condition.Statements regarding dietary supplements have not been evaluated by the FDA and are not intended to diagnose, treat, cure, or prevent any disease or health condition."
  },
  "rating": {
    "score": "4.6 out of 5",
    "dist": {
      "5 star": "79%",
      "4 star": "10%",
      "3 star": "5%",
      "2 star": "2%",
      "1 star": "4%"
    }
  },
  "top_comments": [
    {
      "date": "November 6, 2013",
      "title": "healthier than the alternatives, last minute meal worthy, better than expected taste/texture",
      "score": "5.0 out of 5 stars",
      "text": "My husband and I were looking for a healthier version of shells and cheese for our 1 year old and ourselves as a last resort or last minute meal for those days when you just don't have time for a homeade sitdown meal. Supringly I found the taste quite good and it isn't so overpowering like Kraft can be. Also, there wasn't the problem of the cheese being partially mixed like I've had with other brands. We bought a large box and keep it on hand for those last minute meals.",
      "helpfulness": "0"
    },
    {
      "date": "July 3, 2013",
      "title": "Addicted",
      "score": "5.0 out of 5 stars",
      "text": "I buy these by the case very often from Amazon. It is the easiest meal to make and soo much better tasting then regular mac and cheese. I love the wheat pasta and the sauce is out of this world. I usually add chopped broccoli and grated parmesian to the final product. I usually get sick of the same foods, but not this one. I can't get enough of it!!",
      "helpfulness": "0"
    },
    {
      "date": "September 19, 2023",
      "title": "You want whole wheat mac-and-cheese? This is the one to get.",
      "score": "5.0 out of 5 stars",
      "text": "Whole grain pasta is generally healthier than regular pasta, and many years ago, I had switched from the Kraft brand (during the time when it was owned by Philip Morris Tobacco) to the Annie's brand (currently owned by General Mills). Wanting to serve a whole wheat product, I tried this and one other, and found that this came closest to the flavor and texture of a traditional packaged mac-and-cheese product.In general, I alternate between this and the \"regular\" Annie's product, combining the leftovers of the two batches for a third night's side-dish. They combine quite well with each other, and if one needed a double-batch, the two products could probably also be combined freshly made (although they would have to be cooked in separate pans, because the whole wheat shells have a longer cooking time).",
      "helpfulness": "0"
    },
    {
      "date": "September 17, 2012",
      "title": "There is never any left",
      "score": "4.0 out of 5 stars",
      "text": "I have a full house. Kids age 2,4,9,11. They actually like this better than the Kraft stuff with the yellow cheese. I bought it on an attempt to try to boost the fiber for the kids. Make it with a side of veggies (broccoli, sweet peas or a carrot). This works perfect for dinner as none of the kids are hungry before bed, something that was always a struggle. They really do like it. Whenever I make it there is never any left.I do add the optional butter (real butter (unsalted)) to the mix as it adds a better smoothness to the cheese and a nice flavor kick. It is highly recommended that the cheese sauce is made separately. Cook the pasta an extra 2-4 minutes than normal, pre-melt the butter and warm the liquid in the microwave for 30 seconds to a minute (I make it in a batch of 2-3 depending on if the bring over friends). Then add the cheese packs 1 by 1 and mix with a whisk, until smooth. Since I do add butter I reduce the recommended milk by the same amount, otherwise it would be thin.I cannot stress the importance of pre-making the cheese mixture, it makes a huge difference in texture, thickness and flavor (I guess it has to rest a bit before adding to noodles.",
      "helpfulness": "3"
    },
    {
      "date": "July 26, 2007",
      "title": "Whole Grain Mac is the Best",
      "score": "5.0 out of 5 stars",
      "text": "I love this mac and cheese. I switched to whole wheat pasta a few years ago and this is one of the best alternatives that fit the traditional American dish. I mix it with a can of tuna and I could eat it every night of the week. You do have to cook the noodles longer because they are more dense than the processed enriched noodles you get at the store. I've managed to convert my husband to the whole wheat pasta, but he still likes his Kraft Mac and Cheese. What can I say? I'm going healthy and its still tasty.",
      "helpfulness": "2"
    },
    {
      "date": "September 8, 2012",
      "title": "The best whole grain mac n cheese!",
      "score": "5.0 out of 5 stars",
      "text": "the only whole grain mac n cheese as yummy as my generation's fave, the quick & tasty kraft box style mac n cheese.Hooray for Amy's!! Both organic & higher in nutrients AND fiber due to the whole graintry sneaking in chopped cauliflower & broccoli to boost your childs super veg intake!",
      "helpfulness": "0"
    },
    {
      "date": "December 9, 2006",
      "title": "Quality Product, Not Suited For My Taste Buds",
      "score": "3.0 out of 5 stars",
      "text": "I've been eating Annie's Mac n' Cheese (not the whole wheat type) since 1994.  Amazon offers a excellent price (around $1.50 per box for certified organic, whoa!) and if I'm going to commit upfront to 12 boxes of mac and cheese, I figured I try to be a little healthier and get the whole wheat type.It is a quality product but it isn't suited to my taste buds.  I am surprised because I prefer brown rice and wild rice to white rice and generally enjoy whole wheat products.  But to this eater, the whole wheat shells were too heavy and chewy.  The watery white cheddar sauce enhanced the pasta's rougher texture and blandness.  (The white cheddar sauce is like an alfredo, and less creamy than Annie's regular cheddar.)  My friends love this stuff, but I think it's an acquired tasted.  If I had known what I know now, I'd have stuck with the enriched white (yet stripped of it's nutrients) shells or at least gone with the regular cheddar sauce.*Update*While still not a full-on fan, I enjoying this product more now that:1.  Tastes much better when cooked 10-11 minutes at sea-level (the box recommends 8-10), the texture is less rough and gummy and is more noodle-y.2.  Adding fresh herbs with the cheese sauce.  It gives a depth to the flavor.  My favorite herb to add (so far) is cilantro (add about 1/3 cup chopped after mixing in the cheese sauce).  Other enjoyable variations were adding 2/3 cup of Italian parsley or 1/8 cup fresh dill leaves.",
      "helpfulness": "34"
    },
    {
      "date": "May 9, 2008",
      "title": "great price for a wonderful product",
      "score": "5.0 out of 5 stars",
      "text": "Amazon has the best price around for this product.  It's Organic.  It's whole wheat.  It tastes great.  I like the fuller taste (and healthier characteristics) of the whole wheat.  Our daughter loves it and you don't have to feel guilty about giving it to her.  Throw in veggies or tuna or eat it plain - it's a good meal.",
      "helpfulness": "One"
    }
  ]
}