{
  "product_title": "Alvita Decaffeinated Chinese Green Tea, Plain, 24 Tea Bags, 1.27 Ounce",
  "byline_info": "Brand: ALVITA",
  "product_description": "For more than 75 years, long before it became fashionable, Alvita was championing the profound health-giving properties of herbal teas. We travel to the far reaches of the globe for the finest herbs, the best growers, the most precious sources.",
  "category": [
    "Grocery & Gourmet Food",
    "Beverages",
    "Tea",
    "Fruit & Herbal Tea",
    "Herbal"
  ],
  "alt_images": [
    "https://m.media-amazon.com/images/I/41z77a3KFsL.jpg"
  ],
  "product_detail": {
    "Is Discontinued By Manufacturer": "No",
    "Product Dimensions": "2.2 x 3.3 x 5.7 inches; 2.56 ounces",
    "Item model number": "ALV-00382",
    "Department": "Health and Beauty>Health and Wellness",
    "UPC": "726016003827",
    "Manufacturer": "Alvita",
    "ASIN": "B00020HHAO",
    "Units": "24 Count",
    "Customer Reviews": "4.6 4.6 out of 5 stars 4 ratings"
  },
  "important_information": {
    "Ingredients": "Chinese green tea leaves.Chinese green tea leaves.",
    "Directions": "The best way to make a good tasting cup of tea is by the infusion method. Place one tea bag into a cup and add no more than 6 oz. of boiling water. Let steep for 3 minutes and remove the bag. Press the bag before removing to enhance the flavor. Add honey to sweeten.The best way to make a good tasting cup of tea is by the infusion method. Place one tea bag into a cup and add no more than 6 oz. of boiling water. Let steep for 3 minutes and remove the bag. Press the bag before removing to enhance the flavor. Add honey to sweeten.",
    "Legal Disclaimer": "Please check the ingredients before use. We recommend that you do not rely solely on the information presented and that you always read labels, warnings, and directions before using or consuming a product.Please check the ingredients before use. We recommend that you do not rely solely on the information presented and that you always read labels, warnings, and directions before using or consuming a product.Statements regarding dietary supplements have not been evaluated by the FDA and are not intended to diagnose, treat, cure, or prevent any disease or health condition.Statements regarding dietary supplements have not been evaluated by the FDA and are not intended to diagnose, treat, cure, or prevent any disease or health condition."
  },
  "rating": {
    "score": "4.6 out of 5",
    "dist": {
      "5 star": "80%",
      "4 star": "0%",
      "3 star": "20%",
      "2 star": "0%",
      "1 star": "0%"
    }
  },
  "top_comments": [
    {
      "date": "April 28, 2013",
      "title": "Alvita Teas - CAffeine Free Tea",
      "score": "5.0 out of 5 stars",
      "text": "I must retract my coments: By Calling Alvita they explained what California made Avita put on their boxes, eventho the tea is Caffeine Free.  To purchase the Caffeine Free Alvita Tea you receive a box that says Decaf. but theUPC determines if it's Caffeine Free.",
      "helpfulness": "0"
    },
    {
      "date": "May 23, 2012",
      "title": "tea",
      "score": "3.0 out of 5 stars",
      "text": "The tea was ok.  However it is not caffiene free as it advertised to be. It is decaff.  So that was misleading or incorrect information about this tea and I was disappointed. Due to the cost, I decided to keep it.",
      "helpfulness": "0"
    },
    {
      "date": "October 25, 2014",
      "title": "Five Stars",
      "score": "5.0 out of 5 stars",
      "text": "Excellent product easy to find on Amazon A++++",
      "helpfulness": "0"
    },
    {
      "date": "March 10, 2015",
      "title": "Five Stars",
      "score": "5.0 out of 5 stars",
      "text": "Great!",
      "helpfulness": "0"
    }
  ]
}