{
  "product_title": "Breadshop's Granola Cereal, Triple Berry Crunch, 12.5-Ounce Boxes (Pack of 6)",
  "byline_info": "Brand: Breadshop's",
  "product_description": "Bursting with delicious nutty flavor and nutritious whole grain oats, Arrowhead Mills Breadshop Triple Berry Crunch blends strawberries, blueberries and raspberries to serve up a vivacious crunch in a hearty buffet of naturally sweetened whole grain granola.",
  "category": [
    "Grocery & Gourmet Food",
    "Breakfast Cereal",
    "Granola"
  ],
  "alt_images": [
    "https://m.media-amazon.com/images/I/51XhpvswshL.jpg",
    "https://m.media-amazon.com/images/I/416ZiiJdRhL.jpg",
    "https://m.media-amazon.com/images/I/512YBNhtRbL.jpg",
    "https://m.media-amazon.com/images/I/41Xa4i1zTtL.jpg",
    "https://m.media-amazon.com/images/I/31g2WEAUseL.jpg",
    "https://m.media-amazon.com/images/I/51c3pai1EmL.jpg",
    "https://m.media-amazon.com/images/I/41BjtS4j5HL.jpg"
  ],
  "product_detail": {
    "Package Dimensions": "12.2 x 9.2 x 5.2 inches; 12.5 ounces",
    "Manufacturer": "Breadshop's",
    "ASIN": "B000F0JOR0",
    "Units": "75.0 Ounce",
    "Customer Reviews": "2.5 2.5 out of 5 stars 12 ratings"
  },
  "important_information": {
    "Ingredients": "Oats, Oat Bran, Cane Mill Juice, Expeller Pressed Canola Oil, Corn Flakes (Corn, Cane Mill Juice, Barley Malt, Salt), Honey, Crisp Brown Rice, Freeze-dried Fruit (Blueberries, Raspberries, Strawberries), Natural Berry Flavor, Oat Syrup, Concentrated Fruit Juices (Blueberry, Plum), Salt, Natural Vitamin E (For Freshness).Oats, Oat Bran, Cane Mill Juice, Expeller Pressed Canola Oil, Corn Flakes (Corn, Cane Mill Juice, Barley Malt, Salt), Honey, Crisp Brown Rice, Freeze-dried Fruit (Blueberries, Raspberries, Strawberries), Natural Berry Flavor, Oat Syrup, Concentrated Fruit Juices (Blueberry, Plum), Salt, Natural Vitamin E (For Freshness).",
    "Legal Disclaimer": "Statements regarding dietary supplements have not been evaluated by the FDA and are not intended to diagnose, treat, cure, or prevent any disease or health condition.Statements regarding dietary supplements have not been evaluated by the FDA and are not intended to diagnose, treat, cure, or prevent any disease or health condition."
  },
  "rating": {
    "score": "2.5 out of 5",
    "dist": {
      "5 star": "15%",
      "4 star": "13%",
      "3 star": "17%",
      "2 star": "18%",
      "1 star": "37%"
    }
  },
  "top_comments": [
    {
      "date": "May 11, 2015",
      "title": "One Star",
      "score": "1.0 out of 5 stars",
      "text": "Did not like fines in this cereal",
      "helpfulness": "0"
    },
    {
      "date": "March 18, 2012",
      "title": "Corn Flakes with a Twist",
      "score": "2.0 out of 5 stars",
      "text": "I found this item while searching for Granola and Berries and looked forward to it's arrival. However, I was very disappointed with the abundance of corn flakes. Like other reviewers the amount of granola crumbs is disheartening too. The Triple Berries are yummy and I would have enjoyed this WITHOUT the cornflakes. There's too many cornflakes to pick out...yes the thought crossed my mind!",
      "helpfulness": "0"
    },
    {
      "date": "August 15, 2010",
      "title": "Granola with some crunch",
      "score": "3.0 out of 5 stars",
      "text": "I liked the taste of the cereal just fine but I felt like I was eating crumbs, you know the type of cereal you get at the bottom of a box or bag of cereal. It does makes good muffins and since I bought the six boxes here on amazon I think we will be having muffins at least once a week until I use it up. We just won't be eating it in our cereal bowls in the morning.",
      "helpfulness": "One"
    },
    {
      "date": "March 4, 2009",
      "title": "above average cereal",
      "score": "4.0 out of 5 stars",
      "text": "This cereal is filled with tasty ingridients, but there are better tasting cereals at the same price.  I used it with rice milk.  Note that this is a medium size box.",
      "helpfulness": "0"
    },
    {
      "date": "February 6, 2008",
      "title": "This cereal is wonderful",
      "score": "5.0 out of 5 stars",
      "text": "This cereal has everything. Great flavor, tons of fruit and nuts, it's absolutely great tasting. My kids ate all six boxes within days. The only complaint is the boxes are small. They're about half the size of a box of Chex, if you have one standing next to it in the pantry (which I currently do). But for all natural cereal without any of the garbage in it that my kids actually eat and want more of, you can't beat this stuff!",
      "helpfulness": "4"
    },
    {
      "date": "June 8, 2011",
      "title": "Too many crumbs!",
      "score": "3.0 out of 5 stars",
      "text": "I bought this cereal because I needed a wheat free cereal and this had so may good reviews.While  the taste is  good with lots of berries there were no clusters at all. - only crumbs !!I am disappointed and would not consider it a granola.",
      "helpfulness": "One"
    },
    {
      "date": "July 26, 2010",
      "title": "Too much corn flakes!!",
      "score": "2.0 out of 5 stars",
      "text": "I was surprised with the unanimous good rating of this product. Guests at our inn thought this is strictly a cereal for very young children. We were surprised that the cereal mix had a large percentage of corn flakes!!",
      "helpfulness": "One"
    },
    {
      "date": "November 22, 2008",
      "title": "Best cereal on the planet!",
      "score": "5.0 out of 5 stars",
      "text": "I love this cereal. It's very tasty, and has a great texture. I've ordered it from Amazon for several years and it always arrives fresh. It's also surprisingly healthy and, for gluten intolerent folks, it contains no wheat!",
      "helpfulness": "2"
    }
  ]
}