{
  "product_title": "Serendipity 3 Frrrozen Hot Chocolate Mix (3 Large Packs)",
  "byline_info": "Visit the Serendipity 3 Store",
  "product_description": "From the famous NYC Landmark restaurant, Serendipity 3, Frrrozen Hot Chocolate. A blend of 14 exotic cocoas that when mixed in a blender with milk and ice create a devilishly delectable drink!",
  "category": [
    "Grocery & Gourmet Food",
    "Beverages",
    "Hot Chocolate & Malted Drinks"
  ],
  "alt_images": [
    "https://m.media-amazon.com/images/I/51Hwyz-llCL.jpg",
    "https://m.media-amazon.com/images/I/514C4UhjXAL.jpg",
    "https://m.media-amazon.com/images/I/41J+Ef+As0L.jpg",
    "https://m.media-amazon.com/images/I/51Gp4dNhU+L.jpg",
    "https://m.media-amazon.com/images/I/41Vo9YjTepL.jpg"
  ],
  "product_detail": {
    "Product Dimensions": "5 x 2.5 x 7 inches; 6 ounces",
    "UPC": "648432225600",
    "Manufacturer": "Serendipity 3",
    "ASIN": "B0001IVR8A",
    "Units": "18 Ounce",
    "Customer Reviews": "4.3 4.3 out of 5 stars 97 ratings"
  },
  "important_information": {
    "Ingredients": "sugar, non-fat dry milk, dextrose and cocoas processed with alkalisugar, non-fat dry milk, dextrose and cocoas processed with alkali",
    "Legal Disclaimer": "Statements regarding dietary supplements have not been evaluated by the FDA and are not intended to diagnose, treat, cure, or prevent any disease or health condition.Statements regarding dietary supplements have not been evaluated by the FDA and are not intended to diagnose, treat, cure, or prevent any disease or health condition."
  },
  "rating": {
    "score": "4.3 out of 5",
    "dist": {
      "5 star": "72%",
      "4 star": "8%",
      "3 star": "10%",
      "2 star": "6%",
      "1 star": "4%"
    }
  },
  "top_comments": [
    {
      "date": "March 6, 2011",
      "title": "Best Stuff Ever",
      "score": "5.0 out of 5 stars",
      "text": "First of all, this is a great price as I have purchased it elsewhere and paid alot more...Secondly, if you are sitting on the fence on whether to try it... JUST DO IT! You will NOT regret it... just need a blender, milk and ice cubes... a fancy glass... and whipped cream to top it off.  It is delicious!  We had this in the dead of winter and couldn't wait for the next one!  Can't wait to try it in the heat of the summer!  ENJOY!",
      "helpfulness": "0"
    },
    {
      "date": "December 29, 2008",
      "title": "DELICIOUS!",
      "score": "5.0 out of 5 stars",
      "text": "I was absolutely thrilled to be able order these as unique stocking stuffers this year. But, was I the only one who saw the movie \"Serendipity\" in my family? These packets of \"Frozen Hot Chocolate\" are just as delicious as everyone (in the other reviews) says they are. (Which makes me doubly happy that I ordered them!) Before they even arrived, I thought how silly I was to only order one set and went back and ordered more. My son and I just had to try it out before we gave these away for the holidays. It is even great mixed with ice cream. My only complaint is that the shipping is quite steep for these lightweight packets. Otherwise, I am a very happy customer!",
      "helpfulness": "One"
    },
    {
      "date": "November 15, 2014",
      "title": "Three Stars",
      "score": "3.0 out of 5 stars",
      "text": "YUM but nothing compares to the real thing!",
      "helpfulness": "0"
    },
    {
      "date": "July 15, 2013",
      "title": "Really Good",
      "score": "4.0 out of 5 stars",
      "text": "While this product is really good (and I will purchase it again), there it is absolutely no substitute for the real thing made at Serendipity 3. I believe it is worth every penny to have this decadent dessert at the restaurant:) However, in the event that grabbing a glass of this cold deliciousness from Serendipity 3 is unattainable, making it yourself from the mix is the next best thing.",
      "helpfulness": "0"
    },
    {
      "date": "January 9, 2014",
      "title": "Not the real thing",
      "score": "2.0 out of 5 stars",
      "text": "If you have ever had the Frrozen Hot Chocolate from the actual restaurant, do not buy this. this tastes nothing like it- very cheap-tasting",
      "helpfulness": "0"
    },
    {
      "date": "March 31, 2013",
      "title": "Packages Arrived Torn",
      "score": "1.0 out of 5 stars",
      "text": "While the mix itself tastes great, of the three packages, 2 arrived torn. I would suggest NOT buying it in packet form, and instead buying perhaps the cannisters, to see if those do not have this problem.",
      "helpfulness": "0"
    },
    {
      "date": "November 10, 2012",
      "title": "Serendipity Frozen Hot Chocolate",
      "score": "5.0 out of 5 stars",
      "text": "I haven't been to the Serendipity in New York but I came across these a while ago from a magazine ad and was happy to once again discover that I could order them on Amazon. If you are a chocolate lover like me you will love this treat.  We live in Ohio so the summers are hot and humid. We have started making this our Saturday night treat through the summer time. It takes care of your chocolate craving and keeps you cool for a while.",
      "helpfulness": "0"
    },
    {
      "date": "September 19, 2011",
      "title": "Love this hot chocolate mix!",
      "score": "5.0 out of 5 stars",
      "text": "Dads are hard to shop for, but this was a hit for Christmas last year.  It was just a fun little *extra* stocking stuffer for dad!  Would definitely shop with this company again.",
      "helpfulness": "0"
    }
  ]
}