{
  "product_title": "JELL-O Coconut Cream Cook & Serve Pudding & Pie Filling Mix (3 oz Boxes, Pack of 24)",
  "byline_info": "Brand: Jell-O",
  "product_description": "About the Brand   In 1897, Pearl Wait adapted an 1845 patent for a gelatin dessert, and his wife, May Davis Wait, named the new product Jell-O brand gelatin. Decades later, in 1899, Orator Francis Woodward bought the rights to Jell-O brand gelatin from Mr. Wait for $450. Three years later, Woodward launched the advertising campaign, \"America's most favorite Dessert\" for Jell-O. Today, Jell-O, which now includes pudding and other desserts, is a member of the Kraft family of brands. About Kraft Kraft has come a long way since 29-year-old James L. Kraft moved from Ontario, canada, to Chicago and started selling cheese to grocers from a horse-drawn wagon. In fact, the story dates back further, since for more than 200 years, many companies have united to make Kraft Foods what it is today. It started before the Revolution--in Dorchester, Massachusetts--when, in 1765, a local physician, Dr. James Baker, went into partnership with a young Irish chocolate-maker, John Hannon. It was America's first chocolate mill, where, in 1780, they made a blend of quality chocolate called Baker's chocolate. Baker's chocolate was the first of a long list of companies that have joined Kraft Foods, Inc., in making good food for busy families.  In 1988, Kraft became part of Philip Morris Companies Inc., and a year later Philip Morris Companies combined Kraft and General Foods Corp. to form Kraft General Foods, the largest food company in the U.S. Some of the most popular and well-known brands in the Kraft family include Maxwell House, Yuban, Oscar Mayer, Breakstone, Grape-Nuts, Jell-O, Post, Minute Rice, Cheez Whiz, Cracker Barrell, Tang, Cool Whip, Shake 'N Bake, Stove Top, General Foods International Coffees, and many, many more.   From the Manufacturer   Creamy, cool, and satisfying, it's no wonder Jell-O Pudding has been an American family favorite for more than 63 years. Jell-O Coconut Bake and Serve Pudding and Pie Filling is not only delicious but also high in calcium. Everyone loves the flavor of this creamy pudding. In fact, 64 percent of moms say Jell-O Pudding is a favorite snack for kids. When you could go for something rich, smooth, and delicious, turn to Jell-O Coconut Bake and Serve Pudding and Pie Filling.",
  "category": [
    "Grocery & Gourmet Food",
    "Pantry Staples",
    "Cooking & Baking",
    "Pudding & Gelatin",
    "Pudding Mixes"
  ],
  "alt_images": [
    "https://m.media-amazon.com/images/I/51vMZy9d4xL.jpg",
    "https://m.media-amazon.com/images/I/51CaV-6aH2L.jpg",
    "https://m.media-amazon.com/images/I/512giOQ0enL.jpg"
  ],
  "product_detail": {
    "Is Discontinued By Manufacturer": "Yes",
    "Package Dimensions": "17.5 x 7.25 x 3 inches; 5.6 Pounds",
    "Item model number": "10043000206543",
    "Manufacturer": "Kraft-Heinz",
    "ASIN": "B000E1FXLQ",
    "Units": "24 Count",
    "Best Sellers Rank": "#210,992 in Grocery & Gourmet Food (See Top 100 in Grocery & Gourmet Food) #399 in Pudding Mixes",
    "#399 in Pudding Mixes": "",
    "Customer Reviews": "4.7 4.7 out of 5 stars 287 ratings"
  },
  "important_information": {
    "Ingredients": "SUGAR, DEXTROSE, COCONUT, CORNSTARCH, MODIFIED CORNSTARCH, CONTAINS LESS THAN 2% OF NATURAL AND ARTIFICIAL FLAVOR, SALT, CALCIUM CARRAGEENAN, POLYSORBATE 60, YELLOW 5, YELLOW 6, SODIUM METABISULFITE (RETAINS COCONUT WHITENESS).SUGAR, DEXTROSE, COCONUT, CORNSTARCH, MODIFIED CORNSTARCH, CONTAINS LESS THAN 2% OF NATURAL AND ARTIFICIAL FLAVOR, SALT, CALCIUM CARRAGEENAN, POLYSORBATE 60, YELLOW 5, YELLOW 6, SODIUM METABISULFITE (RETAINS COCONUT WHITENESS).",
    "Directions": "Follow instructions on packageFollow instructions on package",
    "Legal Disclaimer": "Statements regarding dietary supplements have not been evaluated by the FDA and are not intended to diagnose, treat, cure, or prevent any disease or health condition.Statements regarding dietary supplements have not been evaluated by the FDA and are not intended to diagnose, treat, cure, or prevent any disease or health condition."
  },
  "rating": {
    "score": "4.7 out of 5",
    "dist": {
      "5 star": "86%",
      "4 star": "10%",
      "3 star": "2%",
      "2 star": "1%",
      "1 star": "1%"
    }
  },
  "top_comments": [
    {
      "date": "March 3, 2025",
      "title": "Best Ever",
      "score": "5.0 out of 5 stars",
      "text": "Usual great Jello brand chocolate pudding. You can't go wrong.",
      "helpfulness": "0"
    },
    {
      "date": "October 10, 2024",
      "title": "Very good pudding",
      "score": "5.0 out of 5 stars",
      "text": "Like Mother use to make years ago.",
      "helpfulness": "One"
    },
    {
      "date": "February 15, 2012",
      "title": "Tips",
      "score": "5.0 out of 5 stars",
      "text": "1) Price: Should be about $25. Amazon doesn't always stock this themselves, so be careful. Some other merchants try to charge upwards of $35 plus shipping on top of that. (Should say at top \"Ships from and sold by Amazon\".)2) Add lots of sweetened coconut directly to the pudding mix. Makes the filling go from pretty good to awesome.3) Cook & Serve - Be careful when opening the box. Last case I ordered actually had two boxes of no-cook randomly mixed in (weird right?).4) Availability - This is old school. I can't find it anywhere but online.5) Flavor - I'm big on coconut pies. They are my fave. I've only ever had two \"from scratch\" pies that beat this pudding with coconut mixed directly into it. My tastebuds give it 8 out of 10. Note: In runs a bit on the sweeter side of the spectrum.Enjoy / Good Luck.",
      "helpfulness": "0"
    },
    {
      "date": "October 29, 2023",
      "title": "It’s pudding!",
      "score": "5.0 out of 5 stars",
      "text": "Good pudding. I want to buy more but the new price is so ridiculous, I won’t buy it.",
      "helpfulness": "0"
    },
    {
      "date": "July 29, 2022",
      "title": "Finally found it!",
      "score": "5.0 out of 5 stars",
      "text": "After looking for weeks i was able to find this seller who had the correct type and affordable pricing i was looking for!",
      "helpfulness": "0"
    },
    {
      "date": "December 12, 2021",
      "title": "Yum!",
      "score": "5.0 out of 5 stars",
      "text": "What's better than warm chocolate pudding? I mean, really? I make this with almond milk for less guilt and just as much flavor. Just 6 minutes in the microwave and you have a chocolatey treat.",
      "helpfulness": "0"
    },
    {
      "date": "June 13, 2024",
      "title": "So good.",
      "score": "4.0 out of 5 stars",
      "text": "I mean, really!!",
      "helpfulness": "One"
    },
    {
      "date": "April 4, 2022",
      "title": "Couldn't find in stores.",
      "score": "5.0 out of 5 stars",
      "text": "I always liked this product but stores are not carrying a variety anymore. I found it on Amazon and will purchase here from now on.",
      "helpfulness": "One"
    }
  ]
}