{
  "product_title": "Flavor Fountain Ice Cream Flavoring - 1.7oz bottle - Caramel Delight",
  "byline_info": "Visit the LorAnn Oils Store",
  "product_description": "Flavor Fountain Carmel Delight /1",
  "category": [
    "Grocery & Gourmet Food",
    "Pantry Staples",
    "Cooking & Baking"
  ],
  "alt_images": [
    "https://m.media-amazon.com/images/I/31JrW2w1WIL.jpg"
  ],
  "product_detail": {
    "Is Discontinued By Manufacturer": "Yes",
    "Package Dimensions": "4.1 x 1.1 x 1 inches; 8 ounces",
    "Item model number": "JBT-F-FF-BOTT-CARA",
    "UPC": "023535920056",
    "Manufacturer": "YayLabs!",
    "ASIN": "B000FRXO60",
    "Units": "1.00 Count",
    "Customer Reviews": "3.3 3.3 out of 5 stars 3 ratings"
  },
  "important_information": {
    "Legal Disclaimer": "Statements regarding dietary supplements have not been evaluated by the FDA and are not intended to diagnose, treat, cure, or prevent any disease or health condition.Statements regarding dietary supplements have not been evaluated by the FDA and are not intended to diagnose, treat, cure, or prevent any disease or health condition."
  },
  "rating": {
    "score": "3.3 out of 5",
    "dist": {
      "5 star": "49%",
      "4 star": "0%",
      "3 star": "16%",
      "2 star": "0%",
      "1 star": "35%"
    }
  },
  "top_comments": [
    {
      "date": "June 30, 2014",
      "title": "Probably best for icecream as advertised",
      "score": "3.0 out of 5 stars",
      "text": "This is probably best used to flavor icecream like advertised. I wanted to use it to flavor my vanilla protein shakes to add variety. The mint chocolate one is strong enough but I don't taste the caramel one too much. They have artificial flavoring too and I am very sensitive, so I can't use this often without upsetting my stomach. I may try to make Greek yogart icecream and flavor it with this....",
      "helpfulness": "0"
    }
  ]
}