{
  "product_title": "Pepper Plant Original Hot Pepper Sauce, 10 oz",
  "byline_info": "Brand: The Pepper Plant",
  "product_description": "The original California hot sauce! Blend of jalapeno and red peppers. This sauce is a mainstay in most restaurants in Monterey and Carmel. Adds some zing to taco's, eggs, fish, steaks, bloody marys, or whatever you wish to top.",
  "category": [
    "Grocery & Gourmet Food",
    "Pantry Staples",
    "Sauces, Gravies & Marinades",
    "Hot Sauce"
  ],
  "alt_images": [
    "https://m.media-amazon.com/images/I/41Lg8+KX0aL.jpg",
    "https://m.media-amazon.com/images/I/51S4YwRXhNL.jpg",
    "https://m.media-amazon.com/images/I/417DskQBfNL.jpg"
  ],
  "product_detail": {
    "Is Discontinued By Manufacturer": "No",
    "Product Dimensions": "1.5 x 1.8 x 7.8 inches; 1.15 Pounds",
    "Item model number": "039851725398",
    "UPC": "039851725398",
    "Manufacturer": "The Pepper Plant",
    "ASIN": "B002QWYKH4",
    "Units": "10.0 Ounce",
    "Best Sellers Rank": "#37,570 in Grocery & Gourmet Food (See Top 100 in Grocery & Gourmet Food) #384 in Hot Sauce",
    "#384 in Hot Sauce": "",
    "Customer Reviews": "4.7 4.7 out of 5 stars 652 ratings"
  },
  "important_information": {
    "Ingredients": "Jalapeno's Puree, water, chili pepper, dehydrated garlic, spice, onion, olive oil, Xanthan gumJalapeno's Puree, water, chili pepper, dehydrated garlic, spice, onion, olive oil, Xanthan gum",
    "Directions": "Use as desired to add heat and flavor to your favorite dishes.Use as desired to add heat and flavor to your favorite dishes.",
    "Legal Disclaimer": "Statements regarding dietary supplements have not been evaluated by the FDA and are not intended to diagnose, treat, cure, or prevent any disease or health condition.Statements regarding dietary supplements have not been evaluated by the FDA and are not intended to diagnose, treat, cure, or prevent any disease or health condition."
  },
  "rating": {
    "score": "4.7 out of 5",
    "dist": {
      "5 star": "81%",
      "4 star": "13%",
      "3 star": "4%",
      "2 star": "1%",
      "1 star": "1%"
    }
  },
  "top_comments": [
    {
      "date": "July 2, 2025",
      "title": "The BEST!",
      "score": "5.0 out of 5 stars",
      "text": "THE best hot sauce there is! I'm in Idaho and can't find it anywhere, so have to get it shipped. It's my favorite on eggs and in burritos.",
      "helpfulness": "One"
    },
    {
      "date": "February 27, 2025",
      "title": "Yummy",
      "score": "5.0 out of 5 stars",
      "text": "Love this hot sauce! I use it on eggs, rice, tacos, etc. this is such tasty hot sauce. Perfect amount of heat.",
      "helpfulness": "2"
    },
    {
      "date": "April 22, 2019",
      "title": "I Got It; I Get It",
      "score": "5.0 out of 5 stars",
      "text": "This sauce is delicious and complex. It is savory, salty, smoky and a little spicy. My first taste confirmed the great reviews this sauce receives. I like the big pepper flavor (thanks to the jalapeños), backed by garlic and a touch of cumin. The spice level is mild to medium. This sauce steers clear of being overly acidic and has just the right amount of tang. It is easy to eat a lot of this sauce as it goes well on many things (pizza, chicken, potatoes, etc.). The bottle I bought is very salty (almost too much at times). A reduced sodium version would certainly speed up my consumption. Overall a really great find for anyone looking for a unique go-to sauce.",
      "helpfulness": "One"
    },
    {
      "date": "August 7, 2019",
      "title": "A little spicy but very savory sauce",
      "score": "5.0 out of 5 stars",
      "text": "I first tried it in a random restaurant on Highway 1. They had very mediocre  burger with a bland patty. I was just replenishing my proteins until I saw this sauce and tried adding it - it was magic!As some review mention, it's indeed on the salty side. Just a bit smoky, it's only savoriness that left from the smoke.Why get it? First of all, it'd work great with with meats and poultry - especially if those are \"not outstanding\".Besides that, it pairs well with baked potatoes and meats - it would a kick and take care of saltiness.My favorite combination is with pork breakfast sausage, over easy eggs and melted cheese.",
      "helpfulness": "3"
    },
    {
      "date": "June 14, 2025",
      "title": "Love this stuff!",
      "score": "4.0 out of 5 stars",
      "text": "Adds a lot of hot salty flavor to Mexican food!",
      "helpfulness": "One"
    },
    {
      "date": "November 5, 2022",
      "title": "Best “Hot Sauce” that isn’t hot ALL FLAVOR",
      "score": "5.0 out of 5 stars",
      "text": "This is great “Hot Sauce” that isn’t hot and it’s just all flavor! Has a little kick but is not one that how “STUPID HOT SAUCES” by any means! It adds great flavor to everything, especially any meat or pasta sauce!!! It’s a must try! We used to live in California and we bought it direct from their restaurant/store but now that we live to Michigan so we now need to buy the sauce on Amazon. It’s from California and it’s amazing!",
      "helpfulness": "3"
    },
    {
      "date": "January 3, 2011",
      "title": "Happy to buy it online!",
      "score": "5.0 out of 5 stars",
      "text": "We first tried this sauce in July when we stopped for lunch at Big Sur, as we drove down the coast road. I was amazed at the unique taste. It is rich, a little bit spicy, and unlike any other pepper sauce I've tried (I love salsas). We bought a couple bottles for home, but they didn't last long. This stuff goes great with eggs, chicken, vegetables, etc. I've never seen it in a local store in southern California, and wasn't planning another central Cal drive, so I was very happy to find it available online. I ordered it with a couple other items from Taylor's market. On my first order, they made a mistake on one of the items, but told me to just keep the mistake and then quickly sent the correct item.",
      "helpfulness": "One"
    },
    {
      "date": "May 6, 2023",
      "title": "Really good tasting",
      "score": "5.0 out of 5 stars",
      "text": "This sauce is great. I first had it at a restaurant and liked it so much I searched for it and bought it. It is spicy but it is jalapeño based so it is not as intense as most habanero based sauces. The flavor is really good. Highly recommended.",
      "helpfulness": "0"
    }
  ]
}