{
  "product_title": "Everlasting Treat For Dogs, Chicken, Medium",
  "byline_info": "Visit the Starmark Store",
  "product_description": "Indulge your dog with snacks he'll love. Everlasting Treats can be enjoyed solo or inside our Everlasting interactive toys for engaging chew sessions. Crafted from natural ingredients, free from plastics or polymers, and entirely edible. Dental ridges promote oral health by keeping teeth clean.",
  "category": [
    "Pet Supplies",
    "Dogs",
    "Treats",
    "Cookies, Biscuits & Snacks"
  ],
  "alt_images": [
    "https://m.media-amazon.com/images/I/514+t3UFCAL.jpg",
    "https://m.media-amazon.com/images/I/51zYwghJhQL.jpg",
    "https://m.media-amazon.com/images/I/51QAvts2LrL.jpg",
    "https://m.media-amazon.com/images/I/51KVwpw498L.jpg",
    "https://m.media-amazon.com/images/I/41noSxA+gTL.jpg",
    "https://m.media-amazon.com/images/I/41Rj7Gwk6qL.jpg",
    "https://m.media-amazon.com/images/I/51Mf4fNCrML.jpg"
  ],
  "product_detail": {
    "Is Discontinued By Manufacturer": "No",
    "Product Dimensions": "5 x 1 x 7 inches; 3.6 ounces",
    "Item model number": "TCETSC",
    "Department": "Pet Supplies",
    "Date First Available": "October 2, 2001",
    "Manufacturer": "StarMark",
    "ASIN": "B0006VB3S6",
    "Best Sellers Rank": "#5,392 in Pet Supplies (See Top 100 in Pet Supplies) #448 in Dog Treat Cookies, Biscuits & Snacks",
    "#448 in Dog Treat Cookies, Biscuits & Snacks": "",
    "Customer Reviews": "4.5 4.5 out of 5 stars 5,300 ratings"
  },
  "important_information": {},
  "rating": {
    "score": "4.5 out of 5",
    "dist": {
      "5 star": "74%",
      "4 star": "13%",
      "3 star": "7%",
      "2 star": "2%",
      "1 star": "4%"
    }
  },
  "top_comments": [
    {
      "date": "July 7, 2023",
      "title": "Long lasting",
      "score": "5.0 out of 5 stars",
      "text": "I bought the large for my 10 pound dog. She loves it!! Can lick it for hours!!! Keeps her very busy and occupied! The replacement is a bit challenging to get into the holder. You really have to work it in there. The outside case is indistructable! And the large size is perfect for her to hold in her paws! She didn't like the small one and was able to lick/ chew the small one pretty quickly",
      "helpfulness": "4"
    },
    {
      "date": "June 7, 2025",
      "title": "My Elkhound is a huge fan of these!",
      "score": "5.0 out of 5 stars",
      "text": "We've tried other options from this brand and while the Elkhound likes the other ones, this is by far his favorite shape and flavor (chicken). Following the instructions to wet the edges and letting it dry in the treat is the key to it lasting longer than he can chomp it up. I made the mistake of just sticking one in and he had it popped out in seconds to eat like a dental chew... Little monster. Wetting the edges and allowing it to dry in the treat ball (made by same company) glued it in there and made it more challenging. Good price for two treats, only sounds are the chewing and throwing, well designed. Will buy again.",
      "helpfulness": "2"
    },
    {
      "date": "September 7, 2025",
      "title": "Great dog chew",
      "score": "5.0 out of 5 stars",
      "text": "My dog loves these. It usually lasts her a couple days before she manages to work her way through it",
      "helpfulness": "0"
    },
    {
      "date": "December 13, 2015",
      "title": "Can be fun for dogs when used cautiously and occasionally",
      "score": "4.0 out of 5 stars",
      "text": "I've been buying these for the past year.  I have three dogs who weigh between 45 and 55 pounds, depending on how much they can mooch treats from me.  :}  My dogs love almost anything they are given, so taste is not part of the review at all.  One of my dogs is a pit mix.  She is as adorable as can be, but she definitely has that strong edge that pits have.The pros:  the first few times the dogs were given these, they did last almost a half hour.  They were new and unknown to my dogs.  They had fun digging these out of the treat balls that they are made for.  Supposedly, it helps with the dental aspect.  I really can't say if it does or not, but I like thinking that it does.  It comes in a pack of two, ideal for those who have two dogs.  I have three, as I said, so I always have to get two packs at least.  Finally, as of this review date, it is part of the Subscribe and Save program so you can find lower prices by going that route.The cons: after they figured these treats out, it has gotten easier for the dogs to learn not only how to get them out of the treat ball, but to eat them quicker.  They are still \"entertained\" for 10 to 15 minutes, but it's not that 20-30 minutes that it used to be.  It's also made in China, so I am cautious on how often I give the dogs this as a treat.  I do it sparingly.Overall, I feel okay about treating to my dogs to these once or twice a month, though sometimes they have a long break between getting them if the pricing is too high.  If you find this when it's on sale, it can be a very reasonable expense.  When it gets up over $4.00, I definitely pass.",
      "helpfulness": "11"
    },
    {
      "date": "May 1, 2025",
      "title": "My dog loves these",
      "score": "5.0 out of 5 stars",
      "text": "My dog loves these.  I use them in the large fire hydrant like holder and they really do last for a very, very long time.  (I have an 80 lb doberman who loves to chew.  Nothing other than original nylabones outlast this.)  It is quite hard, a good value for the money.  A little difficult to get into the holder, but equally hard for Boris to get out and that is what makes it last so long.",
      "helpfulness": "0"
    },
    {
      "date": "January 25, 2023",
      "title": "Great treat option - makes yer beast work for it!",
      "score": "5.0 out of 5 stars",
      "text": "My dog is a shepherd/retriever mix and is a super-chewer.  His super strong jaws can destroy virtually anything that he chews.  These treats are like convex pucks & they insert into Starmark / Everlast Bento Balls & probably some other types of similar toys.  I use a butter knife to help insert the puck into the bento ball; others get the edges of the puck slightly wet before trying to insert it into the ball.  My dog will work on one of these off & on during chew sessions for a few days (most of the time), though he has at times been able to get the puck free from the ball and then has a massive chomping session as he consumes the treat.  I like these & have bought many, many, many of these over the last couple of years!  Recommended!",
      "helpfulness": "4"
    },
    {
      "date": "January 22, 2025",
      "title": "Dog likes it but it isn't everlasting",
      "score": "3.0 out of 5 stars",
      "text": "This is just the refill, make sure you also get the \"housing\" for it. My dog is an aggressive chewer and really persistent. I just gave her one of these, and 90 minutes later, she is done with it. She loved it, but it certainly isn't \"everlasting.\" I'm also not sure how much the \"housing\" works to clean her teeth, because she nibbled it away with her front teeth. I will keep looking for something for my special dog...",
      "helpfulness": "4"
    },
    {
      "date": "November 30, 2010",
      "title": "Everlasting Dog Treats -- Love at First Bite!",
      "score": "5.0 out of 5 stars",
      "text": "This was an instant success for our food- and treat-fussy Siberian, and our \"normal\" voracious Malamute.Pros: 1) Most importantly: If our siberian will accept (as in devour!) these treats, we predict most any other fussy pups will too.2) Someone intelligently designed the treat holders and shape of the treats themselves so that they can't be immediately removed and consumed... our dogs spend hours working on their treat ball. True to their breeds, our pups get in an occasional gnawing moment, but for the most part they have to lick and nibble their way through their treat. Which means when we leave for an extended time, they are honorably occupied, not bored, and not getting into mischief.3) The ball itself is made of a soft-ish, somewhat pliable material, and yet appears to be indestructible. Time will tell.4) A variety of flavors. We purchased each of the available flavors to learn which would \"win\", and immediately discovered that all flavors send our pups into exited expectation when they see their ball coming.5) You can put your own treats inside the ball itself, but it looks like a tough nut for any dog to get to.Con: and this could be a good thing: it's hard getting a treat into the ball unless you have strong hands/wrists, or a smooth ended spoon handle to help peel the retaining edge of the treat ball opening over the edge of the treat. This means your pup will not likely remove the treat in one lump (unless he uses that smooth spoon handle) and immediately consume it.",
      "helpfulness": "3"
    }
  ]
}