{
  "product_title": "Erewhon Honey Grahams, 14.4-Ounce Boxes (Pack of 12)",
  "byline_info": "Brand: Erewhon",
  "product_description": "From the Manufacturer   Made with organic whole wheat, New Morning Honey Grahams are filled with wholesome old-time graham goodness. Baked with honey and molasses, these crispy crackers contain absolutely no artificial colors, flavors, or preservatives. All natural and low fat, they're made without saturated fat or hydrogenated oils. Top with chocolate and marshmallows for a tasty s'more, crumble into piecrusts, or enjoy straight from the box. Made with organic grains, these crackers are perfect for snacking. New Morning Graham flavors include Honey and Cinnamon, and Chocolate.",
  "category": [
    "Grocery & Gourmet Food",
    "Snacks & Sweets",
    "Snack Foods",
    "Crackers",
    "Graham Crackers"
  ],
  "alt_images": [
    "https://m.media-amazon.com/images/I/514Dk3rhg9L.jpg",
    "https://m.media-amazon.com/images/I/51unzcvb82L.jpg"
  ],
  "product_detail": {
    "Package Dimensions": "17.6 x 11.4 x 8.7 inches; 14.4 ounces",
    "Manufacturer": "Erewhon",
    "ASIN": "B000E3XCOE",
    "Units": "172.8 Ounce",
    "Customer Reviews": "3.4 3.4 out of 5 stars 30 ratings"
  },
  "important_information": {
    "Safety Information": "Contains wheat ingredients.Contains wheat ingredients.",
    "Ingredients": "Organic Unbleached Wheat Flour, Organic Whole Wheat Flour, Organic Evaporated Cane Juice, Organic Vegetable Oil (Sunflower and/or Safflower), Organic Honey, Organic Molasses, Leavening (Ammonium Bicarbonate, Sodium Bicarbonate), Sea Salt, Cream of Tartar. Contains Wheat IngredientsOrganic Unbleached Wheat Flour, Organic Whole Wheat Flour, Organic Evaporated Cane Juice, Organic Vegetable Oil (Sunflower and/or Safflower), Organic Honey, Organic Molasses, Leavening (Ammonium Bicarbonate, Sodium Bicarbonate), Sea Salt, Cream of Tartar. Contains Wheat Ingredients",
    "Legal Disclaimer": "Statements regarding dietary supplements have not been evaluated by the FDA and are not intended to diagnose, treat, cure, or prevent any disease or health condition.Statements regarding dietary supplements have not been evaluated by the FDA and are not intended to diagnose, treat, cure, or prevent any disease or health condition."
  },
  "rating": {
    "score": "3.4 out of 5",
    "dist": {
      "5 star": "20%",
      "4 star": "39%",
      "3 star": "15%",
      "2 star": "13%",
      "1 star": "13%"
    }
  },
  "top_comments": [
    {
      "date": "October 17, 2009",
      "title": "great crackers-terrible shipping",
      "score": "4.0 out of 5 stars",
      "text": "No pains were taken to ensure the product would arrive in good condition.  Really- what good are 12 boxes of broken graham crackers.  Very frustrating- will not buy from this company again unless they have more respect for the buyer and fix this problem.  Marilyn Brown",
      "helpfulness": "4"
    },
    {
      "date": "June 13, 2013",
      "title": "As good as popular brands",
      "score": "5.0 out of 5 stars",
      "text": "Arrived in perfect condition.  I had a few of the popular brand graham crackers left to compare to, and to be honest, there's not much difference. Perhaps they're a bit thicker and more ruffled on top?  Side by side, you can see a slight difference.  In a blind taste test or without another to compare, these pass muster.  They're crumbly, sweet, delicious, and a great price.  They aren't stale.  They taste delicious with cream cheese or chocolate icing (I mean.. uh... that's what the kids said).  I can't understand why anyone wouldn't want this brand of graham crackers.",
      "helpfulness": "0"
    },
    {
      "date": "January 9, 2007",
      "title": "good but broken",
      "score": "3.0 out of 5 stars",
      "text": "I am always on the lookout for products that do not contain hydrogenated oils, so I was pleased to find these on Amazon grocery, and at such a reasonable price.  The grahams are a little on the sweet side, but again I'll take that over unhealthy hydrogenation.  I was mostly disappointed in the fact that most , if not all, of the crackers are broken.  I suppose that's a result of the shipping so it's enough to make me not purchase them this way again.  I'll buy them at the store next time instead (if I can find them).",
      "helpfulness": "8"
    },
    {
      "date": "November 6, 2006",
      "title": "Great Crackers But You'll Regret Buying Them From Amazon",
      "score": "1.0 out of 5 stars",
      "text": "These are excellent graham crackers. We love 'em, and the kids do too, and it's not often that we agree. But you'll be sorry if you order graham crackers -- or any other food that can be damaged in shipping -- from Amazon.Our recent order arrived in the original box from the factory, containing 12 boxes of New Morning Honey Grahams. That was it. No packing material. Nothing to shield the crackers from the drops and shocks of being shipped to us.So we didn't get graham crackers. We got graham crumbs, and a few graham cracker fragments.By all means, order these crackers. Just don't order them from Amazon. Instead, find a retailer that knows how to do it right, or buy them from your local grocery. Unless you really want graham cracker crumbs...",
      "helpfulness": "22"
    },
    {
      "date": "February 13, 2013",
      "title": "Too Crumbly",
      "score": "2.0 out of 5 stars",
      "text": "These Graham Crackers break and crumble very easily. They taste good but every time I eat them I end with crumbs everywhere!",
      "helpfulness": "0"
    },
    {
      "date": "January 23, 2014",
      "title": "Extremely good quality and best ingredients",
      "score": "4.0 out of 5 stars",
      "text": "I was so pleased to receive my shipment (pack of 12) intact and fresh. That said, I was spoiled by a deal of $12.00 OFF; some kind of promotion I was unaware of. So with the price now pushing 50 bucks/pack of 12, buying them will be harder to swallow. But buy them, I will. Non-GMO and all good ingredients!",
      "helpfulness": "0"
    },
    {
      "date": "January 21, 2008",
      "title": "tasty & soy free",
      "score": "5.0 out of 5 stars",
      "text": "These graham crackers are really tasty.  I do have to agree with other reviewers that there are sometimes plenty of broken crackers, but since I'm more concerned with the ingredients & how they taste, I'll put up with some broken ones.  These crackers do not contain soy, which determines whether I buy these or not.  The fact that they contain no hydrogenated oils is a plus.  The price is great too.  They don't cost any more than the name-brand ones at the grocery store.",
      "helpfulness": "4"
    },
    {
      "date": "March 10, 2015",
      "title": "I'm sure they are fine but I guess I had better be more diligent ...",
      "score": "3.0 out of 5 stars",
      "text": "I'm sure they are fine but I guess I had better be more diligent about reading the fine print. I searched up \"gluten free graham crackers\" and ordered those because they looked yummy. However after paying that much for them, plus shipping- THEY ARE NOT GLUTEN FREE. They are organic. :( Lesson learned, I still need to read everything!",
      "helpfulness": "0"
    }
  ]
}