{
  "product_title": "Cuisine Perel Tequila Lime Vinegar",
  "byline_info": "",
  "product_description": "Cuisine Perel’s Tequila Lime vinegar brings the flavors of the southwest into your kitchen. Use it splashed over tropical fruit mixed into salsa and guacamole or even drizzled into ice tea. The perfect match for the barbecue, use it as a marinade for shrimp or skirt steak before grilling or splash over grilled corn before dusting with salt. Try it as a light dressing with summer salads or even mixed with chocolate sauce before topping your favorite dessert.",
  "category": [],
  "alt_images": [
    "https://m.media-amazon.com/images/I/417ekzNWmeL.jpg"
  ],
  "product_detail": {
    "Is Discontinued By Manufacturer": "No",
    "ASIN": "B0000EZUOC",
    "Customer Reviews": "4.0 4.0 out of 5 stars 7 ratings"
  },
  "important_information": {
    "Legal Disclaimer": "Statements regarding dietary supplements have not been evaluated by the FDA and are not intended to diagnose, treat, cure, or prevent any disease or health condition.Statements regarding dietary supplements have not been evaluated by the FDA and are not intended to diagnose, treat, cure, or prevent any disease or health condition."
  },
  "rating": {
    "score": "4 out of 5",
    "dist": {
      "5 star": "68%",
      "4 star": "0%",
      "3 star": "0%",
      "2 star": "32%",
      "1 star": "0%"
    }
  },
  "top_comments": [
    {
      "date": "September 12, 2009",
      "title": "Tequila Vinegar",
      "score": "5.0 out of 5 stars",
      "text": "Very limey and a tad sweet. Makes for a good marinade. Its my least favorite of the vinegars from this company but still worth having in the kitchen for the marinade I suggested.",
      "helpfulness": "0"
    },
    {
      "date": "February 24, 2011",
      "title": "Good for Margaritas?",
      "score": "2.0 out of 5 stars",
      "text": "This tastes like Roses Lime juice to me.  I will pass. Obviously many like it, but the lime to me has that artificial aroma I get from many extracts.",
      "helpfulness": "0"
    },
    {
      "date": "March 25, 2007",
      "title": "you could drink this...",
      "score": "5.0 out of 5 stars",
      "text": "the flavor of this vinegar is fantastic. It's sharp and sweet and tangy and very very delicious. I've poured it on salads, used it in marinades, sipped it out of a teaspoon, sprinkled it on rice...really, it's just wonderful. I don't know about Amazon's price, I bought it on clearance at T J Maxx. However, the large bottle of this is a GREAT price and I'm going to order it when I run out of this. I also bought their cherry vinegar, which I didn't like nearly as well.",
      "helpfulness": "One"
    }
  ]
}