{
  "product_title": "Nylabone Healthy Edibles Natural Dog Chews Long Lasting Chicken Flavor Treats for Dogs, Large/Giant (1 Count)",
  "byline_info": "Visit the Nylabone Store",
  "product_description": "Wholesome treating begins with Healthy Edibles. Our USA-made Healthy Edibles Chicken Dog Treats are packed with tail-wagging chicken flavor that dogs just can't resist. These healthy dog treats are made with natural ingredients and contain added vitamins and minerals. The longer-lasting, highly digestible formula satisfies dogs who love to chew and is free from added salt, sugar, and artificial preservatives. There's a size for every dog, so indulge your pupper's craving no matter how big or small they may be. Whether you're occupying or treating, our chew treats will let your pooch know they've been a good dog!",
  "category": [
    "Pet Supplies",
    "Dogs",
    "Treats",
    "Bones"
  ],
  "alt_images": [
    "https://m.media-amazon.com/images/I/41uNAgOC9hL.jpg",
    "https://m.media-amazon.com/images/I/31xu7nXUSmL.jpg",
    "https://m.media-amazon.com/images/I/51znCEEA5PL.jpg",
    "https://m.media-amazon.com/images/I/41ql3vO4WiL.jpg",
    "https://m.media-amazon.com/images/I/51NzA7e0WsL.jpg",
    "https://m.media-amazon.com/images/I/414Uf7S8NNL.jpg",
    "https://m.media-amazon.com/images/I/51uBIG9t3FL.jpg"
  ],
  "product_detail": {
    "Is Discontinued By Manufacturer": "No",
    "Product Dimensions": "8 x 0.88 x 1.5 inches; 4.8 ounces",
    "Item model number": "NBQ104P",
    "Date First Available": "October 2, 2001",
    "Manufacturer": "Central Garden & Pet",
    "ASIN": "B0002DGM5M",
    "Best Sellers Rank": "#22,548 in Pet Supplies (See Top 100 in Pet Supplies) #146 in Dog Bones",
    "#146 in Dog Bones": "",
    "Customer Reviews": "4.3 4.3 out of 5 stars 766 ratings"
  },
  "important_information": {},
  "rating": {
    "score": "4.3 out of 5",
    "dist": {
      "5 star": "67%",
      "4 star": "15%",
      "3 star": "8%",
      "2 star": "4%",
      "1 star": "6%"
    }
  },
  "top_comments": [
    {
      "date": "June 21, 2025",
      "title": "The doggos love them",
      "score": "5.0 out of 5 stars",
      "text": "Why did you pick this product vs others?:My doggo's love these. It keeps them busy for a bit. Favorable flavor.",
      "helpfulness": "0"
    },
    {
      "date": "June 12, 2025",
      "title": "Heathy treat and edible",
      "score": "5.0 out of 5 stars",
      "text": "Best in-between snack for dogs. My love dog loves them!",
      "helpfulness": "0"
    },
    {
      "date": "July 27, 2025",
      "title": "Not long lasting",
      "score": "4.0 out of 5 stars",
      "text": "I got this bone for my 5 month old puppy. It literally last less than 48hrs. It must be delicious but definitely not long lasting. It’s also messy. I recommend not letting your dog eat it on furniture.  The photo below is only an hour difference. lol",
      "helpfulness": "0"
    },
    {
      "date": "December 6, 2016",
      "title": "My vizsla just loves there! He is almost 3 ...",
      "score": "5.0 out of 5 stars",
      "text": "My vizsla just loves there! He is almost 3 years old and weighs 60 pounds, and these bones are a real treat for him. They don't last longer than 10 minutes, as he devourers them the minute I give them to him. A word to the wise... make sure you give your dog plenty of water when enjoying one of these bones... they are a bit on the salty side.",
      "helpfulness": "One"
    },
    {
      "date": "October 13, 2024",
      "title": "nylabone healthy edibles large bone broth",
      "score": "5.0 out of 5 stars",
      "text": "so glad i found you on amazon...i have two dogs and they love these bones...the only bones i give them....excellent price....fast arrival....thank you",
      "helpfulness": "0"
    },
    {
      "date": "October 23, 2015",
      "title": "Not Really Long-Lasting Is It?!",
      "score": "3.0 out of 5 stars",
      "text": "This was for my 1-year-old medium-sized Dalmatian mix.  This bone only lasted about 10 minutes.  Have had read some of the reviews and its claim that it's a long-lasting treat, I was going to come back in half an hour after he has had enough fun, and take it from him so the rest of it can be enjoyed many times after.  Less than ten minutes later, tried to look for it, but only to find the end of the bone in his mouth.I have yet to find a \"Long Lasting\" chew for my dog that is not hard-plastic (regular Nylabone) since he doesn't like that he couldn't make progress on.",
      "helpfulness": "One"
    },
    {
      "date": "October 7, 2024",
      "title": "Healthy Edibles",
      "score": "5.0 out of 5 stars",
      "text": "My Cane Corse loves these !",
      "helpfulness": "0"
    },
    {
      "date": "August 10, 2025",
      "title": "Worst Nylabone product!!!!!",
      "score": "1.0 out of 5 stars",
      "text": "Last less than a minute!  Dog ate the whole thing. Not up to Nylabone standards. Every other Nylabone has lasted for a long time. Less than a minute!!!! ***DO NOT BUY THIS PRODUCT ***",
      "helpfulness": "0"
    }
  ]
}