{
  "product_title": "Monini Porcini Mushroom Extra Virgin Olive Oil -8.5 fl Oz",
  "byline_info": "Visit the Monini Store",
  "product_description": "Porcini Mushrooms Extra Virgin Olive Oil is particularly indicated for flavoring risotti, short cut pasta and stewed meat.",
  "category": [
    "Grocery & Gourmet Food",
    "Pantry Staples",
    "Cooking & Baking",
    "Cooking Oils, Vinegars & Sprays",
    "Oils",
    "Olive"
  ],
  "alt_images": [
    "https://m.media-amazon.com/images/I/41p6YbRo6BL.jpg",
    "https://m.media-amazon.com/images/I/417XJ3zTu+L.jpg",
    "https://m.media-amazon.com/images/I/41i4HX+xhLL.jpg",
    "https://m.media-amazon.com/images/I/31EscIxuowL.jpg",
    "https://m.media-amazon.com/images/I/61uyTuvzYAL.jpg",
    "https://m.media-amazon.com/images/I/41Qln30nnAL.jpg"
  ],
  "product_detail": {
    "Package Dimensions": "11 x 2.9 x 2.3 inches; 1.05 Pounds",
    "UPC": "080441010615",
    "Manufacturer": "Monini",
    "ASIN": "B0001M8TJG",
    "Units": "8.5 Fluid Ounces",
    "Best Sellers Rank": "#199,200 in Grocery & Gourmet Food (See Top 100 in Grocery & Gourmet Food) #1,188 in Olive Oils",
    "#1,188 in Olive Oils": "",
    "Customer Reviews": "4.4 4.4 out of 5 stars 93 ratings"
  },
  "important_information": {
    "Legal Disclaimer": "Statements regarding dietary supplements have not been evaluated by the FDA and are not intended to diagnose, treat, cure, or prevent any disease or health condition.Statements regarding dietary supplements have not been evaluated by the FDA and are not intended to diagnose, treat, cure, or prevent any disease or health condition."
  },
  "rating": {
    "score": "4.4 out of 5",
    "dist": {
      "5 star": "76%",
      "4 star": "9%",
      "3 star": "3%",
      "2 star": "3%",
      "1 star": "9%"
    }
  },
  "top_comments": [
    {
      "date": "August 29, 2024",
      "title": "Great flavor",
      "score": "5.0 out of 5 stars",
      "text": "Great product",
      "helpfulness": "0"
    },
    {
      "date": "April 2, 2019",
      "title": "Best Truffle Oil, Service and Value",
      "score": "5.0 out of 5 stars",
      "text": "If you like truffle oil as much as I do this brand and this seller is the absolute best. People who don't like truffle even comment on how light and delicate this is while have a bold flavor. You won't find a better value or service either. Once in a while I see this go on sale at the local grocer but would rather patronize Peter's Select. It's important to support excellent retailers. Their job is very challenging.",
      "helpfulness": "One"
    },
    {
      "date": "April 16, 2025",
      "title": "Good price, good oil",
      "score": "5.0 out of 5 stars",
      "text": "Good quality oil",
      "helpfulness": "0"
    },
    {
      "date": "August 2, 2023",
      "title": "Delicious",
      "score": "5.0 out of 5 stars",
      "text": "Great on a sandwich. Price is outrageous because if you can find it in a store it’s a quarter of the price.",
      "helpfulness": "One"
    },
    {
      "date": "February 4, 2025",
      "title": "Different real picture",
      "score": "1.0 out of 5 stars",
      "text": "Waste money",
      "helpfulness": "0"
    },
    {
      "date": "June 2, 2019",
      "title": "Relatively mild flavor",
      "score": "4.0 out of 5 stars",
      "text": "Not quite as flavorful as I expected",
      "helpfulness": "0"
    },
    {
      "date": "October 15, 2024",
      "title": "out of stock",
      "score": "5.0 out of 5 stars",
      "text": "this is a great product, why can we not reach it anymore? when will it be on the stock?",
      "helpfulness": "0"
    },
    {
      "date": "May 11, 2023",
      "title": "LOVE this stuff!",
      "score": "5.0 out of 5 stars",
      "text": "I’m not a huge fan of flavored oils, but I LOVE using this. Add a little bit to scrambled eggs or an omelette and it really improves the flavor!",
      "helpfulness": "0"
    }
  ]
}