{
  "product_title": "Pamela's Products Gluten Free Organic Cookies, Dark Chocolate, 5.29-Ounce Boxes (Pack of 6)",
  "byline_info": "Visit the Pamela's Products Store",
  "product_description": "Pamela's dark chocolate chunk cookies are rich, crunchy chocolate cookies filled with dark chocolate chunks that melt in your mouth. Made with 78% organic ingredients. Pamela started her company in 1988 to provide great-tasting, gluten-free foods that everyone can enjoy. As a third-generation baker and pioneer in gluten-free foods, pamela to this day continues to set the standard by using premium, quality, non-gmo ingredients to create delicious products. Gluten-free, wheat-free, non-dairy, made with premium ingredients (locally sourced where possible), no artificial additives, no hydrogenated oils or trans fats, no corn syrup, and low in sodium.",
  "category": [
    "Grocery & Gourmet Food",
    "Breads & Bakery",
    "Cookies",
    "Chocolate Chip"
  ],
  "alt_images": [
    "https://m.media-amazon.com/images/I/51UmPtj-XNL.jpg",
    "https://m.media-amazon.com/images/I/415dNGqzNGL.jpg"
  ],
  "product_detail": {
    "Is Discontinued By Manufacturer": "No",
    "Product Dimensions": "10 x 7.63 x 5.69 inches; 1.98 Pounds",
    "Item model number": "10093709401503",
    "UPC": "093709401506",
    "Manufacturer": "Pamela's Products",
    "ASIN": "B000DZH19U",
    "Units": "31.74 Ounce",
    "Best Sellers Rank": "#322,877 in Grocery & Gourmet Food (See Top 100 in Grocery & Gourmet Food) #106 in Peanut-Butter Cookies #549 in Shortbread Cookies #691 in Chocolate-Chip Cookies",
    "#106 in Peanut-Butter Cookies": "",
    "#549 in Shortbread Cookies": "",
    "#691 in Chocolate-Chip Cookies": "",
    "Customer Reviews": "4.2 4.2 out of 5 stars 642 ratings"
  },
  "important_information": {
    "Safety Information": "Allergen Information: CONTAINS EGGS, SOY, AND MAY CONTAIN TRACES OF MILK PROTEIN. Pamela's Products cookies are formulated and produced to be gluten-free and manufactured in a gluten-free certified facility. Our cookies are produced on equipment that processes peanuts, almonds, walnuts, pecans, coconut, eggs, soy and milk.This product is labelled to United States standards and may differ from similar products sold elsewhere in its ingredients, labeling and allergen warningsAllergen Information: CONTAINS EGGS, SOY, AND MAY CONTAIN TRACES OF MILK PROTEIN. Pamela's Products cookies are formulated and produced to be gluten-free and manufactured in a gluten-free certified facility. Our cookies are produced on equipment that processes peanuts, almonds, walnuts, pecans, coconut, eggs, soy and milk.This product is labelled to United States standards and may differ from similar products sold elsewhere in its ingredients, labeling and allergen warnings",
    "Ingredients": "Organic Evaporated Cane Sugar, Organic Non-Hydrogenated Palm Oil, Organic Chocolate Chunks (Organic Evaporated Cane Sugar, Organic Cocoa Paste, Organic Cocoa Butter, Non-GMO Soy Lecithin/Emulsifier, Gluten-Free Organic Vanilla. Chunks may contain traces of milk protein due to manufacturing equipment.), Flour Blend (Brown Rice Flour, White Rice Flour, Tapioca Starch, Sweet Rice Flour, Xanthan Gum), Organic Cocoa Powder (processed with alkali), Grape Juice & Whole Rice Syrup, Gluten-Free Flavors, Organic Eggs, Grainless & Aluminum-Free Baking Powder (Sodium Acid Pyrophosphate, Potato Starch, Sodium Bicarbonate), Xanthan Gum, Sea Salt.Organic Evaporated Cane Sugar, Organic Non-Hydrogenated Palm Oil, Organic Chocolate Chunks (Organic Evaporated Cane Sugar, Organic Cocoa Paste, Organic Cocoa Butter, Non-GMO Soy Lecithin/Emulsifier, Gluten-Free Organic Vanilla. Chunks may contain traces of milk protein due to manufacturing equipment.), Flour Blend (Brown Rice Flour, White Rice Flour, Tapioca Starch, Sweet Rice Flour, Xanthan Gum), Organic Cocoa Powder (processed with alkali), Grape Juice & Whole Rice Syrup, Gluten-Free Flavors, Organic Eggs, Grainless & Aluminum-Free Baking Powder (Sodium Acid Pyrophosphate, Potato Starch, Sodium Bicarbonate), Xanthan Gum, Sea Salt.",
    "Legal Disclaimer": "Statements regarding dietary supplements have not been evaluated by the FDA and are not intended to diagnose, treat, cure, or prevent any disease or health condition.Statements regarding dietary supplements have not been evaluated by the FDA and are not intended to diagnose, treat, cure, or prevent any disease or health condition."
  },
  "rating": {
    "score": "4.2 out of 5",
    "dist": {
      "5 star": "67%",
      "4 star": "12%",
      "3 star": "7%",
      "2 star": "5%",
      "1 star": "9%"
    }
  },
  "top_comments": [
    {
      "date": "September 7, 2010",
      "title": "Delicious",
      "score": "5.0 out of 5 stars",
      "text": "I saw a case of 6 boxes of the lemon shortbread cookies for sale at the Amazon warehouse online (when did this start? It's great) for $8.99.  I had never tried any of Pamela's cookies.  I love lemon so I decided to buy the case.  I read several reviews.  Most people liked/loved them.  One person said they were really tart.  Another person, one of the few who didn't like them, said they tasted something like lemon pledge had been sprayed on them.  I am writing to share my opinion that they are neither really tart nor taste like lemon pledge.  They are a lemon flavored buttery shortbread cookie. The shortbread does a lot to cut the tartness.  I found them just perfectly lemony without being overbearing. They are a delicate cookie that is easy to eat.  Unfortunately the delicateness caused a couple to break into pieces.  I don't find that to be a problem because I break my cookies into bites before I eat them anyway.  Don't be afraid to try these cookies if you like lemon.  They are definitely worth a try, especially if you get them from the warehouse.  I'll order again even if I have to pay full price next time.",
      "helpfulness": "13"
    },
    {
      "date": "July 3, 2014",
      "title": "Delicious Bright Lemon Flavor",
      "score": "5.0 out of 5 stars",
      "text": "Tried this cookie for the first time.  Although not very 'short' as in a typical shortbread cookie, this is excellent for being gluten-free.  The shortbread crisp melt-in-your-mouth crumbly experience is not there.  I am certain this is as close as you are going to get with no gluten in the mix.The cookie is soft yet holds together nicely.  It bursts with lemon on each bite...if you don't like a big lemon flavor these may not be for you.  If they were sweeter they would almost be like the key-lime melt-away cookies that are to die for...these are not as sweet, thank goodness.  Just the right amount of lemon and sugar for me.  My dog who doesn't like lemon begged for a taste and she liked it.  One cookie with a cup of tea was just enough for a light snack.No offensive taste (and I'm pretty sensitive to off flavors), nice texture for being soft, yet still mimics a shortbread.  I think Pamela's has done an excellent job in capturing the essence of a shortbread even if it's not crisp and flaky as a genuine gluten shortbread.  I will buy more since having to be gluten free...this is a very good standard cookie.9 cookies per box @ 120 calories each.",
      "helpfulness": "2"
    },
    {
      "date": "February 23, 2014",
      "title": "Gluten-free, but tastes wonderful",
      "score": "5.0 out of 5 stars",
      "text": "There are precious few gluten-free deserts that are worth eating.  These are truly wonderful.  But they're packed full of sugar and chocolate, so they are definitely more decadent than healthy.  Most people will probably love the huge chunks of chocolate (consistency of Dove chocolate bars) in the cookies.  It's a little overwhelming for me.  The only way I can picture them being able to make these better is to come out with a version without the chunks of chocolate.Edited 3/19/2014  Yikes!  Just got my latest order of these and the new packaging is hideous!  I can only assume their whole marketing department is colorblind.  I'm so glad I discovered these cookies before this packaging change or I may never even have tried them.  I can't even begin to describe the color of the box.  Faded magenta?  Tried for neon pink but failed?I was really worried they had changed the cookie as well, but I am relieved to report that they taste the same as always.  There are two ingredients changes, though.  It looks like their rice flour is no longer classified as organic and there is a change in the third to last ingredient in the chemical names.  But they taste the same and are still gluten-free, so I am relieved.",
      "helpfulness": "3"
    },
    {
      "date": "June 29, 2010",
      "title": "Not bad!",
      "score": "4.0 out of 5 stars",
      "text": "I got the chunky chocolate chip cookies. They TASTE really good, yummy flavor and the chocolate is great. Like many gluten-free desserts, the texture leaves a lot to be desired. They're very crumbly, many of the cookies didn't even make it to me in one piece, and they'll often fall apart in your hands. Not sure if the other flavors are the same, I have only tried the chocolate chip, but they do taste good enough that I'd try another flavor when I run out of these - which will take a while, I'm the only GF person in the household and six boxes of these plus some Betty Crocker GF mixes and I'm set for a while!I'm fairly new to gluten free baking at home, but I've yet to find many recipes that have very impressive or even edible results. Some aren't bad, but few come anywhere close to the \"real thing.\" These might have a bad texture, but they're still very satisfying cookies. No weird tastes from the flours used. The few cookie recipes I've tried at home were absolutely horrible, but if I could choose any GF dessert, I think the (other brand) cake and muffin mixes are better than these for sure. Nice to have around when you don't feel like making your own though. For ready-to-eat GF foods, these are great.",
      "helpfulness": "One"
    },
    {
      "date": "September 18, 2012",
      "title": "Great for pie crust - already in crumbs!",
      "score": "1.0 out of 5 stars",
      "text": "From a Gluten-Free subscriber. Oh dear. I ordered this from Amazon because it is a dollar less per box than in the Martin's store in their gluten-free aisle, and these are the best chocolate GF cookies we have ever eaten. BUT! The cookies arrived totally broken into very small pieces and loads of crumbs. Guess they would be great for a pie crust, tho. What a dissapointment. They are somewhat tender to begin with, and I don't know how Amazon can package them in a special way to prevent such destruction. We all know how packages are treated by the carriers who deliver them....not delicately, that's for sure. So, will never order these by mail again and must pay the exorbitent price the go for at Martin's. Pooh!",
      "helpfulness": "5"
    }
  ]
}