{
  "product_title": "Peelu Gum Peppermint Sugar Free 300 pc",
  "byline_info": "Visit the Peelu Store",
  "product_description": "Give your mouth a fresh burst of flavor while you clean and whiten your teeth with Peelu Dental Chewing Gum!",
  "category": [
    "Grocery & Gourmet Food",
    "Snacks & Sweets",
    "Candy & Chocolate",
    "Chewing & Bubble Gum"
  ],
  "alt_images": [
    "https://m.media-amazon.com/images/I/41sqiof2S-L.jpg"
  ],
  "product_detail": {
    "Item Weight": "1.19 Pounds",
    "UPC": "021376698943",
    "Manufacturer": "Peelu Products",
    "ASIN": "B00068R7W0"
  },
  "important_information": {},
  "rating": null,
  "top_comments": []
}