{
  "product_title": "Pop-Tarts, Frosted Strawberry Milkshake, 8-Count Tarts (Pack of 12)",
  "byline_info": "Visit the Pop-Tarts Store",
  "product_description": "Naturally & artificially flavored. Try 'em frozen. Enjoy Strawberry Milkshake taste in your Pop-Tarts. While Kellogg's Pop-Tarts are fully baked and ready-to-eat right from the pouch, Strawberry Milkshake Pop-Tarts are exceptionally delicious frozen. Exchange: 2-1/2 Carbohydrates, 1/2 Fat. The dietary exchanges are based on the Exchange List for Meal Planning, Copyright 2003 by the American Diabetes Association, Inc. and The American Dietetic Association.",
  "category": [
    "Grocery & Gourmet Food",
    "Breakfast Foods",
    "Toaster Pastries"
  ],
  "alt_images": [
    "https://m.media-amazon.com/images/I/51kjDLZIcJL.jpg"
  ],
  "product_detail": {
    "Is Discontinued By Manufacturer": "Yes",
    "Package Dimensions": "11.8 x 11.2 x 7.9 inches; 12.95 Pounds",
    "UPC": "038000241673",
    "Manufacturer": "Pop-Tarts",
    "ASIN": "B000AYGWF8",
    "Units": "96 Count",
    "Customer Reviews": "3.5 3.5 out of 5 stars 2 ratings"
  },
  "important_information": {
    "Safety Information": "Contains wheat, milk and soy ingredients. Toasting appliance and microwave capabilities differ by manufacturer. Follow the manufacturer's guideline for safe use. Be sure your appliance is clean and functioning correctly. Children should always be closely supervised when operating toasting appliances and microwaves. Due to possible risk of fire, never leave your toasting appliance or microwave unattended. If pastry is overheated, frosting/filling can become extremely hot and could cause burns.Contains wheat, milk and soy ingredients. Toasting appliance and microwave capabilities differ by manufacturer. Follow the manufacturer's guideline for safe use. Be sure your appliance is clean and functioning correctly. Children should always be closely supervised when operating toasting appliances and microwaves. Due to possible risk of fire, never leave your toasting appliance or microwave unattended. If pastry is overheated, frosting/filling can become extremely hot and could cause burns.",
    "Ingredients": "Enriched Wheat Flour (Wheat Flour, Niacinamide, Reduced Iron, Thiamin Mononitrate [Vitamin B1], Riboflavin, [Vitamin B2], Folic Acid), Corn Syrup, Partially Hydrogenated Soybean and/or Cottonseed Oil, Sugar, Dextrose, High Fructose Corn Syrup, Corn Syrup Solids, Contains Two Percent or less of Modified Corn Starch, Salt, Corn Starch, Cream, Natural and Artificial Flavors, Leavening (Baking Soda, Sodium Acid Pyrophosphate, Monocalcium Phosphate), Dried Strawberries, Gelatin, Color Added, Natural and Artificial Vanilla Ice Cream Flavor, Soy Lecithin, Xanthan Gum, Datem, Red 40 Lake, Niacinamide, Reduced Iron, Red No. 40, Vitamin A Palmitate, Pyridoxine Hydrochloride (Vitamin B6), Riboflavin (Vitamin B2), Thiamin Hydrochloride (Vitamin B1), Carnauba Wax, Yellow No. 6, Confectioner's Glaze, Folic Acid.Enriched Wheat Flour (Wheat Flour, Niacinamide, Reduced Iron, Thiamin Mononitrate [Vitamin B1], Riboflavin, [Vitamin B2], Folic Acid), Corn Syrup, Partially Hydrogenated Soybean and/or Cottonseed Oil, Sugar, Dextrose, High Fructose Corn Syrup, Corn Syrup Solids, Contains Two Percent or less of Modified Corn Starch, Salt, Corn Starch, Cream, Natural and Artificial Flavors, Leavening (Baking Soda, Sodium Acid Pyrophosphate, Monocalcium Phosphate), Dried Strawberries, Gelatin, Color Added, Natural and Artificial Vanilla Ice Cream Flavor, Soy Lecithin, Xanthan Gum, Datem, Red 40 Lake, Niacinamide, Reduced Iron, Red No. 40, Vitamin A Palmitate, Pyridoxine Hydrochloride (Vitamin B6), Riboflavin (Vitamin B2), Thiamin Hydrochloride (Vitamin B1), Carnauba Wax, Yellow No. 6, Confectioner's Glaze, Folic Acid.",
    "Directions": "No Refrigeration Needed. Pop-Tarts Toasting Instructions: 1. Remove pastry from pouch. 2. Warm pastry in toasting appliance at Lowest or Lightest heat setting for one heating cycle only. 3. Cool briefly before carefully removing pastry from toasting appliance. Pop-Tarts Microwave Instructions: 1. Remove pastry from pouch. Place pastry on a microwave-safe plate. 2. Microwave on High setting for 3 seconds. 3. Cool briefly before handling. To freeze tarts place pouch in freezer for at least one hour. Open pouch and enjoy.No Refrigeration Needed. Pop-Tarts Toasting Instructions: 1. Remove pastry from pouch. 2. Warm pastry in toasting appliance at Lowest or Lightest heat setting for one heating cycle only. 3. Cool briefly before carefully removing pastry from toasting appliance. Pop-Tarts Microwave Instructions: 1. Remove pastry from pouch. Place pastry on a microwave-safe plate. 2. Microwave on High setting for 3 seconds. 3. Cool briefly before handling. To freeze tarts place pouch in freezer for at least one hour. Open pouch and enjoy.",
    "Legal Disclaimer": "Statements regarding dietary supplements have not been evaluated by the FDA and are not intended to diagnose, treat, cure, or prevent any disease or health condition.Statements regarding dietary supplements have not been evaluated by the FDA and are not intended to diagnose, treat, cure, or prevent any disease or health condition."
  },
  "rating": {
    "score": "3.5 out of 5",
    "dist": {
      "5 star": "26%",
      "4 star": "0%",
      "3 star": "74%",
      "2 star": "0%",
      "1 star": "0%"
    }
  },
  "top_comments": [
    {
      "date": "March 2, 2010",
      "title": "Decent Pop-Tart Flavor... But Stick with Regular Strawberry",
      "score": "3.0 out of 5 stars",
      "text": "Imagine a Strawberry pop-tart, but then add cream and that's what they taste like (duh).  It tastes kind of like Nesquick strawberry milk but more along the lines of strawberry icing you'd put on a cake.  Once hot, they have a bubblegum texture and flavor in the filling that is much more gummy than what you'd get with regular Strawberry.  I don't like them nearly as well as regular Strawberry pop-tarts.  I think I'll just stick with blueberry and strawberry and avoid all other pop-tart flavors from now on.  Now what am I going to do with 12 boxes of pop-tarts in this flavor?  Oh my goodness.  A word to the wise, never buy something on Amazon unless you already KNOW you love it.  But I seem to always go against my better judgment (ex: like when I bought White Cheddar and Broccoli pasta... yuk... shudder).PS: Maybe it is just the particular batch I got, but these always seem to be splitting in half in the toaster (and I'm not doing anything I shouldn't be doing).  The other flavors I've had never did this.",
      "helpfulness": "2"
    },
    {
      "date": "June 29, 2008",
      "title": "Happy to find these somewhere!",
      "score": "5.0 out of 5 stars",
      "text": "I didn't find these to be too sweet. They're Pop-Tarts, they have sugar, this is strawberry milkshake. And they are good! They're even better frozen.  Local grocery stores seemed to have stopped carrying the larger assortment of Pop-Tarts so I'm glad I can still get these.",
      "helpfulness": "One"
    }
  ]
}