{
  "product_title": "Haribo Gummi Candy, Alphabet Letters, 5-Pound Bag",
  "byline_info": "Visit the Haribo Store",
  "product_description": "Product Description   With Haribo Gummy alphabet letters challenge yourself, practice annunciating your ABC's while munching on these yummy gummy alphabet letters. They comes in five flavors and sparkling clear colors. There are approximately 50 pieces per pound.   About the Brand   Haribo, founded in 1920 in Bonn, Germany by Hans Riegel, is one of the most prominent manufacturers of sweets (namely fruit gums, licorice, and foam) in the world. The company name is an acronym for \"Hans Riegel, Bonn\" and stands as a reminder of Haribo's continuing loyalty to early traditions. After Hans Riegel died during World War II, his son, also named Hans Riegel, took over the factory and expanded its operations, taking over many local confectionery manufacturers in countries all over the world. Currently, Haribo operates five factories in Germany and 13 throughout the rest of Europe. The company also has sales offices in almost every country in Europe as well as in the Unites States. Haribo's German catch phrase is \"Haribo macht kinder froh / und Erwachsene ebenso,\" which translates as \"Kids and grown-ups love it so / the happy world of Haribo.\"",
  "category": [
    "Grocery & Gourmet Food",
    "Snacks & Sweets",
    "Candy & Chocolate",
    "Gummy Candy"
  ],
  "alt_images": [
    "https://m.media-amazon.com/images/I/51wQUhW9+sL.jpg",
    "https://m.media-amazon.com/images/I/51gb6t77JUL.jpg",
    "https://m.media-amazon.com/images/I/61zaksDJeqL.jpg",
    "https://m.media-amazon.com/images/I/416VPu4GPsL.jpg"
  ],
  "product_detail": {},
  "important_information": {},
  "rating": {
    "score": "3.9 out of 5",
    "dist": {
      "5 star": "56%",
      "4 star": "11%",
      "3 star": "11%",
      "2 star": "11%",
      "1 star": "11%"
    }
  },
  "top_comments": [
    {
      "date": "January 8, 2015",
      "title": "OMG YES!",
      "score": "5.0 out of 5 stars",
      "text": "My favorite candy stores in New Jersey recently stopped selling these, and I was sad for a while, but then I looked up Gummy Alphabets on here and I found the exact ones I've been looking for, and I was surprised that they're made by Haribo! No wonder they tasted so amazingly delicious. I love these so much! The texture is perfect, the flavors are so savory and delicious and I'm in love with these. Will definitely be getting my Gummy fix here from now on, and the price is on point too and definitely worth it. Thank you so much!",
      "helpfulness": "One"
    },
    {
      "date": "September 23, 2012",
      "title": "Fresh \"Real\" Gummi Letters",
      "score": "5.0 out of 5 stars",
      "text": "I've been ordering these Gummi Letters for my nephew for the last few years.  (Monthly subscription)  They have always been fresh.  Haribo is the German company which started the original Gummi Bears.  My nephew, and his friends, like the letters better because they are so much larger than the bears.  Five pounds might sound like a lot. . . but they disappear quickly!!!",
      "helpfulness": "0"
    },
    {
      "date": "April 7, 2009",
      "title": "large abc gummi",
      "score": "1.0 out of 5 stars",
      "text": "I was disappointed with the items purchased.  I assumed they were the \"normal\" size gummi letters...they were very large ones. They did not have the same taste...I am a \"specialist on gummi's\"...I can tell what flavor they are without looking at them, before eating them. This is after many many years of eating them (50+).  And they can only be Haribo!!!!  I have never seen this large one before.  As you may have noticed, I then ordered the \"normal\" size letters.",
      "helpfulness": "One"
    },
    {
      "date": "February 10, 2007",
      "title": "wrong item",
      "score": "2.0 out of 5 stars",
      "text": "I ordered this to give as a gift. I rec'd the package, opened it up and it was completely the wrong thing. Haribo had mislabled the box and what I rec'd was 5 lbs. of sugar coated gummy apples instead. I was very diappointed although Amazon was very understanding and refunded me the total amount.I hesitate to order this item again.",
      "helpfulness": "2"
    },
    {
      "date": "April 7, 2012",
      "title": "Huge alphabet letters",
      "score": "3.0 out of 5 stars",
      "text": "Bought this for Sunday Easter because eating the alphabet could be more fun than plain gummy bears. But after receiving them I realized that the alphabet letters are huge in size compared to the gummy bears or skittle. A child can't put one in his/her mouth like a gummy bear or skittle. That's the only complaint I have. A letter can fit in (maybe) a circle that is 2 or 2.5 inches in diameter. They are probably as good as the gummy bears.",
      "helpfulness": "One"
    },
    {
      "date": "May 3, 2008",
      "title": "Kind of big",
      "score": "4.0 out of 5 stars",
      "text": "Quality and taste were good, as expected from Haribo, but these letters are fairly large and as a result some of them end up getting quite bent in the bag.  It's sometimes difficult to get them to stay straight and look like the letters they're supposed to be.  Also, larger letters means fewer letters.  I prefer the smaller ones that come in the 5 oz bags.  It would be nice if they sold the mini letters in a larger size bag.",
      "helpfulness": "3"
    },
    {
      "date": "October 9, 2011",
      "title": "Chewy gummy goodness!",
      "score": "5.0 out of 5 stars",
      "text": "I love Haribo - better than any gummy candy sold by American companies. The flavours are very mild but definitely distinguishable. Soft, chewy, stretchy, absolutely perfect texture and bite. If you like your gummies this way then get Haribo! So glad we can get them from here instead of in tiny bags at the corner shop. This 5lb bag didn't last long in our office!",
      "helpfulness": "0"
    },
    {
      "date": "May 17, 2013",
      "title": "awesome",
      "score": "5.0 out of 5 stars",
      "text": "they are a little chewy but they are gummy after all i was putting together a name themed package for a friend so after i used all the letters for his name i sent the rest to my son and he loved them... really great idea",
      "helpfulness": "0"
    }
  ]
}