{
  "product_title": "Bahlsen Waffeletten Dark Chocolate Dipped Cookies (12 boxes) - Delicate wafer rolls dipped in rich dark European chocolate - 3.5 oz boxes",
  "byline_info": "Visit the Bahlsen Store",
  "product_description": "",
  "category": [
    "Grocery & Gourmet Food",
    "Breads & Bakery",
    "Cookies",
    "Chocolate"
  ],
  "alt_images": [
    "https://m.media-amazon.com/images/I/41VuJBuzrTL.jpg",
    "https://m.media-amazon.com/images/I/51UqH+PyQlL.jpg",
    "https://m.media-amazon.com/images/I/41CaW2FIO1L.jpg",
    "https://m.media-amazon.com/images/I/314N5d1WFmL.jpg",
    "https://m.media-amazon.com/images/I/31B9baDIsrL.jpg",
    "https://m.media-amazon.com/images/I/41kq5cfvM6L.jpg",
    "https://m.media-amazon.com/images/I/717ArnEIeQL.jpg"
  ],
  "product_detail": {
    "Is Discontinued By Manufacturer": "No",
    "Product Dimensions": "10.1 x 7.8 x 8.1 inches; 3.02 Pounds",
    "Item model number": "2104",
    "UPC": "707003967209 210400070569 070569210400 778894796452",
    "Manufacturer": "Bahlsen",
    "ASIN": "B000FBKFRW",
    "Units": "42.0 Ounce",
    "Best Sellers Rank": "#125,894 in Grocery & Gourmet Food (See Top 100 in Grocery & Gourmet Food) #264 in Chocolate Cookies",
    "#264 in Chocolate Cookies": "",
    "Customer Reviews": "4.0 4.0 out of 5 stars 276 ratings"
  },
  "important_information": {
    "Safety Information": "Contains wheat, milk and egg. May contain traces of almonds, coconut, hazelnuts, walnuts, peanuts and soy.Contains wheat, milk and egg. May contain traces of almonds, coconut, hazelnuts, walnuts, peanuts and soy.",
    "Ingredients": "Wheat, Flour, Sugar, Hydrogenated Vegetable Oil (Palm and Palm Kernel Oil), Chocolate Liquor, Cocoa Butter, Whey, Hazelnuts, Skimmed Milk, Soya Lecithin (Emulsifier), Powdered Egg Yolk, Sweet Whey Powder, Salt, Whole Milk Powder, Leavening (Sodium Bicarbonate), Spice Flavoring.Wheat, Flour, Sugar, Hydrogenated Vegetable Oil (Palm and Palm Kernel Oil), Chocolate Liquor, Cocoa Butter, Whey, Hazelnuts, Skimmed Milk, Soya Lecithin (Emulsifier), Powdered Egg Yolk, Sweet Whey Powder, Salt, Whole Milk Powder, Leavening (Sodium Bicarbonate), Spice Flavoring.",
    "Directions": "Keep cool and dry.Keep cool and dry.",
    "Legal Disclaimer": "Statements regarding dietary supplements have not been evaluated by the FDA and are not intended to diagnose, treat, cure, or prevent any disease or health condition.Statements regarding dietary supplements have not been evaluated by the FDA and are not intended to diagnose, treat, cure, or prevent any disease or health condition."
  },
  "rating": {
    "score": "4 out of 5",
    "dist": {
      "5 star": "65%",
      "4 star": "11%",
      "3 star": "5%",
      "2 star": "2%",
      "1 star": "17%"
    }
  },
  "top_comments": [
    {
      "date": "December 15, 2022",
      "title": "So delish they should come with a warning label",
      "score": "5.0 out of 5 stars",
      "text": "OK...I'll confess that buying 12 boxes of cookies for 2 people is insane. Even crazier is that we had never ordered these before. That said...I cannot stop eating these cookies. They are super crispy and light, are the perfect level of sweetness and the dark chocolate is really good! I can eat most of a box by myself. They are the best cookies I have in a while and I LOVE cookies.",
      "helpfulness": "6"
    },
    {
      "date": "April 2, 2021",
      "title": "The most wonderful cookies on the planet!",
      "score": "5.0 out of 5 stars",
      "text": "I like to treat myself to these every Valentine’s Day or really just anytime I need a delicious cookie! My local supermarket hasn’t had them recently, we are in a pandemic, and I needed my fix! I found them here and yeah... it’s a lot of boxes.... but so worth it! DELICIOUS! The packaging was great, the cookies were amazing, I ate them quicker than I should have, and enjoyed every single bite! (I did share a few boxes)",
      "helpfulness": "One"
    },
    {
      "date": "July 22, 2024",
      "title": "Doubled in price in 2 months!!",
      "score": "1.0 out of 5 stars",
      "text": "I love these cookies and I last bought them in May 22, 2024 for 33.92 for 12 boxes.  I tried to buy them yesterday and they were $77.62 for the same quantity 12 boxes.These are really good cookies, but not $77.72 goodAnyone at Bahlsen want to chime in here?",
      "helpfulness": "2"
    },
    {
      "date": "November 30, 2023",
      "title": "YUMMY!!",
      "score": "5.0 out of 5 stars",
      "text": "Used these to make choo choo train cupcakes for my grandsons birthday.  Absolutely delicious and perfect size!!!",
      "helpfulness": "3"
    },
    {
      "date": "March 16, 2024",
      "title": "Light, tasty and oh so good",
      "score": "4.0 out of 5 stars",
      "text": "the wafer rolls are delicate yet tasty. can't stop at just one. The only minus was that every box had some rolls with discolored chocolate on them which meant that contents were exposed to heat either in storage or shipment which is very disappointing especially when one is trying to serve them to house guests.",
      "helpfulness": "0"
    },
    {
      "date": "March 8, 2024",
      "title": "The Best",
      "score": "5.0 out of 5 stars",
      "text": "These cookies are the best and so much cheaper here at Amazon than other stores.",
      "helpfulness": "0"
    },
    {
      "date": "December 9, 2023",
      "title": "Yummy - yummy - yummy",
      "score": "5.0 out of 5 stars",
      "text": "One of our favorite cookies.  Had these a a child and they are still just as wonderful.",
      "helpfulness": "0"
    },
    {
      "date": "October 9, 2024",
      "title": "Broken wafers and melted together  inside package",
      "score": "1.0 out of 5 stars",
      "text": "Opened box and wafers were broken and stuck together due to melting within the package. I’m so disappointed. You could never tell from the outside packaging as it looked fine. But we opened a second box just to make sure",
      "helpfulness": "One"
    }
  ]
}