{
  "product_title": "Coconut Cream Powder",
  "byline_info": "Brand: Unknown",
  "product_description": "This coconut cream powder is prepared from fresh coconut cream. Just add warm water and you will get a rich cream that is ideal for curries, desserts, cocktails, fillings, puddings, etc.",
  "category": [
    "Grocery & Gourmet Food",
    "Pantry Staples",
    "Cooking & Baking",
    "Coconut Milk & Cream"
  ],
  "alt_images": [
    "https://m.media-amazon.com/images/I/51M3xHUv0tL.jpg"
  ],
  "product_detail": {
    "Item Weight": "1 Pounds",
    "Manufacturer": "Chao Thai",
    "ASIN": "B0000CNU1O",
    "Best Sellers Rank": "#479,042 in Grocery & Gourmet Food (See Top 100 in Grocery & Gourmet Food) #363 in Coconut Milk & Cream",
    "#363 in Coconut Milk & Cream": "",
    "Customer Reviews": "5.0 5.0 out of 5 stars 2 ratings"
  },
  "important_information": {
    "Ingredients": "Natural coconut, maltodextrin, no preservative.Natural coconut, maltodextrin, no preservative.",
    "Legal Disclaimer": "Statements regarding dietary supplements have not been evaluated by the FDA and are not intended to diagnose, treat, cure, or prevent any disease or health condition.Statements regarding dietary supplements have not been evaluated by the FDA and are not intended to diagnose, treat, cure, or prevent any disease or health condition."
  },
  "rating": {
    "score": "5 out of 5",
    "dist": {
      "5 star": "100%",
      "4 star": "0%",
      "3 star": "0%",
      "2 star": "0%",
      "1 star": "0%"
    }
  },
  "top_comments": [
    {
      "date": "June 26, 2011",
      "title": "Awesome coconut powder!!!",
      "score": "5.0 out of 5 stars",
      "text": "This product is the perfect coconit powder!! Seller was quick in their delivery of it to me.  I will definitely look for this to buy again.  Thanks so much, MP",
      "helpfulness": "One"
    }
  ]
}