{
  "product_title": "Wilton Sparkling Sugar Decorating Sprinkles, 8 oz., White",
  "byline_info": "Visit the Wilton Store",
  "product_description": "Sprinkle on sparkling sugar for cakes, candies, cupcakes, and more.",
  "category": [
    "Grocery & Gourmet Food",
    "Pantry Staples",
    "Cooking & Baking",
    "Frosting, Icing & Decorations",
    "Sprinkles"
  ],
  "alt_images": [
    "https://m.media-amazon.com/images/I/411cn3ejQfL.jpg",
    "https://m.media-amazon.com/images/I/51Nu0U4tZpL.jpg",
    "https://m.media-amazon.com/images/I/51Emr6Bj+JL.jpg",
    "https://m.media-amazon.com/images/I/51Fq4mcXxSL.jpg",
    "https://m.media-amazon.com/images/I/51dbwFplKRL.jpg",
    "https://m.media-amazon.com/images/I/519EYZrmRlL.jpg",
    "https://m.media-amazon.com/images/I/6132YNcBuRL.jpg"
  ],
  "product_detail": {
    "Is Discontinued By Manufacturer": "No",
    "Product Dimensions": "2.2 x 2.2 x 5 inches; 8 ounces",
    "Item model number": "710-992",
    "UPC": "070896719928",
    "Manufacturer": "Wilton",
    "ASIN": "B0001XXB3E",
    "Units": "8.0 Ounce",
    "Best Sellers Rank": "#22,827 in Grocery & Gourmet Food (See Top 100 in Grocery & Gourmet Food) #161 in Dessert Sprinkles",
    "#161 in Dessert Sprinkles": "",
    "Customer Reviews": "4.8 4.8 out of 5 stars 5,069 ratings"
  },
  "important_information": {
    "Ingredients": "Sugar, Carnauba Wax.Sugar, Carnauba Wax.",
    "Directions": "Sprinkle the sugar onto cakes, cookies, cupcakes, and other treats for a subtle shine.Sprinkle the sugar onto cakes, cookies, cupcakes, and other treats for a subtle shine.",
    "Legal Disclaimer": "Statements regarding dietary supplements have not been evaluated by the FDA and are not intended to diagnose, treat, cure, or prevent any disease or health condition.Statements regarding dietary supplements have not been evaluated by the FDA and are not intended to diagnose, treat, cure, or prevent any disease or health condition."
  },
  "rating": {
    "score": "4.8 out of 5",
    "dist": {
      "5 star": "88%",
      "4 star": "9%",
      "3 star": "3%",
      "2 star": "0%",
      "1 star": "0%"
    }
  },
  "top_comments": [
    {
      "date": "December 4, 2024",
      "title": "Great to sprinkle on quick breads or muffins",
      "score": "5.0 out of 5 stars",
      "text": "I do so much baking, just makes everything look a little fancier, can put the cinnamon sugar on first and then sprinkle a little of this on. Very festive",
      "helpfulness": "0"
    },
    {
      "date": "March 26, 2025",
      "title": "Sugary sweet",
      "score": "5.0 out of 5 stars",
      "text": "Solid baking product- right amount of sparkle for baked goods",
      "helpfulness": "0"
    },
    {
      "date": "November 26, 2024",
      "title": "A must for home baked muffins",
      "score": "5.0 out of 5 stars",
      "text": "If you're making muffins, you need this. It's identical to the topping used on commercial muffins. Also works great on cookies. I love it.",
      "helpfulness": "0"
    },
    {
      "date": "February 27, 2025",
      "title": "Good find.",
      "score": "5.0 out of 5 stars",
      "text": "This adds a special touch to items I make with crumb topping!",
      "helpfulness": "0"
    },
    {
      "date": "October 24, 2024",
      "title": "Nice quality and crunchy.",
      "score": "5.0 out of 5 stars",
      "text": "Much easier to purchase online than to find in stores.  Cheaper, too.  Love the 'crunch' on baked goods.",
      "helpfulness": "0"
    },
    {
      "date": "November 14, 2024",
      "title": "nice product, I like it, thank you for the fast shipping",
      "score": "4.0 out of 5 stars",
      "text": "nice product, I like it, thank you for the fast shipping",
      "helpfulness": "0"
    },
    {
      "date": "May 29, 2025",
      "title": "Perfect for Jordan marsh muffins",
      "score": "5.0 out of 5 stars",
      "text": "I use this sugar on the blueberry muffins that I make.  Just like Jordan Marsh muffins!!!",
      "helpfulness": "0"
    },
    {
      "date": "July 22, 2024",
      "title": "Perfectly yummy and sparkling",
      "score": "5.0 out of 5 stars",
      "text": "Used for the tops of pastries and cookies. Not a small granular like sugar but larger. Adds sparkle to tops of bakery treats and a perfect amount of sweetness. Highly recommend; save yourself the trouble of looking for more  and buy two. I did!",
      "helpfulness": "0"
    }
  ]
}