{
  "product_title": "Newman's Own Salsa, medium natural chunky, 16 Ounce",
  "byline_info": "Visit the Newman's Own Store",
  "product_description": "Examples of charities supported by Newman's Own foundation include: O serious fun children's network - serious fun children's network of camps, founded by Paul Newman, gives children coping with serious illnesses joy, confidence and lots of serious fun shining hope for communities (shofco) - shofco works in slums to combat poverty and develop the next generation of female leaders and they empower communities through girls' Leadership academies, health clinics, clean water and other programs.",
  "category": [
    "Grocery & Gourmet Food",
    "Snacks & Sweets",
    "Snack Foods",
    "Salsas, Dips & Spreads",
    "Salsas"
  ],
  "alt_images": [
    "https://m.media-amazon.com/images/I/51R8S+2QlOL.jpg"
  ],
  "product_detail": {
    "Product Dimensions": "5.7 x 4.8 x 4.2 inches; 1.4 Pounds",
    "Item model number": "406940959986",
    "Manufacturer": "C&S Wholesale Grocers",
    "ASIN": "B0005Z7PTO",
    "Units": "16 Ounce",
    "Customer Reviews": "3.8 3.8 out of 5 stars 45 ratings"
  },
  "important_information": {
    "Ingredients": "Diced tomatoes, tomato puree (water, tomato paste, citric acid), green chili peppers, green bell peppers, onions, red jalapeno peppers, red bell peppers, distilled vinegar, salt, sugar, cilantro, garlic and black pepper.Diced tomatoes, tomato puree (water, tomato paste, citric acid), green chili peppers, green bell peppers, onions, red jalapeno peppers, red bell peppers, distilled vinegar, salt, sugar, cilantro, garlic and black pepper.",
    "Legal Disclaimer": "Statements regarding dietary supplements have not been evaluated by the FDA and are not intended to diagnose, treat, cure, or prevent any disease or health condition.Statements regarding dietary supplements have not been evaluated by the FDA and are not intended to diagnose, treat, cure, or prevent any disease or health condition."
  },
  "rating": {
    "score": "3.8 out of 5",
    "dist": {
      "5 star": "57%",
      "4 star": "11%",
      "3 star": "9%",
      "2 star": "9%",
      "1 star": "14%"
    }
  },
  "top_comments": [
    {
      "date": "March 12, 2014",
      "title": "This is great! It beats all other canned/jarred salsas by a landslide!",
      "score": "5.0 out of 5 stars",
      "text": "I love salsa but hate most of the canned/jarred salsas. But not here...this stuff is great! Most salsa that comes in a jar tends to be rather bland, mushy, and not have an aroma that smells good. Newman's Salsa has an aroma so good that you want to eat a spoonfull of it as soon as you open the jar. The texture is great and the flavor is fantastic!The texture of the different vegetables are how they should be (...instead of being super mushy with peppers and tomatoes having the same consistency, which is not natural and why I hate most jarred salsa), the heat is the perfect blend of flavorful spices but not an overpowering 'hot'. The consistency is what you would expect from fresh salsa and each vegetable still tastes like the vegetable it is, creating a tasty medley. I have never had a salsa from a jar that I liked so much. Whether this is on scrambled eggs, with plain corn chips, or mixed with a cheese queso, it's simply great. My friends have all purchased it themselves after having dinner at my place where it was served (and they consumed quite a few jars!)Also, the price is very reasonable when you buy in quantity.",
      "helpfulness": "One"
    },
    {
      "date": "September 22, 2014",
      "title": "New favorite with no nasty chemicals",
      "score": "5.0 out of 5 stars",
      "text": "Yummy with lots of veggies just not hot enough - don't seem to make hot, easily fixable there. No nasty stuff. Really beats any jar salsa I've ever tried since it doesn't have that metal taste and is all natural,now don't have to nag for the fresh made can just go eat my chips ( I also love it because I bought as add on for less than $4, now on Amazon sells for $12 or more but available elsewhere, even on line for $4 a jar - last option on Amazon listing is a web site which sells 3 for $12 and opportunities for free 2 day shipping)",
      "helpfulness": "One"
    },
    {
      "date": "August 11, 2015",
      "title": "Run away. If you found yourself here you clearly misspelled something on google.",
      "score": "1.0 out of 5 stars",
      "text": "This is about the most terrible \"salsa\" I have ever had. This s*** needs it's own category under a giant flashing sign that says \"DO NOT BUY THIS!\"",
      "helpfulness": "4"
    },
    {
      "date": "August 1, 2014",
      "title": "Great jarred salsa",
      "score": "5.0 out of 5 stars",
      "text": "I usually only buy the fresh salsas in the produce section but I had an amazon gift card and I love newmans so I thought why not try it?? I was very pleasantly surprised. When my jar arrived I put it in the fridge and I tried to be patient (I love cold salsa) but I couldn't resist! Next time I would pick a spicier variety but the flavors are spot on. Texture is more like the traditional salsas vs salsa fresca. And as always I love that Newman donates all profits for charity-- that alone is always enough to get me to try a new product from them because worst case scenario I just made a small donation!",
      "helpfulness": "2"
    },
    {
      "date": "July 10, 2014",
      "title": "Four Stars",
      "score": "4.0 out of 5 stars",
      "text": "Good taste, just a little mild. But it's a quality  product. Thanks, Jim",
      "helpfulness": "One"
    },
    {
      "date": "September 10, 2022",
      "title": "Great salsa with a little kick to it.",
      "score": "5.0 out of 5 stars",
      "text": "I enjoy this salsa more than any others I have tried. I use it with chips or in recipes",
      "helpfulness": "0"
    },
    {
      "date": "January 18, 2015",
      "title": "Two Stars",
      "score": "2.0 out of 5 stars",
      "text": "way over priced. caught me once but again",
      "helpfulness": "One"
    },
    {
      "date": "March 17, 2012",
      "title": "do not be deceived",
      "score": "3.0 out of 5 stars",
      "text": "Notice that although the picture has 3 jars of salsa, you only get one jar of salsa.  It is not made clear in the product description, which is annoying.",
      "helpfulness": "2"
    }
  ]
}