{
  "product_title": "Scott's Cakes Raspberry Butter Cookies 2 lb. Box",
  "byline_info": "Brand: Scott's Cakes",
  "product_description": "All of our Butter Cookies are made with real Swiss-Made Raspberry Marmalade, and real butter for that down home taste like grandma used to make.",
  "category": [
    "Grocery & Gourmet Food",
    "Breads & Bakery",
    "Cookies",
    "Butter"
  ],
  "alt_images": [
    "https://m.media-amazon.com/images/I/415DVVTW09L.jpg"
  ],
  "product_detail": {
    "Item Weight": "2 Pounds",
    "Manufacturer": "Scott's Cakes",
    "ASIN": "B0006NMMN4",
    "Units": "32.0 Ounce",
    "Best Sellers Rank": "#310,528 in Grocery & Gourmet Food (See Top 100 in Grocery & Gourmet Food) #307 in Butter Cookies",
    "#307 in Butter Cookies": "",
    "Customer Reviews": "3.8 3.8 out of 5 stars 26 ratings"
  },
  "important_information": {
    "Legal Disclaimer": "Statements regarding dietary supplements have not been evaluated by the FDA and are not intended to diagnose, treat, cure, or prevent any disease or health condition.Statements regarding dietary supplements have not been evaluated by the FDA and are not intended to diagnose, treat, cure, or prevent any disease or health condition."
  },
  "rating": {
    "score": "3.8 out of 5",
    "dist": {
      "5 star": "40%",
      "4 star": "27%",
      "3 star": "13%",
      "2 star": "13%",
      "1 star": "7%"
    }
  },
  "top_comments": [
    {
      "date": "June 8, 2023",
      "title": "Wow!! Delicious",
      "score": "5.0 out of 5 stars",
      "text": "These are soooo good. Super fresh and super tasty and super soft!!! Will definitely order again. Want to eat the whole box in one sitting. Thank You",
      "helpfulness": "2"
    },
    {
      "date": "January 12, 2025",
      "title": "I liked them",
      "score": "4.0 out of 5 stars",
      "text": "They was definitely good but some of them was  burnt at the bottom would i order from u agian yes I would",
      "helpfulness": "0"
    },
    {
      "date": "May 23, 2025",
      "title": "Two pounds in each hand packed box.",
      "score": "2.0 out of 5 stars",
      "text": "The cookies come covered in parchment paper.  They all look good, just not a lot of flavor.",
      "helpfulness": "0"
    },
    {
      "date": "December 21, 2024",
      "title": "Cookies look good, but flavor to be desired",
      "score": "3.0 out of 5 stars",
      "text": "The jelly part of the cookie tastes wonderful the cookie itself is on the dry side. One cookie is missing from the picture because I tasted it.",
      "helpfulness": "One"
    },
    {
      "date": "March 17, 2023",
      "title": "Perfectly packaged, lots of jam",
      "score": "5.0 out of 5 stars",
      "text": "When I saw these delicate cookies, I was surprised that they did not crumble on the way to me, but they made it just fine. They look like I just picked them up from the bakery. The vanilla cookie is soft, and there is lots of firm, but soft  jam inside. That sounds like a contradiction in terms, but I mean the middle is not firm like a gumdrop, but also not sloppy, like a spoonful of jam from a jar. As Goldilocks would say, it’s just right. 🙂",
      "helpfulness": "3"
    },
    {
      "date": "April 17, 2025",
      "title": "Very good thumb print cookies.",
      "score": "4.0 out of 5 stars",
      "text": "The cookies are very tasty and hand made.  I bought a couple dozen.  They were hand packed and shipped to me.  I would buy them again.  Way better than store bought thumb print cookies.",
      "helpfulness": "0"
    },
    {
      "date": "December 29, 2023",
      "title": "Cookies very bland",
      "score": "1.0 out of 5 stars",
      "text": "We purchased 4 pounds of the cookies but no one will eat. Cookies taste like undercooked cookie dough, bland, not buttery flavor at all as stated. These cookies are not what we expected and will not buy again.",
      "helpfulness": "0"
    },
    {
      "date": "June 11, 2012",
      "title": "Delicious Raspberry Butter Cookies",
      "score": "5.0 out of 5 stars",
      "text": "I ordered two pounds of Scott's Cakes' Raspberry Butter Cookies, hoping that they would live up to my high expectations. Well, they most certainly did! I can no longer find what I consider to be tasty raspberry butter cookies in local bakeries or supermarkets. Either they are not available or the quality is alway disappointing. Not so with these scrumptious treats. Soft, buttery cookie dough, with really delicious, slightly tart raspberry centers--not the bland, starchy raspberry fillings that seem to be universally prevalent these days. Well done! I'll be ordering more very soon.",
      "helpfulness": "One"
    }
  ]
}