{
  "product_title": "Seapoint Farms Wasabi Dry Roasted Edamame, Healthy Gluten-Free Snacks, 12-Pack, 3.5 Ounce (Pack of 12)",
  "byline_info": "Visit the SEAPOINT FARMS Store",
  "product_description": "Are you looking for a healthy and delicious way to add some protein to your diet? Seapoint Farms Dry Roasted Edamame is the perfect solution! This 12-pack of 3.5-ounce wasabi edamame pouches will supply you with over 25 servings of this protein-rich, gluten-free snack. It’s certified non-GMO, kosher, and uses just 4 ingredients: soybeans, sea salt, wasabi oil, and dextrin. You won’t have to worry about harmful additives since all our products here at Seapoint Farms are all natural and heart healthy. Edamame is a specialty soybean harvested as a green vegetable when the seeds are immature and have expanded to fill 80 to 90% of the pod width. It is rich in protein and highly nutritious. It is naturally gluten-free and low calorie, contains no cholesterol, and is an excellent source of protein, iron, and calcium. It is especially helpful for vegans or vegetarians to help them get their necessary daily protein. Edamame is a complete protein, which makes it ideal for anyone following a plant-based diet. Edamame contains all the essential amino acids that our bodies cannot produce. Its crunchy goodness makes it hard to believe that it’s being heart healthy and low in carbs and calories.",
  "category": [
    "Grocery & Gourmet Food",
    "Produce",
    "Dried Fruits & Vegetables",
    "Dried Vegetables",
    "Dried Edamame"
  ],
  "alt_images": [
    "https://m.media-amazon.com/images/I/51z+bN22ZEL.jpg",
    "https://m.media-amazon.com/images/I/41Kgy4QGMZL.jpg",
    "https://m.media-amazon.com/images/I/51qWutYK9LL.jpg",
    "https://m.media-amazon.com/images/I/51iskRnfP1L.jpg",
    "https://m.media-amazon.com/images/I/51sEdBqsOyL.jpg",
    "https://m.media-amazon.com/images/I/5100sqQwSML.jpg",
    "https://m.media-amazon.com/images/I/41gp-u54fhL.jpg"
  ],
  "product_detail": {
    "Is Discontinued By Manufacturer": "No",
    "Item model number": "D722",
    "Manufacturer": "Seapoint Farms",
    "ASIN": "B000G32YEG",
    "Units": "12 Count",
    "Best Sellers Rank": "#3,841 in Grocery & Gourmet Food (See Top 100 in Grocery & Gourmet Food) #9 in Dried Edamame #8,840 in Snacks & Sweets",
    "#9 in Dried Edamame": "",
    "#8,840 in Snacks & Sweets": "",
    "Customer Reviews": "4.5 4.5 out of 5 stars 2,431 ratings"
  },
  "important_information": {
    "Safety Information": "Manufactured in a plant that processes peanuts and other nuts.This product is labelled to United States standards and may differ from similar products sold elsewhere in its ingredients, labeling and allergen warningsManufactured in a plant that processes peanuts and other nuts.This product is labelled to United States standards and may differ from similar products sold elsewhere in its ingredients, labeling and allergen warnings",
    "Ingredients": "Soybeans, sea salt, wasabi powder (wasabi oil, dextrin)Soybeans, sea salt, wasabi powder (wasabi oil, dextrin)",
    "Legal Disclaimer": "Statements regarding dietary supplements have not been evaluated by the FDA and are not intended to diagnose, treat, cure, or prevent any disease or health condition.Statements regarding dietary supplements have not been evaluated by the FDA and are not intended to diagnose, treat, cure, or prevent any disease or health condition."
  },
  "rating": {
    "score": "4.5 out of 5",
    "dist": {
      "5 star": "73%",
      "4 star": "13%",
      "3 star": "7%",
      "2 star": "3%",
      "1 star": "4%"
    }
  },
  "top_comments": [
    {
      "date": "July 7, 2017",
      "title": "Dirt cheap way to get high protein content, also high fiber, good midnight snack",
      "score": "5.0 out of 5 stars",
      "text": "comes in 4 oz packages with a box of 12.That's 48 oz for $21 or almost $0.45 per ozprotein powder like orgain is $0.68 per oz https://www.amazon.com/Orgain-Organic-Protein-Powder-Chocolate/dp/B00J074W94/ref=sr_1_4_a_it?ie=UTF8&qid=1499456774&sr=8-4&keywords=protein%2Bpowder&th=1Good but cheap pork jerky is $1.30 per oz https://www.amazon.com/Golden-Island-Korean-Pork-Pack/dp/B00T3P5TC2/ref=sr_1_3_a_it?ie=UTF8&qid=1499456817&sr=8-3&keywords=pork+jerkyThats just an analysis for people who are frugal, here's the actual review:TASTE:It tastes like very dry unsalted peanuts with a bit of pistachio flavor on it. Some people say it taste really bland after so many days and they are right. It does taste rather tasteless if you eat too much of it. Rather I would think of it as a supplement, similar to protein powder - don't eat it everydayIt doesn't taste disgusting at all, but you'll definitely want to drink water right after since it is dry.NUTRITIONWhen we talk about nutrtion, we look at protein (1g = 4 calories), carb (1g = 4 calories), and fat content (1g = 9 calories.There's 130 calories per serving and 13g of protein (52 calories). That's almost half its content as protein. Which is a lot for a legume/vegetable. If you are doing any form of bulking like I am, this is a lot of protein. So if your vegetarian you cannot go wrong with thisUSES OF THISThis is all the good parts now. This is what I use this snack for:PREWORKOUT → its suprisingly a good preworkout food. I tried cliff crunchbars but I get really sick of them fast, and they only last about several months anyways before drying out too much.BULKING CALORIE FILLER → this is excellent food to bulk up, normally I have a hard time planning out a surplus of calories when bulking, but adding this to my macro eating routine makes it easy to get the amount of weight + added I want per day. Usually, I just feel it outGOING TO SLEEP MIDNIGHT SNACK → This is actually a very good snack for going to sleep with. Its very easy to digest when you break it down, so its not sitting in your stomach the entire time digesting. And since its alot of protein with a mix of carbs, you aren't overloading on complex carbs that take too long to break downPOOPING → Yes I said it. Its a legume (bean) so it has a huge amount of fiber, 8g per serving is a lot. Definitely noticeable and I usually eat this if I don't get enough leafy greens in throughout the day so I don't get constipationTRAVELLING FOOD → Goes into the pooping part. Normally I would eat raisins which are good travel food as well, just to get a balanced diet since being on road / travel is hard to get balance meals. Its a fairly compact package, you can put it in a bag if you need to to save up on space since its filled with airTOPPING → Its not a bad salad topper or rice+beans mix actually. Gives it a nice crunch as well to whatever your cookingalso, this is list of how i get all my nonperishable proteins without getting sick of one particular protein too;- This item- Pork Jerky https://www.amazon.com/Golden-Island-Korean-BBQ-Pork/dp/B008TSVXWE/ref=sr_1_5_s_it?s=grocery&ie=UTF8&qid=1499457549&sr=1-5&keywords=pork+jerky- Protein Powder+Milk/Soymilk https://www.amazon.com/Orgain-Organic-Protein-Powder-Chocolate/dp/B00J074W94/ref=sr_1_1_s_it?s=grocery&ie=UTF8&qid=1499457657&sr=1-1&keywords=protein+powder",
      "helpfulness": "111"
    },
    {
      "date": "August 20, 2025",
      "title": "Good product",
      "score": "5.0 out of 5 stars",
      "text": "Very tasty and different snack.",
      "helpfulness": "0"
    },
    {
      "date": "August 11, 2025",
      "title": "Perfect Snack at the Coding Keyboard",
      "score": "5.0 out of 5 stars",
      "text": "This is a perfect snack for a coding at the keyboard!  No sticky, no crumbs, no sugar, no mess.  Simple, satisfying.  Each reclosable bag has 4, 1/3-cup servings, and stays fresh in my desk drawer.  Good nutrition.  Very slight salt.",
      "helpfulness": "0"
    },
    {
      "date": "May 12, 2011",
      "title": "A Healthy version of Russian Roulette, with a flamethrower",
      "score": "4.0 out of 5 stars",
      "text": "First off, this is a great snack.  Loaded with protein, it's a real food (not overly processed), not sugared up, not overloaded with sodium, with relatively few calories for how filling it is -- you don't feel guilty reaching for it.  They also taste good, with the one major caveat.The only problem is, like every other review states, the uneven distribution of Wasabi.  So, you can go a few handfuls without feeling more than a tingle, and then you grab that one bean.  I literally mean ONE bean too, because that's all it takes to get the party started.  You won't recognize this one bean from the outside because the coating on all of them is invisible.  You will only recognize it when it's inside your mouth burning away the top layers of cells - it's the fire bean.You will find this bean, and you most surely will find it, because there are a few special beans in every package.  When you find this one bean it is like a quart of drano down the gullet.  That sinus clearing wave of fire that only Wasabi brings.  I'm a grown man, appropriately detached from my emotions, and the fire bean has brought me to the point of tears.  A withering sobbing wreck, and this is only a slight exaggeration.The burn is like a wasabi burn or Asian food in general though, it passes quickly.  Then you'll immediately want to go back to the burn bean lottery, pressing your luck, hoping you can withstand the next barrage.",
      "helpfulness": "372"
    },
    {
      "date": "August 15, 2025",
      "title": "Yum",
      "score": "5.0 out of 5 stars",
      "text": "Delicious and good quality",
      "helpfulness": "0"
    },
    {
      "date": "March 13, 2025",
      "title": "heathy and tasty",
      "score": "5.0 out of 5 stars",
      "text": "This is a very good, healthy snack for hiking. I like the high protein contain and less salt.",
      "helpfulness": "0"
    },
    {
      "date": "July 28, 2025",
      "title": "Great taste",
      "score": "5.0 out of 5 stars",
      "text": "Great snack",
      "helpfulness": "0"
    },
    {
      "date": "March 9, 2025",
      "title": "Great price! But, Not so tasty 😕",
      "score": "3.0 out of 5 stars",
      "text": "5 stars for the price. 2 stars for taste. I don't taste hardly any sea salt on the two bags that I've opened so far. I purchased this brand after trying The Only Bean which offers tasty flavors but was more expensive. I thought I would at least have some sort of decent flavor in this sea salt version. That is not my experience and I was disappointed. However, i do have a bullet! And it is an excellent source of protein and fiber as I make nut Butters and fruit smoothies with an inexpensive alternative to powders. So I would say a 3.5 because I cannot just nibble on them as a snack.",
      "helpfulness": "2"
    }
  ]
}