{
  "product_title": "Villa Manodori Balsamic Vinegar Artigianale (250 ml)",
  "byline_info": "Brand: Villa Manodori",
  "product_description": "Villa Manodori Balsamic Vinegar Artigianale (250 ml)",
  "category": [
    "Grocery & Gourmet Food",
    "Pantry Staples",
    "Cooking & Baking",
    "Cooking Oils, Vinegars & Sprays",
    "Vinegars",
    "Balsamic"
  ],
  "alt_images": [
    "https://m.media-amazon.com/images/I/21-pfxrWZKL.jpg",
    "https://m.media-amazon.com/images/I/317H9FUWayL.jpg",
    "https://m.media-amazon.com/images/I/21TvCyb-3bL.jpg",
    "https://m.media-amazon.com/images/I/41VAZvrx1zL.jpg"
  ],
  "product_detail": {
    "Is Discontinued By Manufacturer": "No",
    "Package Dimensions": "13 x 3 x 2 inches; 1.4 Pounds",
    "UPC": "773821726410",
    "Manufacturer": "Villa Manodori",
    "ASIN": "B0000D9NDG",
    "Units": "8.45 Fluid Ounces",
    "Best Sellers Rank": "#499,571 in Grocery & Gourmet Food (See Top 100 in Grocery & Gourmet Food) #1,320 in Balsamic Vinegars",
    "#1,320 in Balsamic Vinegars": "",
    "Customer Reviews": "4.8 4.8 out of 5 stars 14 ratings"
  },
  "important_information": {
    "Ingredients": "Concentrated Grape Must, Wine Vinegar. Contains Sulfites.Concentrated Grape Must, Wine Vinegar. Contains Sulfites.",
    "Legal Disclaimer": "Statements regarding dietary supplements have not been evaluated by the FDA and are not intended to diagnose, treat, cure, or prevent any disease or health condition.Statements regarding dietary supplements have not been evaluated by the FDA and are not intended to diagnose, treat, cure, or prevent any disease or health condition."
  },
  "rating": {
    "score": "4.8 out of 5",
    "dist": {
      "5 star": "79%",
      "4 star": "21%",
      "3 star": "0%",
      "2 star": "0%",
      "1 star": "0%"
    }
  },
  "top_comments": [
    {
      "date": "June 29, 2016",
      "title": "Five Stars",
      "score": "5.0 out of 5 stars",
      "text": "It tastes delicious!",
      "helpfulness": "0"
    },
    {
      "date": "July 10, 2013",
      "title": "Love Balsamic and Oil",
      "score": "4.0 out of 5 stars",
      "text": "This suff is great.  I'm just becoming a fan of good balsamic vinegars.  As I try more, I learn if this was good or great.",
      "helpfulness": "One"
    },
    {
      "date": "September 21, 2004",
      "title": "Heavenly, Sumptuous, Inexpressibly Delicious",
      "score": "5.0 out of 5 stars",
      "text": "Several years ago, at a loss for what to get my boat-dweller stuff-hating sister for Christmas, I saw this in DiLaurenti's in Seattle.  I had just heard a big report on balsamic vinegars on NPR, so I bought it.  It was her favorite present that year!  Of course, no one had given her a golden retriever puppy.Since then, neither she nor I have been without a bottle.  This is the real mccoy.",
      "helpfulness": "4"
    },
    {
      "date": "August 6, 2007",
      "title": "Balsamic Convert",
      "score": "5.0 out of 5 stars",
      "text": "The sweetness is incomparable.  Yes, it's $$$, but only a small amount it needed.  A bottle's worth can last more than a year.",
      "helpfulness": "One"
    },
    {
      "date": "December 10, 2004",
      "title": "A perfect gift",
      "score": "5.0 out of 5 stars",
      "text": "A friend of mine turned me onto this lovely vinegar a few years ago.  Since then I've converted all my family to this brand.  It is one of my favorite gifts to give--and for them to receive!",
      "helpfulness": "2"
    },
    {
      "date": "October 3, 2005",
      "title": "Best on the Planet",
      "score": "5.0 out of 5 stars",
      "text": "A friend of mine gave me a bottle of this wonderful Balsamic for a gift, and now i can't live without it!!  It is good enough to drink from a shot glass!!!",
      "helpfulness": "One"
    },
    {
      "date": "May 31, 2006",
      "title": "The very best...",
      "score": "5.0 out of 5 stars",
      "text": "If you want your salads to be incomparable, or your strawberries to be divine, try this balsamic. I can't live without it!!!",
      "helpfulness": "0"
    }
  ]
}