{
  "product_title": "Marubishi Caffeine Free Mugicha (Mugi Cha) - 50 Large Tea Bags - 100% Japanese Barley Tea",
  "byline_info": "",
  "product_description": "",
  "category": [
    "Grocery & Gourmet Food",
    "Beverages",
    "Tea",
    "Tea Samplers"
  ],
  "alt_images": [
    "https://m.media-amazon.com/images/I/41q2gThWUtL.jpg"
  ],
  "product_detail": {
    "Package Dimensions": "6.9 x 5.9 x 4.5 inches; 1.05 Pounds",
    "ASIN": "B00097C4GW",
    "Units": "50.0 Count",
    "Customer Reviews": "3.7 3.7 out of 5 stars 16 ratings"
  },
  "important_information": {
    "Legal Disclaimer": "Statements regarding dietary supplements have not been evaluated by the FDA and are not intended to diagnose, treat, cure, or prevent any disease or health condition.Statements regarding dietary supplements have not been evaluated by the FDA and are not intended to diagnose, treat, cure, or prevent any disease or health condition."
  },
  "rating": {
    "score": "3.7 out of 5",
    "dist": {
      "5 star": "50%",
      "4 star": "13%",
      "3 star": "13%",
      "2 star": "12%",
      "1 star": "12%"
    }
  },
  "top_comments": [
    {
      "date": "March 12, 2012",
      "title": "Exactly What I Wanted",
      "score": "5.0 out of 5 stars",
      "text": "I spent last summer in Japan, and recently found myself missing the refreshing taste of barley tea.  The tea tastes exactly as I remembered. I dropped a single bag in a liter of water and left it in the fridge for two hours, and there was my tea.The smell of the tea bags pre-tea is a bit offputting, but it's well worth putting up with for the tea.Also, the bags are not for individual cups, but for pots or pitchers. This is what I wanted, but make sure you aren't expecting smaller tea-bags made for individual cups.Also, good deal for the price in my opinion.",
      "helpfulness": "One"
    },
    {
      "date": "September 15, 2011",
      "title": "weak barley flavor",
      "score": "1.0 out of 5 stars",
      "text": "This tea was a disappointment. The tea had a weak barley flavor no matter how many tea bags were used. I do not believe this tea was very fresh. I will try another variety.",
      "helpfulness": "One"
    },
    {
      "date": "April 7, 2009",
      "title": "Tepid barley flavor disappointed",
      "score": "2.0 out of 5 stars",
      "text": "I really enjoy the natural decaf property of barley tea. I normally use whole barley at home but needed bags for the office. I had brought some back from China on my last trip that I could not find in the US, so I tried this brand. These large bags are actually for a teapot, not a cup as I expected. As mentioned, the flavor was not full-bodied and so I will keep searching.",
      "helpfulness": "0"
    },
    {
      "date": "January 25, 2013",
      "title": "okay ....",
      "score": "3.0 out of 5 stars",
      "text": "not as good as the one I had before...  doesn't really have the flavor of barley .... ...But generally it's okay",
      "helpfulness": "0"
    },
    {
      "date": "August 4, 2006",
      "title": "Wonderful Tea",
      "score": "4.0 out of 5 stars",
      "text": "I absolutely adore this tea, especially in the summer.  It is very refreshing and caffine free.  This is a nice large package to get you through the season since 1 bag makes about a gallon of ice tea.  The service and shipping was fast...but I didn't get a free pack of Meiji Mini Candy with my order of 2 bags.",
      "helpfulness": "5"
    },
    {
      "date": "November 24, 2010",
      "title": "Mugicha hits the spot!",
      "score": "5.0 out of 5 stars",
      "text": "Mugicha is so delicious, especially when ice cold.  It really quenches thirst and has a nice, slightly astringent flavor.  It was the first thing I consumed when I first went to Asia, specifically Korea.  I drank it a lot in Japan too.  The Japanese drink it mostly in the summer but I like it year round.  Enjoy a glass today.  Oh, and it is so simple to make, just put a bag in a big jug and add cold water and put in the fridge, it is ready in 2 hours.  So easy!",
      "helpfulness": "0"
    },
    {
      "date": "December 10, 2012",
      "title": "Happy With Purchase, Big Bags",
      "score": "4.0 out of 5 stars",
      "text": "I tried this flavor at a local sushi joint.  So I tracked it down and ordered it on Amazon.  This has a different taste that not everyone will enjoy.  It tastes healthy and a bit like raw barley mixed with water.  I like the flavor from time to time, but not every day.  It is almost like \"comfort food meeting tea\".  The physical bags are not individually wrapped, and they are quite large with a lot of content/tea in each one.  I bet a single bag could make enough team for 5 people.  I took the content and put it in a zip lock bag for storage.  Lastly, there was not enough English on the package to know exactly what I am drinking.In general, I am happy with my purchase, but I probably will be sick of this flavor by the time I run out of this supply.  Definitely worth trying if you see it.",
      "helpfulness": "0"
    },
    {
      "date": "June 7, 2013",
      "title": "Real Barley Tea",
      "score": "5.0 out of 5 stars",
      "text": "I have made plenty of it over a hot summer without A/C and it was just as cool and refreshing as I remembered from Japan. It comes in large tea bags suitable for a whole pot of tea. I brew it hot and pour it into an empty, large juice container to steep, then cool it in the fridge when it's done, without removing the tea bag. I find that makes it about the strength I like. Do pick a container that won't melt though -- I ruined the top of one before figuring that part out.",
      "helpfulness": "One"
    }
  ]
}