{
  "product_title": "Mission Large Burrito Flour Tortillas, 8 Tortillas, 20 Oz. Bag",
  "byline_info": "",
  "product_description": "Mission Large Burrito Flour Tortillas, 8 Tortillas, 20 Oz. Bag",
  "category": [
    "Grocery & Gourmet Food",
    "Snacks & Sweets",
    "Snack Foods",
    "Chips & Crisps"
  ],
  "alt_images": [
    "https://m.media-amazon.com/images/I/51-pB3OW4DL.jpg"
  ],
  "product_detail": {
    "Package Dimensions": "11.5 x 10.5 x 0.3 inches; 10.4 ounces",
    "ASIN": "B00032H7YW",
    "Units": "20 Ounce",
    "Customer Reviews": "3.0 3.0 out of 5 stars 2 ratings"
  },
  "important_information": {
    "Legal Disclaimer": "Statements regarding dietary supplements have not been evaluated by the FDA and are not intended to diagnose, treat, cure, or prevent any disease or health condition.Statements regarding dietary supplements have not been evaluated by the FDA and are not intended to diagnose, treat, cure, or prevent any disease or health condition."
  },
  "rating": {
    "score": "3 out of 5",
    "dist": {
      "5 star": "0%",
      "4 star": "0%",
      "3 star": "100%",
      "2 star": "0%",
      "1 star": "0%"
    }
  },
  "top_comments": [
    {
      "date": "February 23, 2012",
      "title": "Reasonably good; cRc kosher certified",
      "score": "3.0 out of 5 stars",
      "text": "...And with the example I'm looking at, $23.05 when you include shipping, hilariously overpriced from this vendor.  $3 a tortilla?  For this?  Bundled at a price point in the ballpark of what I see at Kroger I would be ordering some right now instead of writing a less than salutatory review of a product I frequently use.  I suppose there might be a tortilla that's worth $3 each in early 2012, but this is definitely not it. I'm not going to rate it on price, obviously -- that would be one star -- so my rating is assuming a reasonable price.  ...Even though as I type this there isn't.Two things I nit this product on are that it's often stiff and that the taste isn't as consistent as it could be.  As a vegetarian I still buy it.  The kosher certification on the back of the package makes it something I will consider when I won't consider other -- potentially better quality -- products with no kosher certification.  I can't really nit it for being non-organic when it makes no pretense of being such, but that's an additional negative for me.",
      "helpfulness": "8"
    },
    {
      "date": "April 30, 2015",
      "title": "like a Chipotle burrito",
      "score": "3.0 out of 5 stars",
      "text": "I'm not rating on flavor because flour tortillas have none... so this was expected.  But size was everything as we were entertaining and wanted our burritos to hit the mark, you know, ... like a Chipotle burrito.  Didn't happen.  These are small.  Plan on your guest eating 2 per person if they can handle that much flour tortilla in their diet.  Good luck.",
      "helpfulness": "2"
    }
  ]
}