{
  "product_title": "Bear Naked Granola Cereal, Breakfast Snacks, Banana Nut (6 Bags)",
  "byline_info": "Brand: Bear Naked",
  "product_description": "Product Description   What animal do you think of when you think of bananas? Bears? Weird, us too! After all, they did a great job making our Non-GMO project verified Banana Nut Granola with honey, banana chips, coconut, almonds and walnuts. And it's all vegetarian, Kosher Pareve, and made with whole grains. We're just going to come out with it. Bears make the decisions around here; They pick out the ingredients, create new flavors and taste-test every batch of granola we make. Nothing goes out the door before it gets their bear stamp of approval. Now you may be thinking, why? Employing wild, unpredictable animals seems like a terrible business plan. Sure, we admit sometimes things can get a little awkward, like when the company picnic is BYOB (bring your own bees). But the truth is, the bears keep us honest. Their instincts always point them to the highest quality foods found in the wild.   About the Brand   Kelly Flatley and Brendan Synnott, who became friends at age 11 while attending Middlesex Middle School in Darien, CT, are the business partners behind Bear Naked all-natural breakfast foods. Kelly first developed Bear Nakeds original fruit-and-nut granola formula in July 2002 by baking whole ingredients in her parents kitchen and tweaking the recipe until it was perfect. She then labeled the concoction \"Bear Naked\" and started selling it at sidewalk sales and a couple of local markets. Her granola was plainly packaged in a clear plastic bag and hand-tied with a piece of hay. A month later, Brendan, on hiatus from his role as a talent manager for Saturday Night Live, started joining Kelly in the kitchen, the two cooking all through the night and selling their granola by day. In October 2002, Brendan and Kelly decided to move forward as business partners and Bear Naked was born. Over the next few months, the company really began to grow, and by the end of 2004, Bear Naked was distributing its products to more than 2,000 retailers in 25 states with 20 full-time employees. By August 2005, Bear Naked was the country's fastest-growing natural cereal brand, with the number one and number two selling granola products in the nation. The next month, Kelly, Brendan, and the entire Bear Naked team traveled to Washington, D.C., in their signature Bear Naked vans to launch a new line of breakfast products to retailers at the Natural Products Expo East. With an eye-catching display and abounding energy, the new Low-Sugar Cereals, All-Natural Oatmeal, and 100% Organic Hot Cereals debuted to rave reviews. Today, Bear Naked breakfast products can be found at retailers nationwide. And why the name \"Bear Naked\"? It simply reflects that the company's ingredients are all-natural and barely processed. In their words: \"With our love for the outdoors and active lifestyles, our whole grain foods fuel our energy. When hiking we were thinking of names and thought 'hungry as a bear.' Thus \"Bear Naked\" was coined. Plus, it is very catchy.\"",
  "category": [
    "Grocery & Gourmet Food",
    "Breakfast Cereal",
    "Granola"
  ],
  "alt_images": [
    "https://m.media-amazon.com/images/I/41Dkcy2EMZL.jpg",
    "https://m.media-amazon.com/images/I/51jXwCJqjRL.jpg",
    "https://m.media-amazon.com/images/I/41bmyNncesL.jpg",
    "https://m.media-amazon.com/images/I/51lO8iqpumL.jpg",
    "https://m.media-amazon.com/images/I/51Uw93WdRhL.jpg",
    "https://m.media-amazon.com/images/I/51miTgmCLZL.jpg",
    "https://m.media-amazon.com/images/I/51YonyOSKkL.jpg"
  ],
  "product_detail": {
    "Is Discontinued By Manufacturer": "No",
    "Package Dimensions": "15.35 x 10.94 x 3.7 inches; 0.69 ounces",
    "Item model number": "85641600017",
    "UPC": "030684950117",
    "Manufacturer": "Bear Naked",
    "ASIN": "B000CRIUNU",
    "Units": "72.0 Ounce",
    "Best Sellers Rank": "#10,164 in Grocery & Gourmet Food (See Top 100 in Grocery & Gourmet Food) #53 in Granola",
    "#53 in Granola": "",
    "Customer Reviews": "4.6 4.6 out of 5 stars 962 ratings"
  },
  "important_information": {
    "Safety Information": "Packaged in a facility that processes wheat, nuts, soy, and dairy. This product is labelled to United States standards and may differ from similar products sold elsewhere in its ingredients, labeling and allergen warningsPackaged in a facility that processes wheat, nuts, soy, and dairy. This product is labelled to United States standards and may differ from similar products sold elsewhere in its ingredients, labeling and allergen warnings",
    "Ingredients": "INGREDIENTS: Whole grain oats, honey, expeller pressed canola oil, banana chips (bananas, coconut oil, sugar), coconut, oat bran, almonds, walnuts, maple syrup, brown rice, banana puree, ground flax seeds, natural flavors.INGREDIENTS: Whole grain oats, honey, expeller pressed canola oil, banana chips (bananas, coconut oil, sugar), coconut, oat bran, almonds, walnuts, maple syrup, brown rice, banana puree, ground flax seeds, natural flavors.",
    "Directions": "Bear Naked Cereal is ready to eat out of the packageBear Naked Cereal is ready to eat out of the package",
    "Legal Disclaimer": "Statements regarding dietary supplements have not been evaluated by the FDA and are not intended to diagnose, treat, cure, or prevent any disease or health condition.Statements regarding dietary supplements have not been evaluated by the FDA and are not intended to diagnose, treat, cure, or prevent any disease or health condition."
  },
  "rating": {
    "score": "4.6 out of 5",
    "dist": {
      "5 star": "78%",
      "4 star": "12%",
      "3 star": "4%",
      "2 star": "2%",
      "1 star": "4%"
    }
  },
  "top_comments": [
    {
      "date": "September 8, 2025",
      "title": "Sooo good",
      "score": "5.0 out of 5 stars",
      "text": "So yummy I love the nuts and bananas in this mix",
      "helpfulness": "0"
    },
    {
      "date": "August 9, 2025",
      "title": "Yummy",
      "score": "5.0 out of 5 stars",
      "text": "This is really good.",
      "helpfulness": "0"
    },
    {
      "date": "June 2, 2025",
      "title": "Yummy !",
      "score": "5.0 out of 5 stars",
      "text": "Yummy! Great for a snack or for yogurt and fruit breakfast!",
      "helpfulness": "0"
    },
    {
      "date": "May 28, 2025",
      "title": "Great Taste",
      "score": "5.0 out of 5 stars",
      "text": "I have to say this is my favorite of all flavors it’s fresh every time and it’s good for me and I will consistently buy this",
      "helpfulness": "0"
    },
    {
      "date": "May 8, 2025",
      "title": "Good flavor and texture",
      "score": "4.0 out of 5 stars",
      "text": "Good crunch..good flavor",
      "helpfulness": "0"
    },
    {
      "date": "April 15, 2024",
      "title": "Yum!",
      "score": "5.0 out of 5 stars",
      "text": "I dont usually like banana flavored things, but this was really good.  There are dried banana chips and is so yummy!",
      "helpfulness": "One"
    },
    {
      "date": "March 22, 2006",
      "title": "Good enough to start eating breakfast again!",
      "score": "5.0 out of 5 stars",
      "text": "This stuff is awesome. A great-tasting mix of all-natural granola, WHOLE almonds & walnuts, and banana chips that make breakfast the best meal of my day! I'm not a huge banana fan, but the flavor here is perfect: the bananas don't overpower the nuts and vice-versa. What I like the most is that every mouthful is a little different, depending on the mix of banana, granola, and nuts you happen to get. Great with milk or as a snack. Even though the bag looks small in comparison with the boxes of cereal on the grocer's shelf, you get nearly the same amount of stuff, and the quality is 1000% better than any other granola on the market (just compare the list of ingredients and you'll see what I'm talking about.) Highly recommended, also try the Apple Cinnamon and Fruit & Nut varieties.",
      "helpfulness": "8"
    },
    {
      "date": "March 18, 2022",
      "title": "Super tasty granola, worth the money",
      "score": "5.0 out of 5 stars",
      "text": "This stuff is amazing. I've had the banana one, the berry one, and the ingredients just taste fresh. I love throwing some in my yogurt. I'm not picky when it comes to granola, but this brand really stands out as one of the best out there.",
      "helpfulness": "0"
    }
  ]
}