{
  "product_title": "Butterfinger, Bulk 36 Pack, Chocolatey, Peanut-Buttery, Full Size Individually Wrapped Candy Bars, 1.9 oz Each",
  "byline_info": "Visit the Butterfinger Store",
  "product_description": "It's time to get your treat on with Butterfinger Full Size candy bars. These perfectly full sized, peanut-buttery, chocolatey bars are big on taste. Packed with the crispety, crunchety, peanut-buttery taste everyone knows and loves, these individually wrapped candy treats are easy to snack on and enjoy. Take these delicious peanut-buttery, chocolatey bars anywhere and share with anyone. They're great for home or the office, parties, get-togethers or a dessert sweet treat. Butterfinger is made with no artificial flavors or colors and is gluten-free. Butterfinger Full Size candy bars are an irresistible treat you love to share.",
  "category": [
    "Grocery & Gourmet Food",
    "Snacks & Sweets",
    "Chocolate Candy",
    "Candy & Chocolate Bars"
  ],
  "alt_images": [
    "https://m.media-amazon.com/images/I/412PuT4LAuL.jpg",
    "https://m.media-amazon.com/images/I/51DOgoIpgcL.jpg",
    "https://m.media-amazon.com/images/I/51SLr4eT8tL.jpg",
    "https://m.media-amazon.com/images/I/516no1CSXQL.jpg",
    "https://m.media-amazon.com/images/I/51YwbOwC05L.jpg",
    "https://m.media-amazon.com/images/I/51qFmwlwqTL.jpg",
    "https://m.media-amazon.com/images/I/91HPilDpAGL.jpg"
  ],
  "product_detail": {
    "Is Discontinued By Manufacturer": "No",
    "Product Dimensions": "3.75 x 8.75 x 7 inches; 4.53 Pounds",
    "Item model number": "99900531059",
    "UPC": "099900820207",
    "Manufacturer": "Ferrero USA",
    "ASIN": "B00I6CRO6M",
    "Units": "68.4 Ounce",
    "Best Sellers Rank": "#6,151 in Grocery & Gourmet Food (See Top 100 in Grocery & Gourmet Food) #58 in Candy & Chocolate Bars",
    "#58 in Candy & Chocolate Bars": "",
    "Customer Reviews": "4.5 4.5 out of 5 stars 2,895 ratings"
  },
  "important_information": {
    "Safety Information": "This product is labelled to United States standards and may differ from similar products sold elsewhere in its ingredients, labeling and allergen warningsThis product is labelled to United States standards and may differ from similar products sold elsewhere in its ingredients, labeling and allergen warnings",
    "Ingredients": "Sugar, Corn Syrup, Ground Roasted Peanuts, Partially Hydrogenated Palm Kernel Oil, Cocoa, Molasses, Confectioner's Corn Flakes, Whey (From Milk), Nonfat Milk, Salt, Monoglycerides, Soy Lecithin, Cornstarch, Artificial Flavors, Yellow 5, Tbhq and Citric Acid (Added to Preserve Freshness), Red 40. (COLOR).CITRIC ACID.SALT. WHITE MINERAL OIL,RED 40,YELLOW 6. YELLOW 5.SODIUM CITRATE.BLUE 1. SUNFLOWER LECITHIN,PECTIN,RED 3.Sugar, Corn Syrup, Ground Roasted Peanuts, Partially Hydrogenated Palm Kernel Oil, Cocoa, Molasses, Confectioner's Corn Flakes, Whey (From Milk), Nonfat Milk, Salt, Monoglycerides, Soy Lecithin, Cornstarch, Artificial Flavors, Yellow 5, Tbhq and Citric Acid (Added to Preserve Freshness), Red 40. (COLOR).CITRIC ACID.SALT. WHITE MINERAL OIL,RED 40,YELLOW 6. YELLOW 5.SODIUM CITRATE.BLUE 1. SUNFLOWER LECITHIN,PECTIN,RED 3.",
    "Legal Disclaimer": "Statements regarding dietary supplements have not been evaluated by the FDA and are not intended to diagnose, treat, cure, or prevent any disease or health condition.Statements regarding dietary supplements have not been evaluated by the FDA and are not intended to diagnose, treat, cure, or prevent any disease or health condition."
  },
  "rating": {
    "score": "4.5 out of 5",
    "dist": {
      "5 star": "79%",
      "4 star": "9%",
      "3 star": "4%",
      "2 star": "2%",
      "1 star": "6%"
    }
  },
  "top_comments": [
    {
      "date": "August 3, 2025",
      "title": "Awesome stuff but be warned its addictive. Order in the winter for best results....",
      "score": "5.0 out of 5 stars",
      "text": "My cartologist would scowl me if he knew.... 63 yrs old not supposed to have chocolate but this stuff is my kryptonite. I buy out of fending machines for $1 so I decided to save some money the problem is I have found out how good this goes with Bluebell homemade vanilla and a cup of coffee... I forgot to submit but I just had 2 more 36 count delivered and I told the UPS driver it was hot opened the hot box to find melted bars opened one chocolate stayed with wrapper? Put them in fridge will see?",
      "helpfulness": "2"
    },
    {
      "date": "May 3, 2017",
      "title": "Full disclosure - Butterfinger has been my favorite candy bar for over 60 years",
      "score": "5.0 out of 5 stars",
      "text": "Full disclosure - Butterfinger has been my favorite candy bar for over 60 years. This order arrived in excellent condition - fresh, no breakage.There is one danger here though. If you buy the occasional candy bar at the grocery store or an event you're attending, you only eat one that day. If you have a box of them in the room next to your office . . . well . . . the box might not last 36 days - or even 24.Let the eater beware.Don't buy a case of these too often or . . .Update Nov 2017Bought another box. Arrived quickly, very little breakage - no more than buying from a store. Fresh and yummy.Update Feb 2018Yeah I bought another box. Hard to resist. Again, came quickly in good condition. Highly recommended vendor.Update Oct 2020Well. I took MDB's advice (in the comment) and tried the \"New Butterfinger\" and he's right. The current version isn't as good. Much less peanut butter flavor and less chocolaty ( is that a word?). Sigh. Another proof that \"New and Improved\" actually means cost cutting supported by marketing (there's a fine line between marketing and fraud). I guess I'll have to check out Clark Bar and see if it's still as good as in the past.",
      "helpfulness": "33"
    },
    {
      "date": "June 23, 2025",
      "title": "Good Quality Product!",
      "score": "5.0 out of 5 stars",
      "text": "Product was fresh, unmelted, and arrived in time for Father's Day.  Good value for the amount of full sized candy bars received.  As always, you can't go wrong with the taste of Butterfingers, especially when they are someone's favorite candy.",
      "helpfulness": "One"
    },
    {
      "date": "July 3, 2025",
      "title": "Impressed",
      "score": "5.0 out of 5 stars",
      "text": "I have been ordering butterfingers from this company for about a year and I receive the shipment in a timely manner and the product always arrives fresh intact.  The reason I have been prompted to write a review is with the temperatures so high this time of year, you would think I would be crazy to order chocolate, but this company takes extra measures to make sure the product continues to arrive fresh and intact.  The candy bars are not melted and i am impressed.  Thank you so much!",
      "helpfulness": "0"
    },
    {
      "date": "August 22, 2024",
      "title": "Very good taste",
      "score": "4.0 out of 5 stars",
      "text": "Some of the bars were fresh some were hard.",
      "helpfulness": "0"
    },
    {
      "date": "May 27, 2025",
      "title": "Good price for this addictive candy",
      "score": "5.0 out of 5 stars",
      "text": "Good price for a great addictive candy bar.",
      "helpfulness": "2"
    },
    {
      "date": "May 30, 2025",
      "title": "Butterfingers is one of the best chocolates",
      "score": "5.0 out of 5 stars",
      "text": "One of the best candy bars in the world",
      "helpfulness": "One"
    },
    {
      "date": "November 23, 2024",
      "title": "The original candy bar",
      "score": "5.0 out of 5 stars",
      "text": "Candy is fresh with a use by date of March 25, 2025.  I would have liked to had a box with a much more extended use by date but this is what you get when you order online.  These candy bars are fresh for now and that is what is important.  They were very well packed for shipping and arrived perfect.",
      "helpfulness": "0"
    }
  ]
}