{
  "product_title": "HARIBO Gummi Candy, Z!NG Sour S’ghetti, Sour Gummy Candy, 5 Ounce Bag (Pack of 12) Delicious Soft & Chewy Snacks, Assorted Fruity Flavors",
  "byline_info": "Visit the Haribo Store",
  "product_description": "Product Description   HARIBO Gummi Candy, Z!NG S’ghetti Sweet & Sour Gummy Candy Indulge in the zesty, fun and mouth-watering experience of HARIBO Z!NG Sour S’ghetti Gummi Candy! Each strand of this delicious gummy combines the perfect balance of sweet and sour flavors, offering a burst of Strawberry, Blueberry and Green Apple with every bite. These extra-sour, sugar-coated strands are soft and chewy, making them a hit for kids and adults. Add a fruity zing to your party treats, or simply satisfy your sweet tooth with HARIBO Z!NG Sour S’ghetti. With only 110 calories per serving, you can enjoy guilt-free indulgence. Suitable for sharing, decorating desserts, or as a topping that adds flavor and fun. Packaged in a convenient 5 oz bag (Pack of 12), this assortment of fruity flavors is suitable for parties, gatherings, or simply enjoying whenever you crave a taste of the happy world of HARIBO. Dive into a flavorful adventure that’s sure to make your taste buds tingle with joy! From a small sweets company to a global market leader, the HARIBO brand started as a humble home kitchen. Over the past 100 years we have grown to a successful family business. Kids and grown-ups love it so, the happy world of HARIBO!   About the Brand   Haribo, founded in 1920 in Bonn, Germany by Hans Riegel, is one of the most prominent manufacturers of sweets (namely fruit gums, licorice, and foam) in the world. The company name is an acronym for \"Hans Riegel, Bonn\" and stands as a reminder of Haribo's continuing loyalty to early traditions. After Hans Riegel died during World War II, his son, also named Hans Riegel, took over the factory and expanded its operations, taking over many local confectionery manufacturers in countries all over the world. Currently, Haribo operates five factories in Germany and 13 throughout the rest of Europe. The company also has sales offices in almost every country in Europe as well as in the Unites States. Haribo's German catch phrase is \"Haribo macht kinder froh / und Erwachsene ebenso,\" which translates as \"Kids and grown-ups love it so / the happy world of Haribo.\"",
  "category": [
    "Grocery & Gourmet Food",
    "Snacks & Sweets",
    "Candy & Chocolate",
    "Gummy Candy"
  ],
  "alt_images": [
    "https://m.media-amazon.com/images/I/51AGPnQHh-L.jpg",
    "https://m.media-amazon.com/images/I/517HLQoIRSL.jpg"
  ],
  "product_detail": {
    "Is Discontinued By Manufacturer": "No",
    "Product Dimensions": "9.72 x 7.56 x 7.36 inches; 3.75 Pounds",
    "Item model number": "042238358881",
    "UPC": "042238358881",
    "Manufacturer": "Haribo",
    "ASIN": "B000EVT06U",
    "Units": "60.0 Ounce",
    "Best Sellers Rank": "#5,246 in Grocery & Gourmet Food (See Top 100 in Grocery & Gourmet Food) #92 in Gummy Candies",
    "#92 in Gummy Candies": "",
    "Customer Reviews": "4.6 4.6 out of 5 stars 14,678 ratings"
  },
  "important_information": {
    "Safety Information": "This product is labelled to United States standards and may differ from similar products sold elsewhere in its ingredients, labeling and allergen warningsThis product is labelled to United States standards and may differ from similar products sold elsewhere in its ingredients, labeling and allergen warnings",
    "Ingredients": "Sugar, Glucose Syrup (From Wheat or Corn), Corn Starch, Sorbitol, Wheat Flour, Citric Acid, Contains Less Than 2 % of: Malic Acid, Artificial and Natural Flavors, Carnauba Wax, Blue 1, Yellow 5, Red 40. CONTAINS WHEAT; MAY CONTAIN TRACES OF MILK.Sugar, Glucose Syrup (From Wheat or Corn), Corn Starch, Sorbitol, Wheat Flour, Citric Acid, Contains Less Than 2 % of: Malic Acid, Artificial and Natural Flavors, Carnauba Wax, Blue 1, Yellow 5, Red 40. CONTAINS WHEAT; MAY CONTAIN TRACES OF MILK.",
    "Directions": "For safe and enjoyable consumption, we recommend serving 37 pieces (40g) per serving. This product contains wheat and may contain traces of milk. Please be aware of any allergies before consuming.For safe and enjoyable consumption, we recommend serving 37 pieces (40g) per serving. This product contains wheat and may contain traces of milk. Please be aware of any allergies before consuming.",
    "Legal Disclaimer": "Statements regarding dietary supplements have not been evaluated by the FDA and are not intended to diagnose, treat, cure, or prevent any disease or health condition.Statements regarding dietary supplements have not been evaluated by the FDA and are not intended to diagnose, treat, cure, or prevent any disease or health condition."
  },
  "rating": {
    "score": "4.6 out of 5",
    "dist": {
      "5 star": "81%",
      "4 star": "8%",
      "3 star": "4%",
      "2 star": "2%",
      "1 star": "5%"
    }
  },
  "top_comments": [
    {
      "date": "August 16, 2025",
      "title": "Yummy and a nice break from traditional gummy candy",
      "score": "5.0 out of 5 stars",
      "text": "Yummmmmmy but very chewy - more so than regular gummy bears and the like. They aren't hard, per se, but require a bit more jaw strength than other gummy candy. Consider that,  if you gave dental issues.I bought these thinking they might be usable during the clear liquids stage of a procedural prep. When they arrived I saw that they had corn starch as a ingredient, which I was worried about, so it was back to the pineapple gummy bears!I do plan to order these again for a general snack.",
      "helpfulness": "One"
    },
    {
      "date": "May 18, 2025",
      "title": "Yummy",
      "score": "5.0 out of 5 stars",
      "text": "Hairbu gummy candy is a delightful treat that combines the joy of candy with potential hair health benefits. These gummies are formulated with essential nutrients like biotin and zinc, which are known to support hair growth and strength. Users have reported improvements in hair texture and reduced breakage after consistent use. The gummies are not only effective but also come in a variety of flavors, making them a tasty addition to your daily routine. Their convenient form eliminates the need for pills or powders, offering a fun and easy way to support your hair health. Overall, Hairbu gummy candy is a sweet and beneficial choice for those looking to enhance their hair care regimen.",
      "helpfulness": "One"
    },
    {
      "date": "June 20, 2025",
      "title": "Great Value!!",
      "score": "5.0 out of 5 stars",
      "text": "I absolutely love the HARIBO Goldbears, and this 12-pack of 5 oz bags is such a great deal! The assorted flavors are delicious and perfectly chewy—just like I remember from the grocery store. What really stands out is the price; it’s so much better than what you’d pay at the grocery store, making it easy to stock up without breaking the bank. Perfect for sharing, snacking, or adding a sweet touch to any occasion. Highly recommend!",
      "helpfulness": "0"
    },
    {
      "date": "June 20, 2023",
      "title": "Juicy...",
      "score": "5.0 out of 5 stars",
      "text": "The HARIBO Gummi Candy, Watermelon, is my ultimate guilty pleasure! These gummy bears are so incredibly delicious that I gladly accept the potential dentist bill that may come along with them. They are absolutely worth it!Every time I indulge in these gummy bears, I am instantly transported to a world of fruity, watermelon-flavored bliss. The taste is incredibly satisfying, and the texture is just perfect. The chewiness and juiciness of each gummy bear make every bite a delightful experience.This pack of 12 bags is a great buy for my family. We all love these gummy bears, and they disappear in no time! The individual 4.1 oz. bags are convenient for on-the-go snacking or for portion control. They are also perfect for sharing with friends or keeping a stash at work.The HARIBO brand has always been a favorite in our household. Their gummy candies are known for their high quality and irresistible flavors, and these watermelon gummy bears are no exception. The attention to detail in capturing the authentic watermelon taste is impressive.I appreciate that these gummy bears are made with care and attention to flavor. Each bite bursts with the refreshing and sweet taste of watermelon. It's like enjoying a juicy slice of watermelon in a convenient and portable form.Overall, the HARIBO Gummi Candy, Watermelon, is a fantastic buy. If you're a fan of gummy candies and love the flavor of watermelon, this is a must-try. They are my guilty pleasure, and I can confidently say that they are worth every dentist bill. Treat yourself and your family to these delectable gummy bears, and you won't be disappointed.",
      "helpfulness": "6"
    },
    {
      "date": "June 29, 2025",
      "title": "Love lemon and ginger? You will LOVE these",
      "score": "5.0 out of 5 stars",
      "text": "YUM! These are hard to find. So glad I can buy them on Amazon. They are chewy and a wee bit tart. the lemon flavor is legit. tastes like real lemons. The ginger is a lovely touch, not too strong. You can taste it, though, and then the little bit of spice from the ginger kicks in. LOVE this Haribo gummy flavor!",
      "helpfulness": "2"
    },
    {
      "date": "April 16, 2024",
      "title": "Love the cola & cherry 🍒, not the \"Twin Snakes\".",
      "score": "4.0 out of 5 stars",
      "text": "Love everything BUT the \"Twin Snakes\" 🐍.Snakes 🐍 are too squishy and sour for my taste.LOVE ❤️ the cola and cherries 🍒 😋Bags seem very random. Sometimes mostly snakes 🐍... other times just a few.Could definitely do without the sour \"Twin Snakes\" 🐍 🪱 but it is a \"Starmix\" so \"it is what it is\".Great for Snacking.Always fresh. Great value for the money.",
      "helpfulness": "0"
    },
    {
      "date": "July 1, 2025",
      "title": "The best gummy frogs",
      "score": "5.0 out of 5 stars",
      "text": "My consistent and regular re-order favorite. Love the taste and have fun getting friends addicted to them too!",
      "helpfulness": "2"
    },
    {
      "date": "June 28, 2025",
      "title": "Yummy fun to eat",
      "score": "5.0 out of 5 stars",
      "text": "Delicious and on time",
      "helpfulness": "0"
    }
  ]
}