{
  "product_title": "Celestial Seasonings Herbal Tea, Tea Sampler, 18 Count (Pack of 6)",
  "byline_info": "Visit the Celestial Seasonings Store",
  "product_description": "Sleepytime, Wild Berry Zinger, Chamomile, Peppermint, Lemon Zinger. Naturally caffeine free. Herb teas are made with a variety of fruits, herbs and spices. Blending the flavors of these all-natural ingredients results in a kaleidoscope of distinctive flavors, colors and aromas. Herb teas are naturally caffeine free and are a perfect fit with today's active, health-conscious lifestyles. The Celestial Seasonings Herb Tea Sampler offers a convenient, delicious assortment of our most popular herb teas: Sleepytime, a favorite way to enjoy a cozy evening; Lemon Zing, a lively herb for lemon lovers; Wild Berry Zinger, bursting with the natural flavor of blackberries, strawberries, blueberries, raspberries, cranberries and cherries; Chamomile, a soothing antidote for life's complications; and Peppermint, a whistling cool taste of pure mint goodness. These products contain all-natural herbs and flavors and no artificial colors, or preservatives. Gluten free. Packaging may vary.",
  "category": [
    "Grocery & Gourmet Food",
    "Beverages",
    "Tea",
    "Fruit & Herbal Tea",
    "Herbal"
  ],
  "alt_images": [
    "https://m.media-amazon.com/images/I/51b0PFOeGiL.jpg",
    "https://m.media-amazon.com/images/I/41Wf-MAUWPL.jpg",
    "https://m.media-amazon.com/images/I/51suzQ1xegL.jpg"
  ],
  "product_detail": {
    "Is Discontinued By Manufacturer": "No",
    "Product Dimensions": "3 x 5 x 3 inches; 0.01 ounces",
    "Item model number": "48873",
    "Manufacturer": "Celestial Seasonings",
    "ASIN": "B000E682D2",
    "Units": "108 Count",
    "Best Sellers Rank": "#6,777 in Grocery & Gourmet Food (See Top 100 in Grocery & Gourmet Food) #513 in Herbal Tea",
    "#513 in Herbal Tea": "",
    "Customer Reviews": "4.8 4.8 out of 5 stars 11,273 ratings"
  },
  "important_information": {
    "Safety Information": "This product is labelled to United States standards and may differ from similar products sold elsewhere in its ingredients, labeling and allergen warningsThis product is labelled to United States standards and may differ from similar products sold elsewhere in its ingredients, labeling and allergen warnings",
    "Ingredients": "Chamomile: Chamomile Lemon Zinger: Hibiscus, Rosehips, Roasted Chicory, Orange Peel, West Indian Lemongrass, Lemon Peel and Whole Dried Lemons, Natural Lemon Flavor With Other Natural Flavors (Contains Soy Lecithin) and Citric Acid Wild Berry Zinger: Hibiscus, Rosehips, Roasted Chicory, Orange Peel, Blackberry Leaves, Natural Flavors of: Black Raspberries, Strawberries, Blueberries, Red Raspberries, Cranberries and Cherries, Citric Acid and Natural Flavors (Contains Soy Lecithin) Peppermint: Peppermint Sleepytime: Chamomile, Spearmint, West Indian Lemongrass, Tilia Flowers, Blackberry Leaves, Orange Blossoms, Hawthorn Berries and Rosebuds.Chamomile: Chamomile Lemon Zinger: Hibiscus, Rosehips, Roasted Chicory, Orange Peel, West Indian Lemongrass, Lemon Peel and Whole Dried Lemons, Natural Lemon Flavor With Other Natural Flavors (Contains Soy Lecithin) and Citric Acid Wild Berry Zinger: Hibiscus, Rosehips, Roasted Chicory, Orange Peel, Blackberry Leaves, Natural Flavors of: Black Raspberries, Strawberries, Blueberries, Red Raspberries, Cranberries and Cherries, Citric Acid and Natural Flavors (Contains Soy Lecithin) Peppermint: Peppermint Sleepytime: Chamomile, Spearmint, West Indian Lemongrass, Tilia Flowers, Blackberry Leaves, Orange Blossoms, Hawthorn Berries and Rosebuds.",
    "Directions": "Hot Tea by the Cup: Pour boiling water over one tea bag in a cup. Steep 4 to 6 minutes. Remove tea bag. Sweeten if desired. Iced Tea by the Pitcher: Pour 2 cups boiling water over 4 tea bags in a heat-resistant container. Steep 4 to 6 minutes. Remove tea bags. If desired, add sweetener while tea is hot. Add 2 cups cold water and chill.Hot Tea by the Cup: Pour boiling water over one tea bag in a cup. Steep 4 to 6 minutes. Remove tea bag. Sweeten if desired. Iced Tea by the Pitcher: Pour 2 cups boiling water over 4 tea bags in a heat-resistant container. Steep 4 to 6 minutes. Remove tea bags. If desired, add sweetener while tea is hot. Add 2 cups cold water and chill.",
    "Legal Disclaimer": "Statements regarding dietary supplements have not been evaluated by the FDA and are not intended to diagnose, treat, cure, or prevent any disease or health condition.Statements regarding dietary supplements have not been evaluated by the FDA and are not intended to diagnose, treat, cure, or prevent any disease or health condition."
  },
  "rating": {
    "score": "4.8 out of 5",
    "dist": {
      "5 star": "85%",
      "4 star": "9%",
      "3 star": "4%",
      "2 star": "1%",
      "1 star": "1%"
    }
  },
  "top_comments": [
    {
      "date": "August 31, 2025",
      "title": "Best tea before bed.",
      "score": "5.0 out of 5 stars",
      "text": "Love this brand specially this line of teas for bedtime. The one with honey is so delicious and it does help me sleep all night without feeling drowsy in the morning.",
      "helpfulness": "0"
    },
    {
      "date": "July 13, 2025",
      "title": "Great tea",
      "score": "5.0 out of 5 stars",
      "text": "Love this tea hot or cold, sweet berry tea no sugar or honey needed, great natural FLAVOR",
      "helpfulness": "0"
    },
    {
      "date": "September 4, 2025",
      "title": "OBSESSIVELY DELICIOUS!!",
      "score": "5.0 out of 5 stars",
      "text": "I've never been a fan of water and have been trying to hydrate more and be healthier, and get bored too quickly with water flavorings and other such gadgets.  I've always enjoyed herbal teas, though I typically dumped sugar, maybe cream depending, to the point that it was less of a tea and more of a dessert, but decided I could try just teas without the extras.  I have plenty of black teas, chai especially, but try to get more caffeine-free options for later in the day or to limit caffeine intake.  I usually go with citrus flavors, like Lemon Zinger and Orange and Spice, but grabbed a pack of this to try.  OMG - I cant stop!  I have gone to ordering them in bulk and telling everyone I know to try them.  The smell alone is like lighting an apple cider candle, and this stuff has more flavor and sweetness than any tea I've ever encountered on its own (and I've tried A LOT of tea throughout the decades).  The cinnamon reminds me of Red Hots (if anybody is old enough to even know what those were), and leaves the same aftertaste on the tongue.  I hope I don't get tired of it by drinking it too much, as this tea has been the best solution to my hydration issues that I've found.",
      "helpfulness": "0"
    },
    {
      "date": "July 29, 2025",
      "title": "A definite favorite tea!!",
      "score": "5.0 out of 5 stars",
      "text": "I am a huge fan of anything blueberry. I also like very strong tea. This is a double win. It is strong and great blueberry flavor. The tea doesn't interfere with my sleep as it has no caffeine. It is not a variety pack...just all the blueberry  tea you love!",
      "helpfulness": "0"
    },
    {
      "date": "July 13, 2025",
      "title": "Delicious and makes a great tea",
      "score": "5.0 out of 5 stars",
      "text": "Black Cherry tea is hard to find in the grocery store, so was glad to find it on line.  If you like a fruit flavored herbal tea, this is a very nice choice.  Other herbals teas are nice, but this is the best flavor. I recommend these",
      "helpfulness": "One"
    },
    {
      "date": "October 20, 2024",
      "title": "Tasty calming tea",
      "score": "4.0 out of 5 stars",
      "text": "Classic tea, cheaper than my grocery store. I don't like that they now ship without the plastic outer because who knows what else the box has touched going through processing in the warehouse. I don't think that slim film of cellophane was really what is filling our landfills. I appreciate the sentiment though. Also, my box arrived slightly crushed. I think if it had the cellophane outer it wouldn't have crushed so easily. Now I look at a dented box that has been touched by who knows who, and it makes me less happy to drink the tea inside.A tasty calming tea though. Helps with my anxiety, day and night.",
      "helpfulness": "One"
    },
    {
      "date": "July 24, 2025",
      "title": "Very tasting and improved my sleep a lot.",
      "score": "5.0 out of 5 stars",
      "text": "I love this tea. It tastes very good. I put it in my water bottle and cold brew it.It helps me sleep very soundly. I had trouble getting to sleep at night, messing up my schedules. But with this I sleep deeply, usually with dreams. My health has improved at lot with better quality sleep. I will keep using this yea in the evening.",
      "helpfulness": "2"
    },
    {
      "date": "May 29, 2025",
      "title": "Good substitute!",
      "score": "5.0 out of 5 stars",
      "text": "This is my second time reviewing this tea so good 5 stars! However I used this tea differently, my husband and I were baking a dish that required cinnamon spice,  but we didn’t have any in the house, so I decided to make some cinnamon tea and use it instead of cinnamon seasoning and to our surprise it worked! The cinnamon flavor came through nicely ! I never knew you could substitute like this! Hopefully next time we will have the spice, but if not no worries we keep the tea on hand!",
      "helpfulness": "0"
    }
  ]
}