{
  "product_title": "Ortiz Anchovies in Extra Virgin Olive Oil, Firm Buttery Fillets with a Rich Umami Taste, Wild Caught in Spain, Great for Pizza, Pasta and Caeser Salad, 3.3oz Glass Jar (Pack of 1)",
  "byline_info": "Brand: Ortiz",
  "product_description": "Etto Pasta: 100% Organic Semolina & Purified Water",
  "category": [
    "Grocery & Gourmet Food",
    "Pantry Staples",
    "Canned, Jarred & Packaged Foods",
    "Meat, Poultry & Seafood",
    "Seafood",
    "Anchovies"
  ],
  "alt_images": [
    "https://m.media-amazon.com/images/I/41ZstiRToXL.jpg",
    "https://m.media-amazon.com/images/I/41Tb9RzK3IL.jpg",
    "https://m.media-amazon.com/images/I/41SbPtVa5fL.jpg",
    "https://m.media-amazon.com/images/I/51iMWNSkm0L.jpg",
    "https://m.media-amazon.com/images/I/51KqyQktqoL.jpg",
    "https://m.media-amazon.com/images/I/41qdXQBi7jL.jpg"
  ],
  "product_detail": {
    "Is Discontinued By Manufacturer": "No",
    "Product Dimensions": "3.94 x 3.54 x 1.57 inches; 3.3 ounces",
    "UPC": "778894092257",
    "Manufacturer": "Ortiz",
    "ASIN": "B000BTHHF6",
    "Units": "3.35 Ounce",
    "Best Sellers Rank": "#27,483 in Grocery & Gourmet Food (See Top 100 in Grocery & Gourmet Food) #15 in Packaged Anchovies",
    "#15 in Packaged Anchovies": "",
    "Customer Reviews": "4.2 4.2 out of 5 stars 616 ratings"
  },
  "important_information": {
    "Ingredients": "Olive OilOlive Oil",
    "Legal Disclaimer": "Statements regarding dietary supplements have not been evaluated by the FDA and are not intended to diagnose, treat, cure, or prevent any disease or health condition.Statements regarding dietary supplements have not been evaluated by the FDA and are not intended to diagnose, treat, cure, or prevent any disease or health condition."
  },
  "rating": {
    "score": "4.2 out of 5",
    "dist": {
      "5 star": "68%",
      "4 star": "11%",
      "3 star": "7%",
      "2 star": "3%",
      "1 star": "11%"
    }
  },
  "top_comments": [
    {
      "date": "March 24, 2023",
      "title": "Best Anchovies you can get",
      "score": "5.0 out of 5 stars",
      "text": "I love Anchovies, I eat them as is and don't just cook with them. I've tried all types and brands and these are by far best Anchovies you can get. The flavor is more mild, and less fishy. I happen to like the fishy flavor to be honest I like but these also have the perfect texture, not too mushy but not too firm or waxy like some others I have tried. The salt is also on point and are the least salty I have had. The only downside is the price, these as far as flavor and texture are the best but are also by far the most expensive. I have ordered these several times and unfortunately the last order one of the 3 jars had leaked and are not edible and at $14 a jar is disappointing to say the least especially because you can't return them or get a refund. That being said I will definitely order more of these. Side note, be careful where you buy these from. There are several types from this brand and they all look similar, these are the higher quality anchovies.",
      "helpfulness": "9"
    },
    {
      "date": "September 29, 2024",
      "title": "Delicious",
      "score": "5.0 out of 5 stars",
      "text": "These are the best anchovies I have ever eating !!  They are not real salty. I could eat them right out the jar!  That’s how great they are. On my salads they are great and when u put them on my piazza…….oh so good!  Get some today. U will live then as I do!!!",
      "helpfulness": "One"
    },
    {
      "date": "February 23, 2023",
      "title": "Sweet Spot",
      "score": "5.0 out of 5 stars",
      "text": "If you are eating anchovies on a cracker or something where you’re not chopping them up and cooking them down with a bunch of other ingredients, these are the ones to get. Nice meaty fillets, not too salty, great savory flavor.  Texture is perfect, not mushy, not too many bones. Pricey, but if they’re going to be the star of the dish then they are worth every penny.",
      "helpfulness": "5"
    },
    {
      "date": "July 22, 2025",
      "title": "Premium Price, Questionable Product",
      "score": "1.0 out of 5 stars",
      "text": "I was really disappointed with this jar of Ortiz anchovies. For $16, I expected high-quality fillets, but what I received was a jar full of mush. The anchovies were completely broken down, and the jar was covered in oil when it arrived.The smell wasn’t right either — not like fresh olive oil, but more like old fryer grease. The lid didn’t make a popping sound when opened, and while I’m not sure if that’s standard for this jar type, the combination of the off smell, exterior oiliness, and mushy texture made me worry the seal had failed and the contents were spoiled.",
      "helpfulness": "One"
    },
    {
      "date": "June 18, 2025",
      "title": "Ortiz Anchovies",
      "score": "4.0 out of 5 stars",
      "text": "Good.",
      "helpfulness": "0"
    },
    {
      "date": "June 23, 2025",
      "title": "Just the right saltiness",
      "score": "5.0 out of 5 stars",
      "text": "Nice large fish. The saltiness we love in anchovies, with a nice savory flavor. I think it's called \"Umami\".I'll be buying more!",
      "helpfulness": "One"
    },
    {
      "date": "December 21, 2023",
      "title": "Perfect umami flavor, good texture",
      "score": "5.0 out of 5 stars",
      "text": "I love putting these in my Dirty Martinis (don't knock it until you try it). I tried several different brands and these were my favorite.They have a perfect umami flavor without being too salty or bitter. The texture is also very good. I tried other brands where the fillets were mushy and wouldn't stay intact. These are tender without being mushy.The only thing I would change is maybe how they're packed, it can be a little difficult pulling out an entire fillet once refrigerated because the olive oil solidifies.They've gone up in price by several dollars since I started buying them 6 months ago, but I'll continue buying them, they're my favorite.",
      "helpfulness": "2"
    },
    {
      "date": "July 21, 2025",
      "title": "Anchovies with no fork included 🤷🏻‍♂️",
      "score": "3.0 out of 5 stars",
      "text": "Item is great, they have always came with  mini fork included, these did not, would like to know why as the fork was very handy for getting anchovies out of the jar. Not pleased at all. .",
      "helpfulness": "0"
    }
  ]
}