{
  "product_title": "S&B Prepared Wasabi in Tube, 1.52 Ounce",
  "byline_info": "Brand: S&B",
  "product_description": "Nanami Togarashi (assorted chili pepper) is a Japanese traditional seasoning with a blend of 7 spices including red chili pepper as a main ingredient. S&B Assorted Chili Pepper features the rich aroma and color of a balanced blend of red chili pepper, orange peel, black sesame, white sesame, Japanese pepper, ginger and seaweed.Use as a relish for noodles such as Udon, Soba, or beef, chicken, pork and fish dishes in place of pepper or mustard, or as a topping for sushi rolls._Chili Pepper, Orange Peel, Black Sesame Seed, White Sesame Seed, Japanese Pepper, Ginger, Seaweed_*%Daily Values (DV) are based on a 2,000 calorie diet._Chili Pepper, Orange Peel, Black Sesame Seed, White Sesame Seed, Japanese Pepper, Ginger, Seaweed_*%Daily Values (DV) are based on a 2,000 calorie diet._Chili Pepper, Orange Peel, Black Sesame Seed, White Sesame Seed, Japanese Pepper, Ginger, Seaweed_*%Daily Values (DV) are based on a 2,000 calorie diet._Chili Pepper, Orange Peel, Black Sesame Seed, White Sesame Seed, Japanese Pepper, Ginger, Seaweed_*%Daily Values (DV) are based on a 2,000 calorie diet._Nanami Togarashi (assorted chili pepper) is a Japanese traditional seasoning with a blend of 7 spices including red chili pepper as a main ingredient. S&B Assorted Chili Pepper features the rich aroma and color of a balanced blend of red chili pepper, orange peel, black sesame, white sesame, Japanese pepper, ginger and seaweed.Use as a relish for noodles such as Udon, Soba, or beef, chicken, pork and fish dishes in place of pepper or mustard, or as a topping for sushi rolls._JAN/UPC Code0 74880 02040 3 Ingredients Chili Pepper, Orange Peel, Black Sesame Seed, White Sesame Seed, Japanese Pepper, Ginger, Seaweed Nutrition Factsopen Nutrition Facts Amount/Serving (1/4tsp (0.5g)) %DV* Energy 0kcal - Fat 0g 0% - Saturated Fat - - - Trans Fat - - Cholesterol - - Sodium 0mg 0% Total Carbohydrate 0g 0% - Dietary Fiber - - - Sugars 0g - Protein 0g - Vitamin A - - Vitamin C - - Calcium - - Iron - - *%Daily Values (DV) are based on a 2,000 calorie diet._JAN/UPC Code0 74880 02040 3 Ingredients Chili Pepper, Orange Peel, Black Sesame Seed, White Sesame Seed, Japanese Pepper, Ginger, Seaweed Nutrition Factsopen Nutrition Facts Amount/Serving (1/4tsp (0.5g)) %DV* Energy 0kcal - Fat 0g 0% - Saturated Fat - - - Trans Fat - - Cholesterol - - Sodium 0mg 0% Total Carbohydrate 0g 0% - Dietary Fiber - - - Sugars 0g - Protein 0g - Vitamin A - - Vitamin C - - Calcium - - Iron - - *%Daily Values (DV) are based on a 2,000 calorie diet._JAN/UPC Code0 74880 02040 3 Ingredients Chili Pepper, Orange Peel, Black Sesame Seed, White Sesame Seed, Japanese Pepper, Ginger, Seaweed Nutrition Factsopen Nutrition Facts Amount/Serving (1/4tsp (0.5g)) %DV* Energy 0kcal - Fat 0g 0% - Saturated Fat - - - Trans Fat - - Cholesterol - - Sodium 0mg 0% Total Carbohydrate 0g 0% - Dietary Fiber - - - Sugars 0g - Protein 0g - Vitamin A - - Vitamin C - - Calcium - - Iron - - *%Daily Values (DV) are based on a 2,000 calorie diet._JAN/UPC Code0 74880 02040 3 Ingredients Chili Pepper, Orange Peel, Black Sesame Seed, White Sesame Seed, Japanese Pepper, Ginger, Seaweed Nutrition Factsopen Nutrition Facts Amount/Serving (1/4tsp (0.5g)) %DV* Energy 0kcal - Fat 0g 0% - Saturated Fat - - - Trans Fat - - Cholesterol - - Sodium 0mg 0% Total Carbohydrate 0g 0% - Dietary Fiber - - - Sugars 0g - Protein 0g - Vitamin A - - Vitamin C - - Calcium - - Iron - - *%Daily Values (DV) are based on a 2,000 calorie diet._These cookies are necessary for the website to function and cannot be switched off in our systems. They are usually only set in response to actions made by you which amount to a request for services, such as setting your privacy preferences, logging in or filling in forms. You can set your browser to block or alert you about these cookies, but some parts of the site will not then work. These cookies do not store any personally identifiable information._These cookies allow us to count visits and traffic sources so we can measure and improve the performance of our site. They help us to know which pages are the most and least popular and see how visitors move around the site. All information these cookies collect is aggregated and therefore anonymous. If you do not allow these cookies we will not know when you have visited our site, and will not be able to monitor its performance._These cookies may be set through our site by our advertising partners. They may be used by those companies to build a profile of your interests and show you relevant adverts on other sites. They do not store directly personal information, but are based on uniquely identifying your browser and internet device. If you do not allow these cookies, you will experience less targeted advertising.",
  "category": [
    "Grocery & Gourmet Food",
    "Produce",
    "Fresh Vegetables",
    "Peppers",
    "Chili Peppers"
  ],
  "alt_images": [
    "https://m.media-amazon.com/images/I/41UagDoMFYL.jpg",
    "https://m.media-amazon.com/images/I/41TbK6m5wCL.jpg",
    "https://m.media-amazon.com/images/I/41WHD62+TtL.jpg",
    "https://m.media-amazon.com/images/I/4129ZoiqdbL.jpg"
  ],
  "product_detail": {
    "Is Discontinued By Manufacturer": "No",
    "Product Dimensions": "1.9 x 1.2 x 1.2 inches; 0.53 ounces",
    "UPC": "074880020403",
    "Manufacturer": "S & B",
    "ASIN": "B0002YGSA0",
    "Customer Reviews": "4.6 4.6 out of 5 stars 268 ratings"
  },
  "important_information": {
    "Legal Disclaimer": "Statements regarding dietary supplements have not been evaluated by the FDA and are not intended to diagnose, treat, cure, or prevent any disease or health condition.Statements regarding dietary supplements have not been evaluated by the FDA and are not intended to diagnose, treat, cure, or prevent any disease or health condition."
  },
  "rating": {
    "score": "4.6 out of 5",
    "dist": {
      "5 star": "82%",
      "4 star": "8%",
      "3 star": "4%",
      "2 star": "4%",
      "1 star": "2%"
    }
  },
  "top_comments": [
    {
      "date": "June 24, 2017",
      "title": "I thought that I would try something new....and enjoyed it.",
      "score": "5.0 out of 5 stars",
      "text": "I saw a cooking show where different restaurants were visited ( possibly diners, drive-ins, and dives).  I saw a chef pull this out and include this spice in a dish he was preparing. I didn't recognize the label, so I paused the screen and studied the label. I compared it to different spice labels that ifoind not eh internet and determined that this is what he was using. I think that it is fun to try new spice mixes.  Has a nice chili heat that arrives after the initial consumption. Good for adults, probably too spicy for kids if shaken on food salt and pepper style.  I have not tried to mix into recipes to dilute because it is not inexpensive. Fairly distinct flavor profile. I think that it would be fun on popcorn as well.  I imagine that someone from Japan would recognize and miss the flavors.Bon Apetit.",
      "helpfulness": "4"
    },
    {
      "date": "April 1, 2024",
      "title": "Spicy # 7 is great!!",
      "score": "5.0 out of 5 stars",
      "text": "Spicy #7 is amazing and goes well on so many foods,. especially soup.  Definitely recommend",
      "helpfulness": "0"
    },
    {
      "date": "April 25, 2025",
      "title": "Good product, NOT WASABI",
      "score": "5.0 out of 5 stars",
      "text": "Great product. Nice to find on amazon instead of having to find an asian grocery. Not sure why product title calls it \"wasabi in a tube.\" No wasabi or wasabi like product used in this citrus chili powder.",
      "helpfulness": "0"
    },
    {
      "date": "March 18, 2010",
      "title": "This stuff is addicting!",
      "score": "5.0 out of 5 stars",
      "text": "I love, love, love the Nanami Togarashi seasoning.  Having moved away from a Yoshinoya restaurant, I missed it so much.  I contacted Yoshinoya and asked where I could purchase the seasoning and they directed me to Amazon.  I was so thrilled I ordered three!  This stuff is great on rice, chow mein, chicken, beef, and more.  I liberally sprinkle it on many things I eat.  In fact, I sneak it into restaurants in my purse and sprinkle it on my food.  I know that must sound insane but that's how much I love this product.  The price is right, too.  I could go on forever about it but I won't.  Just try it!",
      "helpfulness": "20"
    },
    {
      "date": "September 17, 2017",
      "title": "This stuff is amazing. I had it at a sushi restaurant and ...",
      "score": "5.0 out of 5 stars",
      "text": "This stuff is amazing. I had it at a sushi restaurant and loved it on rice and squid salad. I tried to find it at my local Asian market to no avail, so I ordered direct from Japan via this listing. These bottles are small, but a little goes a long way with this. You can use this in addition to or in place of a furikake blend. I've also find it goes well on chicken and vegetables. Very versatile and delicious.",
      "helpfulness": "9"
    },
    {
      "date": "July 31, 2021",
      "title": "Don’t waste money on an expensive vasectomy",
      "score": "5.0 out of 5 stars",
      "text": "Purchased this and loved the flavor. Upon review of the container I saw this. Warning: Reproductive HarmMy wife and I have not had a child in over 15 years. I’m not sure if it was the vasectomy or the Nanami Togarashi. Either way it may be worth trying this product before dropping big money on that insurance deductible.",
      "helpfulness": "9"
    },
    {
      "date": "May 10, 2017",
      "title": "It took eons to arrive...but!",
      "score": "4.0 out of 5 stars",
      "text": "It did finally arrive and I forgot about leaving a review.  This quite literally came from Japan.  And here I thought China took forever... Nope!It's an okay spice.  I don't like the overall flavor on its own but then, I am probably not using it as it is truly intended - what that purpose is, I have no clue. I do mix it in with my rubs that I create and it will balance itself within those flavor profiles nicely.",
      "helpfulness": "4"
    },
    {
      "date": "November 21, 2023",
      "title": "Great Togarashi, but  HEB has it for under $3",
      "score": "5.0 out of 5 stars",
      "text": "The spice mis is perfect for using as a sprinkle!However, I found it in HEB for under $3!",
      "helpfulness": "0"
    }
  ]
}