{
  "product_title": "Sensible Foods Organic Crunch Dried Snacks, Sweet Corn, 0.75-Ounce Pouches (Pack of 24)",
  "byline_info": "Brand: Sensible Foods",
  "product_description": "The seed that sprouted into Sensible Foods was planted in Sono ma County, California, by Bob and David, two sensible guys who are committed to healthy living for themselves and their families. Their quest was to create a munchy crunchy snack that was both delicious and nutritious, that everyone would enjoy. The goal was realized when they perfected the unique crunch dried process for fruits and vegetables and the results were extraordinary! It is an intensely flavorful snack that's naturally sweet, crunchy, convenient and so incredibly sensible. Here at Sensible Foods we are pleased to offer delicious and nutritious snacks from our family to yours, a product of the USA.",
  "category": [
    "Grocery & Gourmet Food",
    "Produce",
    "Dried Fruits & Vegetables",
    "Dried Fruits"
  ],
  "alt_images": [
    "https://m.media-amazon.com/images/I/51rusFKtMLL.jpg",
    "https://m.media-amazon.com/images/I/51b8RqgrHHL.jpg",
    "https://m.media-amazon.com/images/I/51hvFoyyH2L.jpg",
    "https://m.media-amazon.com/images/I/41qI5s4swuL.jpg",
    "https://m.media-amazon.com/images/I/51hCWHpP8yL.jpg",
    "https://m.media-amazon.com/images/I/41UyVeEjTWL.jpg"
  ],
  "product_detail": {
    "Package Dimensions": "12.5 x 8.2 x 6.6 inches; 0.75 ounces",
    "Item model number": "C-41-24",
    "UPC": "600760100417",
    "Manufacturer": "Sensible Foods",
    "ASIN": "B000EYPNCW",
    "Units": "18.0 Ounce",
    "Customer Reviews": "4.0 4.0 out of 5 stars 48 ratings"
  },
  "important_information": {
    "Safety Information": "No peanuts are processed in our facility.No peanuts are processed in our facility.",
    "Ingredients": "100% Organic Sweet Corn, Sea Salt, and Nothing Else.100% Organic Sweet Corn, Sea Salt, and Nothing Else.",
    "Legal Disclaimer": "Statements regarding dietary supplements have not been evaluated by the FDA and are not intended to diagnose, treat, cure, or prevent any disease or health condition.Statements regarding dietary supplements have not been evaluated by the FDA and are not intended to diagnose, treat, cure, or prevent any disease or health condition."
  },
  "rating": {
    "score": "4 out of 5",
    "dist": {
      "5 star": "58%",
      "4 star": "12%",
      "3 star": "10%",
      "2 star": "10%",
      "1 star": "10%"
    }
  },
  "top_comments": [
    {
      "date": "January 9, 2014",
      "title": "Tastes like corn-on-the-cob",
      "score": "5.0 out of 5 stars",
      "text": "I originally got this in the Love With Food box, and usually when I look at something that says \"organic\" or \"healthy\", my first thought is \"YUCK!\", but these are far from yucky.  The taste is like if they got the corn straight from the farmer, and immediately grilled it then dried it -- it just TASTES fresh, and not like it's sat around a couple of weeks in a grocery store.  It can be a little too salty at the bottom of the bag, so I shake the bag before opening it, and then I'm not left with a lot of the sea salt.  One little bag is easy to eat at my desk, plus since it can count towards my daily intake of vegies, I'm not eating junk (which I'm not adverse to doing, but it makes feel a bit better that I'm trying to eat healthy).",
      "helpfulness": "0"
    },
    {
      "date": "August 19, 2007",
      "title": "Like all Sensible Fruit Products but not this one!",
      "score": "1.0 out of 5 stars",
      "text": "Felt like I was in the barn eating hay. Too bad I bought a case of 24 of them. So far I have found no one that likes it. I keep try becuase I have quite a few left.",
      "helpfulness": "3"
    },
    {
      "date": "January 13, 2010",
      "title": "blah",
      "score": "2.0 out of 5 stars",
      "text": "very sweet and not too salty, with a somewhat odd, very starchy taste like raw corn. Pretty small portion but as a snack it's relatively low in calories. I think I would have enjoyed these a lot more if the corn  had been toasted to bring out some more complexity in flavor. They're just really plain and uninspiring. Don't think I'd buy them again.",
      "helpfulness": "0"
    },
    {
      "date": "May 28, 2007",
      "title": "just okay",
      "score": "3.0 out of 5 stars",
      "text": "I bought this looking for a healthy snack for my kids, and thought my daughter, who won't eat many veggies might especially benefit, because she does like corn.  This was an interesting flavor and I didn't mind it, but my kids don't like it and won't eat it, and I didn't need a snack food for me.  So for our family, it was a waste of money.",
      "helpfulness": "2"
    },
    {
      "date": "August 16, 2006",
      "title": "Great Stuff, Too Much At Once, Too Much Salt",
      "score": "4.0 out of 5 stars",
      "text": "This is some amazing sweet corn. It's dried but also very light and airy, and it really does taste like sweet corn and is a great snack. Why only 4 stars? One is that they put salt on it for some reason, which really detracts from the overall taste - if they'd leave out the salt and maybe tell to that you can add some to taste (and neither of us would add any, it doesn't need it), they'd have a real winner. The second is that you have to buy a case quantity, and while it's a very tasty snack, it's going to take a long time, and waste a lot of cabinet space, to get through 24 packs of it - especialy with the salt content.",
      "helpfulness": "4"
    },
    {
      "date": "December 17, 2012",
      "title": "This is one of my favorite snacks",
      "score": "5.0 out of 5 stars",
      "text": "I wrote a review on this product a few years ago, but I enjoy it so much that I had to say a few more things about it.  This snack is absolutely delicious.  It is very crunchy, has a delicious nutty flavor,  and contains just the right amount of salt.  As I have mentioned in other reviews,  I follow Weight Watchers and always appreciate a healthy, satisfying snack that is compatible with the program.  I take this snack on vacation, and usually carry a pack or two with me when I have a long, busy day planned.  It is also reasonaby priced.  I prefer the organic variety, rather than  the regular sweet corn crunch dried snack, although both are very tasty.  The organic dried corn tastes sweeter and crunchier to me.  I highly recommend giving this a try.",
      "helpfulness": "0"
    },
    {
      "date": "August 18, 2006",
      "title": "Salt",
      "score": "1.0 out of 5 stars",
      "text": "I can hardly eat this for all of the salt, it leaves you thirsty it's so bad. The ingredients list reads, literally, \"100% organic sweet corn, sea salt, and nothing else\". They need to make it \"100% organic sweet corn and nothing else\", and they'd probably have something really great. As it is I'm stuck with 23 1/2 bags of salty corn that I'll have to give away.",
      "helpfulness": "5"
    },
    {
      "date": "March 24, 2007",
      "title": "Love all there other Sensible Fruit Products but not this one.",
      "score": "2.0 out of 5 stars",
      "text": "I have tried all there fruit products and absolutely love them all.However this Sweet Corn is all but Sweet.  I would say it should be called Salty Corn.I think they would have a Great Product if they did away with the Salt also, or change the Name to Salty Corn.  Cause if this was the first product someone tried from this company-- I dont think they would give the other products a try from there line.  ** MyFavorite is : Cherry Berry and Orchard Blend ...",
      "helpfulness": "One"
    }
  ]
}