{
  "product_title": "Annie Chun's Rice Express Sushi Wraps Sticky White Rice, 8.1-Ounce Package (Pack of 6)",
  "byline_info": "Visit the Annie Chun's Store",
  "product_description": "Product Description   Now you can make great tasting, fresh sushi in minutes. With fun new Sushi Wraps, you can just heat the rice, pat it into the roasted seaweed strips (a.k.a. nori), and get rolling. Add a few leftovers or your favorite fillings - smoked salmon, crisp veggies, string cheese, anything you like - you're the chef. Wrap it your way, enjoy Sushi Wraps as a meal or quick snack at home or work. Just heat and fill with anything that tastes good with rice.   About the Brand   Annie Chun was born and raised in Seoul, Korea, and came to Northern California as a young adult, where her family owned and operated a top-rated Korean restaurant in San Francisco.  Annie began selling her signature Asian sauces at the Marin County Farmers' Market in the early '90s. It wasn't long before her loyal customers began to encourage her to start her own company and package the products for the retail market. So, in 1992, with $500 and a lot of help from friends and family, she founded Annie Chun's Gourmet Foods. Her goal was to deliver healthy, authentic Asian foods to Western consumers, and to make Asian cooking \"as easy to prepare as spaghetti\" for Americans. Many of her products are based on traditional recipes that have been part of her family for generations.  In 1997 Annie moved beyond Asian sauces, introducing the first line of specialty Asian pastas produced in the United States. Her award-winning products are now distributed throughout North America and in some parts of Europe. Annie lives with her husband and two children in Northern California.",
  "category": [
    "Grocery & Gourmet Food",
    "Pantry Staples",
    "Dried Grains & Rice",
    "White"
  ],
  "alt_images": [
    "https://m.media-amazon.com/images/I/51zG6IpofgL.jpg"
  ],
  "product_detail": {
    "Package Dimensions": "12.6 x 7.8 x 6.6 inches; 8.1 ounces",
    "Item model number": "765667 400302",
    "UPC": "765667400302",
    "Manufacturer": "Annie Chun's",
    "ASIN": "B000GPNKRE",
    "Units": "48.6 Ounce",
    "Customer Reviews": "3.6 3.6 out of 5 stars 47 ratings"
  },
  "important_information": {
    "Ingredients": "RiceRice",
    "Directions": "Microwave: 1. Peel back cover at designated corner. 2. Heat on High for 2 minutes. 3. Let stand for 30 seconds and serve. Cooking times may vary with different appliances. Stove top: 1. Cook unopened bowl in boiling water. 2. Remove cover and serve. Directions on how to make your own sushi wraps: 1. Heat rice according to the rice heating directions. 2. Once rice is heated, simply place a spoonful of rice in the center of a sushi wrap, sprinkle with soy sauce (provided), roll up and enjoy! 3. To create your own sushi combination, just add any fish, cooked meat, vegetables and/or tofu rice before you roll up. Be creative and get wrapping!Microwave: 1. Peel back cover at designated corner. 2. Heat on High for 2 minutes. 3. Let stand for 30 seconds and serve. Cooking times may vary with different appliances. Stove top: 1. Cook unopened bowl in boiling water. 2. Remove cover and serve. Directions on how to make your own sushi wraps: 1. Heat rice according to the rice heating directions. 2. Once rice is heated, simply place a spoonful of rice in the center of a sushi wrap, sprinkle with soy sauce (provided), roll up and enjoy! 3. To create your own sushi combination, just add any fish, cooked meat, vegetables and/or tofu rice before you roll up. Be creative and get wrapping!",
    "Legal Disclaimer": "Statements regarding dietary supplements have not been evaluated by the FDA and are not intended to diagnose, treat, cure, or prevent any disease or health condition.Statements regarding dietary supplements have not been evaluated by the FDA and are not intended to diagnose, treat, cure, or prevent any disease or health condition."
  },
  "rating": {
    "score": "3.6 out of 5",
    "dist": {
      "5 star": "44%",
      "4 star": "15%",
      "3 star": "15%",
      "2 star": "13%",
      "1 star": "13%"
    }
  },
  "top_comments": [
    {
      "date": "September 27, 2010",
      "title": "Another Hit from Annie Chun",
      "score": "5.0 out of 5 stars",
      "text": "I've eaten the white rice ones for a while. When I saw the brown rice, I thought I'd give it a try. Once I stuff it with my ingredients, I really can't tell a difference in the rice. I just bought a new tool that makes these sushi kits even better. It is called \"Sushezi Sushi Made Easy\" found here on Amazon. I love the taste of Annie Chun's Nori and soy sauce, that come in these kits. If you lay all the rectangles of nori into a pattern, they make one full sheet of nori. The Sushezi makes a compressed round roll of sushi. When you push it out onto the arranged nori rectangles (better if you overlap them just a bit) you just roll them onto the sushi roll.  It takes all the rice, all the nori, and a fair bit of sushi ingredients to make one roll. I like to use smoked salmon with cream cheese and avocado; or imitation crab meat, cucumber, carrot, and avocado; or the best yet was some fried soft shell crab, with cucumber, and a spicy mayo sauce.",
      "helpfulness": "5"
    },
    {
      "date": "October 6, 2008",
      "title": "Sushi Making One Bite At A Time",
      "score": "1.0 out of 5 stars",
      "text": "I purchased this product (3 packs) to make Sushi for our family of four.  The Nori or Seaweed Wrap is very small, a little less than 2\" x 4\" which makes it very hard to make a simple California Roll with crab, cucumber, and avocado.  Once rolled it wasn't quite big enough to cut, but also made a much bigger single piece of sushi.  The sticky rice was exremely sticky and we had more rice than what the 10 sheets of Nori could take.  Don't recommend for family dining unless your family is looking for a snack and some sticky fun, however, may be perfect for the single person with time to play or only likes a single item in their sushi.  I'll buy the bigger sheets for sushi next time...",
      "helpfulness": "2"
    },
    {
      "date": "January 13, 2010",
      "title": "No easier than regular sushi, just more packaging",
      "score": "2.0 out of 5 stars",
      "text": "I suppose if you're really on the go and feel like packing all your sushi innards and taking them to work is easy, this could be helpful...  But the tiny seaweed paper trips were too small, and it really didn't feel like it was much easier than just doing regular sushi.  There is a lot of packaging for all the little pieces.I can see how it could be fun for a bunch of little kids to make a mess, but not for two adults to sit down and have a meal together.",
      "helpfulness": "0"
    },
    {
      "date": "January 15, 2013",
      "title": "Ehhh..",
      "score": "3.0 out of 5 stars",
      "text": "The rice is good and easy. However the sushi nori included is in tiny strips. It is really hard to make sushi with. I ended up only using the rice/soy sauce out of the kit and using sheets of nori. I would recommend buying the sticky rice bowls which are cheaper than the kits.",
      "helpfulness": "0"
    },
    {
      "date": "November 25, 2008",
      "title": "A little messy, but fun!",
      "score": "4.0 out of 5 stars",
      "text": "I love eating sushi, but ordering from my local sushi place is just too expensive! Also, I'm a vegetarian, so it's hard to find places with a plethora of options, other than the standard avo-cucumber rolls. I decided I wanted to try my hand at making my own sushi, but I was a little nervous about buying the right type of rice, nori, inside ingredients and wasn't sure I wanted to buy a full out kit if I wasn't going to use it very often. I decided this would be a good product that would be that intermediate step - not doing all the work myself, but trying it out nonetheless.Pros:- You can put whatever you'd like inside (I like sweet potato or banana rolls myself!).- Easy to make! Just pop the rice bowl in the microwave, spread some rice on the nori, throw a couple ingredients inside, and you're good to go.- You don't have to have just one type of sushi! I'd rather have 10 pieces, each with slightly different contents than 8 pieces that are exactly the same. This allows me to do such.- Easy to bring for work, and like an earlier reviewer mentioned, a fun conversation starter at lunch! Just chop up a couple veggies, throw them in a zip-lock and ta-da, lunch!Cons- No wasabi. This isn't a big deal for me, as I like my sushi rolls condiment free, but my partner likes his sushi doused in soy sauce and wasabi. It does come with a little soy sauce packet, but that's it.- It's not so much a \"roll\" as a little packet that you delicately have to put together, then shove in your mouth as quickly as possible to prevent it from falling apart. This may be my own ineptness, but I find it a bit tricky to keep together.- I'm not sure you can make inside out rolls (rice on the outside) with this kit. I don't always love the taste of seaweed, but putting a bit of rice on the outside of my \"packet\" and putting that side in my mouth first works a little.Overall, this is a fun lunch. It's a good size for one person, or for two to share alongside a more substantial meal :]",
      "helpfulness": "One"
    },
    {
      "date": "June 13, 2007",
      "title": "Perfect, easy sushi at home",
      "score": "5.0 out of 5 stars",
      "text": "As soon as I tried this for the first time, I promptly ordered three more cases. The rice is exactly like that in sushi bars - and this is coming from someone who spent many years living in Japan. Not sure why others feel it needs to be seasoned more. The nori sheets are small but I ended up cutting them lengthwise and using them to wrap around a larger portion of rice and my additive of choice (in this case tamago). These kits couldn't be easier to use and anyone, including teens and kids, can do it. Yes, you can assemble your own ingredients separately to make sushi, but for those of us that don't have the time or inclination, these kits are awesome. My only comment is that each kit is supposed to serve two people but realistically it is a meal for one.",
      "helpfulness": "3"
    },
    {
      "date": "March 11, 2007",
      "title": "Very Disappointing",
      "score": "2.0 out of 5 stars",
      "text": "Although the product is very easy to use and the rice sticks together perfectly to make a sushi roll-----the rice is tasteless because it has neither mirin vinegar nor sugar nor salt in it (commonly called sushi vinegar)--------the nori wrappers are too small to make any decent sized roll and too thin to withstand any handling-------I have had better sushi rolls at the worst japanese restaurant---------the soy sauce is OK but without wasabi mustard you cannot achieve the taste of real sushi",
      "helpfulness": "2"
    }
  ]
}