{
  "product_title": "Molinari Sopressata - 4 lb",
  "byline_info": "Brand: Molinari",
  "product_description": "Molinari Sopressata is offered in smaller size natural casing which gives it an old-fashioned flavor. This all pork salami is made with burgundy wine, garlic, pepper and various spices. A delicious hors d'oeuvre, Molinari Sopressata is a great addition to your meats platter. Founded in 1896, Molinari & Sons has carried on the traditional Italian art of sausage-making in the cool climate of San Francisco. Try Molinari and see why it reigns as the choicest brand of Italian meats in the United States. 3 Links Approximate Weight: 1 lb 3 oz.",
  "category": [
    "Grocery & Gourmet Food",
    "Meat & Seafood",
    "Sausages"
  ],
  "alt_images": [
    "https://m.media-amazon.com/images/I/41SCTQ5DJ0L.jpg"
  ],
  "product_detail": {
    "Manufacturer": "Molinari",
    "ASIN": "B0008IT46U",
    "Units": "128.0 Ounce",
    "Customer Reviews": "2.2 2.2 out of 5 stars 3 ratings"
  },
  "important_information": {
    "Legal Disclaimer": "Statements regarding dietary supplements have not been evaluated by the FDA and are not intended to diagnose, treat, cure, or prevent any disease or health condition.Statements regarding dietary supplements have not been evaluated by the FDA and are not intended to diagnose, treat, cure, or prevent any disease or health condition."
  },
  "rating": {
    "score": "2.2 out of 5",
    "dist": {
      "5 star": "0%",
      "4 star": "0%",
      "3 star": "61%",
      "2 star": "0%",
      "1 star": "39%"
    }
  },
  "top_comments": [
    {
      "date": "November 10, 2008",
      "title": "If you like hard, tasteless and expensive.................",
      "score": "1.0 out of 5 stars",
      "text": "..........then choose this product.  I know to expect a really dry, firm texture, but I could barely cut this product.  Once I did saw off a piece of it, it was like eating leather..........oily leather.  I wouldn't recommend........",
      "helpfulness": "One"
    },
    {
      "date": "July 7, 2008",
      "title": "Very good if you like the texture",
      "score": "3.0 out of 5 stars",
      "text": "This sausage is covered in a sort of edible mold-like substance similar to brie cheese.  It's a part of the curing process and imparts a delicious flavor to the sausage.  In addition, this is a very well-dried sopressata--which I like.  However, the texture isn't all that good.  There are hard things in it which don't seem like meat--tough, almost like little pieces of leather.  If the texture was good, I'd give this delicious sausage five stars--but because the texture is a turn-off for me, it only rates a three in my book.  If you don't mind little touch hard chunks in your sausage, and love a rich, complex flavor, you'll probably love Molinari's sopressata.",
      "helpfulness": "4"
    },
    {
      "date": "October 1, 2008",
      "title": "Fast delivery, but to me Sopressata tasted a little bitter.",
      "score": "3.0 out of 5 stars",
      "text": "Fast delivery, but to me Sopressata tasted a little bitter. Actuall weight of Sopressata is under 1.5 LB (2 LB is parcel weight).",
      "helpfulness": "0"
    }
  ]
}