{
  "product_title": "Exclusively Pet Best Buddy Bits-Carob Flavor, 5-1/2-Ounce Package",
  "byline_info": "Visit the Exclusively Dog Store",
  "product_description": "Exclusively Pet, Inc. makes dog cookie treats with wholesome, natural, human-grade and kosher ingredients. Our treats resemble popular people cookies, but are specially formulated for dogs. We have been committed to providing high quality dog cookie treats under the Exclusively Dog Cookies and Bark Avenue Cookies brands. Our products continue to be enjoyed by the most finicky dogs around the world.",
  "category": [
    "Pet Supplies",
    "Dogs",
    "Treats",
    "Cookies, Biscuits & Snacks"
  ],
  "alt_images": [
    "https://m.media-amazon.com/images/I/51jg8AzA2TL.jpg",
    "https://m.media-amazon.com/images/I/51iX7wPv7IL.jpg",
    "https://m.media-amazon.com/images/I/51f95EjUbtL.jpg"
  ],
  "product_detail": {
    "Product Dimensions": "2 x 6 x 7.5 inches; 5.5 ounces",
    "Item model number": "44000",
    "Department": "dog-treats",
    "Date First Available": "June 15, 2004",
    "Manufacturer": "Exclusively Dog",
    "ASIN": "B00025YVH6",
    "Customer Reviews": "4.4 4.4 out of 5 stars 10 ratings"
  },
  "important_information": {},
  "rating": {
    "score": "4.4 out of 5",
    "dist": {
      "5 star": "72%",
      "4 star": "11%",
      "3 star": "0%",
      "2 star": "17%",
      "1 star": "0%"
    }
  },
  "top_comments": [
    {
      "date": "March 3, 2010",
      "title": "Perfect size snacks for Dog Toy",
      "score": "5.0 out of 5 stars",
      "text": "Until recently I was purchasing these snacks at my local Pet Supermarket. They no longer carry them so I went to Amazon.com. The reason they are perfect for my two dogs ( a Lab and a Chow mix) is not the size obviously but because I have a dog toy that is one of those toys that you pull out the center and fill the different layers inside with treats. After putting the center piece back in you shake it around and the dog has to learn to push it with his nose or paws to get the treats to lay just right to fall out. Well my Lab learned in one day and just loves this toy. The ONLY treats that I have found that fit are this brand and he loves all the flavors but especially the cheese flavor and the yogurt brand. There are quite a lot in one bag and reasonably priced. Yes, I will buy more!Buddy Bits Rocks!",
      "helpfulness": "One"
    },
    {
      "date": "November 5, 2014",
      "title": "Two Stars",
      "score": "2.0 out of 5 stars",
      "text": "My dog wouldn't touch them!",
      "helpfulness": "0"
    },
    {
      "date": "April 28, 2013",
      "title": "Great dog cookies",
      "score": "4.0 out of 5 stars",
      "text": "My dog loves them, but the picture is misleading.  They are not Carob chips, they are full carob chocolate cookies.  Change the picture...they are great cookies!!!",
      "helpfulness": "0"
    },
    {
      "date": "August 12, 2014",
      "title": "Buddy Bits are the Best!",
      "score": "5.0 out of 5 stars",
      "text": "This the best carob treat for small to medium dogs.  My dog loves the smell of chocolate and this is about as close as you'll get to the real thing.  The bites are the perfect size for him to munch on after dinner, etc.  The package doesn't list how many you should give per serving, but he goes through a bag in two to three weeks.  Highly recommend!",
      "helpfulness": "0"
    },
    {
      "date": "January 17, 2015",
      "title": "Best treats ever!",
      "score": "5.0 out of 5 stars",
      "text": "Our pooch loves chocolate...which is bad for dogs, so these chocolate carob treats are perfect!!  They are a perfect size for training or just as a little bonus surprise treat.  We've tried numerous years, as I'm sure most dog owners have, but our dog really gets excited and responds well to these.  Definitely her favorite treat overall.  :-)",
      "helpfulness": "0"
    },
    {
      "date": "August 31, 2013",
      "title": "Nice small size, dogs love them",
      "score": "5.0 out of 5 stars",
      "text": "These are very small, about the size of a raisin.  They are soft and a little chewy.  They smell really good to me and the dogs took to them right away.  Perfect if you use treats for training and give a lot of them.",
      "helpfulness": "0"
    },
    {
      "date": "August 2, 2014",
      "title": "Dogs love them",
      "score": "5.0 out of 5 stars",
      "text": "I'm very glad to have a treat I can give to both my dogs.  I have one dog who's allergic to almost everything there is they put in dog food, and these treats are one thing they both can enjoy.",
      "helpfulness": "0"
    },
    {
      "date": "May 4, 2013",
      "title": "Smells like tootsie rolls, yummy!",
      "score": "5.0 out of 5 stars",
      "text": "These are supposed taste like chocolate, but they smell like tootsie rolls.  Either way, both dogs loved it and begged for more. These are small so they're really great for training or if you're trying to watch your dog's weight.",
      "helpfulness": "0"
    }
  ]
}