{
  "product_title": "Enrico Formella | Mild Giardiniera Relish | Italian – Chicago Style Pickled Vegetable Spread 16oz.",
  "byline_info": "Visit the Enrico Formella Store",
  "product_description": "E. Formella & Sons, Inc. is a global company that prides itself on offering a wide variety of authentic Italian specialties as well as other unique and distinctive gourmet foods. Premium quality, exceptional taste, and outstanding value are the heart of our business and the keys to our success. In addition, we believe in creating satisfied customers. We strive to exceed our customers’ expectations to earn their loyalty and have them “sing our praises” to others. In all interactions, we will adhere to the highest level of integrity, honesty, and fairness.",
  "category": [],
  "alt_images": [
    "https://m.media-amazon.com/images/I/41TclOIwBWL.jpg"
  ],
  "product_detail": {
    "Package Dimensions": "6.65 x 4.8 x 2.72 inches; 1.5 Pounds",
    "Manufacturer": "E. Formella & Sons, Inc.",
    "ASIN": "B0000DIEJ1",
    "Units": "16.0 Ounce",
    "Customer Reviews": "3.6 3.6 out of 5 stars 25 ratings"
  },
  "important_information": {
    "Ingredients": "Bell Peppers, Celery, Carrots, Cauliflower, Soybean Oil, Pimentos, Olives, Salt, Vinegar and SpiceBell Peppers, Celery, Carrots, Cauliflower, Soybean Oil, Pimentos, Olives, Salt, Vinegar and Spice",
    "Legal Disclaimer": "Statements regarding dietary supplements have not been evaluated by the FDA and are not intended to diagnose, treat, cure, or prevent any disease or health condition.Statements regarding dietary supplements have not been evaluated by the FDA and are not intended to diagnose, treat, cure, or prevent any disease or health condition."
  },
  "rating": {
    "score": "3.6 out of 5",
    "dist": {
      "5 star": "48%",
      "4 star": "11%",
      "3 star": "9%",
      "2 star": "16%",
      "1 star": "16%"
    }
  },
  "top_comments": [
    {
      "date": "December 22, 2023",
      "title": "Great \"Mild\" Giardiniera",
      "score": "5.0 out of 5 stars",
      "text": "I have the \"hot\" but my wife wanted a milder version of giardiniera.  Enrico Formella solved the need.  I will buy it again.",
      "helpfulness": "0"
    },
    {
      "date": "July 24, 2022",
      "title": "Not worth ordering",
      "score": "1.0 out of 5 stars",
      "text": "Not worth ordering",
      "helpfulness": "One"
    },
    {
      "date": "February 8, 2022",
      "title": "Cracks in the jar & top",
      "score": "2.0 out of 5 stars",
      "text": "Due to the cracks in the jar I dare not to taste for a fear of pieces of glass inside the jar. At your earliest convenience I would like a replacement pleaseThanks",
      "helpfulness": "One"
    },
    {
      "date": "April 2, 2023",
      "title": "Delicious not spicy flavor",
      "score": "5.0 out of 5 stars",
      "text": "Great on salads sandwiches and wraps",
      "helpfulness": "0"
    },
    {
      "date": "December 17, 2012",
      "title": "Excellent!",
      "score": "5.0 out of 5 stars",
      "text": "We probably go through about 18 bottles or more each year, we love this stuff and are repeat customers for this brand.  You will not be disappointed  if you purchase this product.  We like to Mix with scrambled eggs or omelettes, if you roast or pan fry potatoes, this gives them so much flavor.  We also like to add some to salads and even tuna or chicken salad.",
      "helpfulness": "4"
    },
    {
      "date": "July 29, 2015",
      "title": "Love, love this item",
      "score": "5.0 out of 5 stars",
      "text": "Love, love this item.  found it in a market far from my home, then found what I needed at Amazon.  The product is awesome, and so is their customer service.",
      "helpfulness": "One"
    },
    {
      "date": "August 26, 2021",
      "title": "Nope",
      "score": "1.0 out of 5 stars",
      "text": "Didn’t care for it",
      "helpfulness": "One"
    },
    {
      "date": "February 3, 2010",
      "title": "Yum!",
      "score": "5.0 out of 5 stars",
      "text": "Being a little too far from Chicago to pick some of this up at the grocery store, I was very happy to be able to get sport peppers online.  This brand is very, very tasty.",
      "helpfulness": "4"
    }
  ]
}