{
  "product_title": "Constant Comment Tea Bag, 20 Count",
  "byline_info": "Visit the Bigelow Tea Store",
  "product_description": "\"Constant Comment\" Created by Ruth Bigelow in her kitchen over 60 years ago \"Constant Comment\" is today America's most popular specialty tea. This original blend of the finest mountain-grown tea is deliciously flavored with rind of oranges and sweet spice. There's no other tea in the world quite like it. 20 individually foil wrapped tea bags per box. 6 boxes per case. Net Wt. 1.18 oz. (33g.) Ingredients: black tea, rind of oranges, sweet spice, natural flavor. Caffeine Status:30-60mg Gluten Free.",
  "category": [
    "Grocery & Gourmet Food",
    "Beverages",
    "Tea",
    "Black"
  ],
  "alt_images": [
    "https://m.media-amazon.com/images/I/51FDOSi4y4L.jpg",
    "https://m.media-amazon.com/images/I/51au6mqzcXL.jpg",
    "https://m.media-amazon.com/images/I/31QVMvppfSL.jpg",
    "https://m.media-amazon.com/images/I/41eKuqlb8gL.jpg"
  ],
  "product_detail": {
    "Is Discontinued By Manufacturer": "No",
    "Product Dimensions": "5.3 x 3.2 x 2.8 inches; 2.4 ounces",
    "Item model number": "072310001053",
    "Department": "Teas",
    "UPC": "072310001053",
    "Manufacturer": "Everready First Aid",
    "ASIN": "B01FA7CL4A",
    "Units": "20 Count",
    "Best Sellers Rank": "#15,637 in Grocery & Gourmet Food (See Top 100 in Grocery & Gourmet Food) #1,477 in Black Tea",
    "#1,477 in Black Tea": "",
    "Customer Reviews": "4.8 4.8 out of 5 stars 2,602 ratings"
  },
  "important_information": {
    "Safety Information": "Contains high levels of caffeine. Not recommended for children, pregnant women, or those sensitive to caffeine.Contains high levels of caffeine. Not recommended for children, pregnant women, or those sensitive to caffeine.",
    "Ingredients": "Constant Comment Tea Bag, 20 CountConstant Comment Tea Bag, 20 Count",
    "Directions": "To brew, place one tea bag in a cup and add boiling water. Let it steep for 3-5 minutes before removing the tea bag.To brew, place one tea bag in a cup and add boiling water. Let it steep for 3-5 minutes before removing the tea bag.",
    "Legal Disclaimer": "Statements regarding dietary supplements have not been evaluated by the FDA and are not intended to diagnose, treat, cure, or prevent any disease or health condition.Statements regarding dietary supplements have not been evaluated by the FDA and are not intended to diagnose, treat, cure, or prevent any disease or health condition."
  },
  "rating": {
    "score": "4.8 out of 5",
    "dist": {
      "5 star": "87%",
      "4 star": "8%",
      "3 star": "3%",
      "2 star": "1%",
      "1 star": "1%"
    }
  },
  "top_comments": [
    {
      "date": "July 13, 2025",
      "title": "It is What the Name Says!",
      "score": "5.0 out of 5 stars",
      "text": "I love Constant Comment Tea as a wonderful hot tea to help relax my mind & body. It's subtly spiced, not so strong with wintry flavors that it must be drunk alone. The flavors are easy enough on the tongue to enjoy it with a dessert. I love the story of how it was created by the Bigelow Family for their restaurant and soon it became so popular people wanted to buy it to drink at home. Ê¹ a",
      "helpfulness": "0"
    },
    {
      "date": "June 10, 2025",
      "title": "Favorite Tea",
      "score": "5.0 out of 5 stars",
      "text": "Great flavor. My favorite tea, anytime.",
      "helpfulness": "0"
    },
    {
      "date": "April 12, 2025",
      "title": "Great cinnamon taste!",
      "score": "5.0 out of 5 stars",
      "text": "One of my favorite teas to drink around the fall and winter season. Perfect pinch of cinnamon.",
      "helpfulness": "One"
    },
    {
      "date": "August 23, 2025",
      "title": "Available for purchase",
      "score": "5.0 out of 5 stars",
      "text": "Exactly what I expected. Getting very hard to find in stores locally and I love the taste of this Constant Comment Bigelow Black Tea ..Seemed a tad more expensive than local store, but I decided to give it a try .Would suggest to anyone who loves black tea rather than coffee in the morning.This blend has a punch to it with the orange rind and spice . I use local raw honey to sweeten it with and it’s delightful. Delivery was highly appreciated and arrived early. Will order again. Thank you . 70 yr old female.",
      "helpfulness": "0"
    },
    {
      "date": "May 8, 2025",
      "title": "Constant Comment",
      "score": "5.0 out of 5 stars",
      "text": "Love the flavor.  Only hot tea i will drink.",
      "helpfulness": "One"
    },
    {
      "date": "August 25, 2025",
      "title": "A family favorite for the past 50 years!",
      "score": "5.0 out of 5 stars",
      "text": "Best tea on the market!",
      "helpfulness": "0"
    },
    {
      "date": "August 21, 2025",
      "title": "Constant Comment is just that.",
      "score": "4.0 out of 5 stars",
      "text": "We love this tea, but think it’s a bit expensive for the amount of bags. It seemed fresh and the hints of spice and orange feel like a warm night in front of the fireplace.",
      "helpfulness": "0"
    },
    {
      "date": "September 7, 2025",
      "title": "The best flavor",
      "score": "5.0 out of 5 stars",
      "text": "The best flavor.  No sugar needed.  Smooth, not bitter.",
      "helpfulness": "0"
    }
  ]
}