{
  "product_title": "Mi-Del Lemon Snaps Cookies - Crunchy Lemon Cookies - Non-GMO Certified, 0g Trans Fat, Healthy Cookies (Pack of 8)",
  "byline_info": "Visit the Mi-Del Store",
  "product_description": "Product Description   Since 1947, MI-DEL has been satisfying the appetites of people like you who want snack products that are healthful, natural, and taste delicious. MI-DEL is a combination of old-fashioned recipes and new bakery methods that let us create better for you cookies that meet the latest health standards without giving up a yummy inch of taste. Today, a diet can be full of overly processed foods, and this is especially true when it comes to snacks. MI-DEL cookies and pie crusts have a short ingredient list made of ingredients you can pronounce. Consumers tell us all the time that they TRUST MI-DEL – to deliver great taste and provide them with the comfort it what they are serving. Whether your family deals with allergies, gluten sensitivity, or you just want a healthier way to enjoy a delicious snack, MI-DEL products have delectable treats for you!   About the Brand   Our gluten-free cookies have been specifically developed for individuals with gluten intolerance or celiac disease. It is estimated tht one in 200 people suffers frm this disease, and the affected population is growing. Mi-Del is distributed by Liberty Richter, established in 1926. Since 1999, Liberty Richter has been a division of Tree of Life, Inc., the largest marketer of natural and specialty foods in North America. Tree of Life, Inc's parent company, Wessanen, is located in the Netherlands and is one of the world's largest food companies.",
  "category": [
    "Grocery & Gourmet Food",
    "Breads & Bakery",
    "Cookies",
    "Fruit"
  ],
  "alt_images": [
    "https://m.media-amazon.com/images/I/411MpHNroHL.jpg",
    "https://m.media-amazon.com/images/I/41P0Zny30lS.jpg",
    "https://m.media-amazon.com/images/I/41-yPOZbuXL.jpg",
    "https://m.media-amazon.com/images/I/51HA-dBi4hL.jpg",
    "https://m.media-amazon.com/images/I/41ADpeKGvIL.jpg",
    "https://m.media-amazon.com/images/I/513Aub6RzvL.jpg",
    "https://m.media-amazon.com/images/I/71xRkiKFFiL.jpg"
  ],
  "product_detail": {
    "Package Dimensions": "13 x 12.25 x 6.1 inches; 10.02 ounces",
    "Item model number": "79102",
    "Manufacturer": "Mi-Del",
    "ASIN": "B000EPOC2S",
    "Units": "80.0 Ounce",
    "Best Sellers Rank": "#28,954 in Grocery & Gourmet Food (See Top 100 in Grocery & Gourmet Food) #16 in Ginger Snaps #116 in Fruit Cookies #1,198 in Fruit Snacks",
    "#16 in Ginger Snaps": "",
    "#116 in Fruit Cookies": "",
    "#1,198 in Fruit Snacks": "",
    "Customer Reviews": "4.3 4.3 out of 5 stars 3,986 ratings"
  },
  "important_information": {
    "Safety Information": "Contains wheat, soy. Allergy Warning: Produced in a facility that also processes or handles peanuts and tree nuts.Contains wheat, soy. Allergy Warning: Produced in a facility that also processes or handles peanuts and tree nuts.",
    "Ingredients": "ORGANIC ENRICHED WHEAT FLOUR (ORGANIC WHEAT FLOUR, NIACIN, IRON, THIAMINE MONONITRATE, RIBOFLAVIN, FOLIC ACID), ORGANIC CANE SUGAR, CANOLA OIL, ORGANIC LIQUID CANE SUGAR, CANOLA OIL, ORGANIC LIQUID CANE SUGAR SYRUP, NATURAL LEMON FLAVOR, BAKING SODA, SEA SALT, SOY LECITHIN (USED AS AN EMULSIFIER). CONTAINS: WHEAT, SOY. PRODUCED IN A PEANUT-FREE FACILITY THAT ALSO PROCESSES MILK, EGGS AND COCONUT.ORGANIC ENRICHED WHEAT FLOUR (ORGANIC WHEAT FLOUR, NIACIN, IRON, THIAMINE MONONITRATE, RIBOFLAVIN, FOLIC ACID), ORGANIC CANE SUGAR, CANOLA OIL, ORGANIC LIQUID CANE SUGAR, CANOLA OIL, ORGANIC LIQUID CANE SUGAR SYRUP, NATURAL LEMON FLAVOR, BAKING SODA, SEA SALT, SOY LECITHIN (USED AS AN EMULSIFIER). CONTAINS: WHEAT, SOY. PRODUCED IN A PEANUT-FREE FACILITY THAT ALSO PROCESSES MILK, EGGS AND COCONUT.",
    "Directions": "Cool & serve chilled with ice & lemon. Store in a cool dry place.Cool & serve chilled with ice & lemon. Store in a cool dry place.",
    "Legal Disclaimer": "Statements regarding dietary supplements have not been evaluated by the FDA and are not intended to diagnose, treat, cure, or prevent any disease or health condition.Statements regarding dietary supplements have not been evaluated by the FDA and are not intended to diagnose, treat, cure, or prevent any disease or health condition."
  },
  "rating": {
    "score": "4.3 out of 5",
    "dist": {
      "5 star": "68%",
      "4 star": "14%",
      "3 star": "9%",
      "2 star": "3%",
      "1 star": "6%"
    }
  },
  "top_comments": [
    {
      "date": "August 21, 2025",
      "title": "Delicious and I think very worth their price.",
      "score": "5.0 out of 5 stars",
      "text": "I love these cookies.  They are more \"gingery\" that most other ginger snaps on the market and are wonderful with tea or coffee.",
      "helpfulness": "0"
    },
    {
      "date": "December 23, 2024",
      "title": "These Snaps are the Snappiest Best",
      "score": "5.0 out of 5 stars",
      "text": "These Ginger Snaps are my favorite cookies because they live up to their name. They SNAP! They CRUNCH! They are satisfying to hear and feel in the mouth. The taste of ginger is just right! Some people like a soft thick cookie. That's not this cookie. These are delicious Ginger Snaps! The Snap, SNAP, SNAPEST best Ginger Snap cookie out there. Try it for yourself! You'll see what I mean.",
      "helpfulness": "6"
    },
    {
      "date": "February 15, 2025",
      "title": "GREAT!",
      "score": "4.0 out of 5 stars",
      "text": "Item delivered as instructed.",
      "helpfulness": "0"
    },
    {
      "date": "July 30, 2010",
      "title": "Crunchy Little Cookie - Delicious",
      "score": "5.0 out of 5 stars",
      "text": "My order for Mi-Del Ginger Snaps arrived a few hours ago and I tried my first one ... okay, I'm on my 10th cookie now.  My first bite of one I noticed it had a hard crunch.  I like crunchy cookies, others may not.  I read here that you can leave the top opened on the bag overnight to soften them.  The cookie is about 3-4 bites worth.  On my first bite I could feel a little tongue tingle.  Each subsequent bite produced the same warm tingle and THAT is what puts this ginger snap in a class of its own, never losing that 'bite'.  It's not too overdone or underdone on the spice, it's a perfect little cookie.  Not to mention they are 26 calories each, and ingredient that are pronounceable, this makes for an excellent little treat with coffee, tea, or vanilla ice cream.  Excellent product that I will purchase again.Note: Expiration date on the bags are December 17th, 2010 but I don't think they will last that long.--Sailor Hill, CA",
      "helpfulness": "7"
    },
    {
      "date": "December 26, 2021",
      "title": "Spicey, Crispy, and Fresh",
      "score": "5.0 out of 5 stars",
      "text": "Ive just opened one package so far. These came packed tightly in the case without any cushioning. There was more breakage then the ones I get from the local store. However, they did seem fresher and that might account for the breakage.These are more spicey than other brands I have tried which I love. My grand-daughters always request the”spicey cookies” when they come over.The best part is how crunchy they are. They satisfy me faster and with fewer cookies and have been a part of my weight loss menu for over a year. Ok, this may sound ridiculous but I have gradually lost weight by using these as a snack food or to give myself something  sweet at the end of a meal. Of course, I have taken other steps towards losing weight but this strategy of eatng something crunchy has definitely helped.",
      "helpfulness": "6"
    },
    {
      "date": "February 24, 2025",
      "title": "These are really good, delicious -- I'd been craving them for eons",
      "score": "3.0 out of 5 stars",
      "text": "They are very Very VERY EXPENSIVE. No, I wouldn't buy then again.",
      "helpfulness": "One"
    },
    {
      "date": "April 7, 2008",
      "title": "So good people are taking them from me!",
      "score": "5.0 out of 5 stars",
      "text": "These cookies seemed to be a pretty good deal when I saw that there was a special offer on them. I LOVE cookies (who doesnt??) but am kinda picky about texture. I dislike soft mushy cookies although if desperate...but I know that \"snap\" cookies are usually not soft so I took a chance and ordered a case!  I live alone so a case of cookies was, at once, both frightening and decadent---but I think I am going to have to order another case!  Everyone who tasted these asked me \"so where did you find these?\"  Of course, since I am the online shopper from hell, everyone figured I found some obscure website and paid a fortune. \"Natural\" and \"Organic\" are buzz words for \"gonna cost ya more\" but the price was great per bag. After I told my friends and family who tasted them that I ordered a case---the bags started disappearing pretty fast! I got hit with guilt---What are YOU going to do with 12 bags of cookies? (duh--eat them!) and everyone was very happy to lighten up my stash by taking a bag so I dont overeat! Dont I have the BEST friends and family??? LOL  Seriously--I was happy to hand them over! I enjoy turning people on to new finds. I gave a bag to my Parcel Post guy and my UPS guy (after all--they lug all the boxes to my apartment!) and they were happy! And there is a method to my giving-away madness (especially to the carriers)! Less dropping and throwing around of MY boxes!Ok--they are nice and lemoney (?) but they could even be a bit more lemon-like for me! They are made with more healthful ingredients (no trans-fat) so even though I am pigging out on cookies--I dont feel nearly as guilty! And at less than $2 a bag--I think they are a greal deal! Plus it never hurts to have extra cookies in the house because a cookie emergency can happen at any given moment!  So--order them!  I think you will be pleased!",
      "helpfulness": "8"
    },
    {
      "date": "March 14, 2025",
      "title": "Bait and switch",
      "score": "1.0 out of 5 stars",
      "text": "I ordered a bag and they were great. I then ordered 3 more bags and they were stale. The bags that they sent were already 2 weeks past their expiration date and certainly tasted like it. The mf'rs known that the item cannot be returned as they are considered \"food items\". I highly recommend NOT purchasing these cookies as you will be sent stale and outdated product.",
      "helpfulness": "4"
    }
  ]
}