{
  "product_title": "Wabash Valley Farms Popcorn Kernels - Sweet Baby Blue Kernels, Blue Popcorn Kernels, Gourmet Popcorn Kernels for Popcorn Maker, Blue Corn Kernels for Popping, Non-GMO Popping Corn (2 lbs)",
  "byline_info": "Visit the Wabash Valley Farms Store",
  "product_description": "",
  "category": [
    "Grocery & Gourmet Food",
    "Snacks & Sweets",
    "Snack Foods",
    "Popcorn",
    "Unpopped"
  ],
  "alt_images": [
    "https://m.media-amazon.com/images/I/41qqrn-NDSL.jpg",
    "https://m.media-amazon.com/images/I/41m0Vc6vQ0L.jpg",
    "https://m.media-amazon.com/images/I/411bIzlqp+L.jpg",
    "https://m.media-amazon.com/images/I/51JbRChq60L.jpg",
    "https://m.media-amazon.com/images/I/51xPM07XNSL.jpg",
    "https://m.media-amazon.com/images/I/51QiqUaIb7L.jpg",
    "https://m.media-amazon.com/images/I/51cOHEhZ9VL.jpg"
  ],
  "product_detail": {
    "Is Discontinued By Manufacturer": "No",
    "Product Dimensions": "8.1 x 4.3 x 3 inches; 1.9 Pounds",
    "Item model number": "42501",
    "UPC": "019669001334",
    "Manufacturer": "Wabash Valley Farms - Grocery",
    "ASIN": "B00EVW5OZE",
    "Units": "32.0 Ounce",
    "Best Sellers Rank": "#31,544 in Grocery & Gourmet Food (See Top 100 in Grocery & Gourmet Food) #72 in Unpopped Popcorn Kernels",
    "#72 in Unpopped Popcorn Kernels": "",
    "Customer Reviews": "4.3 4.3 out of 5 stars 1,470 ratings"
  },
  "important_information": {
    "Ingredients": "popcorn kernelspopcorn kernels",
    "Legal Disclaimer": "Statements regarding dietary supplements have not been evaluated by the FDA and are not intended to diagnose, treat, cure, or prevent any disease or health condition.Statements regarding dietary supplements have not been evaluated by the FDA and are not intended to diagnose, treat, cure, or prevent any disease or health condition."
  },
  "rating": {
    "score": "4.3 out of 5",
    "dist": {
      "5 star": "69%",
      "4 star": "13%",
      "3 star": "8%",
      "2 star": "4%",
      "1 star": "6%"
    }
  },
  "top_comments": [
    {
      "date": "August 6, 2025",
      "title": "Fantastic Popcorn for Caramel Kettlecorn",
      "score": "5.0 out of 5 stars",
      "text": "I absolutely love this extra large mushroom popcorn.  It has a fairly low popping failure rate if you do things right.  I got a Whirley Pop stainless steel popcorn maker rather than the usual aluminum one because using stainless is better for health reasons.  I also wanted to make caramel kettle corn and it seemed like the stainless plan would help prevent burning, which it does.  How to make it without disappointment:  2 TB coconut oil.  1/2 c. of this popcorn.  1/4 c. dark brown sugar.  Put the oil in the pan and turn to medium high heat.  After it melts add the popcorn and stir it a bit, then sprinkle in the brown sugar and use a long spoon to stir it all around to help the sugar melt, and also get it out of the corners of the pan and mix everything together.  When it looks nicely mixed, put on the lid and start turning the crank until it starts popping.  When the popping slows, turn off the heat.  Pour the popcorn onto a cookie sheet covered with parchment paper or even paper towels will work.  Spread it out, sprinkle a small shake of salt over it and let it cool for a few minutes.  When cool you should put it in a plastic ziplock bag because if you leave it out, it won't stay crunchy.  I love this stuff, and there are very few unpopped kernels.  It is a mix of the mushroom popcorn with a bit of the butterfly type in it, but I've bought several bags so far and they have all been mostly the butterfly popcorn.  I don't know about other methods of making the popcorn, especially when making Carmel kettle corn, but what I described works great.  The popcorn is lightly \"touched\" by the brown sugar Carmel, but not excessively covered like carmelcorn or the like.  It's light and tasty.  I developed my way of making it because I was copying a small bag of wonderful Carmel kettle corn sold in my local market for $10.  The amount I get making my own using 1/2 c. popcorn equalled about 3 or 4 of the store bags.  I haven't tried any other mushroom popcorn, mainly because I'm totally happy with this one.",
      "helpfulness": "0"
    },
    {
      "date": "August 28, 2025",
      "title": "Very quick cooking.  Don't leave it in microwave longer than 2 minutes .  I like it very much.",
      "score": "5.0 out of 5 stars",
      "text": "Good popcorn.  It pops quicker than other brands and so far all the kernals pop.  Good stuff.  Tastes nice and light and delicate.  Don't leave it in microwave for longer than 2 minutes or it will be burned.",
      "helpfulness": "0"
    },
    {
      "date": "August 29, 2025",
      "title": "Popping Perfect!",
      "score": "5.0 out of 5 stars",
      "text": "Best flavor!Best popping!",
      "helpfulness": "0"
    },
    {
      "date": "May 26, 2025",
      "title": "Tasty popcorn, but not mushroom.",
      "score": "4.0 out of 5 stars",
      "text": "Delicious popcorn, but not mushroom popcorn. I ordered this brand after it came highly recommended by friends. We ordered the mushroom variety, the bag we received has no reference to mushroom popcorn, but we decided to try it anyway. It popped well, without a lot of kernels. Normal size popcorn.",
      "helpfulness": "0"
    },
    {
      "date": "July 26, 2025",
      "title": "Best popcorn",
      "score": "5.0 out of 5 stars",
      "text": "This is awesome mushroom popcorn if you cook it right the kernels pop big crunchy and tasty, but do yourself a favor and get a real popcorn popper the one you put on the stove and crank the handle",
      "helpfulness": "0"
    },
    {
      "date": "July 27, 2025",
      "title": "Amazon delivered on time",
      "score": "3.0 out of 5 stars",
      "text": "Not my favorite",
      "helpfulness": "0"
    },
    {
      "date": "August 6, 2025",
      "title": "Nice product",
      "score": "5.0 out of 5 stars",
      "text": "It’s a little expensive for the amount you get, but popped up wonderful and taste great!!!",
      "helpfulness": "0"
    },
    {
      "date": "August 27, 2025",
      "title": "Taste great",
      "score": "5.0 out of 5 stars",
      "text": "Great taste and filling. Could have a whole lot less kernels, but the taste is great",
      "helpfulness": "0"
    }
  ]
}