{
  "product_title": "OliveNation Whole Rainbow Peppercorn Mix, Black, Green, Pink, White, Jamaican, Tellicherry, Szechuan - 8 ounces",
  "byline_info": "Visit the OLIVENATION Store",
  "product_description": "This exciting combination takes freshly ground pepper to a new taste sensation. Try it and see if you don't agree.",
  "category": [
    "Grocery & Gourmet Food",
    "Pantry Staples",
    "Herbs, Spices & Seasonings",
    "Pepper & Peppercorns",
    "Peppercorns"
  ],
  "alt_images": [
    "https://m.media-amazon.com/images/I/51kt3r1UWlL.jpg"
  ],
  "product_detail": {
    "Package Dimensions": "8.5 x 5.94 x 1.73 inches; 8 ounces",
    "UPC": "812725022492",
    "Manufacturer": "OLIVENATION",
    "ASIN": "B0002NYO70",
    "Units": "8.0 Ounce",
    "Best Sellers Rank": "#222,058 in Grocery & Gourmet Food (See Top 100 in Grocery & Gourmet Food) #444 in Peppercorns",
    "#444 in Peppercorns": "",
    "Customer Reviews": "4.2 4.2 out of 5 stars 82 ratings"
  },
  "important_information": {
    "Ingredients": "Green, Pink, White, Tellicherry and Szechuan PeppercornsGreen, Pink, White, Tellicherry and Szechuan Peppercorns",
    "Legal Disclaimer": "Statements regarding dietary supplements have not been evaluated by the FDA and are not intended to diagnose, treat, cure, or prevent any disease or health condition.Statements regarding dietary supplements have not been evaluated by the FDA and are not intended to diagnose, treat, cure, or prevent any disease or health condition."
  },
  "rating": {
    "score": "4.2 out of 5",
    "dist": {
      "5 star": "59%",
      "4 star": "19%",
      "3 star": "8%",
      "2 star": "14%",
      "1 star": "0%"
    }
  },
  "top_comments": [
    {
      "date": "July 22, 2024",
      "title": "Freshness",
      "score": "5.0 out of 5 stars",
      "text": "Nice flavor with the combination of the different pepper corns. Yet no one is over powering.",
      "helpfulness": "0"
    },
    {
      "date": "October 5, 2023",
      "title": "Great spice to have on hand.",
      "score": "5.0 out of 5 stars",
      "text": "As offered. Thank you for your care that I received new, in package, very neatly and securely packaged. Will enjoy for a long time!",
      "helpfulness": "0"
    },
    {
      "date": "October 5, 2011",
      "title": "Great flavors, one wish...",
      "score": "4.0 out of 5 stars",
      "text": "This is a great blend of flavors, and I'm highly satisfied with this product. However I do wish there were more pink peppercorns in the packaging which would've added a little more sweetness to the blend and soften some of the \"bite\" in this mix. Don't get me wrong, I love the heat of black & white pepper, but in this blend I was hoping for something a little more distinctive. Nonetheless, this is a great value. The shipping took a little longer than I thought- 3 to 5 days ended up being 8 (not incl weekend). I also bought the Szechuan peppercorns to roast up and add to this blend...that *should* work out nicely! Overall a dependable seller. Good luck!",
      "helpfulness": "8"
    },
    {
      "date": "April 7, 2023",
      "title": "One variety of corn is too large for grinders",
      "score": "2.0 out of 5 stars",
      "text": "Many of the pepper corns in this blend are ~4-5 mm in diameter.  They will not work in either of my grinders.  Yes, very good grinders.",
      "helpfulness": "0"
    },
    {
      "date": "May 8, 2011",
      "title": "Subtle & Varied Peppery Spice For Every Dish!",
      "score": "5.0 out of 5 stars",
      "text": "The problem(s) with preground supermarket pepper is that the peppercorns are the cheapest that they can buy...and the preground product has already oxidized and lost all its freshness, potency, and breadth...which means you end up using much more of it than fresh-ground, and even then the flavor profile is flat and overpowering at the same time.This mix is the definition of \"peppery\"...like the way you would describe a certain note in a fine wine or French perfume...and the subtle zest really opens the other flavors of the dish the way fresh herbs from a garden do.",
      "helpfulness": "7"
    },
    {
      "date": "February 9, 2017",
      "title": "Okay for me",
      "score": "3.0 out of 5 stars",
      "text": "It's okay...not a great flavor, but not horrible. I'll keep looking. Not near as good as McCormicks mixed peppercorns...but costs less.",
      "helpfulness": "0"
    },
    {
      "date": "March 3, 2009",
      "title": "Great flavor and taste!",
      "score": "5.0 out of 5 stars",
      "text": "I highly recommend this product to anyone that enjoys rich flavor with their meals to order the \"Five Peppercorn Mix\". The peppercorns in this mix are truly delicious and they work well in the new peppercorn grinder I purchased to give to my husband for his birthday. We have used the peppercorns on steaks, salads, pasta and just about everything we cook to enhance the flavor of our meals. Again, this product is wonderful and you will not be disappointed. I was also impressed with the speed and great packaging when it arrived. Bon Appetite! Tricia",
      "helpfulness": "8"
    },
    {
      "date": "February 21, 2021",
      "title": "I hope this blend doesn't go away.",
      "score": "5.0 out of 5 stars",
      "text": "This is the second time I've ordered the same mix. What a wonderful flavor for anything that that you want to put fresh ground or cracked pepper on. Great on salads and any kind of egg dish.",
      "helpfulness": "0"
    }
  ]
}