{
  "product_title": "Nature's Path Organic Apple Cinnamon Instant Oatmeal, 14 oz (Pack of 6), Non-GMO",
  "byline_info": "Visit the Nature's Path Store",
  "product_description": "8 single-serve packets of quick cooking whole grain oats, with small pieces of organic dried apple, and hints of cinnamon. We’ve always thought organic oats were a great way to start the day – super healthy whole grains that keep you full. These single-serve packs are portion controlled so you can have a quick and easy breakfast (or day-time snack!). Simply add hot water and stir. Let it sit for a couple of minutes and you’re ready to enjoy. Or try them with our overnight oats recipe on the back of pack for an easy option you can grab and go. Packed full of whole grains, high in fiber, and a good source of protein, Nature’s Path organic oatmeal products are both tasty and healthy. Whether it’s our plain, original oats you like the best, or any one of our delicious flavor blends, all Nature’s Path boxes of oatmeal are filled with only simple, whole food, organic and non-GMO ingredients.",
  "category": [
    "Grocery & Gourmet Food",
    "Breakfast Cereal",
    "Oatmeal"
  ],
  "alt_images": [
    "https://m.media-amazon.com/images/I/51kiDraFAZL.jpg",
    "https://m.media-amazon.com/images/I/413hBbUsQeL.jpg",
    "https://m.media-amazon.com/images/I/51T032SEP9L.jpg",
    "https://m.media-amazon.com/images/I/514Scfus06L.jpg",
    "https://m.media-amazon.com/images/I/41Qptigg08L.jpg",
    "https://m.media-amazon.com/images/I/41lGcnrxCoL.jpg",
    "https://m.media-amazon.com/images/I/412A4ogEoeL.jpg"
  ],
  "product_detail": {
    "Is Discontinued By Manufacturer": "No",
    "Product Dimensions": "1.57 x 1.97 x 2.36 inches; 2.43 Pounds",
    "Item model number": "45004",
    "Manufacturer": "Nature's Path",
    "ASIN": "B000E4ALHO",
    "Units": "84.0 Ounce",
    "Best Sellers Rank": "#7,166 in Grocery & Gourmet Food (See Top 100 in Grocery & Gourmet Food) #53 in Oatmeal #218 in Breakfast Foods",
    "#53 in Oatmeal": "",
    "#218 in Breakfast Foods": "",
    "Customer Reviews": "4.6 4.6 out of 5 stars 2,078 ratings"
  },
  "important_information": {
    "Safety Information": "Produced in a facility that uses wheat, peanuts, tree nuts & soy.This product is labelled to United States standards and may differ from similar products sold elsewhere in its ingredients, labeling and allergen warningsProduced in a facility that uses wheat, peanuts, tree nuts & soy.This product is labelled to United States standards and may differ from similar products sold elsewhere in its ingredients, labeling and allergen warnings",
    "Ingredients": "Organic whole grain rolled oats, organic cane sugar, organic dried apple, organic cinnamon, sea salt, organic natural apple flavor.Organic whole grain rolled oats, organic cane sugar, organic dried apple, organic cinnamon, sea salt, organic natural apple flavor.",
    "Directions": "Show some oatmeal love - keep it cool and dry.Show some oatmeal love - keep it cool and dry.",
    "Legal Disclaimer": "Statements regarding dietary supplements have not been evaluated by the FDA and are not intended to diagnose, treat, cure, or prevent any disease or health condition.Statements regarding dietary supplements have not been evaluated by the FDA and are not intended to diagnose, treat, cure, or prevent any disease or health condition."
  },
  "rating": {
    "score": "4.6 out of 5",
    "dist": {
      "5 star": "84%",
      "4 star": "8%",
      "3 star": "3%",
      "2 star": "1%",
      "1 star": "4%"
    }
  },
  "top_comments": [
    {
      "date": "March 30, 2017",
      "title": "Nature's Path Organic Oatmeal Original Flavor-excellent product . . .iffy product information from Amazon",
      "score": "5.0 out of 5 stars",
      "text": "🌷🌷🌷a review from Mrs. L.🌷🌷🌷I gave this oatmeal 5 stars because the flavor, the quality of the food and the ease of preparation was outstanding. Given that we have a family member who requires a very low sodium diet, quick and easy breakfast options can be slim on our typically busy mornings.  And if I have time in the mornings, I would rather spend those minutes staring into a gigantic cup of steaming coffee than stirring a pulsating pot of steel cut or rolled oats. So, with great determination to overhaul our breakfast routine. Tipping towards ease of production and nutrition, I began my search for low sodium, high fiber, no added sugar, no or low sodium foods.Lordy! What an experience in researching products that fit my criteria. And, it's amazing what manufacturers put in food to enhance flavor.I finally decided to try Nature's Path Organic Oatmeal Original Flavor. What really sealed the deal was the comment that one reviewer made, that his wife just poured boiling water over it and let it sit for five minutes. I ordered the oatmeal and have used boiling water each time and it turns out perfectly. The oatmeal is good. It has a slightly nutty, earthy flavor. The oats are rolled, so they hold their texture. I add about two tablespoons of golden raisins to the mixture before I pour boiling water on it, so that the raisins give the oatmeal the perfect level of sweetness needed without added sugar. All in all, I just like the wholeness and goodness of a purely unadulterated oat product like these for breakfast.Now . . .on Amazon's product page for this product there is a picture of the box this oatmeal comes in. On the front of the box,it says \"NO SUGAR OR SALT ADDED\". But, the Amazon description says that it has a sprinkling of flavor enhancing sea salt. So, I picked up the phone and called the company in Washington state. The company said the Amazon description is incorrect. There is no added salt. They have tried to get Amazon the change the description to no avail.  Also, the company is very nice to deal with and they appreciate consumer questions and feedback.So, if you are looking for a sodium free oatmeal product, this product has no added salt.So, overall, this is an excellent product. Healthy, easy to make, good flavor and quality. Responsive company.",
      "helpfulness": "108"
    },
    {
      "date": "May 15, 2025",
      "title": "Good Quality Average Taste - Good for Instant",
      "score": "5.0 out of 5 stars",
      "text": "It's good for instant oatmeal.  I prefer their \"Homestyle\" much better texture, but it's significantly higher in $$$. I buy this because they run their own farms and it's ORGANIC.  I am not interested in eating the #1 Brand (Everyone knows who that is) and their GLYPHOSATE grown oats.  The price at Amazon is as good or better than I can find anywhere else.  I only buy the plain because I do not like added sugars or flax.  Ad the water then let it rest a few minutes while the oats expand.",
      "helpfulness": "One"
    },
    {
      "date": "March 5, 2025",
      "title": "Nice maple taste",
      "score": "5.0 out of 5 stars",
      "text": "This is my favorite oatmeal.  Easy to make.  Great price compared to supermarkets and great quality.  I always purchase this from Amazon because of the value.",
      "helpfulness": "0"
    },
    {
      "date": "March 27, 2025",
      "title": "Will continue to order it from Amazon",
      "score": "5.0 out of 5 stars",
      "text": "Arrived intact and on time. I like the flavor and the price. Unavailable in my area so I'm glad Amazon has it",
      "helpfulness": "0"
    },
    {
      "date": "August 3, 2025",
      "title": "Yummy",
      "score": "5.0 out of 5 stars",
      "text": "Favorite oatmeal …kids love it with some raw honey, fresh fruit, ghee & a sprinkle of cinnamon.",
      "helpfulness": "0"
    },
    {
      "date": "July 12, 2023",
      "title": "My go to breakfast!",
      "score": "5.0 out of 5 stars",
      "text": "Preparing this oatmeal is a breeze. The individual packets are convenient and perfectly portioned, ensuring a hassle-free breakfast experience. Simply add hot water, let it sit for a few minutes, and voila! You have a warm and comforting bowl of goodness ready to be enjoyed. The texture is just right, not too mushy or overly chewy, providing a pleasant mouthfeel with every spoonful.I also appreciate the environmental consciousness of Nature's Path. The company's dedication to sustainability and organic farming practices gives me confidence in the products I consume. It's reassuring to know that I'm supporting a brand that values both my well-being and the planet.",
      "helpfulness": "3"
    },
    {
      "date": "August 18, 2009",
      "title": "Nutritious but Sweetener Makes High Cal",
      "score": "4.0 out of 5 stars",
      "text": "This oatmeal delivers what it promises in terms of nutrients, flavor, and ease of use.  However, because I had become accustomed to eating unsweetened organic instant whole grain oatmeal (different brand), I was startled at how sweet this tasted.  (Once sugar use is reduced, the re-introduction of sugar can seem startling.)I like all the flavors without exception, and appreciated the variety.  I was able to reduce the sweet effect by adding extra water.  If you prefer sweetened cereal, then you'll probably end up raving about this product like many of the reviewers who preceded me.I won't be ordering this product again, however, due to the high caloric content created by the addition of sweeteners.  Oatmeal is a super wholesome food, of course.  Happily, it has a delicious nutty flavor naturally, which (for me, at least) doesn't need to be drowned out by sweeteners.  For added taste, any oatmeal can be flavored with cinnamon, pure organic vanilla, organic fruit, etc.  That's how I prefer to eat it.BTW, unsweetened organic whole grain instant oatmeal is cheaper than this brand, also.",
      "helpfulness": "10"
    },
    {
      "date": "July 28, 2025",
      "title": "Farewell, old friend.  I loved breakfasts with you a long time and you'll always be in my memories.",
      "score": "5.0 out of 5 stars",
      "text": "This is my favorite oatmeal, I have been eating it for absolutely years.  Sadly, that is over.  So I guess I should say that it was my favorite oatmeal and I'll try to be optimistic that I'll find another favorite.Nature's Path apparently has discontinued making this product.  So buy it while you can, then find a good alternative.  They still make a gluten-free version, but for me, it's no where near as good.My personal prep method is to make it before I go to bed with milk and add a tablespoon or two of maple syrup, and let it soak overnight in the fridge.  In the morning, 90 seconds in the microwave and I'm good to go.  I can only hope that Nature's Path sees the error of their ways and brings it back into production at some point.",
      "helpfulness": "0"
    }
  ]
}