{
  "product_title": "Cherrybrook Kitchen Gluten Free , Chocolate Cake Mix, 16.4-Ounce Boxes (Pack of 6)",
  "byline_info": "Brand: Cherrybrook Kitchen",
  "product_description": "Wheat free, gluten free, peanut free, dairy free, egg free, nut free. All natural. Finally, you can have your cake and eat it too! I'm Patsy Rosenberg, founder of Cherrybrook Kitchen, and I am aware of the growing need for delicious desserts without the concern for food allergies. After all, I have serious food allergies. I know first-hand that we all need a little chocolate boost or sugary sweets now and then. So we created these fabulously tasty mixes by working without allergens such as peanuts, tree nuts, dairy and eggs. You'll find our sweets to be deliciously satisfying for everyone-not just people with food allergies. We hope you make these amazing mixes part of your celebrations, everyday fun, or your once-in-a-while indulgence. It's time to enjoy what you've been missing. Made in America.",
  "category": [
    "Grocery & Gourmet Food",
    "Pantry Staples",
    "Cooking & Baking",
    "Baking Mixes",
    "Cakes"
  ],
  "alt_images": [
    "https://m.media-amazon.com/images/I/51pMOrsO72S.jpg",
    "https://m.media-amazon.com/images/I/41Zuvb9Ry1L.jpg",
    "https://m.media-amazon.com/images/I/41p1gp1j0GS.jpg"
  ],
  "product_detail": {
    "Is Discontinued By Manufacturer": "No",
    "Product Dimensions": "5.38 x 1.63 x 7.25 inches; 6.15 Pounds",
    "Item model number": "20011",
    "UPC": "182308220011",
    "Manufacturer": "Cherrybrook Kitchen",
    "ASIN": "B000FPFC4E",
    "Units": "98.4 Ounce",
    "Best Sellers Rank": "#363,700 in Grocery & Gourmet Food (See Top 100 in Grocery & Gourmet Food) #872 in Cake Mixes",
    "#872 in Cake Mixes": "",
    "Customer Reviews": "4.3 4.3 out of 5 stars 50 ratings"
  },
  "important_information": {
    "Ingredients": "Potato Starch, Evaporated Cane Juice, Natural Cocoa Powder, White Rice Flour, Tapioca Starch, Brownulated Sugar, Baking Soda, Xanthan Gum, Sea Salt.Potato Starch, Evaporated Cane Juice, Natural Cocoa Powder, White Rice Flour, Tapioca Starch, Brownulated Sugar, Baking Soda, Xanthan Gum, Sea Salt.",
    "Directions": "This box makes one 9 inch single-layer cake or 12 cupcakes. All You Need is: 1/2 cup vegetable oil; 1 cup cold water; 2 tsp gluten free vanilla; chocolate cake mix. 1. Heat oven to 350 degrees F. Grease the bottom and sides of a 9 inch round cake pan. For cupcakes use baking cups. 2. Combine oil, cold water, gluten free vanilla and cake mix in a bowl, scraping occasionally until well blended. Pour into pan. 3. Bake at 350 degrees F for 25 minutes; reduce baking time to 22 minutes for dark pans. Cake is done when a toothpick inserted into the center comes out clean. (Cupcake baking time is 15 - 18 min.) Cool 10 minutes before removing from your pan. Cool completely before frosting. 4. Enjoy!This box makes one 9 inch single-layer cake or 12 cupcakes. All You Need is: 1/2 cup vegetable oil; 1 cup cold water; 2 tsp gluten free vanilla; chocolate cake mix. 1. Heat oven to 350 degrees F. Grease the bottom and sides of a 9 inch round cake pan. For cupcakes use baking cups. 2. Combine oil, cold water, gluten free vanilla and cake mix in a bowl, scraping occasionally until well blended. Pour into pan. 3. Bake at 350 degrees F for 25 minutes; reduce baking time to 22 minutes for dark pans. Cake is done when a toothpick inserted into the center comes out clean. (Cupcake baking time is 15 - 18 min.) Cool 10 minutes before removing from your pan. Cool completely before frosting. 4. Enjoy!",
    "Legal Disclaimer": "Statements regarding dietary supplements have not been evaluated by the FDA and are not intended to diagnose, treat, cure, or prevent any disease or health condition.Statements regarding dietary supplements have not been evaluated by the FDA and are not intended to diagnose, treat, cure, or prevent any disease or health condition."
  },
  "rating": {
    "score": "4.3 out of 5",
    "dist": {
      "5 star": "73%",
      "4 star": "11%",
      "3 star": "0%",
      "2 star": "8%",
      "1 star": "8%"
    }
  },
  "top_comments": [
    {
      "date": "December 21, 2013",
      "title": "Fabulous",
      "score": "5.0 out of 5 stars",
      "text": "I tried both yellow and chocolate cake mix, they were both amazing. Non of my family members suffers any intolerance problem, but they still enjoyed them with me. It's hard to believe its not a normal mix!I tried to make them with coconut/olive oil mixture as recommended by some customers, but I really couldn't eat it. But I then made it with vagen margarine once and a normal vegetable oil once..they were both perfect. I found this mix more suitable for cupcakes. You can even refrigerate or freeze them then warm them a bit in microwave in the defrosting mood, they will taste as giid as freshly backed. I highly recommend both flavours.",
      "helpfulness": "One"
    },
    {
      "date": "April 3, 2015",
      "title": "YUMMY!",
      "score": "5.0 out of 5 stars",
      "text": "Everyone LOVES these cakes!  This is the closest to the \"real thing\" as they get and doesn't have tons of weird things in it to make up for the fact it's gluten free.  Also, mine have always been egg free and dairy free, too!Next up, I'm trying a Chocolate Cherry Cake for someone's birthday.I've made:Turtle CakePeanut Butter Chocolate CakeChocolate CakeWorks great for cupcakes, too!",
      "helpfulness": "One"
    },
    {
      "date": "February 18, 2021",
      "title": "Chocolate lover",
      "score": "5.0 out of 5 stars",
      "text": "This cake mix is great.  I use it for cup cakes, cakes, gobs, cake pops, donuts.....it is expensive.",
      "helpfulness": "0"
    },
    {
      "date": "July 26, 2013",
      "title": "Easy and Tasty",
      "score": "4.0 out of 5 stars",
      "text": "Fast and easy and surprisingly good.  I used canola oil (others have commented that oil type matters) and the cake turned out nicely.  Slightly dense and fudge-like.  My husband commented that it was dry, but not in a bad way, just not spongy like regular cake.  My son is allergic to wheat, eggs, dairy, corn and soy and I am so glad I found a cake I can make him for his upcoming first birthday!",
      "helpfulness": "0"
    },
    {
      "date": "October 21, 2017",
      "title": "Very disappointed.",
      "score": "1.0 out of 5 stars",
      "text": "The item arrived damaged. I ordered six boxes for a birthday party and all six of them was damaged. Very disappointed.",
      "helpfulness": "0"
    },
    {
      "date": "May 27, 2015",
      "title": "Disappointed",
      "score": "2.0 out of 5 stars",
      "text": "I have bought this mix a few times and the cake always turned out well.  Unfortunately, the mix is not quite the same anymore.  I followed the directions on the package just as I always have and the cake splits open on the top.  I had also noticed that the boxed icing was no longer available for quite a while and I had thought they discontinued it or the were redoing the recipe and packaging.  I was right about the latter.  A few months later, I noticed the icing was now prepared and in a jar.  You now get less icing for the money plus it tastes terrible.  Barely any chocolate taste at all.  I will  not be buying this brand anymore.  This is probably what is happening with all packaged food products.  I noticed the same thing with jarred chicken bouillian which used to be really good, but now it is nothing more then a salty paste.  Sad, sad, sad.  The next time I need a gluten-free cake, I will either make it from scratch, or order it from a gluten-free bakery.  Sorry Cherrybrook, but when you downsize your product, you should expect that you will have dissatisfied customers and they will not be happy.  I guess it's about time I start making my own cakes and icing now.  At least I have that to thank you for.  Back to basics like my grandma used to do!",
      "helpfulness": "0"
    },
    {
      "date": "May 21, 2020",
      "title": "sweet pleasures",
      "score": "5.0 out of 5 stars",
      "text": "My grandson cannot have flour, eggs, nuts etc and so I get Cherrybrook baking product’s for him.",
      "helpfulness": "0"
    },
    {
      "date": "February 12, 2010",
      "title": "Gluten free Baking made easy.",
      "score": "5.0 out of 5 stars",
      "text": "This is a wonderful product. ALways turns out the same and always delicious. I have served left overs to friends who did no have any idea that it was gluten free. My granddaughter just loves this and it makes her feel so good that she can both make and eat then and share with her friends.",
      "helpfulness": "0"
    }
  ]
}