{
  "product_title": "Ener-G Foods Egg-Free Raisin Loaf, 16-Ounce Packages (Pack of 6)",
  "byline_info": "Brand: ENER-G",
  "product_description": "Product Description   A top selling gluten-free bread made with white rice, tapioca flour and raisins. The Egg-Free Raisin Loaf is a great alternative to typical raisin breads as it is both gluten-free and egg-free. An excellent breakfast bread when warmed up or toasted.   About the Brand   Ener-G Foods, Inc. is a family-owned business located in Seattle, Washington. Purchased by Sam M. Wylde, founder of Sam Wylde Flour Co., in 1962, Ener-G Foods has evolved to become one of the largest producers devoted to special diet foods in the United States.  Our mission at Ener-G Foods, as one of the country's foremost producers of foods for diet-restricted individuals, is to provide a wide range of ready-made foods and mixes that are wholesome, nutritious, risk free, and good tasting. We are constantly responding to the demand for special diets with research, innovative products, and convenience foods.  Since 1962, when we first created low-protein products for renal pre-dialysis patients, we have striven to meet the challenging requirements for diet restricted consumers. We not only offer wheat-free, gluten-free products, but also products for low-protein diets, egg-free, and dairy-free products. Our bakery is dedicated to wheat-free, gluten-free baking, guaranteeing that contamination from gluten will not occur. Our innovative packaging gives our products a 1-year shelf life without the need for refrigeration. We bake our products as orders are received to insure that the freshest product is available. How we got to where we are today. In 1887, Sam M. Wylde's grandfather started the first flourmill in Seattle. It was built to supply export flour to the orient as well as supply flour to the people of Washington State. After World War I, Sam M. Wylde's father and uncles joined the family business and learned the milling industry. Meanwhile, Sam Wylde traveled the country and the world working at everything from elevator salesman to a ships' steward. Returning to Seattle after World War II, Sam Wylde was one of the founders of Brodie Restaurant and Hotel Supply, but when Sam's father took ill, he left Brodie to help run the family mill.  When Sam Wylde's father died, his uncles, Norman and Alan, decided to close the mill. Unemployed, Sam Wylde started Sam Wylde Flour Co. to distribute flour and bakery items to local bakeries. The fleet of trucks bearing Sam Wylde's name ranged all over Western Washington, from the Canadian border to as far south as Southern California. Fisher Mills, Inc, bought Sam Wylde Flour Co., of Seattle. Fisher Mills later sold Sam Wylde Flour Mills to a Dutch company, Puratos. Puratos has changed the name of Sam Wylde Flour Mills to Puratos. Fisher Mills no longer exists.  When Sam Wylde purchased Ener-G Foods, Inc. in 1962, we were little more than a two-person operation in which all packing was done by hand. Shortly after acquiring Ener-G Foods, Sam was approached by Dr. Scribner of the University of Washington. Dr. Scribner, known worldwide as the father of dialysis, is credited with inventing what we commonly call the kidney machine.  Meeting with Dr. Scribner and his dietitian, Sondra Aker, they explained that there was an acute shortage of dialysis machines and they desperately needed a low protein bread. The University of Washington had one dialysis machine for thousands of kidney patients. Since the kidneys convert protein to uric acid, if the protein intake were restricted, the kidneys would not have to work so hard, hence would require less frequent dialysis. Sam Wylde and Ener-G Foods worked on low-protein bread for about a year before arriving at an acceptable result. Made with a base of wheat starch it was low in protein, sodium, potassium and phosphorus, therefore acceptable for a low-protein diet. It was also discovered that by restricting protein intake, progression of renal failure could be slowed even for patients on the dialysis unit. Sometime later, Dr. Cyrus Rubin, inventor of the Rubin Biopsy Tube and professor of Gastroenterology at the University of Washington, sent his dietitian to us with a request for a gluten-free bread with one restriction, \"I don't want any wheat starch.\" Also at about the same time, Sam Wylde, Sr., developed prostrate cancer and Sam Wylde, III, having completed his MBA in Oregon, moved back to Seattle to assist his father with both Ener-G Foods and Sam Wylde Flour Co. Sam Wylde, III, began working nights on developing gluten-free breads and other products without the use of wheat starch.",
  "category": [
    "Grocery & Gourmet Food",
    "Breads & Bakery",
    "Breads"
  ],
  "alt_images": [
    "https://m.media-amazon.com/images/I/51v1byy9ROL.jpg"
  ],
  "product_detail": {
    "Is Discontinued By Manufacturer": "Yes",
    "Package Dimensions": "13.3 x 9.9 x 7.8 inches; 1 Pounds",
    "UPC": "075119145812",
    "Manufacturer": "Ener-G Foods",
    "ASIN": "B000FFRY1S",
    "Units": "96.0 Ounce",
    "Customer Reviews": "4.0 4.0 out of 5 stars 16 ratings"
  },
  "important_information": {
    "Safety Information": "If toasting use caution when removing from toaster. Do not leave toasting appliance unattended due to possible risk of fire.If toasting use caution when removing from toaster. Do not leave toasting appliance unattended due to possible risk of fire.",
    "Ingredients": "Filtered water, rice flour, raisins ,tapioca starch, brown rice flour, hi oleic safflower oil, plum puree (prune juice concentrate, dried plums), raisin juice concentrate (soluble raisin solids, water), yeast, methylcellulose, salt, sodium carboxymethylcellulose, calcium phosphate, baking powder (glucono delta lactones, calcium carbonate, magnesium carbonate). Enriched with thiamin (vitamin b1), riboflavin (vitamin b2), niacin, iron ,folic acid and vitamin dFiltered water, rice flour, raisins ,tapioca starch, brown rice flour, hi oleic safflower oil, plum puree (prune juice concentrate, dried plums), raisin juice concentrate (soluble raisin solids, water), yeast, methylcellulose, salt, sodium carboxymethylcellulose, calcium phosphate, baking powder (glucono delta lactones, calcium carbonate, magnesium carbonate). Enriched with thiamin (vitamin b1), riboflavin (vitamin b2), niacin, iron ,folic acid and vitamin d",
    "Directions": "Toast or Microwave (approx 40 seconds). Storage: Keep in a cool dry place. Does not need freezing. Refrigerate after opening to preserve freshness.Toast or Microwave (approx 40 seconds). Storage: Keep in a cool dry place. Does not need freezing. Refrigerate after opening to preserve freshness.",
    "Legal Disclaimer": "Statements regarding dietary supplements have not been evaluated by the FDA and are not intended to diagnose, treat, cure, or prevent any disease or health condition.Statements regarding dietary supplements have not been evaluated by the FDA and are not intended to diagnose, treat, cure, or prevent any disease or health condition."
  },
  "rating": {
    "score": "4 out of 5",
    "dist": {
      "5 star": "62%",
      "4 star": "10%",
      "3 star": "10%",
      "2 star": "9%",
      "1 star": "9%"
    }
  },
  "top_comments": [
    {
      "date": "March 26, 2022",
      "title": "Life Saver",
      "score": "5.0 out of 5 stars",
      "text": "This is a fantastic product. With a serious gluten allergy, this product is a life saver for us. Good tasting, fresh, love this.",
      "helpfulness": "0"
    },
    {
      "date": "June 15, 2009",
      "title": "Raisins aren't suppose to be green",
      "score": "1.0 out of 5 stars",
      "text": "Not sure if I just had bad luck with my last order of Ener G Foods.  I got moldy raisin bread along with my moldy sweet potato muffins.  Expiration dates were in 2010 so I didn't think I should have a problem. The weather in Wisconsin isn't that warm and humid yet to promote mold growth.  I have frozen the remainder of my packages to stop the mold process but I will hope for the best in my next ordering.",
      "helpfulness": "0"
    },
    {
      "date": "January 18, 2012",
      "title": "A Treat on a GF Diet. But, Beware!",
      "score": "2.0 out of 5 stars",
      "text": "Although not exactly as I remember raisin bread, it's a welcome treat after so long without. It has a good texture, toasts well, but could have more cinnamon flavor. It is somewhat pricey, but I miss bread, so I splurge a little.Update: I need to warn consumers that, although this packaging should last until the expiration date, you must examine this bread before you use it. At $44+ you can't eat this bread too fast, even though it is light. As I got to the last three loaves, I noticed mold on most of the slices. I hoped none was tainted that was already eaten. It was well before the expiration date. I now have too much of a distrust of this product to order it again. The Ener_G company took the bad bread back and will send me replacement loaves. They asked why I didn't order from them. From now on, I think i will. It can't be any more expensive. This price is no bargain.Found this at Vitacost,competitive price, fresh product. Still a treat.",
      "helpfulness": "One"
    },
    {
      "date": "October 23, 2008",
      "title": "Too bland and heavy",
      "score": "3.0 out of 5 stars",
      "text": "This raisin loaf would be much more palatable if it were of the light variety, if not made with a touch of cinnamon. Unless I toasted it, smothered it with \"butter\" and agave syrup or some such other spread, I found it to be really heavy and virtually tasteless. Great idea, though.",
      "helpfulness": "0"
    },
    {
      "date": "September 12, 2008",
      "title": "Decent considering it's GF/EF/DF",
      "score": "4.0 out of 5 stars",
      "text": "My three boys (all celiac, two egg allergic) love this toasted for snacks or breakfast.  Hubby (also a celiac!) likes it with cream cheese.  As a non-celiac, I can live without it.  It doesn't quite have what I am personally looking for, as far as taste is concerned.  But it's a nice alternative for my gluten free family.",
      "helpfulness": "0"
    },
    {
      "date": "September 20, 2008",
      "title": "Raisin Bread",
      "score": "5.0 out of 5 stars",
      "text": "This is an excellent variation of bread for a celiac person. The product is excellent toasted and gives me a treat that I have not had previously. The quality and texture are excellent.",
      "helpfulness": "0"
    },
    {
      "date": "October 14, 2008",
      "title": "Morning saver",
      "score": "5.0 out of 5 stars",
      "text": "This becomes the breakfast for my son, and no more rush on cooking pasta or frying pancakes in the morning. Just throw two slices into the Microwave and put some jam on. My son is all set. Now we can not live without it.It tastes best after heating and very like wheat bread.",
      "helpfulness": "0"
    },
    {
      "date": "September 17, 2014",
      "title": "this bread is fortunately no longer a must get",
      "score": "1.0 out of 5 stars",
      "text": "With all kinds of new gluten free breads on the market, this bread is fortunately no longer a must get.  I used it for years, because it was all that was available.  It must be toasted, or it tastes like cardboard.",
      "helpfulness": "One"
    }
  ]
}