{
  "product_title": "Pop Secret Popcorn, Homestyle, 6-Count Packages (Pack of 8)",
  "byline_info": "Brand: General Mills",
  "product_description": "Product Description   Sprinkled with salt & made with real butter. With real Land O Lakes butter. Microwave. Pop and serve bags. Carbohydrate Choices: 1 per 4 cups of popped corn. Made in USA.   From the Manufacturer   Pop Secret Homestyle Popcorn is popping something fresh every time. This premium microwave popcorn is filled with the lush taste of real Land O Lakes butter and sprinkled with just a dash of salt. But it's also loaded with protein and fiber, making Homestyle Popcorn a healthy alternative to other snacks. Pop it in the microwave for a fast, delicious treat for the whole family.",
  "category": [
    "Grocery & Gourmet Food",
    "Snacks & Sweets",
    "Snack Foods",
    "Popcorn",
    "Microwave"
  ],
  "alt_images": [
    "https://m.media-amazon.com/images/I/51Fbu6U69DL.jpg"
  ],
  "product_detail": {
    "Is Discontinued By Manufacturer": "Yes",
    "Package Dimensions": "13.2 x 11.7 x 8.7 inches; 1.31 Pounds",
    "UPC": "016000246904",
    "Manufacturer": "General Mills",
    "ASIN": "B000EMQFZI",
    "Units": "8 Count",
    "Customer Reviews": "2.1 2.1 out of 5 stars 19 ratings"
  },
  "important_information": {
    "Safety Information": "Contains milk ingredients.Contains milk ingredients.",
    "Ingredients": "Whole Grain Popcorn, Partially Hydrogenated Soybean Oil, Salt, Butter (Cream, Milk, Salt), Natural and Artificial Flavor, Color Added. Freshness Preserved By Propyl Gallate.Whole Grain Popcorn, Partially Hydrogenated Soybean Oil, Salt, Butter (Cream, Milk, Salt), Natural and Artificial Flavor, Color Added. Freshness Preserved By Propyl Gallate.",
    "Directions": "Microwave and listen for popping to slow down: Most bags will be done in Less than 4 minutes (some bags will be done in as few as 1 1/2 minutes). Center bag on turntable or floor of microwave. Set power on High for 4 minutes and stop microwave when popping begins to slow down (about 2 seconds between pops). Open Carefully: Bag is hot! Pick up bag from top. Open away from face and body.Microwave and listen for popping to slow down: Most bags will be done in Less than 4 minutes (some bags will be done in as few as 1 1/2 minutes). Center bag on turntable or floor of microwave. Set power on High for 4 minutes and stop microwave when popping begins to slow down (about 2 seconds between pops). Open Carefully: Bag is hot! Pick up bag from top. Open away from face and body.",
    "Legal Disclaimer": "Statements regarding dietary supplements have not been evaluated by the FDA and are not intended to diagnose, treat, cure, or prevent any disease or health condition.Statements regarding dietary supplements have not been evaluated by the FDA and are not intended to diagnose, treat, cure, or prevent any disease or health condition."
  },
  "rating": {
    "score": "2.1 out of 5",
    "dist": {
      "5 star": "24%",
      "4 star": "0%",
      "3 star": "0%",
      "2 star": "19%",
      "1 star": "57%"
    }
  },
  "top_comments": [
    {
      "date": "March 13, 2018",
      "title": "This was our absolute favorite popcorn growing up",
      "score": "1.0 out of 5 stars",
      "text": "This was our absolute favorite popcorn growing up.  It now leaves a flavorless, greasy film on the teeth, lips, and roof of mouth.  It is really disgusting. We are very disappointed and will obviously no longer purchase this product.",
      "helpfulness": "2"
    },
    {
      "date": "February 4, 2011",
      "title": "Was the best... but now?",
      "score": "2.0 out of 5 stars",
      "text": "The box no longer says made with real Land O'Lakes butter and evidently it no longer is.  The taste is off.  Evidently Diamond Foods (present owner of Pop Secret, General Mills wouldn't have made such a foolish decision) has no taste for quality.  This used to be the a premier pop corn.Now its just a kernel of what it once was.",
      "helpfulness": "One"
    },
    {
      "date": "May 2, 2012",
      "title": "This is the real thing",
      "score": "5.0 out of 5 stars",
      "text": "I have been fooled in the past by packages that sell the \"snack\" size so I had to look hard at the photo to confirm that the bags are the normal 3.2 OZ size. I am writing this review so YOU don't have to squint.",
      "helpfulness": "0"
    },
    {
      "date": "December 27, 2015",
      "title": "and it is no longer any good. Sad for me because it was my favorite",
      "score": "1.0 out of 5 stars",
      "text": "Oher viewers are right. They did change the recipe, and it is no longer any good. Sad for me because it was my favorite, and nowI have to find another brand. BUMMER!!!!",
      "helpfulness": "5"
    },
    {
      "date": "June 29, 2008",
      "title": "The ingredients have changed",
      "score": "2.0 out of 5 stars",
      "text": "I used to love the Homestyle Pop Secret. They have changed the recipe, and it no longer tastes the same.  It is not buttery now, it is just salty and greasy.They used to say contains Land o Lakes butter, now it says salt and buttery taste.  Not as good.",
      "helpfulness": "One"
    },
    {
      "date": "January 4, 2009",
      "title": "Best ever",
      "score": "5.0 out of 5 stars",
      "text": "This is the best microwave popcorn ever made.  I love how you get feel the salt on the popcorn.It is getting harder and harder to find the home style in the stores anymore.The price I paid on Amazon vs. the store price was near the same.  Amazons price was maybe $.15 more per box.",
      "helpfulness": "0"
    },
    {
      "date": "June 7, 2016",
      "title": "Recipe changed",
      "score": "1.0 out of 5 stars",
      "text": "The new recipe is awful! So sad!!! It WAS the best microwave popcorn on the market and now it tastes like all of the others.",
      "helpfulness": "2"
    },
    {
      "date": "October 21, 2008",
      "title": "Best Popcorn in the World!",
      "score": "5.0 out of 5 stars",
      "text": "I love buying items and groceries on Amazon.  The fact that you receive a discount for signing up for a subscription and no sales tax to pay.  This makes it cheaper than your local store.  Even better...it is delivered free to your front door.  It can't get any better than that!",
      "helpfulness": "0"
    }
  ]
}