{
  "product_title": "Alta Artisan Unbleached Flour - For Bread and Other Baked Goods, Bulk 50 Pound Bag_AB",
  "byline_info": "Visit the Honeyville Store",
  "product_description": "",
  "category": [
    "Grocery & Gourmet Food",
    "Pantry Staples",
    "Cooking & Baking",
    "Flours & Meals",
    "Wheat Flours & Meals"
  ],
  "alt_images": [
    "https://m.media-amazon.com/images/I/31fI6XtZDJL.jpg",
    "https://m.media-amazon.com/images/I/41KkbKkShKL.jpg"
  ],
  "product_detail": {
    "Package Dimensions": "26 x 16 x 6 inches; 50 Pounds",
    "ASIN": "B0007NC13Y",
    "Units": "800 Ounce",
    "Customer Reviews": "4.7 4.7 out of 5 stars 275 ratings"
  },
  "important_information": {
    "Legal Disclaimer": "Statements regarding dietary supplements have not been evaluated by the FDA and are not intended to diagnose, treat, cure, or prevent any disease or health condition.Statements regarding dietary supplements have not been evaluated by the FDA and are not intended to diagnose, treat, cure, or prevent any disease or health condition."
  },
  "rating": {
    "score": "4.7 out of 5",
    "dist": {
      "5 star": "83%",
      "4 star": "10%",
      "3 star": "3%",
      "2 star": "1%",
      "1 star": "3%"
    }
  },
  "top_comments": [
    {
      "date": "May 27, 2012",
      "title": "Amazing product!",
      "score": "5.0 out of 5 stars",
      "text": "This product is amazing! Thank you Honeyville for this magnificent flour. I've finally found what I was looking for in my breads -- this absolutely makes a huge difference. The look, the taste, the crust - everything comes out as intended.  If I ever open my own bakery I know who I will be ordering my flour from.When compared to other flours, even the KA brand (*bread makers will know who I'm talking about*), this flour is miles apart from competition. Gluten strands develop quickly due to higher protein %, the dough comes out creamy and easy to deal with.This dough is perfect for baking artisan loafs, making your own pizza and spaghetti.  Now, if you are looking to bake cakes with it, don't even try. You'd have to find a more appropriate flour type for the task.I'm very pleased with the delivery too. It was delivered within couple of days, the sack was packaged in a box and came undamaged. The shipping charge is also quite unusual for the weight of the package. Please keep it this way though. Again, I'm very pleased with the product. Will be coming back for more. And as others have already stated, espacially if you bake often, 50Lbs is not as much as you think but should last you quite a while.",
      "helpfulness": "8"
    },
    {
      "date": "April 25, 2020",
      "title": "So glad I found this flour!",
      "score": "5.0 out of 5 stars",
      "text": "I bake artisan Tartine bread several times a week and finding my usual King Arthur bread flour became impossible during all the COVID-19 shutdowns.  I was not worried about using up 50 pounds of flour, but rather worried about how I would store a single fifty pound bag.  I took another reviewer's suggestion and bought two 25 pound sealed food containers on Amazon and they work great.  The flour stores well at room temps for a year.  Yes, I am aware that the actual company sells the same flour more cheaply, but I really needed to have this flour.  It arrived quickly and Amazon packed the heavy bag in a cardboard box.  I needn't have worried about the bag splitting open or bad weather ruining the flour.  I made my first loaf today and it turned out really well.  Oven spring, as mentioned by another reviewer was excellent.  The crumb and flavor were terrific too.  I'm pretty sure that I'll keep buying this flour even when I can find other flours locally.",
      "helpfulness": "2"
    },
    {
      "date": "November 18, 2020",
      "title": "Excellent for sourdough baking",
      "score": "5.0 out of 5 stars",
      "text": "I bought this flour in the first wave of the pandemic because I couldn't find bread flour anywhere else. To my surprise, it turned out to be absolutely delicious in my sourdough baking. It's transformed my bread both in texture and taste. I love using it -- and my husband loves the results. It gives my loaves the structure they need to rise high.Now I'm (ahem: my husband's) finishing up that first sack and ready for my next. Excellent flour. I recommend it completely.I left the \"sheerness\" thing blank because I have no idea what that term means in relation to bread. As for value, it costs about as much as my regular premium flour brand, and a bit more than supermarket brands. I'm getting it more for the taste and performance than the cost.",
      "helpfulness": "0"
    },
    {
      "date": "June 6, 2020",
      "title": "Not enough gluten for my tastes",
      "score": "4.0 out of 5 stars",
      "text": "On the bag they brag how this is a lower gluten flour than many bread flours and therein likes my issue. This flour is just a notch above AP in my opinion, for bread and bagels.  It does make a superb crust and tastes great but I prefer a higher protein flour for a chewier, stretchier center. This was a bit dry in the center. I would rate this below KA and Bob's RR. BTW, this was basically the only bread flour available anywhere in the  USA due to the pandemic, so I bought this huge bag thinking I'd struck gold. Not as great as I thought it woudl be.",
      "helpfulness": "One"
    },
    {
      "date": "April 7, 2013",
      "title": "This flour is fantastic.",
      "score": "5.0 out of 5 stars",
      "text": "My wife is the baker in our family and I'm not all that experienced. However, I know what I like to eat and I like good bread. Recently I decided it was time I got into attempting to bake my own bread and my daughter gave me some tools and a kneedless bread book to kick start my efforts.My first breads were actually quite good and as I tried different flours I started to get a feel for small differences between them. After reading these Amazon reviews on Alta flour I decided to give it a try (rather risky for a beginning baker to go for 50 lbs of flour). I immediately noticed that my bread wasn't rising as fast or as much as it had with King Arthur Bread flour and I was feeling a bit insecure. However, after I got a loaf out of the oven, let it cool, then cut into it, I have to say, this is the flour I've been looking for. My breads have more substance to them, the crust was always great but now it's chewier, and this is exactly the kind of bread I was dreaming about baking.Thanks for keeping the shipping cost low which enables those of us who don't have a retail store that carries this product near us to use it. You might consider selling this in smaller quantities so people could test it before committing to 50 lbs but at this point I'm very glad I did.",
      "helpfulness": "4"
    },
    {
      "date": "April 12, 2020",
      "title": "works really well for homemade sourdough bread",
      "score": "5.0 out of 5 stars",
      "text": "I bought a large amount of flour because bread has been an unreliable staple during COVID-19, and there has been literally no yeast available to make simple quick breads.  This flour is working really, really well for homemade sourdough bread. The bread is rising higher and has a more complex flavor. I doubt I’ll make bread all of the time when I can just buy it, but I’m amazed at how good it is homemade!This is expensive flour, but it makes inexpensive bread. Sourdough is just the starter, flour, and water (and a lot of time). Weighing it out, I estimate the bread is about 55 cents per full-size loaf made out of this flour. It would be $3 at the store- if the store had bread.",
      "helpfulness": "18"
    }
  ]
}