{
  "product_title": "A Taste of Thai Peanut Noodles - 5.25oz Pack of 6 Heat & Eat Instant Noodles Flavored with Classic Thai Sauce | Gluten-Free | Ideal Vegan Meal | Perfect Side for Chicken Fish & Meat Entrees",
  "byline_info": "Visit the A Taste of Thai Store",
  "product_description": "Product Description   This is our most popular Quick Meal. Authentic Thai Peanut Noodles have never been so easy before- ready in the microwave in just 4 minutes!   About the Brand   A Taste of Thai, producing everything you need to cook authentic Thai dishes, is one of six brands distributed by Andre Prost Inc., a specialty foods company based in Old Saybrook, Conn. The company's other brands are Notta Pasta gluten-free pasta, Odense almond paste and marzipan, Honees honey-filled candies, Zotz Candies, and Ginger Snaps classic Sweedish cookies.",
  "category": [
    "Grocery & Gourmet Food",
    "Pantry Staples",
    "Canned, Jarred & Packaged Foods",
    "Packaged Meals & Side Dishes",
    "Pasta & Noodle Dishes",
    "Noodle"
  ],
  "alt_images": [
    "https://m.media-amazon.com/images/I/51qwkrHKaOL.jpg",
    "https://m.media-amazon.com/images/I/51aiYhlSuoL.jpg",
    "https://m.media-amazon.com/images/I/41Z8+3zMqxL.jpg",
    "https://m.media-amazon.com/images/I/51qXYnbrl9L.jpg",
    "https://m.media-amazon.com/images/I/41zN0qK77WL.jpg",
    "https://m.media-amazon.com/images/I/31G4ETjEzBL.jpg",
    "https://m.media-amazon.com/images/I/51+kmOUFD+L.jpg"
  ],
  "product_detail": {
    "Product Dimensions": "3.31 x 4.37 x 5.51 inches; 5.75 ounces",
    "Item model number": "8075",
    "UPC": "070650800756",
    "Manufacturer": "Taste of Thai",
    "ASIN": "B001SB0G8G",
    "Units": "31.5 Ounce",
    "Best Sellers Rank": "#35,770 in Grocery & Gourmet Food (See Top 100 in Grocery & Gourmet Food) #106 in Packaged Noodle Dishes",
    "#106 in Packaged Noodle Dishes": "",
    "Customer Reviews": "4.0 4.0 out of 5 stars 747 ratings"
  },
  "important_information": {
    "Safety Information": "Allergens: Contains peanuts, soybeans.Allergens: Contains peanuts, soybeans.",
    "Ingredients": "SAUCE INGREDIENTS: sugar, peanuts, spices (chili powder, kaffir lime leaf powder, lemongrass powder), modified tapioca starch, salt, hydrolyzed vegetable protein (soybeans, corn, maltodextrin), dextrose, tricalcium phosphate (to prevent caking), yeast extract, malic acid. COCONUT MILK POWDER INGREDIENTS: coconut, glucose syrup (tapioca), mono and diglyceride (an emulsifier), dipotassium phosphate (a stabilizer), silicon dioxide (to prevent caking). PEANUT SACHET INGREDIENTS: peanuts, tocopherol (an antioxident). RICE NOODLES INGREDIENTS: rice flour, water, modified tapioca starch.Allergens: contains peanuts, soybeans, coconut.SAUCE INGREDIENTS: sugar, peanuts, spices (chili powder, kaffir lime leaf powder, lemongrass powder), modified tapioca starch, salt, hydrolyzed vegetable protein (soybeans, corn, maltodextrin), dextrose, tricalcium phosphate (to prevent caking), yeast extract, malic acid. COCONUT MILK POWDER INGREDIENTS: coconut, glucose syrup (tapioca), mono and diglyceride (an emulsifier), dipotassium phosphate (a stabilizer), silicon dioxide (to prevent caking). PEANUT SACHET INGREDIENTS: peanuts, tocopherol (an antioxident). RICE NOODLES INGREDIENTS: rice flour, water, modified tapioca starch.Allergens: contains peanuts, soybeans, coconut.",
    "Directions": "1. Remove all envelopes from carton. Fill carton with 1 cup water. 2. Empty contents of all envelopes into carton, except peanuts. 3. Close carton and microwave on High for 3 minutes. Open carefully (Hot) and stir to combine. Close carton. 4. Microwave again for 1 minute. Let rest. Open carefully, sprinkle on peanuts, stir through. Enjoy. Caution: Contents will be hot after microwaving, handle with care.1. Remove all envelopes from carton. Fill carton with 1 cup water. 2. Empty contents of all envelopes into carton, except peanuts. 3. Close carton and microwave on High for 3 minutes. Open carefully (Hot) and stir to combine. Close carton. 4. Microwave again for 1 minute. Let rest. Open carefully, sprinkle on peanuts, stir through. Enjoy. Caution: Contents will be hot after microwaving, handle with care.",
    "Legal Disclaimer": "Statements regarding dietary supplements have not been evaluated by the FDA and are not intended to diagnose, treat, cure, or prevent any disease or health condition.Statements regarding dietary supplements have not been evaluated by the FDA and are not intended to diagnose, treat, cure, or prevent any disease or health condition."
  },
  "rating": {
    "score": "4 out of 5",
    "dist": {
      "5 star": "65%",
      "4 star": "9%",
      "3 star": "6%",
      "2 star": "5%",
      "1 star": "15%"
    }
  },
  "top_comments": [
    {
      "date": "March 3, 2017",
      "title": "quick noodle fix",
      "score": "5.0 out of 5 stars",
      "text": "A quick, inexpensive way to get a Thai noodle fix.If you're familiar with Thai cuisine, you certainly won't be mistaking this noodle box for an authentic fresh meal. But with a calorie count suitable for a light meal (560 calories per box), lower sodium than usual for such products (22% DV per box), and reasonable flavor, it's an easy, savory meal to make.I recommend fleshing out the flavors with at least some hot sauce (a couple of squirts of sriracha in the liquid before microwaving will do the truck). If you're more industrious or better supplied, add some chopped jalapeno, scallions, cilantro. Maybe also a couple of sprouts and some additional coarsely chopped peanuts. All of that isn't necessary but will add freshness, texture, and depth of flavor.Recommended as a light meal to keep in the pantry for when cooking or takeout are too taxing.",
      "helpfulness": "13"
    },
    {
      "date": "August 26, 2023",
      "title": "Will buy again and again",
      "score": "5.0 out of 5 stars",
      "text": "I love these noodles. They are savory, sweet and spicy all at the same time. Super easy to make. Just a few minutes in the microwave and let set for several minutes and eat. I will absolutely order this again and again. I used to be able to buy them at my local big box store but they stopped carrying them. I'm so happy I can find them on Amazon.",
      "helpfulness": "One"
    },
    {
      "date": "August 8, 2023",
      "title": "Sooooooooo good",
      "score": "1.0 out of 5 stars",
      "text": "These noodles are so gas, I could eat them all three meals and be satisfied. It’s nice because they’re delicious alone or you can add veggies and a protein if you’re a little hungrier or have a little more time. I like to add chicken or shrimp, scrambled egg, or snow peas and shredded carrot. Or you could add them all.There’s some spice to it, but as someone who doesn’t enjoy spicy food it isn’t too overwhelming. 10/10 I go through a box of 6 of these in like 3/4 days tops.Edit: I order these frequently. 6 cartons. I do not see any option to buy only one carton. However, twice now, I have ordered the 6 cartons and received only one carton along with packing bubbles. Very annoying, and Amazon makes you do a song and dance to get your money back since this item has no returns or exchanges. I was basicallly called a liar the first time I complained because they claimed the weight of the package was correct- even though it wasn’t.Second edit: Amazon never did a thing but apparently upon seeing this review the company mailed me two random separate cartons. Not all the cartons I’m owed but I appreciate the sentiment and I was stoked to receive them since I stopped ordering them when this all went down, so I’m happy. Changing my review back to 5 stars. If you guys wanted to send me the other 8 cartons I missed out on that’d be cool but I ain’t greedy I’ll take what I got lol.Third edit: it happened again. I ordered a six piece again because my Alexa told me they were cheap and lo and behold I get one lone carton like a loser. Changing my review to one star because this seller is an absolute SCAM ARTIST. DO NOT BUY THESE EVEN THOUGH THEY ARE DELICIOUS. Buy elsewhere. Sometimes they have them at convenience stores and  big lots. And market basket if you’re in New England.",
      "helpfulness": "8"
    },
    {
      "date": "November 22, 2022",
      "title": "Love these noodles!",
      "score": "5.0 out of 5 stars",
      "text": "These noodles are a favorite for my husband and me. They have just the right amount of red curry heat! The portion size is very generous, and we frequently split on box between us, and enjoy them with something like egg rolls. They're super satisfying and well worth the trouble of ordering them, since I'm unable to find them in my local grocery store. Delicious!",
      "helpfulness": "One"
    },
    {
      "date": "March 25, 2023",
      "title": "Price a little high",
      "score": "5.0 out of 5 stars",
      "text": "Cost is a bit high. But they have all but disappeared from the stores. So what can you do?Flavor is nice. We add canned chicken to ours and makes a great little meal. Fast and easy.",
      "helpfulness": "2"
    },
    {
      "date": "August 31, 2025",
      "title": "The",
      "score": "4.0 out of 5 stars",
      "text": "When I recently discovered that my local grocery stores were no longer carrying these, I was relieved to see them here!They are a little pricier now than they used to be, but still as tasty and convenientIf you love peanut flavors and thin noodles, you'll enjoy this!",
      "helpfulness": "0"
    },
    {
      "date": "July 13, 2024",
      "title": "Yummy",
      "score": "5.0 out of 5 stars",
      "text": "I love this, it’s soo good. I buy them all the time from Amazon cause it’s hard to find them near me",
      "helpfulness": "0"
    },
    {
      "date": "September 5, 2023",
      "title": "5-star product, 1-star fulfillment",
      "score": "3.0 out of 5 stars",
      "text": "I absolutely love these noodles and would live on them if I could. The product itself gets five stars. I'm a celiac and finding easy-to-prepare, healthy meals is always a chore, and these are a standby for me. I highly recommend them.But here's the problem: I ordered the 6-pack and the box that arrived contained just one box of peanut noodles in it. I was furious. The app said it was impossible to return, but I got on my computer and made my way through the customer service maze and got my money back. I was going to reorder, thinking it was a fluke, but there are at least half a dozen other reviews reporting the same problem. Amazon, fix your mess. I'll have to look elsewhere in the meantime because I'm not risking it happening to me again.",
      "helpfulness": "10"
    }
  ]
}