{
  "product_title": "Just the Cheese Mini Round Snacks, Classic White Cheddar, 0.5-Ounce Bags (Pack of 16)",
  "byline_info": "Visit the JUST THE CHEESE Store",
  "product_description": "Product Description   Baked and natural. Pure Wisconsin cheese. A good source of protein and calcium. 1 g carbohydrates per serving. Just the Cheese Crunchy Baked Cheese is 100% real Wisconsin Cheese with seasoning. Each bag contains more than 5 grams of protein and more calcium than a cup of milk yet has only one gram of carbohydrates. No MSG, no wheat or wheat products, gluten free.   About the Brand   Just the Cheese is made by Specialty Cheese Company, Inc., which owns and operates four of the oldest and smallest cheese plants in the United States. More than 60 small family farmers supply Specialty Cheese Company with their milk every day. Their 110 employees, led by ten Wisconsin licensed cheesemakers, make more than 35 varieties of cheese representing dozens of ethnic traditions. \"Over the years, our cheesemakers have demonstrated their talents by producing 'grand champion cheeses' of many varieties. In fact, our skilled cheesemakers have trophies that cover the range of traditional cheeses plus our newer, more distinctive varieties.\" \"The facts about our company's history are a bit obscured due to the lack of records, we do know that our oldest factory, the Leader plant, has been continuously making cheese for at least 150 years. You see, the earliest real estate deed we can find for the property simply says that when the factory was sold to our predecessors in 1839 it was being used as a 'cheese factory.' That makes the plant the oldest functioning cheese plant in Wisconsin! Our other two plants are comparatively new--they merely date back to the turn of the century.\" At that time, there were more than 4,000 cheese factories in Wisconsin. Today there are fewer than 150. The company's four plants are among the few that have survived the pressures of change. \"We have done so by investing in plant improvements (the Leader plant, for instance, is now one of the smallest USDA approved plants in the country) and changing the types of cheese we produce,\" they say. \"By applying our cheesemakers' skills to producing new varieties of cheese and constantly seeking to improve our product quality, we have been able to increase our plants' production and double their employment in the past five years.\" \"We are proud to continue Wisconsin's tradition of producing the finest cheese to the most exacting standards. We plan to do so with more cheesemaking innovations through the 21st century!\"",
  "category": [
    "Grocery & Gourmet Food",
    "Snacks & Sweets",
    "Snack Foods",
    "Crackers"
  ],
  "alt_images": [
    "https://m.media-amazon.com/images/I/51D1aZUiqmL.jpg",
    "https://m.media-amazon.com/images/I/41RdnBjyHTL.jpg",
    "https://m.media-amazon.com/images/I/41LCUZL5RyL.jpg",
    "https://m.media-amazon.com/images/I/41pOAcoXuZL.jpg",
    "https://m.media-amazon.com/images/I/31DyIe5WZDL.jpg"
  ],
  "product_detail": {
    "Package Dimensions": "6.7 x 6.6 x 5.1 inches; 8 ounces",
    "Item model number": "44870",
    "Manufacturer": "Just the Cheese",
    "ASIN": "B000EML7DS",
    "Units": "8.0 Ounce",
    "Customer Reviews": "3.5 3.5 out of 5 stars 728 ratings"
  },
  "important_information": {
    "Ingredients": "Cheese (Milk, Salt, Cheese Cultures, Enzymes), Other Natural Flavors, Autolyzed Yeast, Maltodextrin From Corn, Yeast Extract.Cheese (Milk, Salt, Cheese Cultures, Enzymes), Other Natural Flavors, Autolyzed Yeast, Maltodextrin From Corn, Yeast Extract.",
    "Legal Disclaimer": "damageddamagedStatements regarding dietary supplements have not been evaluated by the FDA and are not intended to diagnose, treat, cure, or prevent any disease or health condition.Statements regarding dietary supplements have not been evaluated by the FDA and are not intended to diagnose, treat, cure, or prevent any disease or health condition."
  },
  "rating": {
    "score": "3.5 out of 5",
    "dist": {
      "5 star": "48%",
      "4 star": "11%",
      "3 star": "8%",
      "2 star": "11%",
      "1 star": "22%"
    }
  },
  "top_comments": [
    {
      "date": "February 27, 2015",
      "title": "Don't let the bad reviews scare you.",
      "score": "5.0 out of 5 stars",
      "text": "To start this review off, I just got home from work and my package of Just the Cheese was waiting for me. I opened it up, tore open one of these mini bags, and tried a cheese round. I am on a low carb diet.Alright, I have to say these things get WAY too many bad reviews from people who are clearly not looking for a replacement snack/junk-food!! These things are AWESOME! I would totally eat these things regardless of my diet. NO they aren't flavorless, they are very much cheesy and so yummy. They are totally not too salty for me, but few things are, although I would happily eat something far more salty than these are. Absolutely NOT STALE, they are 0% stale, they are perfectly crunchy and crispy and crumble apart in your mouth. Very comparable to Cheese-Its, I would even prefer these over other cheese snacks.So my message to everyone out there: If you're not ultra sensitive/picky, if you like cheesy snacks and junkfood, and especially if you're on a low-carb diet, DO NOT LET BAD REVIEWS SCARE YOU AWAY!! Other reviews scared me away from buying these for months and I continued suffering through endless pork rinds on my diet :( I'm so glad I finally threw caution to the wind and bought these. Even if you're not on a low-carb diet, give these a try, they are honestly very good.This review is for Just the Cheese Mini Round Snacks, Classic White Cheddar flavor. They are 0.5 ounce bags, the bags are pretty small but they give you a fair amount of cheese rounds per bag. The bags are a bit shorter than the length of your hand (from fingertip to wrist) and big enough around for you to almost wrap your hand all the way around. They're advertised to have 0.5 (1/2) gram of carbs per bag on the box, yet the bags advertise 1 gram per bag. This is a contradiction that really should be corrected. Either way, it's a great snack.",
      "helpfulness": "164"
    },
    {
      "date": "March 12, 2012",
      "title": "Cheese droppings",
      "score": "1.0 out of 5 stars",
      "text": "Yuck. I'd use a more colorful title for this review than \"cheese droppings\" that means the same thing but rhymes with \"cheese curds\" but am not sure that'd make it past Amazon's content policies.You know how if you're baking a pizza or something and some of the cheese falls off and lands directly on the pan, then overcooks into a hard, crunchy, oily salt lick? Yeah, that's what these are. They're strongly flavored to hide the underlying horror. It doesn't help.I should admit that I'm not this product's target audience. I was just looking for a tasty snack, not realizing that these are intended for people on ultra-low-carb diets. But if you want to get 100% of your snack calories from fat, might I suggest pork rinds? They've got a pleasant bacon-y taste and are not foul abominations like these are. Or if pork rinds aren't to your taste, perhaps you could try drinking used motor oil. I'm pretty sure that doesn't have any carbs either, and can't taste much worse.I see that a few reviewers have said things that weren't entirely negative. Well, everybody's entitled to an opinion, and theirs is wrong. I'm stuck with a bunch of this garbage and I don't know what to do with it. I'd send them to my worst enemy, but I don't hate him all _that_ much.",
      "helpfulness": "One"
    },
    {
      "date": "March 26, 2015",
      "title": "Addicting but perfect for Low Carb Munchers and Cheese Lovers",
      "score": "5.0 out of 5 stars",
      "text": "These crunchy little snacks are pretty darn scrumptious. They have a very strong butter taste to me and a lot of salt; two key ingredients in what makes a good grilled cheese. This is a small bag (see the picture) and it touts the big claim of only having 1/2grams of carbs.  16 of these little bags come with the order, making it enough to supply you 2 weeks worth of a great salty snacks for lunch.The actual cheese bites are about the size of a dime and you can go through them pretty quickly!!  There is 225mgs of Sodium in the bag and the recommended daily dose is 2300mgs which if you aren't counting can add up pretty quickly.My only complaint the size. They aren't fun to scoop up the remains of your salads but they do make a big splash in soups - and crushed up , they add a great crunch to anything that needs one!  Overall, I think products like this should become more ubiquitous considering how few option low carb people have. Oh, they are gluten free!",
      "helpfulness": "30"
    },
    {
      "date": "June 6, 2017",
      "title": "Contains filler ingredients and tarnishes WI's dairy reputation",
      "score": "2.0 out of 5 stars",
      "text": "I bought these because I am on a low carb diet, and being originally from Wisconsin, I love cheese. First of all, I was surprised at how small the rounds were. They are like fat little dime sized rounds in a very small packet. At well over a buck a packet when buying in bulk, they are very pricey.  Also, they are really salty. They are not flavorless, but they are not the greatest either. I suspect part of that is because they contain maltodextrin, which is a very high glycemic (translate: bad) \"filler\" ingredient with no nutritional value whatsoever. I put these in the \"low quality\" Wisconsin cheese product category (and trust me, I have been eating WI dairy products my entire life).  I just wished I had researched the ingredients before purchase (my bad).That said, I have made excellent homemade cheese rounds many times (usually Parmesan, but also cheddar). The trick to tasty crispy cheese rounds is to make them quarter to half dollar sized, super thin, and without crappy fillers like maltodextrin (seriously, google it. That stuff is BAD). These are way too thick, so they don't have that \"snap\" quality. They just crumble instead.  I would not buy these again. I will likely try to give these away if I can find anyone willing to eat them.",
      "helpfulness": "One"
    }
  ]
}