{
  "product_title": "Scott's Cakes 1 Pound White Chocolate Covered Caramels in a Homestead Box",
  "byline_info": "Brand: Scott's Cakes",
  "product_description": "All our Caramels are made with our rich delicious caramel that is made with the finest ingredients, and is cooked to perfection. Then they are dipped in our quality chocolates and individually wrapped in our elegant gold candy foils.",
  "category": [
    "Grocery & Gourmet Food",
    "Snacks & Sweets",
    "Candy & Chocolate",
    "Caramels"
  ],
  "alt_images": [
    "https://m.media-amazon.com/images/I/41H5XJH427L.jpg"
  ],
  "product_detail": {
    "Manufacturer": "Scott's Cakes",
    "ASIN": "B000F6NFC4",
    "Customer Reviews": "5.0 5.0 out of 5 stars 1 rating"
  },
  "important_information": {
    "Legal Disclaimer": "Statements regarding dietary supplements have not been evaluated by the FDA and are not intended to diagnose, treat, cure, or prevent any disease or health condition.Statements regarding dietary supplements have not been evaluated by the FDA and are not intended to diagnose, treat, cure, or prevent any disease or health condition."
  },
  "rating": {
    "score": "5 out of 5",
    "dist": {
      "5 star": "100%",
      "4 star": "0%",
      "3 star": "0%",
      "2 star": "0%",
      "1 star": "0%"
    }
  },
  "top_comments": [
    {
      "date": "December 14, 2010",
      "title": "Sweet tooth satisfied",
      "score": "5.0 out of 5 stars",
      "text": "I sent the candies as a gift to Friends in Florida..... the comments were as follows  Delicious!!! Yumm,  Soft and Chewy  and very Addictive!!!my suggestion,  remember to ask for a gift card to be included in the box, or the folks won't know who sent them.",
      "helpfulness": "0"
    }
  ]
}