{
  "product_title": "Hodgson Mill European Cheese & Herb Bread Mix 16-Ounce Boxes (Pack of 6), Bread Mix for Bread Machines or Oven Baked Bread, Yeast Included",
  "byline_info": "Brand: Hodgson Mill",
  "product_description": "Product Description   Bread and cheese lovers will love the Hodgson Mill European Cheese & Herb Bread Mix, which features mildly aged cheddar. It will make a delicious bread that people will relish and fight over the last piece for! Made of only the finest ingredients, bake a mouth-watering tasty bread that is cholesterol free, fat free, and certified Non-GMO. It will surely be a crowd-pleaser! This unique, easy-to-bake European Cheese & Herb bread mix is also versatile - bake up a crispy focaccia, fresh bread sticks, or a cheesy pizza crust that will take your taste buds on a European getaway! This bread mix also comes with Hodgson Mill’s unique and reliable Fast Rise Yeast for easier baking either by hand or in a bread machine.Look to Hodgson Mill for trusted excellent quality products that you, your family, and friends will enjoy. Hodgson Mill has been producing the highest quality baking and meal products, including organic foods, with pride for over 125 years. Hodgson Mill only uses only premium grains to produce tasty and better for you flours, mixes, cereals, pastas and sides, all quality-made in the USA.   From the Manufacturer   A unique and flavorful blend accented with natural herbs and two cheeses, our European Cheese and Herb Bread Mix takes your taste buds on a European getaway! This mix is as versatile as it is tasty--use it to bake up crispy focaccia, hot and tasty bread sticks, or to create a uniquely spiced and cheesy pizza crust. Like all our bread mixes, our European Cheese and Herb mix comes pre-measured, pre-mixed, and with a packet of our reliable Hodgson Mill Fast Rise Yeast.",
  "category": [
    "Grocery & Gourmet Food",
    "Pantry Staples",
    "Cooking & Baking",
    "Baking Mixes",
    "Breads"
  ],
  "alt_images": [
    "https://m.media-amazon.com/images/I/61cMaNtv4uL.jpg",
    "https://m.media-amazon.com/images/I/616G8ygwEYL.jpg",
    "https://m.media-amazon.com/images/I/51PgKlsejEL.jpg",
    "https://m.media-amazon.com/images/I/51xBQRpPDIL.jpg",
    "https://m.media-amazon.com/images/I/61ZyNZRwrdL.jpg",
    "https://m.media-amazon.com/images/I/41jjmCH5Q-L.jpg",
    "https://m.media-amazon.com/images/I/51Q6C7oGLzL.jpg"
  ],
  "product_detail": {
    "Package Dimensions": "10.8 x 7.9 x 7.5 inches; 7.3 Pounds",
    "Item model number": "71518008048",
    "Manufacturer": "Hodgson Mill",
    "ASIN": "B000FDDESC",
    "Units": "96 Ounce",
    "Customer Reviews": "4.2 4.2 out of 5 stars 1,269 ratings"
  },
  "important_information": {
    "Safety Information": "This product is labelled to United States standards and may differ from similar products sold elsewhere in its ingredients, labeling and allergen warningsThis product is labelled to United States standards and may differ from similar products sold elsewhere in its ingredients, labeling and allergen warnings",
    "Ingredients": "Unbleached and enriched flour (wheat flour, malted barley flour, niacin, iron, thiamine, riboflavin, folic acid); sugar; vital wheat gluten; buttermilk powder; mildly aged cheddar cheese (milk, salt, cultures, enzymes and disodium phosphate); salt, natural cheese flavor; spices, Vitamin C. Packet of Fast Rise yeast included.Unbleached and enriched flour (wheat flour, malted barley flour, niacin, iron, thiamine, riboflavin, folic acid); sugar; vital wheat gluten; buttermilk powder; mildly aged cheddar cheese (milk, salt, cultures, enzymes and disodium phosphate); salt, natural cheese flavor; spices, Vitamin C. Packet of Fast Rise yeast included.",
    "Directions": "Automatic Bread Machine: Ingredients (1-1/2 lb Machine/1 lb Machine): Water (Warm - 1 cup /3/4 cup); Dry Bread Mix (entire package/measure 2-1/2 cups); Butter, Margarine (Light and whipped margarines do not work well) or Vegetable Oil (2 tbsp - in pieces/1-1/2 tbsp - in pieces); Yeast (entire packet/measure 1 tsp). Hodgson Mill European Cheese & Herb Bread Mix is formulated especially for 1-1/2 lb electric bread machines, but can be easily adjusted for the smaller one-pounders. Simply follow the grid above and always consult your particular make and model bread machine manufacturer's directions. Use the whole wheat bread setting on your machine. Oven Baked Bread: 1. Pour contents of package into bowl. Using a fork cut 2 tbsp, butter, margarine (Light and whipped margarines do not work well) or vegetable oil. 2. In another large mixing bowl, mix dry yeast and 1 cup warm water. Let stand for 5 minutes. 3. Gradually stir in enough bread mix to make a soft dough, reserving some mix to lightly flour a surface for kneading. Turn dough onto surface and knead until smooth; about 5 minutes. 4. Coat a large, clean mixing bowl with vegetable shortening. Place dough in bowl. Cover with a damp cloth and let rise until double (1 to 1-1/2 hrs). 5. Punch down and turn dough onto lightly floured surface. Form dough into a loaf and place into greased 8-1/2 x 4-1/2 x 2-1/2 inch bread pan. Do Not Cover. Allow to rise in a warm place until dough rises just above top of the pan (30 min to 1 hour). 6. Bake in preheated 350 degrees F oven until golden brown (30 to 35 minutes). Split Top Loaf: To form a split top loaf, divide dough in step 5 into two equal pieces. Shape each piece into a rope of dough about the length of the pan. Lay pieces side by side and place into prepared bread pan. Bake according to directions above. Yield: 1 loaf.Automatic Bread Machine: Ingredients (1-1/2 lb Machine/1 lb Machine): Water (Warm - 1 cup /3/4 cup); Dry Bread Mix (entire package/measure 2-1/2 cups); Butter, Margarine (Light and whipped margarines do not work well) or Vegetable Oil (2 tbsp - in pieces/1-1/2 tbsp - in pieces); Yeast (entire packet/measure 1 tsp). Hodgson Mill European Cheese & Herb Bread Mix is formulated especially for 1-1/2 lb electric bread machines, but can be easily adjusted for the smaller one-pounders. Simply follow the grid above and always consult your particular make and model bread machine manufacturer's directions. Use the whole wheat bread setting on your machine. Oven Baked Bread: 1. Pour contents of package into bowl. Using a fork cut 2 tbsp, butter, margarine (Light and whipped margarines do not work well) or vegetable oil. 2. In another large mixing bowl, mix dry yeast and 1 cup warm water. Let stand for 5 minutes. 3. Gradually stir in enough bread mix to make a soft dough, reserving some mix to lightly flour a surface for kneading. Turn dough onto surface and knead until smooth; about 5 minutes. 4. Coat a large, clean mixing bowl with vegetable shortening. Place dough in bowl. Cover with a damp cloth and let rise until double (1 to 1-1/2 hrs). 5. Punch down and turn dough onto lightly floured surface. Form dough into a loaf and place into greased 8-1/2 x 4-1/2 x 2-1/2 inch bread pan. Do Not Cover. Allow to rise in a warm place until dough rises just above top of the pan (30 min to 1 hour). 6. Bake in preheated 350 degrees F oven until golden brown (30 to 35 minutes). Split Top Loaf: To form a split top loaf, divide dough in step 5 into two equal pieces. Shape each piece into a rope of dough about the length of the pan. Lay pieces side by side and place into prepared bread pan. Bake according to directions above. Yield: 1 loaf.",
    "Legal Disclaimer": "Statements regarding dietary supplements have not been evaluated by the FDA and are not intended to diagnose, treat, cure, or prevent any disease or health condition.Statements regarding dietary supplements have not been evaluated by the FDA and are not intended to diagnose, treat, cure, or prevent any disease or health condition."
  },
  "rating": {
    "score": "4.2 out of 5",
    "dist": {
      "5 star": "63%",
      "4 star": "13%",
      "3 star": "16%",
      "2 star": "3%",
      "1 star": "5%"
    }
  },
  "top_comments": [
    {
      "date": "April 16, 2010",
      "title": "Speedy......and great too! New price doubles old price!",
      "score": "5.0 out of 5 stars",
      "text": "If you haven't checked recently, the cost of these bread mixes have more than doubled!!!! Even with subscription rates prices have doubled. If I didn't look closely at my subscriptions, which include this mix and also the Whole Wheat Honey mix, I wouldn't have noticed it and Amazon would have shipped as normal without informing me of the new price hike, kinda' unscrupulous. I know food prices are skyrocketing all over because of fuel costs, but more than double the original subscription price? The original price of $9.60 was tremendous, but does the extra fuel costs justify the new cost? The same is true for all of the Hodgson products, including their Vital Wheat Gluten. All of their products are great, but is anybody out there making more money now in this economy? I cancelled all my subs because I felt the wool was being pulled over my eyes. Do not let my criticisms hold you back from purchasing these excellent products, but with things looking like they are not going to get any better soon, I am going back to making my breads from scratch. See below for my original review:I purchased a case of Hodgson Mill European Cheese and Herb Bread Mix two days ago!!!! I purchased it as a Gold Box deal just for me, which made it ridiculously inexpensive, $10.73 a case of 6, delivered, which will average out to about $2 a loaf, more expensive than scratch, but  not much more expensive, and I do not know of a recipe that could challenge this one. (If I knew in advance how delicious this mix is, I would have put it on the subscription program, bringing it down even further, to less than $9.60 a case, delivered) It was in my bread machine within 15 minutes of receiving it. Three hours later... my house starts smelling like a pizza parlor back in my home town Brooklyn 50 years ago. And, this stuff tastes like it smells, luscious! I made the mistake of baking it in my machine on dark, which made the crust just a little too dark, just short of burnt, but it was still the most delicious loaf I've produced, scratch or mix. It was liberally laced throughout with the herbs, and it was so moist and tender, you must try some! Do not hesitate, get this mix, it is the ultimate in ease, just add some butter, or oil of your choice, some water, the included yeast, and the mix, according to your machine, in 3-4 hours, your house too, will smell like your local home pizzeria:~)P.S. It makes a 1 1/2 lb loaf, but can easily be adjusted down to a one pounder, there are directions for both.P.P.S. Yeahs to Amazon for getting it to me in two days.P.P.P.S. I have learned early in my bread machine history that you must let the finished loaf sit and cool down to room temperature on a bakers rack. It comes out of the machine piping hot and still cooking through the steam generated, so please, try to resist the urge to slice it up right away...... hey, hey, hey, I saw you... put that knife down! It really makes a huge difference.P.P.P.P.S. I will try to post several photos of my latest loaf shortly, cheers.....P.P.P.P.S. I have since used this mix for pizza dough(instructions on box). It has turned my normally bland pizza into pizzeria style pizza, I was so proud of myself, I can now make pizza that rivals pizzeria style pizza!!!!",
      "helpfulness": "0"
    },
    {
      "date": "October 13, 2010",
      "title": "Great for the health conscious and tasty too!",
      "score": "5.0 out of 5 stars",
      "text": "I ordered this and have enjoyed eating it over the past few months. The ingredients are very healthy and pure, and best of all i love how simple they are! I am very health conscious, and avoid high fructose corn syrup found in most store bought breads. This bread has great ingredients, and not a very high sugar content either. I compared the ingredients to all the other bread mixes i could possibly find on the internet.. well, i spent all day researching, and I didn't like how others had high sugar contents (such as the number 3 ingredient being 'cane sugar' or the number 4 and 5 ingredients being sugar and brown sugar, etc). I also wanted a bread packed with whole grains, and 9 grain is great!And of course i looked for something easy on the wallet. I originally made my own bread and tried buying whole grain flours from health food stores but i just couldn't match 9 grains, and it got pricey. Obviously just plain white flour bread making will be cheaper than buying this boxed stuff, but i wanted whole grain bread. It turned out to be difficult exactly comparing the price of this compared with baking from scratch since all the flours are by the ounce, etc, but i decided that this price is very good. Compared to other brands of bread mix, this price is pretty much the lowest I have found with the free shipping.In terms of taste, honestly I really don't care as long as it's healthy, I will basically like it or learn to like it, but I will say that I love the taste of this bread and have been making sandwiches almost every weekday for the past couple months. If I want to be real nit-picky i would say the milled flaxseed SLIGHTLY gives it a bad smell, but its subtle and overall the bread still tastes great. Besides, its super healthy! I should also mention that I bake this bread using a very nice bread maker, so I would take that under consideration when reading this review. And for those that care, I bake it with some earth balance butter substitute. Lastly, if your bread is coming out a little dense, add more water and yeast and it will come out great! If you need to spice it up you can throw in some dried cherries and/or walnuts, and other things I'm sure will work too I'm sure. It was even more delicious when I did this.",
      "helpfulness": "19"
    },
    {
      "date": "October 26, 2009",
      "title": "Good Bread",
      "score": "3.0 out of 5 stars",
      "text": "This is a great tasting bread that the whole family likes, but I seem to have trouble getting it to rise enough and turn out with an even top (have made 4 times now).  And yes, I have carefully measured the water and checked the water temp. and otherwise followed the directions on the box.  I am using a Breadman Pro machine.  I think I will proof the yeast next time to see if it is still good (order arrived in September).  We are at 4,000 feet elevation so that could be affecting how the bread rises, yet I have had no problem using other recipes (no tweaking necessary) with this bread machine.  So for now, I give it only 3 stars as I am not sure what is causing my bread to turn out with an uneven top and a little flat.  I will try butter next time instead of oil as one other reviewer said that helped it rise a little higher.25 January 2010:  I did use butter instead of oil in the recipe (thanks other reviewer!) and that seemed to do the trick in getting the loaf to rise.  I do find that it bakes up consistently better in the oven than in the bread machine.  Yum!",
      "helpfulness": "0"
    }
  ]
}