{
  "product_title": "GIN GINS Original Ginger Chews by The Ginger People – Individually Wrapped Healthy Candy – 3 oz Bag – Pack of 24",
  "byline_info": "Visit the The Ginger People Store",
  "product_description": "Deliciously spicy-sweet chewy ginger candies made with 10% fresh ginger. America's #1 selling ginger candy.",
  "category": [
    "Grocery & Gourmet Food",
    "Snacks & Sweets",
    "Candy & Chocolate",
    "Ginger Candy"
  ],
  "alt_images": [
    "https://m.media-amazon.com/images/I/41KQy5H4V9L.jpg",
    "https://m.media-amazon.com/images/I/51q0XM8lB7L.jpg",
    "https://m.media-amazon.com/images/I/51KCET++IwL.jpg",
    "https://m.media-amazon.com/images/I/51TzpPJ6FjL.jpg",
    "https://m.media-amazon.com/images/I/414hYJM42jL.jpg",
    "https://m.media-amazon.com/images/I/61j2lSh26TL.jpg",
    "https://m.media-amazon.com/images/I/41O0ZvxnUYL.jpg"
  ],
  "product_detail": {
    "Is Discontinued By Manufacturer": "No",
    "Product Dimensions": "6.75 x 4.94 x 1.61 inches; 5.52 Pounds",
    "Item model number": "734027905023",
    "UPC": "734027905023",
    "Manufacturer": "The Ginger People",
    "ASIN": "B000EMEEHE",
    "Units": "72.0 Ounce",
    "Best Sellers Rank": "#360,901 in Grocery & Gourmet Food (See Top 100 in Grocery & Gourmet Food) #349 in Ginger Candy",
    "#349 in Ginger Candy": "",
    "Customer Reviews": "3.2 3.2 out of 5 stars 62 ratings"
  },
  "important_information": {
    "Safety Information": "Made in a facility that also processes peanuts. This product is labelled to United States standards and may differ from similar products sold elsewhere in its ingredients, labeling and allergen warningsMade in a facility that also processes peanuts. This product is labelled to United States standards and may differ from similar products sold elsewhere in its ingredients, labeling and allergen warnings",
    "Ingredients": "Cane sugar, ginger (10%), tapioca starchCane sugar, ginger (10%), tapioca starch",
    "Directions": "Consume 2 pieces (about 12g) per serving. Store in a cool, dry place.Consume 2 pieces (about 12g) per serving. Store in a cool, dry place.",
    "Legal Disclaimer": "Statements regarding dietary supplements have not been evaluated by the FDA and are not intended to diagnose, treat, cure, or prevent any disease or health condition.Statements regarding dietary supplements have not been evaluated by the FDA and are not intended to diagnose, treat, cure, or prevent any disease or health condition."
  },
  "rating": {
    "score": "3.2 out of 5",
    "dist": {
      "5 star": "32%",
      "4 star": "9%",
      "3 star": "27%",
      "2 star": "9%",
      "1 star": "23%"
    }
  },
  "top_comments": [
    {
      "date": "July 9, 2014",
      "title": "Truly Life Changing For Me =)",
      "score": "5.0 out of 5 stars",
      "text": "My order arrived today I was so glad I was almost completely out of my supply of the travel size chews. At first I was questioning myself on such a large order. However, we have found that ginger chews help my nausea but, also my grandmother's indigestion. So far this is one of top things I have found here on Amazon.Some people have told me they find them to be hot. I admit they have some zip to them, which I like as a distraction to how I am feeling . However, I wouldn't consider them like Jalapeno hot.I am still amazed that a great tasting candy has made such a positive impact on my life. I couldn't recommend a product more highly than Gin Gins Ginger chews.",
      "helpfulness": "2"
    },
    {
      "date": "August 4, 2017",
      "title": "Candy appeared to be be old. Very hard to ...",
      "score": "3.0 out of 5 stars",
      "text": "Candy appeared to be be old.  Very hard to get it out of the wrapper.  First time I've bought the 3oz bags.  I usually get the TravelPack and have never had this problem.  I just think they had been on the shelf too log before being shipped.",
      "helpfulness": "0"
    },
    {
      "date": "June 5, 2024",
      "title": "Check quantity and don’t make my mistake",
      "score": "1.0 out of 5 stars",
      "text": "It says 24 packs and I only received 12 packs. I didn’t realize it until it was too late to request for anything. Check the quantity and don’t make my mistake.",
      "helpfulness": "0"
    },
    {
      "date": "December 19, 2014",
      "title": "Texture and taste were not good.",
      "score": "2.0 out of 5 stars",
      "text": "My mom loves Ginger People ginger chews. I used to buy them in small boxes for her. But last year I ran out of options and found these bags instead, so I gifted my mom this particular item. She said that it's not the original one. The candies were melt. Texture and taste were not good.",
      "helpfulness": "0"
    },
    {
      "date": "January 31, 2013",
      "title": "Delicious Ginger candy!",
      "score": "4.0 out of 5 stars",
      "text": "This candy is so yummy! There is 20% real ginger root in the candy and that gives it a lot of kick! The only reason I don't give it 5 stars is that the wrappers are so annoying and that you spend way too much time fighting to free the candy from the wrapper.",
      "helpfulness": "2"
    },
    {
      "date": "October 26, 2013",
      "title": "Fantastic Ginger Taste",
      "score": "5.0 out of 5 stars",
      "text": "I love these ginger chews.  The taste of ginger is lovely and although they require chewing, they are not the kind of chews where you chew forever and feel as if your teeth are in danger of being pulled out.  They are truly addictive as you find your having to make the conscious effort to stop eating them.  The only issue (and you will find this with all candies of this type) is that sometimes you have a hard time getting them out of the wrapper.  On the up side of this issue is that the Gin-Gins do not have that waxy paper attached that you can never get off of the candy.Will definitely purchase again.FYI - I have found that if you let the hews cool down, they come out of the wrapper easier.  Downside, the chew will take slightly longer to chew.",
      "helpfulness": "One"
    },
    {
      "date": "August 10, 2009",
      "title": "Pricey but delicious",
      "score": "3.0 out of 5 stars",
      "text": "I love these things but the price is outrageous. Is there a way to buy in bulk, at a significant savings? I need these to help with medications to help calm my stomach. But there has to be a more economical way to do this. Any ideas?",
      "helpfulness": "One"
    },
    {
      "date": "March 30, 2009",
      "title": "Yuck",
      "score": "1.0 out of 5 stars",
      "text": "Did not like these. Tried them to help with pregnancy nausea. They did not work for me.",
      "helpfulness": "2"
    }
  ]
}