{
  "product_title": "Pit'r Pat Liver Flavored Cat Breath Fresheners",
  "byline_info": "Brand: Chomp",
  "product_description": "Cats Love Them - Contains Cooked Liver!You'Ll Love Them - Fun Fish Shapes And Irresistible Tin PackagingPit'r Pat has ingredients that help freshen cat's breathNo Special Feeding Instructions - Feed As A TreatTurns cats into kittensNo soyNo corn",
  "category": [
    "Pet Supplies",
    "Cats",
    "Treats",
    "Snacks"
  ],
  "alt_images": [
    "https://m.media-amazon.com/images/I/51qTUsHH8BL.jpg",
    "https://m.media-amazon.com/images/I/41CuUoT8nIL.jpg",
    "https://m.media-amazon.com/images/I/41jGODhBNRL.jpg"
  ],
  "product_detail": {
    "Product Dimensions": "0.56 x 1.86 x 0.6 inches; 0.48 ounces",
    "Item model number": "300",
    "Department": "cat-treats",
    "Date First Available": "July 15, 2004",
    "Manufacturer": "Chomp",
    "ASIN": "B00025YW9S",
    "Customer Reviews": "4.4 4.4 out of 5 stars 129 ratings"
  },
  "important_information": {},
  "rating": {
    "score": "4.4 out of 5",
    "dist": {
      "5 star": "70%",
      "4 star": "17%",
      "3 star": "5%",
      "2 star": "3%",
      "1 star": "5%"
    }
  },
  "top_comments": [
    {
      "date": "December 30, 2017",
      "title": "Kitty Krack",
      "score": "5.0 out of 5 stars",
      "text": "Kitty Krack - plain and simple.I don't purchase these for any other reason except my cats are hopelessly hooked. I used to buy them at that \"Smart\" pet shop, but they're always out, and now I'm pretty sure they don't carry them anymore. I tried to explain this to my cats.... 2 fainted, one ran away from home, another turned to a life of crime, and one started roaming the streets hoping to score a tin. As for the rest, they're still not speaking to me so I don't know what to tell you. Boy, was I relieved to find them here on Amazon.I don't use them for every day treats, because with a herd of cats I'd be broke by the end of the month. Having said that, to me and my cats, they're worth the cost so I use them sparingly.  (These cats really need to get a job and start contributing )",
      "helpfulness": "6"
    },
    {
      "date": "August 20, 2014",
      "title": "Rascal Says Best Thing Ever, Make Your Human Buy More!",
      "score": "5.0 out of 5 stars",
      "text": "I used to live in a big city with a big box chain pet store that carried Pit'r Pat treats which were favorites of all the cats who lived with me over 25 years.  Now I live in a rural area with the nearest pet store a 30 mile one way trip!  I happened to see these on Amazon and ordered a single box for my 5 yr. old cat.  HE LOVES THEM!  I have to keep the treats in a drawer that requires opposable thumbs to access.  Rascal does high drama to get one little liver treat out of this tin:  yowling, tugging at the dratted drawer, lying on his side on the floor as though he were a dead cat on the side of the road, extreme affection to his human...he'd give this 10 paws up for a review but he's only got 4.",
      "helpfulness": "3"
    },
    {
      "date": "May 29, 2014",
      "title": "Cats Like These",
      "score": "4.0 out of 5 stars",
      "text": "The only reason I didn't give 5 stars is that these are rather expensive for the amount you receive.  It's a very small tin about the size of the small Altoids tin of mints.  On the plus side it does help cat breath.  I've tried the other flavors but my cats like this flavor the best.  One will eat a few which is all they need.  The other cat would probably eat the whole tin if I let him.  These are very hard and tiny so if your cats doesn't like such then pass on these.  Mine enjoy and it did help their breath.  P.S. there were no other medical reasons for bad breath to address so these were nice.",
      "helpfulness": "2"
    },
    {
      "date": "April 5, 2018",
      "title": "I have no idea how it tastes, but my cats think it is delicious",
      "score": "5.0 out of 5 stars",
      "text": "They love this treat! My cats have always been crazy for this treat and even the jingle of the container brings them running. Although there aren’t that many in each container so I normally have to hold back in terms of how many I give them unlike other treats. It is also difficult to find them in stores. The treat itself doesn’t smell great to me, so I’m not too sure about the freshens breath part. All I know is that my cats love it so it deserves five stars in my book!",
      "helpfulness": "0"
    },
    {
      "date": "May 20, 2010",
      "title": "Untouched by disappointed cats",
      "score": "1.0 out of 5 stars",
      "text": "Everyone gave these treats rave reviews, so I thought I would give them a try. I have two cats, one who is very picky and one who will eat just about anything I give her, even other breath fresheners that the other cat doesn't care for. I assumed that at least one would take the bait. Both cats completely snubbed these things. Sniffed at and walked away cold. I broke one in half in case the inside might reveal more aroma. Nothing. I know all cats have different tastes, but it's a little weird that I got no reaction at all, not even a reconnaissance lick. Oh well.",
      "helpfulness": "0"
    },
    {
      "date": "March 30, 2016",
      "title": "Her breath still stinks, but they're cute.",
      "score": "3.0 out of 5 stars",
      "text": "These are really cute. I bought them as part of my cat's Christmas gift (I know, I know)They are shaped like little fish and they don't smell terribly fishy. It could just be our cat but at first she went crazy for these (doing her tricks to earn them) and now she has completely lost interest. She won't eat them even when we put them on the floor in front of her. The tin isn't terribly large. I would say maybe there are 20-30 treats in there so it wasn't a waste because she ate about half of them.All and all, the tin is real cute but it won't replace temptations in our home. I bought them more just as a joke about her bad breath.(Also, these do not improve stinky cat breath at all.)",
      "helpfulness": "One"
    },
    {
      "date": "August 24, 2013",
      "title": "small amount for price",
      "score": "2.0 out of 5 stars",
      "text": "i expected more for the price.the snack , while loved by our cat, is so small that he inhales and swallows rather than chews. hence, the breath freshening aspect which it was purchased for was lost.shipment was prompt.",
      "helpfulness": "0"
    },
    {
      "date": "February 8, 2015",
      "title": "Skeptical No More",
      "score": "5.0 out of 5 stars",
      "text": "How can a tiny little tablet like this make my senior cat's stinky breath disappear in three days?  I still can't fathom how just ONE tablet as a bedtime treat can work, but smelling is believing.  She likes the Pit'r Pats so much that she'd eat the whole box, so I add a couple of senior vitamin treats to keep her happy.  In the morning she gets two drops of Thyro-Pet by PetAlive, but it does not claim to cure bad breath.  After a month of good experience I have ordered the 12-pack of Pit'r Pats which is a significant savings.",
      "helpfulness": "4"
    }
  ]
}