{
  "product_title": "Freeze Dried Peaches - 12 Ounce Can",
  "byline_info": "Visit the Honeyville Store",
  "product_description": "Honeyville's Freeze Dried Peaches are light and crisp, while the flavors have the perfect balance of sweet and tart that only comes from the freshest peaches. You can use them for any application that calls for peaches, including eating them right out of the can as a healthy snack. Honeyville's freeze dried peaches are great for jams, pies, toppings, smoothies, the possibilities are endless! Honeyville Freeze Dried Peaches are produced in a process where moisture is removed from the product using a very low temperature and a vacuum. Only about 3 percent moisture remains in the product at the time of packaging. The end product weight is reduced by over 90 percent, while the volume stays the same. This remarkable process concentrates the fresh taste, natural color, and texture of peaches. When rehydrated, the product will absorb the liquid and resemble fresh peaches once again. The taste is great, and the nutritional value is preserved. Freeze drying provides natural and additive free fruits to be stored effectively for long periods of time. Honeyville Freeze Dried Peaches are an ideal product for long term food storage and emergency preparedness.",
  "category": [
    "Sports & Outdoors",
    "Outdoor Recreation",
    "Camping & Hiking",
    "Camp Kitchen",
    "Freeze-Dried Food"
  ],
  "alt_images": [
    "https://m.media-amazon.com/images/I/51GKOtNtE-L.jpg",
    "https://m.media-amazon.com/images/I/41Bb5fZR1QL.jpg",
    "https://m.media-amazon.com/images/I/313wxWqePWL.jpg",
    "https://m.media-amazon.com/images/I/518idGU4tUL.jpg",
    "https://m.media-amazon.com/images/I/41rL5n78CWL.jpg"
  ],
  "product_detail": {
    "Package Dimensions": "6.9 x 6.1 x 6.1 inches; 12 ounces",
    "UPC": "798344927533",
    "Manufacturer": "Honeyville Food Products",
    "ASIN": "B0006ZN50Q",
    "Units": "12 Ounce",
    "Customer Reviews": "4.5 4.5 out of 5 stars 17 ratings"
  },
  "important_information": {
    "Legal Disclaimer": "Statements regarding dietary supplements have not been evaluated by the FDA and are not intended to diagnose, treat, cure, or prevent any disease or health condition.Statements regarding dietary supplements have not been evaluated by the FDA and are not intended to diagnose, treat, cure, or prevent any disease or health condition."
  },
  "rating": {
    "score": "4.5 out of 5",
    "dist": {
      "5 star": "79%",
      "4 star": "11%",
      "3 star": "0%",
      "2 star": "0%",
      "1 star": "10%"
    }
  },
  "top_comments": [
    {
      "date": "March 16, 2015",
      "title": "Used in peach saison homebrew, won a Silver medal!",
      "score": "5.0 out of 5 stars",
      "text": "I ordered these to use in saison I brewed based on recommendations I'd seen on a cooking show for using freeze-dried fruits for the most true fruit flavor.  It worked out well and my beer won Silver at a local BJCP homebrew competition.  I've ordered the freeze-dried raspberries for another beer that I'm brewing and expect they will work well, too.After fermentation was complete I racked the beer into a clean/sanitized carboy with the peach in the bottom.  Sampled after two weeks and it wasn't quite where I wanted it so I let it go another week, the aroma and flavor of the beach was pronounced but balanced with a slight sweetness but very clean and crisp - exactly what I was looking for.I would recommend this product to others and I will purchase it again.",
      "helpfulness": "0"
    },
    {
      "date": "November 4, 2006",
      "title": "Not My Cup of Tea...",
      "score": "1.0 out of 5 stars",
      "text": "I got a bad batch and was sent another to try out. It was better but still not what I expected. On both, the pieces were very small for some reason. I was looking for some like the ones in MREs, which are excellent. These may be OK for cooking, but not what I wanted. This company's customer service is top notch though.",
      "helpfulness": "3"
    },
    {
      "date": "April 18, 2008",
      "title": "Great in the larger diced cubes",
      "score": "4.0 out of 5 stars",
      "text": "I've ordered several cases of freeze-dried fruits from Honeyville and their products are awesome (my toddler loves their peaches, strawberries and peas).  My only reservation is uniformity of the product: I've had orders of the peaches where each little piece is about a 1/2 inch cube, and others where they are very tiny--like shriveled knobby flakes.  I definitely prefer the former for snacking (the company was excellent about taking back and refunding the \"shriveled\" order\"). Overall, this is a healthy, natural snack that's perfect for kids, but beware of eating straight from the can--you'll be surprised at how quickly it disappears!",
      "helpfulness": "5"
    },
    {
      "date": "July 26, 2014",
      "title": "Great product, excellent quality",
      "score": "5.0 out of 5 stars",
      "text": "I recently bought a bread making machine and this is great to put in for flavor.  I use it in various ways, but started as a substitute for cranberries which hubby isn't supposed to eat.  I find it has more flavor enhancing than the cranberries did.  Only problem in, they are good and easy to snack on - thereby reducing your supply rapidly!",
      "helpfulness": "0"
    },
    {
      "date": "December 6, 2006",
      "title": "Great Healthy Snack",
      "score": "5.0 out of 5 stars",
      "text": "This freeze dried peaches are great!  I found freeze dried peaches in my local health food store, but they were so expensive, I was looking for something more economicial.  These fit the bill perfectly.  The peices range in size from a small to a large crouton, great bite sized peices that you can pop into your mouth.  Shipping was fast too, the order was  shipped out on the same day and I had them at my door in less than a week (a lot quicker than when Amazon said they would be delivered).",
      "helpfulness": "6"
    },
    {
      "date": "April 17, 2012",
      "title": "For cooking, adding to cereal, or just munching as a snack.",
      "score": "5.0 out of 5 stars",
      "text": "These little dices are actually quite convenient for rehydrating and adding to cake or pancake batter. I also add them to cereal along with dried strawberries and raspberries for a breakfast treat. Lasts a long time on the shelf. Good stuff!",
      "helpfulness": "0"
    },
    {
      "date": "August 15, 2011",
      "title": "great peaches",
      "score": "5.0 out of 5 stars",
      "text": "They are so versatile.  They can be used to make a peach sauce,in yougart, ceream cheese, vanilla pudding, with other fruits to make a compote or topping for angel food or pound cake, with cereal.  Your imagination is your only limit.",
      "helpfulness": "0"
    },
    {
      "date": "March 9, 2014",
      "title": "good dried peachs",
      "score": "5.0 out of 5 stars",
      "text": "These are  small diced peaches perfect for including in any dish you want or just eating all by themselves, try in a fruit bowl, or on a salad.  Good stuff.",
      "helpfulness": "One"
    }
  ]
}