{
  "product_title": "Pacific Whiting Snack For Cats",
  "byline_info": "Brand: Snack 21",
  "product_description": "Product Description   100-Percent natural treats made from only 100-Percent Wild Pacific Whiting. Made in Canada from the cutting of the fish to the packaging. Absolutely no additives or preservatives.   From the Manufacturer   100-Percent natural treats made from only 100-Percent Wild Pacific Whiting. Made in Canada from the cutting of the fish to the packaging. Absolutely no additives or preservatives.",
  "category": [
    "Pet Supplies",
    "Cats",
    "Treats",
    "Snacks"
  ],
  "alt_images": [
    "https://m.media-amazon.com/images/I/51fheuIgH9L.jpg",
    "https://m.media-amazon.com/images/I/51XqonPDVTL.jpg",
    "https://m.media-amazon.com/images/I/41Bl4aHAy3L.jpg",
    "https://m.media-amazon.com/images/I/51PfjyPh2kL.jpg",
    "https://m.media-amazon.com/images/I/318BsDdeadL.jpg"
  ],
  "product_detail": {
    "Product Dimensions": "2 x 2 x 2 inches; 0.32 ounces",
    "Item model number": "CM",
    "Date First Available": "August 19, 2004",
    "Manufacturer": "Snack 21",
    "ASIN": "B00063434A",
    "Customer Reviews": "1.5 1.5 out of 5 stars 2 ratings"
  },
  "important_information": {},
  "rating": {
    "score": "1.5 out of 5",
    "dist": {
      "5 star": "0%",
      "4 star": "0%",
      "3 star": "26%",
      "2 star": "0%",
      "1 star": "74%"
    }
  },
  "top_comments": [
    {
      "date": "October 11, 2018",
      "title": "Pets will not eat!",
      "score": "1.0 out of 5 stars",
      "text": "These treats are very hard.  I ordered them for a 5lb dog think they would be easy for her to eat.  She can't chew them at all.  I tried to return for a refund and Amazon will not let me return or issue a refund.",
      "helpfulness": "0"
    },
    {
      "date": "June 8, 2010",
      "title": "Kitty finds just ok",
      "score": "3.0 out of 5 stars",
      "text": "My cat can only eat grain free cat treats, due to digestive system problems. These treats are not his favorite but he will eat them. He prefers Snack 21's other dried fish, herring is his favorite. They are good for cats with sensitive stomachs since they are pure fish. It certaintly wouldn't hurt to try the Pacific Whiting flavor, maybe your cat will love it.",
      "helpfulness": "One"
    }
  ]
}