{
  "product_title": "Hawaiian Chocolate Variety Pack: Mac Nut Crunch, Mac Nut Toffee Crunch and Maui Caramacs (6 Boxes)",
  "byline_info": "Brand: Hapa's Gourmet Inc.",
  "product_description": "Aloha! Look no further - you have found the Perfect Chocolate Variety Set - Hawaiian Host Chocolate Covered Macadamia Nuts all the way from Tropical Paradise, Hawaii. Why not enjoy three different varieties of Hawaiian Host Chocolates: Mac Nut Crunch, Mac Nut Toffee Crunch, and the Original Maui Caramacs.",
  "category": [
    "Grocery & Gourmet Food",
    "Snacks & Sweets",
    "Chocolate Candy",
    "Chocolate Covered Foods",
    "Nuts"
  ],
  "alt_images": [
    "https://m.media-amazon.com/images/I/41ZFE8KMYVL.jpg"
  ],
  "product_detail": {
    "Manufacturer": "Hawaiian Host",
    "ASIN": "B000A1I9XO",
    "Units": "6 Count",
    "Customer Reviews": "4.8 4.8 out of 5 stars 2 ratings"
  },
  "important_information": {
    "Legal Disclaimer": "Statements regarding dietary supplements have not been evaluated by the FDA and are not intended to diagnose, treat, cure, or prevent any disease or health condition.Statements regarding dietary supplements have not been evaluated by the FDA and are not intended to diagnose, treat, cure, or prevent any disease or health condition."
  },
  "rating": {
    "score": "4.8 out of 5",
    "dist": {
      "5 star": "75%",
      "4 star": "25%",
      "3 star": "0%",
      "2 star": "0%",
      "1 star": "0%"
    }
  },
  "top_comments": [
    {
      "date": "March 22, 2007",
      "title": "A Favorite",
      "score": "4.0 out of 5 stars",
      "text": "The variety pack was used for prizes at a baby shower.  Theme of party was Hawaiian.  Selection was great and all varieties were satisfactory!",
      "helpfulness": "One"
    }
  ]
}