{
  "product_title": "Spicy Lamb Sausages - Merguez Sausages - 100% Lamb - Pork-Free - 6 Links (Pack of 2)",
  "byline_info": "Brand: Fabrique Delices",
  "product_description": "",
  "category": [
    "Grocery & Gourmet Food",
    "Meat & Seafood",
    "Lamb"
  ],
  "alt_images": [
    "https://m.media-amazon.com/images/I/51RLfH0o5GL.jpg"
  ],
  "product_detail": {
    "Item Weight": "0.01 ounces",
    "ASIN": "B000GDB096",
    "Units": "24 Ounce",
    "Best Sellers Rank": "#106,432 in Grocery & Gourmet Food (See Top 100 in Grocery & Gourmet Food) #8 in Lamb Meat",
    "#8 in Lamb Meat": "",
    "Customer Reviews": "3.7 3.7 out of 5 stars 94 ratings"
  },
  "important_information": {
    "Legal Disclaimer": "Statements regarding dietary supplements have not been evaluated by the FDA and are not intended to diagnose, treat, cure, or prevent any disease or health condition.Statements regarding dietary supplements have not been evaluated by the FDA and are not intended to diagnose, treat, cure, or prevent any disease or health condition."
  },
  "rating": {
    "score": "3.7 out of 5",
    "dist": {
      "5 star": "42%",
      "4 star": "22%",
      "3 star": "19%",
      "2 star": "3%",
      "1 star": "14%"
    }
  },
  "top_comments": [
    {
      "date": "February 20, 2024",
      "title": "Good product, great company to do business with",
      "score": "5.0 out of 5 stars",
      "text": "I like the toned down spices myself. My wife and I lived in France for a while, the merguez had more bite to them. If you want more heat to your dish you can add some harissa or some other pepper sauce. Myself, I just love them as they came from this company. They came well packaged in a foam box and surrounded by plenty of ice packs.  They arrived the day after they were shipped, via Fed ex.  We've tried making them ourselves, by the time we bought the lamb, spices, pomegranate juice and casings it was close to $50. Plus local shops don't carry lamb year round. We tried ordering the lamb sausage from local butchers, but it was a special order, and they didn't get the spices even close. So I can understand why they charge what they do! My opinion is this company makes a good product, (no not exactly perfect) charges a fair price, and ships expeditiously. I will definitely order from them again",
      "helpfulness": "One"
    },
    {
      "date": "May 9, 2009",
      "title": "Merguez",
      "score": "4.0 out of 5 stars",
      "text": "I had merguez when I was in France and appreciated how different it was from Italian sausage here in the States.  This will taste much better grilled the next time (doesn't everything?!).  I'm happy with it and was pleased that I could order it on-line since it's something I couldn't travel back with!",
      "helpfulness": "One"
    },
    {
      "date": "March 10, 2024",
      "title": "Good but not great, misses the mark, expensive",
      "score": "3.0 out of 5 stars",
      "text": "While these were good, if you’re looking for an authentic French merguez, taste-wise this is not really close. French merguez is more red colored and has more of a harissa/chili taste to it. Hard to explain unless you’ve had it before. Overall a bit disappointing considering the price.",
      "helpfulness": "0"
    },
    {
      "date": "January 26, 2025",
      "title": "Terrible sausage",
      "score": "1.0 out of 5 stars",
      "text": "Worst lamb sausage I have ever eaten ,fried it didn’t smell good  tasted a small piece have to throw the 12 links I fried  And the balance of the 12 in my freezer. Can’t  even give it 1 star",
      "helpfulness": "One"
    },
    {
      "date": "February 4, 2024",
      "title": "Hi quality & great flavor",
      "score": "5.0 out of 5 stars",
      "text": "Even in a large US metropolitan area, Merguez Sausage can be hard to find. My time is too valuable to find a local place to buy these. They were expensive on Amazon, but arrived quickly and were high quality. I used them in a stuffed acorn squash recipe (Chef John) that I made for my family on Thanksgiving. Everyone enjoyed them.",
      "helpfulness": "0"
    },
    {
      "date": "September 5, 2024",
      "title": "Good, but not very spicy",
      "score": "5.0 out of 5 stars",
      "text": "Good flavor, but could use a little more bite. A tough expensive, but worth it for the quantity.",
      "helpfulness": "0"
    },
    {
      "date": "April 9, 2018",
      "title": "Customer servicr is always important to me",
      "score": "4.0 out of 5 stars",
      "text": "Wasn't exacting what I was looking for but they were good",
      "helpfulness": "2"
    },
    {
      "date": "April 16, 2022",
      "title": "Grissle",
      "score": "3.0 out of 5 stars",
      "text": "Great flavor but do not bite  down too hard.  I just tell my guests that til I find a different brand that will not crack a tooth.",
      "helpfulness": "One"
    }
  ]
}