{
  "product_title": "Genisoy Soy Nuts, Deep Sea Salted, 5.0-Ounce Bags (Pack of 12)",
  "byline_info": "Brand: Genisoy",
  "product_description": "Product Description   Genisoy soy nuts, deep sea salted, selects only the highest quality IP soybeans and carefully roasts them without using any oils. Isoflavone content of soybeans varies from one harvest to another, as does the isoflavone levels in Genisoy products.   About the Brand   Tulsa-based Genisoy Food Company is one of the largest providers of soy protein products (Genisoy) and sports nutrition (MLO) in the United States, offering consumers high quality, good tasting, affordable protein bars, shakes, and snacks. MLO Products began in 1964 as a manufacturer of sports nutrition bars and protein powders. When MLO was asked to start creating isolated soy protein products for institutional research on the health benefits of soy, the Genisoy brand was officially launched based on the immediate acceptance and success of the products developed. When the FDA concluded in 1999 that foods containing soy protein included in a diet low in saturated fat and cholesterol may reduce the risk of coronary heart disease by lowering blood cholesterol levels, the first Genisoy products were made available as a vehicle for bringing soy's health benefits to consumers in a convenient, economical and great-tasting form. Today, Genisoy family of soy protein products includes bars, shakes, powders, soy nuts, trail mixes, soy crisps, potato soy crisps, and low carb bars. Genisoy uses only non-GMO (non-genetically modified organism) soybeans. Genisoy products retain their naturally-occurring levels of healthful isoflavones and include the same soy protein proven to reduce the risk of heart disease by lowering blood cholesterol.",
  "category": [
    "Grocery & Gourmet Food",
    "Pantry Staples",
    "Cooking & Baking",
    "Nuts & Seeds",
    "Soy Nuts"
  ],
  "alt_images": [
    "https://m.media-amazon.com/images/I/51w-gabQSkL.jpg",
    "https://m.media-amazon.com/images/I/51lFuZUjopL.jpg",
    "https://m.media-amazon.com/images/I/31FrJO93SsL.jpg",
    "https://m.media-amazon.com/images/I/51eemmsrboL.jpg"
  ],
  "product_detail": {
    "Package Dimensions": "11.5 x 9.1 x 8 inches; 3.35 Pounds",
    "Item model number": "94510",
    "UPC": "635992945109",
    "Manufacturer": "Genisoy",
    "ASIN": "B000CMDRVK",
    "Units": "60.0 Ounce",
    "Customer Reviews": "3.3 3.3 out of 5 stars 5 ratings"
  },
  "important_information": {
    "Safety Information": "Manufactured in a plant that processes peanuts, nut meats, soy, milk and egg products.Manufactured in a plant that processes peanuts, nut meats, soy, milk and egg products.",
    "Ingredients": "Ip Roasted Soybeans, Organic Sea Salt, Organic Expeller Pressed Canola Oil.Ip Roasted Soybeans, Organic Sea Salt, Organic Expeller Pressed Canola Oil.",
    "Legal Disclaimer": "Statements regarding dietary supplements have not been evaluated by the FDA and are not intended to diagnose, treat, cure, or prevent any disease or health condition.Statements regarding dietary supplements have not been evaluated by the FDA and are not intended to diagnose, treat, cure, or prevent any disease or health condition."
  },
  "rating": {
    "score": "3.3 out of 5",
    "dist": {
      "5 star": "39%",
      "4 star": "17%",
      "3 star": "12%",
      "2 star": "0%",
      "1 star": "32%"
    }
  },
  "top_comments": [
    {
      "date": "May 7, 2013",
      "title": "Beware of ROCKS",
      "score": "1.0 out of 5 stars",
      "text": "I have been buying this product for a while now and like them. That is until I found a ROCK mixed in with the soy nuts. Luckily I don't think I damaged my teeth, but BE CAREFUL. Not only did I find a rock, but when I emailed Genisoy and told them about the incident, very nicely I may add, they did not respond (I sent the email a week ago). This leads me to the conclusion that they do not care about their customers. So I just want to give a warning since Genisoy most likely won't.",
      "helpfulness": "One"
    },
    {
      "date": "March 2, 2009",
      "title": "Good, but NUTRITIONAL INFORMATION IS INCORRECT",
      "score": "3.0 out of 5 stars",
      "text": "These soy nuts taste good, but the nutritional information listed in not accurate. These nuts contain more calories and fat, and less fiber than listed. In fact, there are only 2 grams of fiber per serving according to the product packaging.",
      "helpfulness": "One"
    },
    {
      "date": "October 18, 2009",
      "title": "Good product, good price.",
      "score": "4.0 out of 5 stars",
      "text": "My preference would be for a bit more \"toasted\" / crunchy (not hard though) and a bit more salty (cause I like em salty).  Otherwise very good.",
      "helpfulness": "0"
    },
    {
      "date": "June 21, 2013",
      "title": "Awesome, delicious, healthy - and NOT MADE IN CHINA!",
      "score": "5.0 out of 5 stars",
      "text": "Soy is healthy. Billions eat them. They are just beans, and I don't know how people get so agitated about soy. There is no evidence that it causes harm. Many natural products have phytoestrogens - not just soybeans.Awesome, delicious, healthy (get the unsalted version to avoid salt) - and NOT MADE IN CHINA!To all you vegan nutcases like me: Pour a 1/4 cup of these into almost anything you make!",
      "helpfulness": "0"
    },
    {
      "date": "November 28, 2007",
      "title": "small beads, not overly salty",
      "score": "3.0 out of 5 stars",
      "text": "On sale, these are $1.99 for a pouch.  They are okay and forestall my jones for hard crunchy food.  They are better than Terra chips for that but the taste is okay but nothing to write about.",
      "helpfulness": "0"
    }
  ]
}