{
  "product_title": "Annie Chun's Soba Noodles, 12-Ounce Boxes (Pack of 6)",
  "byline_info": "Visit the Annie Chun's Store",
  "product_description": "Product Description   Japanese soba noodles get their appealing, nutty flavor and speckled brown color from a secret ingredient: nutritious buckwheat flour. They're delicious in stir-fries and soups; you will love to use them in salads. It is made right here in the U.S. from a blend of wheat and buckwheat flours, enriched with egg whites. Like all our noodles, they're 100% natural and cook up springy and tender in less than five minutes.   About the Brand   Annie Chun was born and raised in Seoul, Korea, and came to Northern California as a young adult, where her family owned and operated a top-rated Korean restaurant in San Francisco.  Annie began selling her signature Asian sauces at the Marin County Farmers' Market in the early '90s. It wasn't long before her loyal customers began to encourage her to start her own company and package the products for the retail market. So, in 1992, with $500 and a lot of help from friends and family, she founded Annie Chun's Gourmet Foods. Her goal was to deliver healthy, authentic Asian foods to Western consumers, and to make Asian cooking \"as easy to prepare as spaghetti\" for Americans. Many of her products are based on traditional recipes that have been part of her family for generations.  In 1997 Annie moved beyond Asian sauces, introducing the first line of specialty Asian pastas produced in the United States. Her award-winning products are now distributed throughout North America and in some parts of Europe. Annie lives with her husband and two children in Northern California.    \n  From the Manufacturer   Japanese soba noodles get their appealing, nutty flavor and speckled brown color from a secret ingredient: nutritious buckwheat flour. They're delicious in stir-fries and soups, and I love to use them in salads. Ours are made right here in the U.S. from a blend of wheat and buckwheat flours, enriched with egg whites. Like all our noodles, they're 100% natural and cook up springy and tender in under five minutes. Make it simple: Chilled Teriyaki Soba Noodles--Cook Soba Noodles as directed. Chill noodles under cold water and drain well. Toss noodles with Annie Chun's Teriyaki Marinade and Stir-Fry, to taste, and a dash of sesame oil. Garnish with toasted sesame seeds and cilantro sprig. Perfect for a warm-weather picnic.   See more",
  "category": [
    "Grocery & Gourmet Food",
    "Pantry Staples",
    "Pasta & Noodles",
    "Noodles",
    "Soba"
  ],
  "alt_images": [
    "https://m.media-amazon.com/images/I/414sV1jgUQL.jpg",
    "https://m.media-amazon.com/images/I/41nWUo0FqnL.jpg",
    "https://m.media-amazon.com/images/I/419uK5mQjoL.jpg",
    "https://m.media-amazon.com/images/I/41Jje8-d4mL.jpg",
    "https://m.media-amazon.com/images/I/510sxLEy0DL.jpg",
    "https://m.media-amazon.com/images/I/513efqDiudL.jpg",
    "https://m.media-amazon.com/images/I/41H9jvPu04L.jpg"
  ],
  "product_detail": {
    "Package Dimensions": "8.8 x 7.1 x 5.2 inches; 12 ounces",
    "Item model number": "765667101766",
    "UPC": "765667101766",
    "Manufacturer": "Annie Chun's",
    "ASIN": "B000E123I2",
    "Units": "72.0 Ounce",
    "Customer Reviews": "2.5 2.5 out of 5 stars 39 ratings"
  },
  "important_information": {
    "Safety Information": "Product manufactured in a facility that uses wheat & egg.Product manufactured in a facility that uses wheat & egg.",
    "Ingredients": "Unbleached Enriched Wheat Flour [Wheat Flour, Barley Flour, Niacin, Iron, Thiamin Mononitrate (Vitamin B1), Riboflavin (Vitamin B2)], Buckwheat Flour, Water, Egg Whites, Salt.Unbleached Enriched Wheat Flour [Wheat Flour, Barley Flour, Niacin, Iron, Thiamin Mononitrate (Vitamin B1), Riboflavin (Vitamin B2)], Buckwheat Flour, Water, Egg Whites, Salt.",
    "Directions": "Bring 3-4 quarts water to a boil. Boil noodles 4-5 minutes until tender. Drain noodles and rinse under cold water. Serve room temperature or chilled.Bring 3-4 quarts water to a boil. Boil noodles 4-5 minutes until tender. Drain noodles and rinse under cold water. Serve room temperature or chilled.",
    "Legal Disclaimer": "Statements regarding dietary supplements have not been evaluated by the FDA and are not intended to diagnose, treat, cure, or prevent any disease or health condition.Statements regarding dietary supplements have not been evaluated by the FDA and are not intended to diagnose, treat, cure, or prevent any disease or health condition."
  },
  "rating": {
    "score": "2.5 out of 5",
    "dist": {
      "5 star": "17%",
      "4 star": "15%",
      "3 star": "13%",
      "2 star": "14%",
      "1 star": "41%"
    }
  },
  "top_comments": [
    {
      "date": "March 22, 2015",
      "title": "Great noodles, but has more wheat flour than actual ...",
      "score": "1.0 out of 5 stars",
      "text": "Great noodles, but has more wheat flour than actual buckwheat. this is not right, they should tell you that now I just bought i bunch for no reason",
      "helpfulness": "One"
    },
    {
      "date": "October 4, 2013",
      "title": "Not what I was looking for",
      "score": "2.0 out of 5 stars",
      "text": "Got the pasta in the mail. Was going to cook it til I read the ingredients.It was \"enriched\". Not my thing, \"no thank you\"If that doesn't bother you then go right ahead & enjoy.Bought Organ Buckwheat instead.Organ Buckwheat Pasta is 100% Buckwheat, delicious.",
      "helpfulness": "3"
    },
    {
      "date": "August 28, 2010",
      "title": "good general purpose noodle, but way too expensive here",
      "score": "4.0 out of 5 stars",
      "text": "I like these noodles. They cook quickly. The buckwheat gives them a little more flavor than common spaghetti noodles. For a simple one-dish meal, serve some stir-fried meat and vegetables on top of a bed of soba noodles.Just be careful of the price. Similar quality soba noodles cost less than $2 per pound at local grocery stores. Amazon's price is sometimes better, but usually not.",
      "helpfulness": "One"
    },
    {
      "date": "August 13, 2009",
      "title": "You'd think they were made in Japan",
      "score": "5.0 out of 5 stars",
      "text": "I didn't want to buy these when I noticed that they were manufactured in the US (plus, Annie Chun is Korean so I wondered how authentic her Japanese soba would be). However, the price was good so I decided to try them. They're actually fantastic-- good flavor & just the right amount of chewiness. These work well on their own, for yakisoba or soba soup. I can't tell the difference from noodles I used to eat at stand-up soba places in Koriyama.",
      "helpfulness": "23"
    },
    {
      "date": "June 24, 2013",
      "title": "These might be the noodles you are looking for",
      "score": "3.0 out of 5 stars",
      "text": "I have been searching stores over and over for noodles that are like the lo mein noodles used in low class chinese take out restaurants. These are square just like the ones I want, but the color and taste are off. The color is really really bad, a purpleish grayish color that turns you off. However, the taste is ok, and the texture is fine. Make sure you boil them in lots of water, not a small pot otherwise the noodles come out kinda sticky, and rinse them well. If it wasn't for the color I would rate these better, they just look so bad.",
      "helpfulness": "One"
    },
    {
      "date": "February 11, 2013",
      "title": "More like spagetti",
      "score": "1.0 out of 5 stars",
      "text": "Buckwheat is one of the last of the listed ingredients and they are somewhat pasty as a result, not nutty as you would expect.  They were the least expensive, but if you like the taste of soba, you're better off to get ones that have more buckwheat.",
      "helpfulness": "5"
    },
    {
      "date": "July 17, 2015",
      "title": "Two Stars",
      "score": "2.0 out of 5 stars",
      "text": "Grain-y texture.",
      "helpfulness": "0"
    },
    {
      "date": "November 30, 2012",
      "title": "Annie Chun's Soba Noodles",
      "score": "4.0 out of 5 stars",
      "text": "I have only given this product 4 stars because it contains wheat and is not all buckwheat;  I did not find that information when I located the product.  I am keeping what I bought and will eat it sparingly because of the wheat but it is a good-tasting pasta.  I will share it with friends who do not share my sensitivities and do better research next time.",
      "helpfulness": "One"
    }
  ]
}