{
  "product_title": "Jell-O Instant Chocolate Sugar-Free Fat Free Pudding & Pie Filling (2.1 oz Boxes, Pack of 24)",
  "byline_info": "Brand: Jell-O",
  "product_description": "About the Brand   In 1897, Pearl Wait adapted an 1845 patent for a gelatin dessert, and his wife, May Davis Wait, named the new product Jell-O brand gelatin. Decades later, in 1899, Orator Francis Woodward bought the rights to Jell-O brand gelatin from Mr. Wait for $450. Three years later, Woodward launched the advertising campaign, \"America's most favorite Dessert\" for Jell-O. Today, Jell-O, which now includes pudding and other desserts, is a member of the Kraft family of brands. About Kraft Kraft has come a long way since 29-year-old James L. Kraft moved from Ontario, canada, to Chicago and started selling cheese to grocers from a horse-drawn wagon. In fact, the story dates back further, since for more than 200 years, many companies have united to make Kraft Foods what it is today. It started before the Revolution--in Dorchester, Massachusetts--when, in 1765, a local physician, Dr. James Baker, went into partnership with a young Irish chocolate-maker, John Hannon. It was America's first chocolate mill, where, in 1780, they made a blend of quality chocolate called Baker's chocolate. Baker's chocolate was the first of a long list of companies that have joined Kraft Foods, Inc., in making good food for busy families.  In 1988, Kraft became part of Philip Morris Companies Inc., and a year later Philip Morris Companies combined Kraft and General Foods Corp. to form Kraft General Foods, the largest food company in the U.S. Some of the most popular and well-known brands in the Kraft family include Maxwell House, Yuban, Oscar Mayer, Breakstone, Grape-Nuts, Jell-O, Post, Minute Rice, Cheez Whiz, Cracker Barrell, Tang, Cool Whip, Shake 'N Bake, Stove Top, General Foods International Coffees, and many, many more.   From the Manufacturer   Creamy, cool, and satisfying, it's no wonder Jell-O Pudding has been an American family favorite for more than 63 years. Low in calories, Jell-O Sugar-Free Chocolate Instant Pudding and Pie Filling is not only delicious but also high in calcium. Everyone loves the flavor of this creamy pudding. In fact, 64 percent of moms say Jell-O Pudding is a favorite snack for kids. When you could go for something rich, smooth, and delicious, turn to Jell-O Sugar-Free Chocolate Instant Pudding and Pie Filling.",
  "category": [
    "Grocery & Gourmet Food",
    "Pantry Staples",
    "Cooking & Baking",
    "Pudding & Gelatin",
    "Pudding Mixes"
  ],
  "alt_images": [
    "https://m.media-amazon.com/images/I/51G-PsCqVvL.jpg",
    "https://m.media-amazon.com/images/I/51g4fxzPYpL.jpg"
  ],
  "product_detail": {
    "Package Dimensions": "16.6 x 9 x 3.8 inches; 4.38 Pounds",
    "Item model number": "43000205860",
    "Manufacturer": "Kraft-Heinz",
    "ASIN": "B000E1DR32",
    "Units": "24 Count",
    "Best Sellers Rank": "#2,322 in Grocery & Gourmet Food (See Top 100 in Grocery & Gourmet Food) #8 in Pudding Mixes",
    "#8 in Pudding Mixes": "",
    "Customer Reviews": "4.7 4.7 out of 5 stars 16,184 ratings"
  },
  "important_information": {
    "Directions": "Follow instructions on packageFollow instructions on package",
    "Legal Disclaimer": "Statements regarding dietary supplements have not been evaluated by the FDA and are not intended to diagnose, treat, cure, or prevent any disease or health condition.Statements regarding dietary supplements have not been evaluated by the FDA and are not intended to diagnose, treat, cure, or prevent any disease or health condition."
  },
  "rating": {
    "score": "4.7 out of 5",
    "dist": {
      "5 star": "83%",
      "4 star": "9%",
      "3 star": "4%",
      "2 star": "1%",
      "1 star": "3%"
    }
  },
  "top_comments": [
    {
      "date": "August 1, 2025",
      "title": "Easy, Impressive & Tasty Banana Dessert for 2 or more people",
      "score": "5.0 out of 5 stars",
      "text": "This mix makes enough banana pudding to fit in a mixing salad bowl (for mixing a salad for 2 people. Good stuff to know: Use cold whole (cow) milk or, as I did, 2/3rds whole milk plus 1/3rd low fat milk (not skim!), otherwise pudding will be runny, lacking bulk. More: If vanilla wafers are desired, use the mini-sized version (easier to position inside the bowl). Slice 2 ripe (or a bit overripe) bananas. Layer per instructions on box. I skipped adding whipped topping, as I had plenty of pudding without it. Pudding sets up fast; suggest having bottom layer of wafers & banana slices ready before whisking together the pudding mix & milk. Incredibly tasty, an impressive light dessert without a lot of effort, and no cooking or baking!",
      "helpfulness": "2"
    },
    {
      "date": "September 3, 2025",
      "title": "Taste like home made.",
      "score": "5.0 out of 5 stars",
      "text": "I used this to make my banna pudding filling for my treats .  Nice price and delicious every one thought I made the filling from scratch like I usually do but didn't have the time with cooking for 16 people.",
      "helpfulness": "0"
    },
    {
      "date": "July 29, 2025",
      "title": "JELLO Brand is always a good purchase",
      "score": "5.0 out of 5 stars",
      "text": "Exactly what I expected.  The Butterscotch flavor is hard to find in the store so I'm glad I was able to purchase it online.  The product is always consistent in quality and flavor.",
      "helpfulness": "0"
    },
    {
      "date": "August 29, 2025",
      "title": "Good pudding",
      "score": "5.0 out of 5 stars",
      "text": "Tasty pudding. I made mini banana puddings with it using vanilla wafers and cool whip.",
      "helpfulness": "0"
    },
    {
      "date": "September 7, 2025",
      "title": "Very good pudding",
      "score": "5.0 out of 5 stars",
      "text": "Hard to find this. And other Cook N Serve puddings in my area.Glad to find it here.Try it with chocolate bits tossed on top while still warm.Yum!",
      "helpfulness": "0"
    },
    {
      "date": "April 25, 2025",
      "title": "Tastes like banana to me!",
      "score": "4.0 out of 5 stars",
      "text": "After disappointing experience with the cheesecake flavor, this Jello banana pudding was a pleasant surprise! Good banana taste,top with or add your favorite chocolate pieces/shavings,even top with real bananas. Taste perception is very individual but this is worth a try! Tip: COLD! Whole milk , measure accurately 2 3/4 to 3 cups. 4* Amazon Delivered Value!",
      "helpfulness": "One"
    },
    {
      "date": "September 7, 2025",
      "title": "Yummy with fresh bananas",
      "score": "5.0 out of 5 stars",
      "text": "cheaper than grocery stores, yummy",
      "helpfulness": "0"
    },
    {
      "date": "August 29, 2025",
      "title": "Tart lemon flavor",
      "score": "5.0 out of 5 stars",
      "text": "Perfect lemon tart flavor. I made a lemon meringue pie and it tasted like the ones my mother in law used to make",
      "helpfulness": "0"
    }
  ]
}