{
  "product_title": "NESQUIK Choc Pwdr NSA 6x16oz N1 US",
  "byline_info": "Visit the Nesquik Store",
  "product_description": "NESQUIK No Sugar Added Chocolate Powder turns milk into a treat that has the taste you love and the nutrition you need. Flavored with real cocoa, NESQUIK provides 8 grams of protein and 10 essential vitamins and minerals when combined with lowfat vitamin A D milk. Our powder has no high fructose corn syrup, and is certified kosher. So, whether you need a post-workout protein boost or want a tasty after-school snack for the kids, NESQUIK is there to help take on the day.",
  "category": [
    "Grocery & Gourmet Food",
    "Beverages",
    "Bottled Beverages, Water & Drink Mixes",
    "Powdered Drink Mixes & Flavorings",
    "Chocolate Drink Mixes"
  ],
  "alt_images": [
    "https://m.media-amazon.com/images/I/51MkrdSj8KL.jpg",
    "https://m.media-amazon.com/images/I/41vbzZimcxL.jpg",
    "https://m.media-amazon.com/images/I/51pSMf04d+L.jpg",
    "https://m.media-amazon.com/images/I/4113fh9i7eL.jpg",
    "https://m.media-amazon.com/images/I/21ftiOOv99L.jpg"
  ],
  "product_detail": {
    "Is Discontinued By Manufacturer": "No",
    "Product Dimensions": "2.8 x 6 x 6.6 inches; 1 Pounds",
    "Item model number": "12100823",
    "UPC": "028000803209 607963713925 028000813208",
    "Manufacturer": "Nesquik",
    "ASIN": "B000GPXRS6",
    "Units": "96.0 Ounce",
    "Best Sellers Rank": "#16,284 in Grocery & Gourmet Food (See Top 100 in Grocery & Gourmet Food) #12 in Powdered Chocolate Drink Mixes",
    "#12 in Powdered Chocolate Drink Mixes": "",
    "Customer Reviews": "4.5 4.5 out of 5 stars 6,232 ratings"
  },
  "important_information": {
    "Safety Information": "This product is labelled to United States standards and may differ from similar products sold elsewhere in its ingredients, labeling and allergen warnings.This product is labelled to United States standards and may differ from similar products sold elsewhere in its ingredients, labeling and allergen warnings.",
    "Ingredients": "Reduced Minerals, Whey, Maltodextrin**, Cocoa Processed with Alkali, Soy Lecithin, Carrageenan, Less than 1% of Salt, Sucralose, Natural Flavor, Spice, Acesulfame Potassium (Non-Nutritive Sweetener), Vitamins and Minerals: Sodium Ascorbate (Vitamin C), Ferric Pyrophosphate (Iron), Niacinamide, Copper Gluconate, Zinc Oxide, Manganese Sulfate, thiamine Hydrochloride, Biotin. **Contributes insignificant amounts of total sugarsReduced Minerals, Whey, Maltodextrin**, Cocoa Processed with Alkali, Soy Lecithin, Carrageenan, Less than 1% of Salt, Sucralose, Natural Flavor, Spice, Acesulfame Potassium (Non-Nutritive Sweetener), Vitamins and Minerals: Sodium Ascorbate (Vitamin C), Ferric Pyrophosphate (Iron), Niacinamide, Copper Gluconate, Zinc Oxide, Manganese Sulfate, thiamine Hydrochloride, Biotin. **Contributes insignificant amounts of total sugars",
    "Directions": "2 tablespoons squik + 8 oz low fat milk2 tablespoons squik + 8 oz low fat milk",
    "Legal Disclaimer": "Statements regarding dietary supplements have not been evaluated by the FDA and are not intended to diagnose, treat, cure, or prevent any disease or health condition.Statements regarding dietary supplements have not been evaluated by the FDA and are not intended to diagnose, treat, cure, or prevent any disease or health condition."
  },
  "rating": {
    "score": "4.5 out of 5",
    "dist": {
      "5 star": "77%",
      "4 star": "10%",
      "3 star": "6%",
      "2 star": "2%",
      "1 star": "5%"
    }
  },
  "top_comments": [
    {
      "date": "August 16, 2025",
      "title": "Snacks for the kids, memories for me.",
      "score": "5.0 out of 5 stars",
      "text": "This is the powder I used to eat when I was little, mixed with milk. It's used to make chocolate milk, and my kids love it. It's a great value for the price, with a large portion. The quality is also decent. I don't feed it to them every day because it seems to contain a bit of sugar.",
      "helpfulness": "0"
    },
    {
      "date": "July 6, 2025",
      "title": "very good-tastes great",
      "score": "5.0 out of 5 stars",
      "text": "i really like the sugar free nesquik.  i don't use as much mix when making a cup-it still is very chocolatey & good tasting. i make it cold or hot. you don't miss the sugar.  i also bought it for my ma.",
      "helpfulness": "One"
    },
    {
      "date": "August 23, 2025",
      "title": "Best chocolate ever",
      "score": "5.0 out of 5 stars",
      "text": "Best chocolate ever,great taste love it",
      "helpfulness": "0"
    },
    {
      "date": "August 1, 2025",
      "title": "Satisfies my chocolate-willies",
      "score": "5.0 out of 5 stars",
      "text": "As someone that has to what his sugar intake, I was very happy to find this 'sugar free' Nesquik.  It tastes great to me and provide a treat that satisfies my chocolate-willies.  Thanks Nestle!",
      "helpfulness": "3"
    },
    {
      "date": "August 23, 2025",
      "title": "Open product inside of the box.",
      "score": "4.0 out of 5 stars",
      "text": "The item is just what i wanted.I have been using for a long time.I add it to my morning espresso,to make a mocha.Yum.The only reason for the 4 stars was.That when i opened the box,the Chocolate was open.So you know what that means.Yes it was all over inside of the box.I know these is nothing compared what is going on in the Country.But it still was not what i wanting to see.Yes i put what i could save,back into the Container.Hopefully until next time it will not be open.Stay safe everyone.",
      "helpfulness": "0"
    },
    {
      "date": "August 20, 2025",
      "title": "Taste",
      "score": "5.0 out of 5 stars",
      "text": "I have kept Nestles in my cabinet for the grandkids.  They are now adults, but It is still a staple.  Love Nestle quik",
      "helpfulness": "0"
    },
    {
      "date": "August 1, 2025",
      "title": "TASTE PRETTY GOOD TO ME.",
      "score": "5.0 out of 5 stars",
      "text": "THIS TASTE IS PRETTY GOOD, TO ME.",
      "helpfulness": "0"
    },
    {
      "date": "August 7, 2025",
      "title": "Not good",
      "score": "3.0 out of 5 stars",
      "text": "Not good. Don’t believe the reviews. Not only is it low sugar, but it’s a different formula. The powder is a completely different color. Adding sugar doesn’t help.",
      "helpfulness": "0"
    }
  ]
}