{
  "product_title": "Mister Mustard Original Mustard, 7.5 Ounce, Pack of 6",
  "byline_info": "Brand: Mr. Mustard",
  "product_description": "We' ve raised the heat level to make this one of the hotter mustards on the market. Stone ground, brown mustard with secret spices will make this a staple in your refrigerator and a top-shelf condiment.",
  "category": [
    "Grocery & Gourmet Food",
    "Pantry Staples",
    "Condiments & Salad Dressings",
    "Mustard",
    "Yellow Mustard"
  ],
  "alt_images": [
    "https://m.media-amazon.com/images/I/51qDY9q9EmL.jpg",
    "https://m.media-amazon.com/images/I/51jq5WnooCL.jpg",
    "https://m.media-amazon.com/images/I/41FYOxuWucL.jpg",
    "https://m.media-amazon.com/images/I/51602cSvyVL.jpg",
    "https://m.media-amazon.com/images/I/512sv1AbYkL.jpg",
    "https://m.media-amazon.com/images/I/51NF-nVTkoL.jpg"
  ],
  "product_detail": {
    "Is Discontinued By Manufacturer": "No",
    "Product Dimensions": "11.25 x 7.5 x 5.75 inches; 4.98 Pounds",
    "Item model number": "BHBUST051718A2320",
    "UPC": "843484103016",
    "Manufacturer": "Everready First Aid",
    "ASIN": "B007GZ17LI",
    "Units": "45 Fluid Ounces",
    "Best Sellers Rank": "#39,476 in Grocery & Gourmet Food (See Top 100 in Grocery & Gourmet Food) #30 in Yellow Mustard",
    "#30 in Yellow Mustard": "",
    "Customer Reviews": "4.7 4.7 out of 5 stars 944 ratings"
  },
  "important_information": {
    "Safety Information": "This product is labelled to United States standards and may differ from similar products sold elsewhere in its ingredients, labeling and allergen warningsThis product is labelled to United States standards and may differ from similar products sold elsewhere in its ingredients, labeling and allergen warnings",
    "Ingredients": "Mister Mustard Original Mustard, 7.5 Ounce, Pack of 6Mister Mustard Original Mustard, 7.5 Ounce, Pack of 6",
    "Directions": "Open the jar, take a spoonful, and apply to your desired food items. Refrigerate after opening.Open the jar, take a spoonful, and apply to your desired food items. Refrigerate after opening.",
    "Legal Disclaimer": "Statements regarding dietary supplements have not been evaluated by the FDA and are not intended to diagnose, treat, cure, or prevent any disease or health condition.Statements regarding dietary supplements have not been evaluated by the FDA and are not intended to diagnose, treat, cure, or prevent any disease or health condition."
  },
  "rating": {
    "score": "4.7 out of 5",
    "dist": {
      "5 star": "86%",
      "4 star": "7%",
      "3 star": "3%",
      "2 star": "1%",
      "1 star": "3%"
    }
  },
  "top_comments": [
    {
      "date": "August 3, 2025",
      "title": "Incredible!",
      "score": "5.0 out of 5 stars",
      "text": "My husband is obsessed with this mustard, he eats it on everything! He also likes to mix it with Mayo for a creamy sandwich spread.  If this company needs a promoter my husband is your guy, we buy in bulk due to him sharing with everyone that comes to visit if they even mention liking mustard they get a souvenir!  He may need an intervention, haha. Amazon offers the best price, always ships fast.  As my husband says-“ This Mustard is incredible “!",
      "helpfulness": "0"
    },
    {
      "date": "May 31, 2025",
      "title": "Great mustard with a nice spicy kick!",
      "score": "5.0 out of 5 stars",
      "text": "If you like mustard with a kick...I'd definitely try. Has a nice almost horseradish flavor to it. It nice and thick...not runny like other brands.",
      "helpfulness": "0"
    },
    {
      "date": "August 6, 2025",
      "title": "Great delivery",
      "score": "5.0 out of 5 stars",
      "text": "Each jar of Mister Mustard was wrapped with bubble wrap and taped. Each jar had its own spot in the box. Packed great.  Great taste.",
      "helpfulness": "0"
    },
    {
      "date": "May 21, 2025",
      "title": "Great Taste",
      "score": "5.0 out of 5 stars",
      "text": "Great product. Sometimes it’s hard to find in the store.",
      "helpfulness": "0"
    },
    {
      "date": "December 26, 2024",
      "title": "ALWAYS THE BEST MUSTARD OUT THERE....",
      "score": "5.0 out of 5 stars",
      "text": "I really like this mustard and I've tried hundreds.The heat is superior and the taste is just awesome.Best on any kind of brat, met, or hotdog.",
      "helpfulness": "One"
    },
    {
      "date": "May 13, 2024",
      "title": "A hidden treasure….",
      "score": "5.0 out of 5 stars",
      "text": "Not the easiest to find in the store so I now order it.been using Mister Mustard for 50 years! It is a great mustard with a little heat and a euro style flavor. It has a slight grain to it but not like a ground mustard that’s chunky but also not super smooth. I LOVE IT AND BUY IT BY THE CASE.I’m just scared they’ll go out of biz……..",
      "helpfulness": "One"
    },
    {
      "date": "December 8, 2024",
      "title": "Husband loves this hot mustard!",
      "score": "5.0 out of 5 stars",
      "text": "Our local grocery stores do not carry Mr. Mustard. I don't mind getting 6 at a time because I know Mr. T. will use them up.",
      "helpfulness": "One"
    },
    {
      "date": "March 25, 2025",
      "title": "Would recommend.",
      "score": "4.0 out of 5 stars",
      "text": "The right heat level for my taste. Ordered 6 bottles the seal and lid were broken on 1 of the 6 bottles had to discard the broken one. which brings the purchase value down Giving a 4-star rating because I feel the jars could have been wrapped better for shipping",
      "helpfulness": "0"
    }
  ]
}