{
  "product_title": "Merckens Marquis Milk Chocolate Buttons 1lb Bag",
  "byline_info": "Brand: CKP",
  "product_description": "Delicious real milk chocolate wafers. Must be tempered when dipping or molding. May be thinned with \"Cocoa Butter\". Note: Chocolate may melt in shipping if ordering in hot weather. You are at your own risk, there is no return. Real chocolate will need to",
  "category": [
    "Grocery & Gourmet Food",
    "Snacks & Sweets",
    "Chocolate Candy",
    "Assortment Boxes"
  ],
  "alt_images": [
    "https://m.media-amazon.com/images/I/21QXX6R2A0L.jpg"
  ],
  "product_detail": {
    "Is Discontinued By Manufacturer": "No",
    "Package Dimensions": "6.9 x 4.4 x 2.1 inches; 1.05 Pounds",
    "Manufacturer": "Unknown",
    "ASIN": "B0008DI8NA",
    "Units": "1 Pounds",
    "Customer Reviews": "3.6 3.6 out of 5 stars 5 ratings"
  },
  "important_information": {
    "Legal Disclaimer": "Statements regarding dietary supplements have not been evaluated by the FDA and are not intended to diagnose, treat, cure, or prevent any disease or health condition.Statements regarding dietary supplements have not been evaluated by the FDA and are not intended to diagnose, treat, cure, or prevent any disease or health condition."
  },
  "rating": {
    "score": "3.6 out of 5",
    "dist": {
      "5 star": "61%",
      "4 star": "0%",
      "3 star": "0%",
      "2 star": "19%",
      "1 star": "20%"
    }
  },
  "top_comments": [
    {
      "date": "March 14, 2014",
      "title": "Pretty Good",
      "score": "5.0 out of 5 stars",
      "text": "I ordered this because Gretchen from Woodland Bakery uses them as her primary source of chocolate. They were great. They melted smoothly and tasted like actual chocolate and not some kinda waxy fake chocolate. I know it isn't *real* but it's acceptable since there is no tempering needed at all.",
      "helpfulness": "One"
    },
    {
      "date": "June 11, 2013",
      "title": "Not merckens",
      "score": "1.0 out of 5 stars",
      "text": "Chocolate was not Merckens. It came in an old bag that had obviously been around for a while, and was not Merckens brand.",
      "helpfulness": "3"
    },
    {
      "date": "December 23, 2011",
      "title": "Merckens Milk Chocolate Buttons",
      "score": "2.0 out of 5 stars",
      "text": "Bought this product locally - but went out of business.  Ordered product not nearly as good as what I previously had.",
      "helpfulness": "3"
    },
    {
      "date": "February 18, 2013",
      "title": "Smooth, great texture and wonderful melting properties.",
      "score": "5.0 out of 5 stars",
      "text": "You can't go wrong with Merckens. I have been a faithful user for years to make my Christmas candy with. Absolutely the tops!",
      "helpfulness": "One"
    }
  ]
}