{
  "product_title": "Tiptree Orange Marmalade, 12 Ounce Jar",
  "byline_info": "Visit the Tiptree Store",
  "product_description": "Very traditional marmalade. Sweet, not too tangy orange marmalade with fine cut peel.",
  "category": [
    "Grocery & Gourmet Food",
    "Pantry Staples",
    "Jams, Jellies & Sweet Spreads",
    "Marmalades"
  ],
  "alt_images": [
    "https://m.media-amazon.com/images/I/5104hhwZpcL.jpg"
  ],
  "product_detail": {
    "Is Discontinued By Manufacturer": "No",
    "Product Dimensions": "2.95 x 2.87 x 4.69 inches; 12 ounces",
    "Item model number": "8606U",
    "Department": "Unisex-Adult",
    "UPC": "043647380029 043647380012",
    "Manufacturer": "BRANDS OF BRITAIN",
    "ASIN": "B000EPQOM4",
    "Units": "12.0 Ounce",
    "Best Sellers Rank": "#31,172 in Grocery & Gourmet Food (See Top 100 in Grocery & Gourmet Food) #5 in Marmalades",
    "#5 in Marmalades": "",
    "Customer Reviews": "4.6 4.6 out of 5 stars 462 ratings"
  },
  "important_information": {
    "Safety Information": "The product is labelled to United States standards and may differ from similar products sold elsewhere in its ingredients, labeling and allergen warningsThe product is labelled to United States standards and may differ from similar products sold elsewhere in its ingredients, labeling and allergen warnings",
    "Ingredients": "Tiptree Orange Marmalade, 12 Ounce JarTiptree Orange Marmalade, 12 Ounce Jar",
    "Legal Disclaimer": "Statements regarding dietary supplements have not been evaluated by the FDA and are not intended to diagnose, treat, cure, or prevent any disease or health condition.Statements regarding dietary supplements have not been evaluated by the FDA and are not intended to diagnose, treat, cure, or prevent any disease or health condition."
  },
  "rating": {
    "score": "4.6 out of 5",
    "dist": {
      "5 star": "78%",
      "4 star": "12%",
      "3 star": "4%",
      "2 star": "2%",
      "1 star": "4%"
    }
  },
  "top_comments": [
    {
      "date": "October 12, 2012",
      "title": "'Tiptree' Orange Marmalade (medium cut): Slightly Bitter, But Good!",
      "score": "5.0 out of 5 stars",
      "text": "This is the fourth item from \"Tiptree\" that I've tried.  (Their \"Little Scarlett Strawberry\" is out of this world!  The regular \"Strawberry\" and \"Damson\" (plum) were also very good.)  Truth be told, I found myself a bit surprised at first taste; being it's somewhat bitter.Aside from random U.S. marmalade's; I have tried one of \"Mrs. Bridges\"- a Scottish (orange) marmalade, of which, there was no bitterness.The previous reviewer said this one from \"Tiptree\" is made from \"Seville\" oranges; which neither the website nor my jar indicates.However, I just read some info on \"Seville\" oranges, and they are supposed to be bitter (they come from the Mediterranean).  One page stated that no \"pectin\" is required.  Since this particular one does not contain \"pectin\" (as some other marmalade's of \"Tiptree\" do), this could very well be made from Seville's.FYI, The label also states: \"45 grams of fruit per 100 grams\".With that said, after a few times of eating it now, I'm quite used it's unique flavor, and find it delicious on toast!For those who aren't keen on a slightly bitter spread, perhaps you should steer clear of at least this particular blend/flavor from \"Tiptree\".  (P.S. I just read a review on their \"Tawny\" (orange; thick cut), which said it's also bitter.)In conclusion, I hope to try another of their marmalade's in the near future!",
      "helpfulness": "14"
    },
    {
      "date": "October 29, 2024",
      "title": "The real thing.",
      "score": "5.0 out of 5 stars",
      "text": "Love it!  Just the right texture and sweetness.  Look no further.",
      "helpfulness": "0"
    },
    {
      "date": "September 8, 2025",
      "title": "Don’t miss it!",
      "score": "5.0 out of 5 stars",
      "text": "Delicious. I love it so much too I can eat it with a spoon.",
      "helpfulness": "0"
    },
    {
      "date": "September 12, 2021",
      "title": "Arrived with cap off",
      "score": "4.0 out of 5 stars",
      "text": "This may be the best Seville orange marmalade I have ever tasted, and I will order it again to give the company another chance.  However, it arrived with the cap off; I didn't return it because I needed it immediately for a recipe.  (Fortunately it didn't poison us.)  I prefer bitter orange marmalade to the sweet type, but I have difficulty finding it locally.  If I want it, I have to order it on line.",
      "helpfulness": "One"
    },
    {
      "date": "July 27, 2025",
      "title": "",
      "score": "5.0 out of 5 stars",
      "text": "Que la mermelada está en un punto perfecto.",
      "helpfulness": "0"
    },
    {
      "date": "June 14, 2024",
      "title": "Delicious",
      "score": "5.0 out of 5 stars",
      "text": "The perfect mix of sweet and sour to perk up aging taste buds.",
      "helpfulness": "One"
    },
    {
      "date": "November 18, 2024",
      "title": "Excellent but rather expensive",
      "score": "5.0 out of 5 stars",
      "text": "I love it, but it is costly",
      "helpfulness": "0"
    },
    {
      "date": "August 24, 2024",
      "title": "Good Packaging on this Great Jam!",
      "score": "5.0 out of 5 stars",
      "text": "Good Packaging on this Great Jam!",
      "helpfulness": "0"
    }
  ]
}