{
  "product_title": "Celestial Seasonings Herbal Tea, Chamomile, Caffeine Free, 40 Tea Bags (Pack of 6)",
  "byline_info": "Visit the Celestial Seasonings Store",
  "product_description": "Caffeine free. Pure 100% natural chamomile gives Chamomile Herb Tea the luscious golden tone and delicate flavor that make it a traditional favorite. Chamomile tea has long been cherished as a soothing antidote for life's complications. In centuries past, the people of the English countryside valued no plant in their garden more than this herb, which they treasured as a domestic remedy to comfort the soul. Nourish your spirit and restore you calm as you savor a cup of our Chamomile Herb Tea. 100% Natural. This product contains all-natural herbs and flavors, and no artificial colors or preservatives. Packaging may vary.",
  "category": [
    "Grocery & Gourmet Food",
    "Beverages",
    "Tea",
    "Fruit & Herbal Tea",
    "Herbal"
  ],
  "alt_images": [
    "https://m.media-amazon.com/images/I/51sxCAe+H7L.jpg",
    "https://m.media-amazon.com/images/I/51KcYJtGd1L.jpg",
    "https://m.media-amazon.com/images/I/41cJAAVaMUL.jpg",
    "https://m.media-amazon.com/images/I/51Q-xJ5BzaL.jpg",
    "https://m.media-amazon.com/images/I/41xU1QdvrNL.jpg",
    "https://m.media-amazon.com/images/I/61FcAOmILXL.jpg"
  ],
  "product_detail": {
    "Product Dimensions": "11.3 x 9.8 x 5.6 inches; 0.01 ounces",
    "Item model number": "5367",
    "Manufacturer": "Celestial Seasonings",
    "ASIN": "B000E63LLU",
    "Units": "240.0 Ounce",
    "Best Sellers Rank": "#623 in Grocery & Gourmet Food (See Top 100 in Grocery & Gourmet Food) #8 in Herbal Tea",
    "#8 in Herbal Tea": "",
    "Customer Reviews": "4.8 4.8 out of 5 stars 37,825 ratings"
  },
  "important_information": {
    "Safety Information": "This product is labelled to United States standards and may differ from similar products sold elsewhere in its ingredients, labeling and allergen warningsThis product is labelled to United States standards and may differ from similar products sold elsewhere in its ingredients, labeling and allergen warnings",
    "Ingredients": "Chamomile.Chamomile.",
    "Directions": "BOIL Bring fresh, filtered water to a rolling boil. STEEP Pour 1 cup water over a tea bag in a cup. Steep 4 to 6 minutes and remove bag. ENJOY Sweeten if desired and enjoy.BOIL Bring fresh, filtered water to a rolling boil. STEEP Pour 1 cup water over a tea bag in a cup. Steep 4 to 6 minutes and remove bag. ENJOY Sweeten if desired and enjoy.",
    "Legal Disclaimer": "Statements regarding dietary supplements have not been evaluated by the FDA and are not intended to diagnose, treat, cure, or prevent any disease or health condition.Statements regarding dietary supplements have not been evaluated by the FDA and are not intended to diagnose, treat, cure, or prevent any disease or health condition."
  },
  "rating": {
    "score": "4.8 out of 5",
    "dist": {
      "5 star": "88%",
      "4 star": "7%",
      "3 star": "2%",
      "2 star": "1%",
      "1 star": "2%"
    }
  },
  "top_comments": [
    {
      "date": "August 3, 2025",
      "title": "DELICIOUS/ENJOY.. 😋",
      "score": "5.0 out of 5 stars",
      "text": "As usual delicious celestial tea...Good price for that many boxes !Came quickly & well wrapped...Delicious hot or cold... I have been making peach iced tea for these hot days.. great to drink even in the evening because there is no caffeine !",
      "helpfulness": "0"
    },
    {
      "date": "September 3, 2025",
      "title": "Delicious Herbal Teas",
      "score": "5.0 out of 5 stars",
      "text": "I have been buying this tea for several years.  I like the Cherry Berry.  The flavor is outstanding and it's an herbal tea.",
      "helpfulness": "0"
    },
    {
      "date": "August 9, 2025",
      "title": "A great value on a delicious,  exotic tea.",
      "score": "5.0 out of 5 stars",
      "text": "I've used this tea for a while and like it's spicy warmth very much. The price for 6 boxes was great, so I won't have to purchase again for a long time!",
      "helpfulness": "One"
    },
    {
      "date": "August 3, 2025",
      "title": "Delicious tea!",
      "score": "5.0 out of 5 stars",
      "text": "I've been drinking this tea for a few years now. It's one of my favorite herbal teas. It has a really nice blueberry taste, and the 6 pack is a good deal. Highly recommend.",
      "helpfulness": "0"
    },
    {
      "date": "August 19, 2025",
      "title": "Bold Flavor That Fits My Daily Routine",
      "score": "5.0 out of 5 stars",
      "text": "I’m a tea drinker who loves flavored teas, and Celestial Seasonings Country Peach Passion quickly became one of my favorites. I’ve purchased it multiple times and will keep buying it when it’s on sale. The fruity aroma alone makes you want a cup, and if you let the tea steep longer, the flavor becomes bolder and richer.My routine is to add a bag to 180° water in the morning, let it steep for 4–5 hours, and enjoy it at lunch—it tastes great chilled this way too. I also like that the bags don’t have strings, but I do wish they were individually wrapped for freshness.",
      "helpfulness": "0"
    },
    {
      "date": "September 10, 2025",
      "title": "Naturally sweet",
      "score": "5.0 out of 5 stars",
      "text": "My favorite tea, iced or hot!  The spices sweeten the tea, so no sugar is required for my flavor receptors.",
      "helpfulness": "0"
    },
    {
      "date": "April 23, 2025",
      "title": "Really strong, but potentially a bargain;-)",
      "score": "4.0 out of 5 stars",
      "text": "I'd never tried this kind of tea, so didn't know what to expect - I was using chamomile before, and that's pretty forgiving of you forgetting to take the tea bag out after just so many minutes, but with this stuff, you'd better set a timer! The first time I went off and left it, and when I came back the smell was so strong that I could only sip it on an exhale (- sort of reminded me of a fancy bath soap;-), and couldn't finish it. The next day I checked the directions (in \"Important Information,\" right here above - doesn't say on the box itself), and only left it in for 5 minutes. Still pretty strong, so I checked the reviews, and found one that said you could make two cups of tea with one bag. So this morning, I heated up 3 1/2 cups of water (two mugs-full, of the size I use), and steeped one tea bag in it for 5 minutes exactly. Threw out the tea bag; poured half to drink now and stashed the rest in the fridge for later, and I think I got it just about right! The flavor is slightly sweet and the aroma is not overwhelming; sort of like vanilla but not as potent (- can't find it now, but another reviewer suggested adding a teeny snip of vanilla  bean if you want it more pronounced).Note that this stuff is pretty spendy, but if you can get two cups of tea from one tea bag, it's actually a bargain!",
      "helpfulness": "4"
    },
    {
      "date": "August 3, 2025",
      "title": "Makes great iced tea",
      "score": "5.0 out of 5 stars",
      "text": "This cinnamon apple tea is delicious as an iced tea, especially. You taste the apples right away, and the Cinnamon kind of pleasantly hits you afterwards. It taste exactly like you would expect it to taste based on the description.",
      "helpfulness": "0"
    }
  ]
}