{
  "product_title": "Yogi Chai Green 16 Bags",
  "byline_info": "Visit the Yogi Store",
  "product_description": "Yogi Chai Green 16 Bags",
  "category": [
    "Grocery & Gourmet Food",
    "Beverages",
    "Tea",
    "Tea Samplers"
  ],
  "alt_images": [
    "https://m.media-amazon.com/images/I/41Dw1ajLEpL.jpg",
    "https://m.media-amazon.com/images/I/41pSlIDY4QL.jpg"
  ],
  "product_detail": {
    "Is Discontinued By Manufacturer": "No",
    "Product Dimensions": "2.69 x 3.06 x 4.31 inches; 1.28 ounces",
    "Item model number": "89013",
    "Department": "Health and Beauty>Health and Wellness",
    "UPC": "076950415324",
    "Manufacturer": "Yogi Teas",
    "ASIN": "B000E4AKQ6",
    "Units": "16 Count",
    "Best Sellers Rank": "#58,689 in Grocery & Gourmet Food (See Top 100 in Grocery & Gourmet Food) #499 in Tea Samplers",
    "#499 in Tea Samplers": "",
    "Customer Reviews": "4.6 4.6 out of 5 stars 1,353 ratings"
  },
  "important_information": {
    "Ingredients": "Proprietary Blend of Herbs, Organic Green Tea Leaf, Organic Ginger Root, Cardamom Seed, Organic CinnProprietary Blend of Herbs, Organic Green Tea Leaf, Organic Ginger Root, Cardamom Seed, Organic Cinn",
    "Directions": "To enjoy the rich flavor of our Chai Green, bring water just to boiling and steep for 3 minutes. Add your favorite sweetener and milk or milk substitute.To enjoy the rich flavor of our Chai Green, bring water just to boiling and steep for 3 minutes. Add your favorite sweetener and milk or milk substitute.",
    "Legal Disclaimer": "These statements have not been evaluated by the Food & Drug Administration. This products is not intended to diagnose, cure, mitigate, treat, or prevent any disease.These statements have not been evaluated by the Food & Drug Administration. This products is not intended to diagnose, cure, mitigate, treat, or prevent any disease.Statements regarding dietary supplements have not been evaluated by the FDA and are not intended to diagnose, treat, cure, or prevent any disease or health condition.Statements regarding dietary supplements have not been evaluated by the FDA and are not intended to diagnose, treat, cure, or prevent any disease or health condition."
  },
  "rating": {
    "score": "4.6 out of 5",
    "dist": {
      "5 star": "79%",
      "4 star": "11%",
      "3 star": "4%",
      "2 star": "2%",
      "1 star": "4%"
    }
  },
  "top_comments": [
    {
      "date": "November 18, 2024",
      "title": "Delicious tea",
      "score": "5.0 out of 5 stars",
      "text": "I am glad 😊 I ordered the tea is it is delicious 😋",
      "helpfulness": "0"
    },
    {
      "date": "March 27, 2025",
      "title": "Tastes good !",
      "score": "5.0 out of 5 stars",
      "text": "Tastes oh so good !!",
      "helpfulness": "0"
    },
    {
      "date": "September 2, 2025",
      "title": "Yogi Egyptian Licorice",
      "score": "5.0 out of 5 stars",
      "text": "Delicious tea!",
      "helpfulness": "0"
    },
    {
      "date": "September 5, 2023",
      "title": "Naturally sweet and delicious.",
      "score": "5.0 out of 5 stars",
      "text": "I don’t like tea normally because it’s blah without honey. THIS TEA is so sweet and lovely and smooth, and doesn’t need added sweetener.  I drank almost a gallon of it when my allergies kicked in. I felt amazing all day. Clear headed. Hydrated. The tickle in my throat, gone. Doesn’t taste like licorice but a sweet, smooth drink instead. LOVE.",
      "helpfulness": "2"
    },
    {
      "date": "July 13, 2015",
      "title": "Delicious Zip",
      "score": "4.0 out of 5 stars",
      "text": "If you are a tea lover, and you want a tea with a kick and one that is refreshing, this Aztec Sweet Chili Yogi Tea is for you.Aztec Sweet Chili Tea by Yogi Teas has 16 bahgs as advertised.  The first sip will awaken your senses that is for sure. This is not a powerful tea that makes you hold your breath, just a sigh kind of tea.  The blend combines cocoa and the spice of cayenne. The addition of organic ginger, cardamom, cinnamon and clove encompasses the nervous system.To prepare Aztec Sweet Chili bring water to boiling and steep for 5 to 10 minutes. Add a little cream milk or milk substitute or sugar if needed. Sip slowly, this tea might become a bit addicting. I found this tea in my local food COOP, after impurchased this from Amazon.Recommended. prisrob 07-13-15",
      "helpfulness": "3"
    },
    {
      "date": "July 3, 2024",
      "title": "Delish",
      "score": "5.0 out of 5 stars",
      "text": "I went to a tea party and I fell in love with this tea. I immediately went online to Amazon and ordered one box. I drink it every evening and I really enjoy the flavor. Time to subscribe!",
      "helpfulness": "0"
    },
    {
      "date": "March 2, 2014",
      "title": "Interesting Taste",
      "score": "5.0 out of 5 stars",
      "text": "I bought this to brew up a concoction to make my bronchitis feel better and maybe even break up. I brewed 1 teabag in 12oz of water for 5 minutes. The smell was strange, kind of earthy green, not licorice like I'd expected. First sip and it was like \"Eeew, this is watery!\" But when I swallowed, I got a huge taste of sweetness on my tongue. As the tea cooled, the watery taste got a little more bitter, but each swallow brought a sweet taste. Drinking it straight wasn't terrible, but not something I'd do very often. But my concoction turned out great, stirring some Lipton lemon iced tea mix in with some honey ginger crystals and it worked like a charm. Better than the cough syrup I'd been slogging. Will keep drinking through this bout of bronchitis, less coughing at night and slept well with no whistling in my chest. My partner raved about the straight brew. Would buy again.",
      "helpfulness": "2"
    },
    {
      "date": "December 29, 2024",
      "title": "Very Nice Tea",
      "score": "5.0 out of 5 stars",
      "text": "This is a perfect drink for any tme of the day.",
      "helpfulness": "0"
    }
  ]
}