{
  "product_title": "Meyenberg Whole Powdered Goat Milk, Gluten Free, Vitamin D, 12 Oz (Pack of 1)",
  "byline_info": "Visit the Meyenberg Store",
  "product_description": "",
  "category": [
    "Grocery & Gourmet Food",
    "Pantry Staples",
    "Cooking & Baking",
    "Condensed & Powdered Milk",
    "Powdered"
  ],
  "alt_images": [
    "https://m.media-amazon.com/images/I/41IzcqmslwL.jpg",
    "https://m.media-amazon.com/images/I/51FU3cdustL.jpg",
    "https://m.media-amazon.com/images/I/51aMPHLJeLL.jpg",
    "https://m.media-amazon.com/images/I/41vGNJ0NHLL.jpg",
    "https://m.media-amazon.com/images/I/41vk-kiaO5L.jpg",
    "https://m.media-amazon.com/images/I/51NYNGpjpYL.jpg",
    "https://m.media-amazon.com/images/I/51Q29IYXN8L.jpg"
  ],
  "product_detail": {
    "Is Discontinued By Manufacturer": "No",
    "Product Dimensions": "4 x 4.28 x 4.75 inches; 12 ounces",
    "Item model number": "575555",
    "UPC": "072904000028 778894262674 129500841729",
    "Manufacturer": "UNFIQ",
    "ASIN": "B004K69OMU",
    "Units": "12.0 Ounce",
    "Best Sellers Rank": "#252,433 in Grocery & Gourmet Food (See Top 100 in Grocery & Gourmet Food) #340 in Powdered Milk #24,234 in Diet & Sports Nutrition",
    "#340 in Powdered Milk": "",
    "#24,234 in Diet & Sports Nutrition": "",
    "Customer Reviews": "4.6 4.6 out of 5 stars 6,223 ratings"
  },
  "important_information": {
    "Safety Information": "Contains: goat milk. This product is labelled to United States standards and may differ from similar products sold elsewhere in its ingredients, labeling and allergen warningsContains: goat milk. This product is labelled to United States standards and may differ from similar products sold elsewhere in its ingredients, labeling and allergen warnings",
    "Ingredients": "Whole Goat Milk, Vitamin D3 And Folic Acid.Whole Goat Milk, Vitamin D3 And Folic Acid.",
    "Directions": "1 Cup: Gradually mix 2 unpacked level scoops (28g) Meyenberg Goat Milk Powder with about 3/4 cup of warm water.1 Cup: Gradually mix 2 unpacked level scoops (28g) Meyenberg Goat Milk Powder with about 3/4 cup of warm water.",
    "Legal Disclaimer": "Always ships F A S T !!Always ships F A S T !!Statements regarding dietary supplements have not been evaluated by the FDA and are not intended to diagnose, treat, cure, or prevent any disease or health condition.Statements regarding dietary supplements have not been evaluated by the FDA and are not intended to diagnose, treat, cure, or prevent any disease or health condition."
  },
  "rating": {
    "score": "4.6 out of 5",
    "dist": {
      "5 star": "80%",
      "4 star": "11%",
      "3 star": "6%",
      "2 star": "1%",
      "1 star": "2%"
    }
  },
  "top_comments": [
    {
      "date": "March 25, 2015",
      "title": "Best milk for my preemie baby!!!",
      "score": "5.0 out of 5 stars",
      "text": "This milk has been a Godsend ever since we found out our 4 month son was allergic to cows milk. After much research and different formula trials, we settled for a homemade baby formula using this Goats milk along with Probiotics 3x/day given separately. Goats milk is much easier to digest than cows milk, and it doesn't contain \"casein\". My son no longer has projectile vomiting, has no loose/yellow bowel movements, no more gas, and is off Zantac for suspected indigestion. If you were to read the ingredient list on traditional store bought formula, a lot of the powders are made with UNHEALTHY PRODUCTS such as  corn syrup solids & non fat evaporated milk! Babies require good fats for brain development. This is the following recipe I use to make my sons homemade goats milk formula.http://pthirty1.com/homemade-goat-milk-infant-formula-recipe-and-other-formula-tales/4 tbsp powdered goat milk – I first purchased powdered goat milk at a local health food store.  I have since discovered it is sold at Whole Foods and I’ve recently found it online at Amazon.  It is cheapest on Amazon ($9.07 per 12 oz can) plus shipping is free.  Additionally, you get a 5% discount if you enable autoship in which you can pre-order the milk for up to 6 month increments.The Meyenberg brand is the only brand I’ve found and it works great!  It is fortified with folic acid and vitamin D as an added bonus for babies.  I have also used store-bought goat milk and diluted it using a 1:1 milk/water ratio (for this recipe, that would be 2 cups goat milk to 2 cups water).  I have read that evaporated goat milk can also be used.4 tsp organic coconut oil – Coconut oil is the most abundant natural source of an essential saturated fat called lauric acid which is found in high amount in breast milk.  In fact, breast milk is the only other natural source that contains such a high amount of lauric acid.  Lauric acid helps to destroy bacteria, viruses and fungus in the body.  As well, coconut oil is known for regulating blood sugar and thyroid function.I have always kept coconut oil as a kitchen staple.  This was a plus because the initial investment for goat milk formula ingredients can be pricey albeit worth it.  Not having to purchase coconut oil was great!  I purchase my coconut oil from Amazon as well because I can usually take advantage of free shipping.  I pay about $9 for a 15 oz container of coconut oil.  I know this is sacrilege for me, but I have never done price comparison shopping for coconut oil so if you think you can find it cheaper elsewhere, you probably can :).4 tsp organic sunflower oil (alternative: extra virgin olive oil) – Sunflower oil (and olive oil) provide monounsaturated fats and vitamin E.  Unsaturated fats balance blood cholesterol.  Sunflower oil has significantly more vitamin E than olive oil, but olive oil contains more vitamin K than sunflower oil.  I prefer sunflower oil for the milder flavor/scent in the infant formula.  Since both provide enough essential unsaturated fats and vitamins, and we are adding a multivitamin to the formula (keep reading), both oils will work.  I have also read where the oil can be omitted.Like most households, extra virgin olive oil is a staple in my kitchen.  I buy it blindly when I shop at low-price leader grocery stores and don’t pay much attention to price.  I’ve even found it at Aldi and Walmart.  Sunflower oil, on the other hand, was much more difficult to get my hands on.  I found it at Whole Foods for about $5 for a 16 oz bottle.  Sunflower oil can also be purchased on Amazon.4 tbsp organic agave nectar (alternative: organic 100% maple syrup, brown rice syrup) – The sugar and high carbohydrate content found in agave nectar are necessary for brain growth.  Forty percent of the calories from breast milk come from carbohydrates called lactose.  A breast milk substitute, therefore, would have to be high in carbs as well.I have been buying agave nectar in bulk at Costco since I have started plant-based eating.  It is much sweeter than regular sugar so I use less of it, and therefore, it lasts a lot longer.  I cannot recall how much I paid for it (since I’ve had it for so long).  I do know that it is sold in most grocery stores.  I also keep maple syrup as a kitchen staple for plant-based eating.  I am not particularly fond of maple syrup’s taste as a condiment.  However, it works fine as sugar substitutes in most baked ingredients.  Like agave nectar, 100% maple syrup can be found at almost any grocery store including Walmart.  I’ve found it the cheapest at Aldi for about $4.1/2 tsp unsulphured blackstrap molasses – This provides B-vitamins, iron, calcium and trace minerals.  Molasses also helps with alleviate constipation.  I have not had a problem with this amount, but decrease the amount if stools are too loose.I found molasses at Walmart and thought I struck gold.  When I got it home, I realized it was not unsulphured blackstrap molasses and the two differ by processing method.  I found the unsulphured molasses at Whole Foods.1/2 tsp infant probiotic strain – I had always heard of probiotic in my favorite yogurt products before now, but never paid much attention to it.  Breast milk is extremely high in probiotics.  Probiotics improve digestive functions and boost the good bacteria in our bodies to fight the bad bacteria which prevents infection.  Breast milk contains numerous probiotic strains including lactobacillus genus, lactobacillus gasseri and lactobacillus fermentu.The infant probiotic comes in a vitamin bottle and is a powdery substance so it’s easy to add to liquids and foods.  I found a brand by Maxi Baby Care at Whole Foods.  It can also be purchased at Amazon, GNC, Vitamin Shoppe and most health food stores.4 tsp natural infant liquid multivitamins (or proportioned amount per package directions and amount of milk being made) – This adds in all the missing and extra vitamins your infant needs.  If you are adding this to his/her daily diet already, I would not advise including this in the formula too.I found a multivitamin brand by Maxi Baby Care at Whole Foods.  It can also be purchased at Amazon, GNC, Vitamin Shoppe and most health food stores.  Poly-vi-sol is another popular infant vitamin brand and it can be found at Walmart.32 oz warm nursery or filtered water – Goat milk powder is harder to dissolve in cold water than store-bought formula.  Make sure your water is hot or warm for better mixing and clump-free formula.",
      "helpfulness": "26"
    },
    {
      "date": "November 4, 2009",
      "title": "Best baby formula for sensitive tummies",
      "score": "5.0 out of 5 stars",
      "text": "GREAT GREAT GREAT PRODUCT! The milk is GOD SENT for babies with sensitive tummies, who cannot take cow milk and/or soy. My 3-months old daughter had reflux, high acid level in her tummy, colics, gas and constipation varying with diarrhea. My husband and I are both foreign residents in Switzerland and I have to say that Swiss formula market is apolling in terms of choice, and useless doctors just kept medicating her instead of changing the cow milk formula to something more appropriate, just gave her more and more different drugs which only added to the problem. At some point she was crying all day long for several days!! I stopped listening to the doctors and did some online research- tried soy milk formula and lactose free formula (both Nestle), no changes. I tried all 3-4 cow milk formulas available on the Swiss market (Adapta, Holle, Milupa, Nestle) - no changes!Finally I found a can of Meyenberg goat powder milk in the house, which I had bought previously for my organic cosmetics hobby- and gave it a try in a pure desperation. WHAT A CHANGE! She is like a different baby. ALL PROBLEMS GONE INSTANTLY- on the same day. I took the baby off all the medications these so-called specialists were overmedicating her with ( I am changing the pediatrician as well), and she feels perfect and is happier than I've ever seen her. I am stashing up with this milk now for a long time, as no Meyenberg milk is sold locally. Would highly recommend this product to all parents looking for a healthy  solution for their babies- goat milk protein is much easier to digest by small tummies. Furthermore, historically, long before any commercial baby formulas were invented, goat milk (and NOT cow milk!!! soy was not even on the menu) was used for centuries to feed babies by mothers who could not breastfeed. Today, when everything is Marketing-driven and cow milk manufacturers are dominating the market, this fact is totally forgotten, and all of a sudden other products are advertised to be appropriate (on top of that commercial brands stuff their formulas with all sorts of ingredients and chemicals their imagination can come up with- no matter if good for babies or not). The Meyenberg goat milk has few, simple ingredients which do not overwhelm small tummies, it is fantastically nutricious, natural and tasty. My daughter cannot get enough of it- I never saw her having such a healthy appetite towards any other milk she was given.The only request to the seller (the Vitamine Shoppe - actually one of the most professional sellers on Amazon)- please please please speed up your order processing! Although it arrived earlier than estimated (7 days instead of estimated 9 days after the order was placed), but the order processing itself took 5 days before it was actually shipped by expedited shipping. This is far too long, if the baby cannot eat anything else. If you could process orders faster- it would help a lot!Thank you very much for shipping this product to Switzerland anyway (I think it is almost the only reliable seller who does)- it's a life savior.",
      "helpfulness": "160"
    },
    {
      "date": "December 10, 2014",
      "title": "Great Fresh tasting milk",
      "score": "5.0 out of 5 stars",
      "text": "I actually wrote part of this as a comment on another review but decided to use it  here too.  I have owned and milked goats and love the milk but can't get out anymore so don't have them now.  Many people think goat milk has a strong taste.  That only happens with milk that has been attacked by bacteria and is the beginning of spoilage.  Meyenberg Powdered Goat milk matches fresh milk . Why drink goat milk here's my opinion. I can just see that 3 mo old going after that bottle after not being able to digest Soy or Cows milk  (By Maria S on November 4, 2009).  Your daughter is fortunate to have a mom that kept trying. I have raised Dairy Goats and love the milk. I have raised Border Collie puppies from 2 weeks old who lost their mother (started with an eye dropper), an injured fawn, and also raised 2 colts whose mothers did not produce milk. (one nanny would actually stand on a milking stand and let the colt nurse)  Goats milk is as nutritious as cows milk and easier to digest due to enzyme differences. I believe you could raise almost any thing on it. It is also a cure for ulcers, and that's not an old wives tale, but now a scientific known fact (promotes healthy gut bacteria). I buy this powdered milk and it tastes just like fresh goats milk from goats that eat 16% forage and grain.  Goats are cleaner than cattle and very intelligent too. If you Bully a goat they will stay away from you. But if you're kind they will come up tap you leg with a foot or put their head under you hand and rub it back and forth to get your attention. Speak and pet them and they are happy as a child would be . I'm 71 and I like them and this excellent milk.  Closest thing to fresh goat milk you will find.",
      "helpfulness": "9"
    }
  ]
}