{
  "product_title": "JFC - Wasabi Fumi Furikake (Rice Seasoning) 1.7 Oz.",
  "byline_info": "Brand: JFC",
  "product_description": "Furikake is a dried mixed seasoning sprinkled over rice for added flavor. This variety has a nice spicy wasabi (Japanese horseradish) flavor. Seasoning also includes sesame seeds, bonito (fish) flakes, mustard plant flakes and seaweed flakes. Other furikake varieties include salmon, shiso, seaweed and bonito fish.",
  "category": [],
  "alt_images": [
    "https://m.media-amazon.com/images/I/51DSfaviVEL.jpg",
    "https://m.media-amazon.com/images/I/51vg4O4DjjL.jpg",
    "https://m.media-amazon.com/images/I/51E98N4bvvL.jpg"
  ],
  "product_detail": {
    "Is Discontinued By Manufacturer": "No",
    "Package Dimensions": "6.42 x 2.8 x 2.8 inches; 8.16 ounces",
    "UPC": "778894150445",
    "ASIN": "B0006G5KEE",
    "Units": "1.7 Fluid Ounces",
    "Customer Reviews": "4.6 4.6 out of 5 stars 1,682 ratings"
  },
  "important_information": {
    "Directions": "Sprinkle on cooked rice or other dishes for added flavor.Sprinkle on cooked rice or other dishes for added flavor.",
    "Legal Disclaimer": "Statements regarding dietary supplements have not been evaluated by the FDA and are not intended to diagnose, treat, cure, or prevent any disease or health condition.Statements regarding dietary supplements have not been evaluated by the FDA and are not intended to diagnose, treat, cure, or prevent any disease or health condition."
  },
  "rating": {
    "score": "4.6 out of 5",
    "dist": {
      "5 star": "80%",
      "4 star": "10%",
      "3 star": "5%",
      "2 star": "1%",
      "1 star": "4%"
    }
  },
  "top_comments": [
    {
      "date": "August 3, 2025",
      "title": "White rice seasoning",
      "score": "5.0 out of 5 stars",
      "text": "Love this seasoning. Not to salty great for putting on white rice",
      "helpfulness": "0"
    },
    {
      "date": "June 19, 2025",
      "title": "Tasty wasabi flavor for your meal",
      "score": "5.0 out of 5 stars",
      "text": "Tasty wasabi flavor for your meal.  It comes with it's tasty wasabi flavor and pretty good for steam rice.  Pricing is pretty fair and worth the money.  I would like to purchase again.",
      "helpfulness": "0"
    },
    {
      "date": "September 16, 2022",
      "title": "This product tastes great and can be used on anything!",
      "score": "5.0 out of 5 stars",
      "text": "This product has just enough wasabi to have a bit of a bite but not so much that it overpowers the overall flavor. It's also so versatile that I've used it for almost everything. On salads just sprinkle it on, lightly or heavy; maybe add a little vinegar and it's a great dressing. Of course it's good on rice, even fried rice. I've used it in soups and with all kinds of meat dishes. On the off chance someone makes something you don't like, but have to eat (don't want to hurt anyone's feelings), this product can be a lifesaver (or relationship saver if it's the significant other who's not-so-good at cooking😉). I've heard nit-picky comments about the labeling, but this product is sold all over the world, so sometimes labeling can be confusing from one market to the next. Anyone who is familiar with furukake can tell by the taste whether it's good or not without reading all the fine print. I'm sorry there are so many people these days who are terrified about what they are eating. Yet these same people usually eat things much worse than what they are afraid of. To those people I recommend not eating a they aren't familiar with. The sheer percentage of  5-star reviews invalidates most of the complainers.  I've bought this brand for years, usually in an Asian market to get the best pricing (compared to regular grocery stores). I'm very happy Amazon carries it",
      "helpfulness": "5"
    },
    {
      "date": "May 20, 2025",
      "title": "Spicy and tasty!",
      "score": "5.0 out of 5 stars",
      "text": "My kids grew up on Furikaki and this is the best brand. I had not seen wasabi before and it was a treat to get and fun to make onigiri with! Thanks!",
      "helpfulness": "0"
    },
    {
      "date": "June 18, 2025",
      "title": "It's OK - not my favorite flavor",
      "score": "4.0 out of 5 stars",
      "text": "It's OK. Not the most flavorful, you have to use quite a bit to taste it.",
      "helpfulness": "0"
    },
    {
      "date": "October 22, 2024",
      "title": "Delicious!",
      "score": "5.0 out of 5 stars",
      "text": "Not overly spicy but definitely has a kick to it. Tastes amazing in noodles, on rice, or my favorite: on poached eggs with toast and a little bit of eel sauce!Great to mix into other dips or sauces as well. I've tried several varieties of furikake from this brand and this one is my favorite so far.",
      "helpfulness": "0"
    },
    {
      "date": "October 7, 2024",
      "title": "Perfect companion to rice",
      "score": "5.0 out of 5 stars",
      "text": "This is especially nice to use with leftover rice. I like it for breakfast. Fast, tasty and satisfying way to bump up the flavor of the rice.",
      "helpfulness": "0"
    },
    {
      "date": "February 2, 2025",
      "title": "Excellent Product",
      "score": "5.0 out of 5 stars",
      "text": "Excellent taste",
      "helpfulness": "0"
    }
  ]
}