{
  "product_title": "Granforno Grissini Breadsticks, Garlic, 4.4-Ounce Boxes (Pack of 12)",
  "byline_info": "Brand: Granforno",
  "product_description": "Made with extra virgin olive oil. Cholesterol free. Low fat. Product of Italy.",
  "category": [
    "Grocery & Gourmet Food",
    "Breads & Bakery",
    "Breadsticks"
  ],
  "alt_images": [
    "https://m.media-amazon.com/images/I/41vObakvujL.jpg",
    "https://m.media-amazon.com/images/I/41yJ00BBoRL.jpg",
    "https://m.media-amazon.com/images/I/31p7KtiYfnL.jpg",
    "https://m.media-amazon.com/images/I/41xuAYASODL.jpg"
  ],
  "product_detail": {
    "Package Dimensions": "11.5 x 11.2 x 7.9 inches; 3.3 Pounds",
    "Item model number": "70189",
    "UPC": "029606180039",
    "Manufacturer": "Granforno",
    "ASIN": "B000FAIR8C",
    "Units": "52.8 Ounce",
    "Best Sellers Rank": "#459,689 in Grocery & Gourmet Food (See Top 100 in Grocery & Gourmet Food) #249 in Fresh Bakery Breadsticks",
    "#249 in Fresh Bakery Breadsticks": "",
    "Customer Reviews": "3.6 3.6 out of 5 stars 169 ratings"
  },
  "important_information": {
    "Ingredients": "Wheat Flour, Extra Virgin Olive Oil, Yeast, Garlic, Malt, Salt.Wheat Flour, Extra Virgin Olive Oil, Yeast, Garlic, Malt, Salt.",
    "Directions": "Store in a cool and dry place.Store in a cool and dry place.",
    "Legal Disclaimer": "Statements regarding dietary supplements have not been evaluated by the FDA and are not intended to diagnose, treat, cure, or prevent any disease or health condition.Statements regarding dietary supplements have not been evaluated by the FDA and are not intended to diagnose, treat, cure, or prevent any disease or health condition."
  },
  "rating": {
    "score": "3.6 out of 5",
    "dist": {
      "5 star": "37%",
      "4 star": "30%",
      "3 star": "9%",
      "2 star": "9%",
      "1 star": "15%"
    }
  },
  "top_comments": [
    {
      "date": "May 10, 2013",
      "title": "Good breadsticks at a great price...",
      "score": "5.0 out of 5 stars",
      "text": "These are very inexpensive and of good quality.  They taste good, with a hint of the virgin Olive Oil and the good \"bread\" taste.  Only a few broken sticks per pack in my shipment, most were fine.  Packed well in a fairly sturdy box and 12 individual boxes within that.  An especially good deal at the current low price with subscribe and save.These tasted fresh and having now consumed a full pack (20 sticks), I can say that I am very happy with them.  They taste very good, are crisp, pretty much what you want a breadstick to be.  Four full breadsticks are only 110 calories and only 10 of those are from fat.  Sodium is 260 mg (for 4).  Often a couple are fine for me as a snack, so that's only 55 calories.  Not bad!These are delicious with meals, too, of course, and are a good alternative to most crackers you might use.  I think most people will be very happy with these breadsticks, especially at the price they are being offered for a case of 12 boxes (20 sticks per box).",
      "helpfulness": "0"
    },
    {
      "date": "March 10, 2012",
      "title": "Pretty good breadsticks",
      "score": "4.0 out of 5 stars",
      "text": "I bought these while attempting the HCG diet (I lasted 2 weeks, lol) and these breadsticks are the reason I made it past 3 days. I didn't give them 5 stars because they taste burnt a lot, and almost all of them are broken, but beyond that, they're pretty good. I didn't care that they were broken at all but others may. I recommend these for anyone on the HCG diet, and wish you a lot better luck than I. I still have these, and still eat them periodically (almost daily). They're a great snack. I may even purchase another box after these finish because I really do enjoy them as a low calorie snack. If they could just get rid of that burnt taste they'd be perfect.",
      "helpfulness": "0"
    },
    {
      "date": "October 5, 2015",
      "title": "Broken in shipment",
      "score": "1.0 out of 5 stars",
      "text": "The breadsticks taste good.....but they are 99% broken by the time they arrive at your house.  The company needs to figure out a better way to ship. Very disappointed.  If you don't mind eating small pieces of breadsticks, then this is a bargain.  If you are planning to use them for entertaining, it's not too appealing to offer broken breadsticks to guests.  I won't order these again.",
      "helpfulness": "0"
    },
    {
      "date": "June 9, 2010",
      "title": "Delicious!",
      "score": "5.0 out of 5 stars",
      "text": "These are tasty little breadsticks that my entire family enjoys.  I bought them because I am on the hCG diet and they are an allowed item, but there were SO many in the case that I decided to share.  My kids love them!  They have a nice crunch to them, but are not tough to bite or chew by any means.  The texture is perfect and the taste is absolutely delicious.  They kill off all of my carb cravings!  I will continue to buy these even after I complete the diet, they are just that good.",
      "helpfulness": "One"
    },
    {
      "date": "June 2, 2010",
      "title": "Great Taste, HORRIBLE Quality Control",
      "score": "2.0 out of 5 stars",
      "text": "I purchased these when I started the HGC diet.  They were a great choice as far as taste goes.  They satisfied my need for a crunch and they had a very pleasant taste to them.  They didn't just have that \"stale bread\" taste that a lot of breadsticks have. Also, while you do get a few burned breadsticks, you don't get to many.  For the most part they are pretty evenly cooked.On the down side, the quality is not that great.  Every package I opened have had broken breadsticks.  Now I know that breadsticks are fragile and I should expect a few broken ones, but for the most part, almost all of them in a package are broken, and some are broken so bad that they are just dust at the bottom.My biggest issue with the quality is this...so far, we've gone through 8 boxes of these breadsticks and I've come across 15 SEALED packages that contain NO breadsticks.  They are just empty wrappers, AND these empty wrappers aren't just in the box as that weird bonus wrapper you receive on occasion, they COUNT towards the number of packages of breadsticks you get in a box.These breadsticks are by no means cheap, and I honestly do not mind paying for something that is not only part of my diet, but something I enjoy.  I do take issue with the fact that I'm paying a premium price for a product with sub-par quality.",
      "helpfulness": "32"
    },
    {
      "date": "June 29, 2012",
      "title": "Great for HCG type diets but watch for allergens",
      "score": "4.0 out of 5 stars",
      "text": "This is a recommended product as a snack during the HCG type diets and from my nutritionist. The product shipped quickly and is a great price. But...yes, few of the sticks survived unbroken. But that isnt a big deal to me. What wasnt stated in the description and ingredient list was that these are produced in a facility using sesame, milk, egg, and peanuts. I am unable to safely eat these so gave them to my husband who is not dieting but loves the crunch and mild garlic flavor.",
      "helpfulness": "0"
    },
    {
      "date": "February 16, 2015",
      "title": "Okay but......",
      "score": "3.0 out of 5 stars",
      "text": "These breadsticks were okay. The problem I have with the ones I recieved is that they seem to have been stored near some soap or something. They tasted a little funny. I have to bake them a little to get rid of some of the funny taste. They are crunchy and light and  has 110 calories per serving. A serving is 5 breadsticks.",
      "helpfulness": "0"
    },
    {
      "date": "July 11, 2010",
      "title": "Great breadsticks",
      "score": "5.0 out of 5 stars",
      "text": "I wasn't sure exactly what to expect but these are very tasty, would be a great addition to a pasta dinner stashed upright in a heavy mug.  As someone else here says though, this is a LOT of them, 12 boxes with apx 8 sticks in each of 5 individually wrapped pkgs.  They are very long and thin.  I got them for the HCG diet and I'm glad, but at 2 a day for 6 weeks, I'll have about 10 extra boxes.  I'm not disappointed though, we'll probably find a use for them over the next year.",
      "helpfulness": "0"
    }
  ]
}