{
  "product_title": "Yogi Tea - Egyptian Licorice Tea (6 Pack) - Warming and Naturally Spicy Sweet - Soothing and Caffeine Free - 96 Organic Herbal Tea Bags",
  "byline_info": "Visit the Yogi Store",
  "product_description": "",
  "category": [
    "Grocery & Gourmet Food",
    "Beverages",
    "Tea",
    "Black"
  ],
  "alt_images": [
    "https://m.media-amazon.com/images/I/51tqwSfRO6L.jpg",
    "https://m.media-amazon.com/images/I/51ysY4cR-zL.jpg",
    "https://m.media-amazon.com/images/I/514KI9MtXgL.jpg",
    "https://m.media-amazon.com/images/I/51IkiescfHL.jpg",
    "https://m.media-amazon.com/images/I/51MXlaLV4HL.jpg",
    "https://m.media-amazon.com/images/I/51HaKEo6CiL.jpg"
  ],
  "product_detail": {
    "Is Discontinued By Manufacturer": "No",
    "Product Dimensions": "10 x 5.75 x 4.5 inches; 1.28 ounces",
    "Item model number": "076950415164",
    "Manufacturer": "Yogi",
    "ASIN": "B0009F3QL6",
    "Units": "96 Count",
    "Best Sellers Rank": "#13,123 in Grocery & Gourmet Food (See Top 100 in Grocery & Gourmet Food) #118 in Black Tea",
    "#118 in Black Tea": "",
    "Customer Reviews": "4.8 4.8 out of 5 stars 2,488 ratings"
  },
  "important_information": {
    "Safety Information": "These statements have not been evaluated by the FDA. This product is not intended to diagnose, treat, cure, or prevent any disease. Egyptian Licorice should not be used during pregnancy or while nursing. This product is labelled to United States standards and may differ from similar products sold elsewhere in its ingredients, labeling and allergen warningsThese statements have not been evaluated by the FDA. This product is not intended to diagnose, treat, cure, or prevent any disease. Egyptian Licorice should not be used during pregnancy or while nursing. This product is labelled to United States standards and may differ from similar products sold elsewhere in its ingredients, labeling and allergen warnings",
    "Ingredients": "Organic Licorice Root, Organic Cinnamon Bark, Organic Orange Peel, Organic Ginger Root, Organic Cardamom Pod, Organic Orange Flavor, Organic Black Pepper, Organic Clove Bud, Organic Cinnamon Bark Oil.Organic Licorice Root, Organic Cinnamon Bark, Organic Orange Peel, Organic Ginger Root, Organic Cardamom Pod, Organic Orange Flavor, Organic Black Pepper, Organic Clove Bud, Organic Cinnamon Bark Oil.",
    "Directions": "Brewing Suggestions: To get the most out of every cup, view the Brewing Suggestions located on the back of each individual Yogi Tea carton.Brewing Suggestions: To get the most out of every cup, view the Brewing Suggestions located on the back of each individual Yogi Tea carton.",
    "Legal Disclaimer": "Subject to California prop 65Subject to California prop 65Statements regarding dietary supplements have not been evaluated by the FDA and are not intended to diagnose, treat, cure, or prevent any disease or health condition.Statements regarding dietary supplements have not been evaluated by the FDA and are not intended to diagnose, treat, cure, or prevent any disease or health condition."
  },
  "rating": {
    "score": "4.8 out of 5",
    "dist": {
      "5 star": "89%",
      "4 star": "6%",
      "3 star": "2%",
      "2 star": "1%",
      "1 star": "2%"
    }
  },
  "top_comments": [
    {
      "date": "March 31, 2024",
      "title": "A Sweet and Soothing Caffeine-Free Delight!",
      "score": "5.0 out of 5 stars",
      "text": "Introduction:Yogi Tea Egyptian Licorice Tea is an organic herbal tea blend that promises to warm and soothe with its naturally spicy sweet flavor. This review will explore the tea's ingredients, taste, benefits, and overall experience.Ingredients:The tea is a blend of organic herbs, including:- Licorice root- Cinnamon bark- Ginger root- Clove- Black pepper- CardamomTaste:Upon brewing, the tea releases a rich and aromatic scent of licorice with hints of spice. The taste is predominantly sweet, with a subtle underlying spiciness that provides a pleasant warmth. The licorice flavor is prominent but not overpowering, creating a balanced and harmonious blend.Benefits:Licorice root, the primary ingredient in this tea, has been traditionally used for its medicinal properties:- Soothes digestion- Relieves sore throats- Boosts immunityOther ingredients, such as cinnamon and ginger, contribute to the tea's warming and anti-inflammatory effects.Caffeine Content:As the name suggests, Egyptian Licorice Tea is caffeine-free. This makes it a suitable choice for those who want to enjoy a relaxing and soothing beverage before bed or at any time of day.Brewing:The tea bags are individually wrapped for freshness. Steep one tea bag in 8 ounces of boiling water for 5-7 minutes. Adjust the steeping time to your desired strength.Experience:Sipping on a cup of Yogi Tea Egyptian Licorice Tea is a comforting experience. The sweet and spicy flavor warms the body and soothes the senses. The tea is perfect for unwinding after a long day or enjoying on a cozy evening.Overall:Yogi Tea Egyptian Licorice Tea is a delicious and beneficial caffeine-free herbal tea. With its sweet and spicy flavor, it provides a soothing and warming experience. The tea is made with organic ingredients and offers potential health benefits. Whether you're looking for a comforting beverage or a natural way to support your health, this tea is a worthwhile choice.",
      "helpfulness": "14"
    },
    {
      "date": "April 3, 2025",
      "title": "Love this tea!",
      "score": "5.0 out of 5 stars",
      "text": "This tea is amazing. It's very smooth going down with a slight licorice taste. I feel that it's very calming!",
      "helpfulness": "0"
    },
    {
      "date": "February 25, 2025",
      "title": "Flavor hits in waves",
      "score": "5.0 out of 5 stars",
      "text": "This stuff is so good. It has a wonderful spicy-sweet flavor that hits in waves. I like to make cups of tea with 1 bag of green tea and 1 bag of this.",
      "helpfulness": "One"
    },
    {
      "date": "March 15, 2025",
      "title": "Naturally sweet",
      "score": "5.0 out of 5 stars",
      "text": "Great herbal drink for folks with extreme low blood pressure",
      "helpfulness": "One"
    },
    {
      "date": "January 29, 2011",
      "title": "Nice mild exotic taste, no sweetener required...",
      "score": "5.0 out of 5 stars",
      "text": "Received my first Yogi Egyptian Licorice Herbal tea as a sample from Yogi Teas, and just loved it so had to have more.Found it from the local natural food store for a little while but then they said it was discontinued, and they only carried the Egyptian Mint Licorice which, in my opinion, was not nearly as good - the mint simply overpowered the licorice (although, to be fair to that product, I am not a mint-lover).  Was so very extremely pleased to find YELHT here at Amazon at such an affordable price (as long as ordering bulk and Super Saver Shipping discount applied).  Worked out to be less than Yogi tea at the big box store, and it was delivered to my door.This tea definitely tastes of black licorice to me, which I personally love - reminds me of fennel seed from my garden, not sure why as fennel is not one of the ingredients - only licorice root, cinnamon bark, orange peel, ginger root, cardamom seed, black pepper, and clove bud (all organic) along with tangerine flavor and cinnamon oil (all natural).  It is also already sweet - adding sweetener makes it too sweet.  I like this combination, and hope Yogi has not actually discontinued it.  If so, sad day.My adult daughter loves it too... she had to wait to enjoy it until after her pregnancy and after she was done breastfeeding as there is a specific warning on the box about not drinking this tea during pregnancy or while nursing.",
      "helpfulness": "5"
    },
    {
      "date": "September 2, 2025",
      "title": "Excellent quality and price",
      "score": "5.0 out of 5 stars",
      "text": "Excellent quality and price",
      "helpfulness": "0"
    },
    {
      "date": "April 28, 2025",
      "title": "health",
      "score": "5.0 out of 5 stars",
      "text": "Taste Amazing!",
      "helpfulness": "0"
    },
    {
      "date": "March 15, 2025",
      "title": "Delicious",
      "score": "4.0 out of 5 stars",
      "text": "Delicious",
      "helpfulness": "0"
    }
  ]
}