{
  "product_title": "Cavender's All Purpose Greek Seasoning - 8 oz",
  "byline_info": "Visit the Cavender's Store",
  "product_description": "Cavender’s Greek Seasoning has been made in the Ozark Mountains in Northwest Arkansas since 1969. The spice is a unique blend of 13 ingredients that is best used on anything you would normally salt and pepper. We are proud to call Harrison, Arkansas the home town of our seasoning products. Without the loyal support and word of mouth advertising from our customers, our seasoning blend would not have enjoyed the long running success that is known from S-C Seasoning Company Inc. We invite you to try Cavender's Greek Seasoning for yourself and be creative!",
  "category": [
    "Grocery & Gourmet Food",
    "Pantry Staples",
    "Herbs, Spices & Seasonings",
    "Mixed Spices & Seasonings",
    "Greek Seasoning"
  ],
  "alt_images": [
    "https://m.media-amazon.com/images/I/51VNGe6zTsL.jpg",
    "https://m.media-amazon.com/images/I/51u6mDHDwNL.jpg",
    "https://m.media-amazon.com/images/I/51PVt3DjDgL.jpg",
    "https://m.media-amazon.com/images/I/51rHSu4whBL.jpg"
  ],
  "product_detail": {
    "Is Discontinued By Manufacturer": "No",
    "Product Dimensions": "5.02 x 2.33 x 2.33 inches; 8 ounces",
    "Item model number": "74350000027",
    "Department": "Grocery",
    "UPC": "074350120022",
    "Manufacturer": "S C Seasoning Company",
    "ASIN": "B004H81QOA",
    "Units": "8 Ounce",
    "Best Sellers Rank": "#11,176 in Grocery & Gourmet Food (See Top 100 in Grocery & Gourmet Food) #3 in Greek Seasonings",
    "#3 in Greek Seasonings": "",
    "Customer Reviews": "4.6 4.6 out of 5 stars 4,798 ratings"
  },
  "important_information": {
    "Ingredients": "Salt, Black Pepper, Corn Starch, Garlic, Monosodium Glutamate, Oregano, Flavor Base Seasoning (Hydrolyzed Corn Soy Protein, Sugar, Onion Powder, Spice Extracts), Parsley And Five Other Spices.Salt, Black Pepper, Corn Starch, Garlic, Monosodium Glutamate, Oregano, Flavor Base Seasoning (Hydrolyzed Corn Soy Protein, Sugar, Onion Powder, Spice Extracts), Parsley And Five Other Spices.",
    "Legal Disclaimer": "Statements regarding dietary supplements have not been evaluated by the FDA and are not intended to diagnose, treat, cure, or prevent any disease or health condition.Statements regarding dietary supplements have not been evaluated by the FDA and are not intended to diagnose, treat, cure, or prevent any disease or health condition."
  },
  "rating": {
    "score": "4.6 out of 5",
    "dist": {
      "5 star": "83%",
      "4 star": "9%",
      "3 star": "4%",
      "2 star": "1%",
      "1 star": "3%"
    }
  },
  "top_comments": [
    {
      "date": "August 16, 2025",
      "title": "The best Greek Seasoning - one doesn't even notice there is NO SALT!",
      "score": "5.0 out of 5 stars",
      "text": "The taste is absolutely perfect. Even without the salt, the product is a perfect blend of tasty ingredients and is very versatile. I sprinkle over every salad that I make. Have used it in making a Greek flavored bread, soups, casseroles and many vegan meals. For non-vegans, it would enhance meats, eggs and stews. The container is very sturdy. At 7 oz, there's a lot in each container.",
      "helpfulness": "0"
    },
    {
      "date": "May 5, 2025",
      "title": "So Yummy!",
      "score": "5.0 out of 5 stars",
      "text": "Absolutely delicious; trying to cut out salt and we use this on absolutely everything!! It's wonderful and worth every penny.",
      "helpfulness": "0"
    },
    {
      "date": "May 29, 2025",
      "title": "On my rebuy list, loved it",
      "score": "5.0 out of 5 stars",
      "text": "GREAT spice, fantastic flavor without the salt A++",
      "helpfulness": "0"
    },
    {
      "date": "May 18, 2025",
      "title": "Great salt free seasoning",
      "score": "5.0 out of 5 stars",
      "text": "This is wonderful for making Greek chicken dishes.  Hard to find and the salt free version is the best!",
      "helpfulness": "0"
    },
    {
      "date": "July 27, 2025",
      "title": "It’s good",
      "score": "5.0 out of 5 stars",
      "text": "Taste great",
      "helpfulness": "0"
    },
    {
      "date": "August 11, 2024",
      "title": "No salt ...really?",
      "score": "4.0 out of 5 stars",
      "text": "Great spice blend, very fine powder. I like the taste BUT it uses a potassium salt substitute just not sodium chloride so it does taste salty. Is it really 'salt' free? I understand what they are trying to say but I'm trying to control flavor not chemical presence. Stll...it's good. I just don't appreciate their dishonesty.",
      "helpfulness": "4"
    },
    {
      "date": "March 15, 2025",
      "title": "Great stuff",
      "score": "5.0 out of 5 stars",
      "text": "Awesome seasoning. Love that it’s salt free. This is a staple in my house.  Delicious!",
      "helpfulness": "0"
    },
    {
      "date": "July 25, 2025",
      "title": "Tasted good",
      "score": "5.0 out of 5 stars",
      "text": "Tasted good",
      "helpfulness": "0"
    }
  ]
}