{
  "product_title": "Maldon Salt, Sea Salt Flakes, 8.5 oz (240 g), Kosher, Natural, Handcrafted, Gourmet, Pyramid Crystals (Packaging May vary)",
  "byline_info": "Visit the Maldon Store",
  "product_description": "",
  "category": [
    "Grocery & Gourmet Food",
    "Pantry Staples",
    "Herbs, Spices & Seasonings",
    "Salt & Salt Substitutes",
    "Salt",
    "Sea Salt"
  ],
  "alt_images": [
    "https://m.media-amazon.com/images/I/41y7WRo25AL.jpg",
    "https://m.media-amazon.com/images/I/41HUXeUXP0L.jpg",
    "https://m.media-amazon.com/images/I/51VIqI+8abL.jpg",
    "https://m.media-amazon.com/images/I/41iZoyEEuWL.jpg",
    "https://m.media-amazon.com/images/I/41bHmGH6aNL.jpg",
    "https://m.media-amazon.com/images/I/614B-r9IquL.jpg",
    "https://m.media-amazon.com/images/I/51M9WYNMKmL.jpg"
  ],
  "product_detail": {
    "Is Discontinued By Manufacturer": "No",
    "Product Dimensions": "2.52 x 3.35 x 5.08 inches; 1 ounces",
    "Item model number": "B001XVW3DC",
    "UPC": "378804535326 078433431883 847972000054 786173866345 013415760124 701098227392 721865094842 847972000009 767563722946 778554934330 378804535241 721865095214 721866394729 773821010830 786173830933 731338898631 781068965905 703570494469",
    "Manufacturer": "Belgravia Imports",
    "ASIN": "B00017028M",
    "Units": "8.5 Ounce",
    "Best Sellers Rank": "#407 in Grocery & Gourmet Food (See Top 100 in Grocery & Gourmet Food) #4 in Sea Salts",
    "#4 in Sea Salts": "",
    "Customer Reviews": "4.8 4.8 out of 5 stars 54,472 ratings"
  },
  "important_information": {
    "Safety Information": "This product is labelled to United States standards and may differ from similar products sold elsewhere in its ingredients, labeling and allergen warningsThis product is labelled to United States standards and may differ from similar products sold elsewhere in its ingredients, labeling and allergen warnings",
    "Ingredients": "Sea Salt FlakesSea Salt Flakes",
    "Directions": "Directions: Simply pinch between your finger and thumb and crumble over your food.Directions: Simply pinch between your finger and thumb and crumble over your food.",
    "Legal Disclaimer": "Actual product packaging and materials may contain more and different information than what is shown on our website. We recommend that you do not rely solely on the information presented and that you always read labels, warnings, and directions before using or consuming a product.Actual product packaging and materials may contain more and different information than what is shown on our website. We recommend that you do not rely solely on the information presented and that you always read labels, warnings, and directions before using or consuming a product.Statements regarding dietary supplements have not been evaluated by the FDA and are not intended to diagnose, treat, cure, or prevent any disease or health condition.Statements regarding dietary supplements have not been evaluated by the FDA and are not intended to diagnose, treat, cure, or prevent any disease or health condition."
  },
  "rating": {
    "score": "4.8 out of 5",
    "dist": {
      "5 star": "89%",
      "4 star": "8%",
      "3 star": "2%",
      "2 star": "0%",
      "1 star": "1%"
    }
  },
  "top_comments": [
    {
      "date": "August 3, 2025",
      "title": "Best on Steaks",
      "score": "5.0 out of 5 stars",
      "text": "I had never used this salt before, but after reading an article that said this is the type of salt that many highend chophouses use on their steaks, I decided to give it a try.  I love this stuff!  When preparing a steak for the grill, brush a little olive oil across the top, sprinkle a few pinches of this salt, and pepper.  The salt comes in small flakes that disolve in the olive oil, permeating the meat and leaving the pepper laying on top.  I noticed a difference in the taste of the steak.  Salt is either too much or too little but this salt isn't overbearing so you can salt generously without worrying about oversalting. Great Find!",
      "helpfulness": "8"
    },
    {
      "date": "July 15, 2025",
      "title": "Perfect flake salt at a great value.",
      "score": "5.0 out of 5 stars",
      "text": "Great value! Have purchased multiple times as an alternative to pricier flake sale.  The texture is perfect, nice and crunchy, and tastes perfectly salty - which I guess it should.  Highly recommend.",
      "helpfulness": "7"
    },
    {
      "date": "April 27, 2025",
      "title": "My Food is Living Its Best Life!",
      "score": "5.0 out of 5 stars",
      "text": "For those who understand that not all salt is created equal, let me tell you about the day I committed. I didn't just buy salt; I invested in a lifestyle. I purchased the Maldon Sea Salt Flakes, the bulk tub. Yes, the 3.1 lb tub. This isn't just a condiment; it's a statement piece. The statement is, \"I take my seasoning seriously, and I probably have opinions about water filtration.\"For years, I used regular table salt. It did the job, in a very \"meh\" kind of way. Then I discovered Maldon flakes, usually in a tiny, precious box that I guarded like a culinary dragon hoarding treasure. But the small box life was stressful. What if I ran out? What if a rogue gust of wind blew my precious flakes away? The anxiety was real. That's why I went for the tub. The glorious, abundant tub.When this magnificent container arrived, it felt like a culinary milestone. Opening it revealed a treasure trove of those beautiful, pyramid-shaped salt flakes. They're not just crystals; they're tiny, edible snowflakes of pure flavor. Dipping my fingers into the tub felt like accessing a secret stash of deliciousness.Using Maldon flakes is a tactile pleasure. The way they crumble between your fingers, the delicate crunch they add to food – it's an experience. And the taste! It's a clean, bright saltiness without that harsh bite you get from some salts. It enhances flavors without overpowering them. My roasted vegetables sing, my grilled meats are elevated, and even a simple slice of tomato with a sprinkle of these flakes feels gourmet.The bulk tub size is a game-changer. No more rationing my precious flakes. I can season with abandon! I feel a profound sense of security knowing I have this much culinary awesomeness at my disposal. My food is living its best, most flavorful life, and my stress levels about running out of good salt have plummeted.If you appreciate truly excellent salt, understand the joy of a perfect finishing flake, and want to feel like you have an endless supply of culinary magic at your fingertips, commit to the tub. It's a little bit of everyday luxury that makes a huge difference in your cooking and eating experience. My kitchen is happier, my food is more delicious, and I'm thoroughly impressed with this salty abundance.",
      "helpfulness": "75"
    },
    {
      "date": "July 7, 2025",
      "title": "Wonderful finishing salt",
      "score": "5.0 out of 5 stars",
      "text": "If you’ve ever been on the edge about buying a nicer salt, don’t hesitate a minute longer!  It’s great for finishing on steaks, or atop a chocolate chip cookie.  Buttered bread with honey?  Put a sprinkle of salt on there fella!  You’ll be happy you did.  It’s a nice texture having these bigger crystals of salt, and makes things you’ve cooked look beautiful and like they came from a high end kitchen.  I will buy this again the minute I get close to finishing.",
      "helpfulness": "11"
    },
    {
      "date": "August 10, 2025",
      "title": "Maldon Sea Salt is the BEST",
      "score": "5.0 out of 5 stars",
      "text": "My favorite brand of sea salt flakes. Wakens the flavor of everything! I especially like it on my roasted veggies - cauliflower, broccoli, brussel sprouts, after they come out of the oven. Also lovely on any fish or meat. The bag it comes in (inside the box) is completely sealed for freshness. I also purchased a wooden sea salt holder to keep it handy right next to the stove on the counter.",
      "helpfulness": "2"
    },
    {
      "date": "July 18, 2025",
      "title": "Terrible packaging but great salt",
      "score": "4.0 out of 5 stars",
      "text": "The salt itself is amazing but the packaging was TERRIBLE. I think they've tried to fix it with tape but it just made the packaging worse.",
      "helpfulness": "5"
    },
    {
      "date": "July 19, 2025",
      "title": "Looks great, tastes even better.  Finish. your plating with this.",
      "score": "5.0 out of 5 stars",
      "text": "If you haven't had this product, treat yourself.  Just add flakes to a chocolate chip cookie or a finished steak and have fun.  Maldon has been around forever.  This is one of the ingredients you need in your kitchen to level-up your finished meals.  Don't use it in a recipe early on in the cooking process.  This best for light use on finished dishes.  For example, great on boiled eggs and kind of red meat, even a burger where you don't see the flakes.  You can also combine this with some red chili flakes to dip eggs, steak, chicken.",
      "helpfulness": "0"
    }
  ]
}