{
  "product_title": "Jamaican Jerk Seasoning 2.0 oz - Zamouri Spices",
  "byline_info": "Brand: Zamouri Spices",
  "product_description": "You haven't tasted Jamaican until you've tried Jamaican Jerk! Jerk is actually the process of spicing and grilling meats, poultry and vegetables. Zamouri Spices Jamaican Jerk is a sweet, spicy combination of Habanero Peppers, Chiles, Thyme, Allspice and other spices.",
  "category": [
    "Grocery & Gourmet Food",
    "Pantry Staples"
  ],
  "alt_images": [
    "https://m.media-amazon.com/images/I/41NPF0X50SL.jpg"
  ],
  "product_detail": {
    "Package Dimensions": "4 x 1 x 1 inches; 6 ounces",
    "Manufacturer": "Zamouri Spices, an Elbertai Company LLC",
    "ASIN": "B000GGY5OK",
    "Units": "2.0 Fluid Ounces",
    "Customer Reviews": "4.0 4.0 out of 5 stars 11 ratings"
  },
  "important_information": {
    "Ingredients": "Jerk is a sweet, spicy combination of Habanero Peppers, Chiles, Thyme, Allspice and other spices.Jerk is a sweet, spicy combination of Habanero Peppers, Chiles, Thyme, Allspice and other spices.",
    "Legal Disclaimer": "Statements regarding dietary supplements have not been evaluated by the FDA and are not intended to diagnose, treat, cure, or prevent any disease or health condition.Statements regarding dietary supplements have not been evaluated by the FDA and are not intended to diagnose, treat, cure, or prevent any disease or health condition."
  },
  "rating": {
    "score": "4 out of 5",
    "dist": {
      "5 star": "68%",
      "4 star": "11%",
      "3 star": "0%",
      "2 star": "0%",
      "1 star": "21%"
    }
  },
  "top_comments": [
    {
      "date": "August 28, 2018",
      "title": "Most Authentic Jamaican Jerk Powder Seasoning Mix",
      "score": "5.0 out of 5 stars",
      "text": "This jerk seasoning has the exact flavor of jerk that I purchased at a very rural locals-only market in Jamaica. I am so thrilled I found this product! A little goes a long way.",
      "helpfulness": "0"
    },
    {
      "date": "September 26, 2010",
      "title": "well pleased",
      "score": "5.0 out of 5 stars",
      "text": "I received this product in just 3 days!  Used it in my recipe and it added great flavor. Very fresh tasting",
      "helpfulness": "0"
    },
    {
      "date": "November 9, 2019",
      "title": "Save your money",
      "score": "1.0 out of 5 stars",
      "text": "Nasty",
      "helpfulness": "0"
    },
    {
      "date": "February 6, 2007",
      "title": "Great JERK!",
      "score": "5.0 out of 5 stars",
      "text": "I had a dinner at my house and the guest loved the jerk chicken that I made. I will be ordering more. THANKS!",
      "helpfulness": "One"
    },
    {
      "date": "March 27, 2013",
      "title": "I like it",
      "score": "4.0 out of 5 stars",
      "text": "Full disclosure:  I've never been to Jamaica and wouldn't know authentic Jamaican jerk if it jumped up and slapped me.  Having said that, I know that Jamaican jerk should have a sweet spice component (cinnamon, nutmeg, allspice?) and a hot spice component.  This mixture has both.When I first received it, I opened the sealed bottle and smelled it.  The allspice was right upfront.  I wet my finger and touched the mixture to taste.  The pepper was very prominent.  I tried it in chicken salad (canned chicken breast, chopped celery, carrot, onion).  I started with a quick sprinkle and was surprised that I had to go back a couple of times to add more.  The pepper that was so in-your-face when I tasted it on my finger took a calmer attitude when mixed with food.  I got the dish to a nice balance of heat without being overpowered by the allspice.  When I finished my meal, I had a pleasant tingle on the back of my tongue and the back of my throat.I know better than to use some seasoning blends with canned chicken because they both contain salt and combining them makes the final dish too salty.  This spice blend did not do that.  I don't know if there's salt in it.  I assume there is, but it's a small enough amount not to interfere.Some jerk seasoning mixtures have a sugar/sweet component.  There may be sugar in this mixture, but I can't taste it.  I don't like overly sweet food so that's fine by me.When the weather warms up, I want to use this blend to jerk some chicken and put on the grill.  I have high expectations for this experiment.",
      "helpfulness": "0"
    },
    {
      "date": "December 5, 2018",
      "title": "Yuck",
      "score": "1.0 out of 5 stars",
      "text": "Terrable tasting",
      "helpfulness": "0"
    }
  ]
}