{
  "product_title": "Snack Lovers Gourmet Treats Gift Basket",
  "byline_info": "Visit the Art of Appreciation Gift Baskets Store",
  "product_description": "What's not to love in this snack-filled sampler gift basket? Whether cravings lean toward a taste that's sweet or more savory, there is always something satisfying here! Three Pepper Blend Water Crackers,Salted Caramel Popcorn,Savory Summer Sausage,Camembert Cheese Spread,Petite Fruit Bonbon Candies (assorted flavor),Chocolate Dipped Crunch Cookie,Tangy Dill Seasoned Pretzels,Almond Cranberry Snack Mix,Chocolate Filled Dolcetto Bite Cookies,Kettle Fresh Fudge,Almond Roca Candy,Gift Basket.Each basket is hand crafted with attention to detail, shrink wrapped and tied with a bow for presentation, ready for gift giving. Add a personalized message with your order by selecting gift at check out.",
  "category": [
    "Grocery & Gourmet Food",
    "Food & Beverage Gifts",
    "Assortments & Variety Gifts"
  ],
  "alt_images": [
    "https://m.media-amazon.com/images/I/61K7pmLvNJL.jpg"
  ],
  "product_detail": {
    "Is Discontinued By Manufacturer": "No",
    "Package Dimensions": "11.5 x 11.4 x 11.2 inches; 3.4 Pounds",
    "UPC": "713757907507",
    "Manufacturer": "Art of Appreciation Gift Baskets",
    "ASIN": "B0006BCAJM",
    "Units": "1 Count",
    "Customer Reviews": "3.2 3.2 out of 5 stars 33 ratings"
  },
  "important_information": {
    "Safety Information": "The product is labelled to United States standards and may differ from similar products sold elsewhere in its ingredients, labeling and allergen warningsThe product is labelled to United States standards and may differ from similar products sold elsewhere in its ingredients, labeling and allergen warnings",
    "Ingredients": "Includes: Three Pepper Blend Water Crackers, Salted Caramel Popcorn, Savory Summer Sausage, Camembert Cheese Spread, Petite Fruit Bonbon Candies, Chocolate Dipped Crunch Cookie, Tangy Dill Seasoned Pretzels, Almond Cranberry Snack Mix, Chocolate Dolcetto Bites, Kettle Fresh Fudge, Almond Roca Candy, Gift Basket.Includes: Three Pepper Blend Water Crackers, Salted Caramel Popcorn, Savory Summer Sausage, Camembert Cheese Spread, Petite Fruit Bonbon Candies, Chocolate Dipped Crunch Cookie, Tangy Dill Seasoned Pretzels, Almond Cranberry Snack Mix, Chocolate Dolcetto Bites, Kettle Fresh Fudge, Almond Roca Candy, Gift Basket.",
    "Legal Disclaimer": "An original gift basket arrangement designed and created by Art of Appreciation Gift Baskets.™ An original gift basket arrangement designed and created by Art of Appreciation Gift Baskets.™Statements regarding dietary supplements have not been evaluated by the FDA and are not intended to diagnose, treat, cure, or prevent any disease or health condition.Statements regarding dietary supplements have not been evaluated by the FDA and are not intended to diagnose, treat, cure, or prevent any disease or health condition."
  },
  "rating": {
    "score": "3.2 out of 5",
    "dist": {
      "5 star": "25%",
      "4 star": "14%",
      "3 star": "31%",
      "2 star": "20%",
      "1 star": "10%"
    }
  },
  "top_comments": [
    {
      "date": "May 21, 2018",
      "title": "Would not recommend for elderly people",
      "score": "3.0 out of 5 stars",
      "text": "Some of the candy was too hard to eat. Would not recommend for elderly people.",
      "helpfulness": "0"
    },
    {
      "date": "October 14, 2015",
      "title": "Gift Basket",
      "score": "5.0 out of 5 stars",
      "text": "It was smaller than I expected but the recipients loved the contents.",
      "helpfulness": "0"
    },
    {
      "date": "July 18, 2015",
      "title": "It didn't look very much like the advertisement when it was scrunched down in a ...",
      "score": "2.0 out of 5 stars",
      "text": "It didn't look very much like the advertisement when it was scrunched down in a box  and I did send it as an appreciation gift to the Rescue Squad that rescued my wife.",
      "helpfulness": "0"
    },
    {
      "date": "December 30, 2015",
      "title": "common items",
      "score": "4.0 out of 5 stars",
      "text": "most items can be found here on guam",
      "helpfulness": "0"
    },
    {
      "date": "December 4, 2009",
      "title": "Not worth the money",
      "score": "1.0 out of 5 stars",
      "text": "I ordered this item because it was described as a quality gift basket that you could \"share\" with friends and family.  And the reviews I read were outstanding.  However, when I got the basket it was extremely small.  It was smaller than my toddler's Easter basket! The food packages were so tiny that they could not be enjoyed by more than one person.  Most of the basket was paper filler.  The basket itself was slightly warped (not too badly) and the bow was made of cheap paper and was much smaller than that in the photo.  I can't imagine how they justify charging this much money for something so small . . . not to mention the shipping!  I was very disappointed.  Thankfully, I had the item shipped to my house so that I could see it before I gave it as a gift.  Needless to say, I ended up getting something else.  Don't waste your money on this one.",
      "helpfulness": "55"
    },
    {
      "date": "October 1, 2015",
      "title": "Weird note.",
      "score": "3.0 out of 5 stars",
      "text": "This basket was a birthday gift to a relative that does not live close by, so I do not know what it looks like. Overall, she loved what was included in the basket. However, I am giving this product 3 stars because I believe there was a mix up in the factory. We wrote a gift note to be placed with the basket, which they received, as well as a different note that was not from my family, which included some profanity. My guess was that there was another order and both notes were mistakenly attached.",
      "helpfulness": "0"
    },
    {
      "date": "August 30, 2016",
      "title": "The recipient loved it.",
      "score": "5.0 out of 5 stars",
      "text": "This was a gift.  The recipient loved it.",
      "helpfulness": "0"
    },
    {
      "date": "July 25, 2016",
      "title": "Two Stars",
      "score": "2.0 out of 5 stars",
      "text": "It was very small and items were not of expected quality or quantity for the price paid.",
      "helpfulness": "0"
    }
  ]
}