{
  "product_title": "Nutri-Vet Hip & Joint Biscuits for Dogs, Dog Hip & Joint Supplement, Functional Treat, Large Sized Biscuit, 300mg of Glucosamine, 6 lb Bag",
  "byline_info": "Visit the Nutri-Vet Store",
  "product_description": "Treat your pup to improved joint mobility with these satisfying 3.25 inch long biscuits which are packed full of delicious peanut butter flavor and more Glucosamine per dog biscuit than any other brand. Nutri-Vet offers a wide range of unique, veterinary formulated animal supplements and complementary external products that promote health and well-being in dogs and cats. Sophisticated formulas combined with innovative delivery systems and high palatability profiles have positioned Nutri-Vet as the leading provider of animal health products.",
  "category": [
    "Pet Supplies",
    "Dogs",
    "Health Supplies",
    "Hip & Joint Care"
  ],
  "alt_images": [
    "https://m.media-amazon.com/images/I/41Bv6Xu5KDL.jpg",
    "https://m.media-amazon.com/images/I/41mGNQpg5vL.jpg",
    "https://m.media-amazon.com/images/I/51nSwGgP+XL.jpg",
    "https://m.media-amazon.com/images/I/416Ivbw+ARL.jpg",
    "https://m.media-amazon.com/images/I/51KfiHWQgEL.jpg",
    "https://m.media-amazon.com/images/I/51XgBwK8OPL.jpg",
    "https://m.media-amazon.com/images/I/51SD76LJvdL.jpg"
  ],
  "product_detail": {
    "Is Discontinued By Manufacturer": "No",
    "Product Dimensions": "15 x 5 x 15 inches; 6 Pounds",
    "Item model number": "13662-1",
    "Department": "dog-treats",
    "Date First Available": "September 30, 2004",
    "Manufacturer": "Manna Pro LLC",
    "ASIN": "B000ETLOAM",
    "Best Sellers Rank": "#3,602 in Pet Supplies (See Top 100 in Pet Supplies) #54 in Dog Hip & Joint Care",
    "#54 in Dog Hip & Joint Care": "",
    "Customer Reviews": "4.7 4.7 out of 5 stars 2,514 ratings"
  },
  "important_information": {},
  "rating": {
    "score": "4.7 out of 5",
    "dist": {
      "5 star": "81%",
      "4 star": "11%",
      "3 star": "6%",
      "2 star": "0%",
      "1 star": "2%"
    }
  },
  "top_comments": [
    {
      "date": "August 7, 2025",
      "title": "Tasty Treats That Support Joint Health! ⭐⭐⭐⭐⭐",
      "score": "5.0 out of 5 stars",
      "text": "These Nutri-Vet Hip & Joint Biscuits are a great way to give your dog daily glucosamine support in the form of a treat they actually enjoy. My dogs loves the taste and think they’re just a snack—they have no idea they are getting a supplement!Each biscuit has 300mg of glucosamine, which is great for maintaining healthy hips and joints, especially in older or larger dogs. The 6 lb bag lasts a long time, making it a good value too.Perfect for dogs who need a little extra joint care without the hassle of pills or powders.",
      "helpfulness": "0"
    },
    {
      "date": "May 30, 2025",
      "title": "Great dog biscuits and they're good for your dog!",
      "score": "5.0 out of 5 stars",
      "text": "I have purchased these about three times now. My big 100 lb Golden retriever looks forward to one of these everyday. It's nice and hard and she gets a bit of a good chew out of it. The reasonably priced and I believe they're good for your dog as they have glucosamine in it. That's supposed to help your dog's hips especially if you have a golden retriever because they are prone to have hip problems as they get older. My dog is now almost 9 years old and she runs around like crazy dog sometimes. I highly recommend these for your big dog or even a medium sized dog but a small dog might have a hard time because they are pretty good size.",
      "helpfulness": "0"
    },
    {
      "date": "July 31, 2025",
      "title": "Delicious and Nutritious",
      "score": "5.0 out of 5 stars",
      "text": "My Dobermans love the taste of these bones! The size of the bones are on the larger side, so it is perfect for my dogs. Due to their large size, I started adding these to their diet in the morning to help strengthen their joints and hips.",
      "helpfulness": "0"
    },
    {
      "date": "October 4, 2009",
      "title": "WORKS! They ALL like it; no force feeding here!!!!",
      "score": "5.0 out of 5 stars",
      "text": "With 7 large Greyhounds of my own plus fostering new Greys from the track all the time, this house has a minimum of 10 Greys in it at all times. I own and foster only special needs Greyhounds (never a shortage of them),  mostly due to broken legs and hocks at the track. I make glucosamine a daily staple in their morning meals (with my Vet's approval of course), regardless of their ages. I've tried countless products, some they liked and some they turned their snouts up in rebellion. Even my 3 older ones who have about 7 teeth total among them like these. (For my toothless wonders, I crush them before adding to their  bowl-break into pieces in my hands then use a small 'smack and chop' chopper on the cutting board and scoop the small pieces into individual bowls). My other 4 who still have most of their teeth wait for me at the top of the cellar stairs while I'm filling their bowls and placing one of these peanut butter biscuits on the top of each. While 1-2 try to distract me as I'm hauling all these bowls up the stairs, the others bob and weave in attempts to steal the treats out of the bowls as I near the top of the steps. Have to admit defeat on occasion when I'm not paying attention :(In any event, haven't met a Greyhound yet who does not love these. Not only that, I have seen remarkable improvement in agility, desire to play and romp, renewed interest in toys, consistent improvement in ease in pouncing on the beds, serious athleticism in swiping the tomatoes from my topsy turvys in the yard, even stealing a 3 lb pumpkin off the back step to munch on behind the tree in the back yard. The younger ones have resumed 'running laps' around the yard while the older ones (2 are 11, 9, 8, 5 and 2 are 4) seem younger and instigate play more often than before. They are energetic, not as stiff after a nap or nighttime, want to do more, play more, walk more/further and, while it may be my imagination, the older ones seem to be eating better. (They had gotten to a point where sometimes they would eat, sometimes not, sometimes just nibble a few bites and walk away).All in all, they like this product and I am thrilled already with the positive changes I see in my 'kids' who are always with me and the fosters who arrive in rough shape but leave for happy, responsible homes upon adoption. I dislike pumping meds into any pet when something else will help. I'm sticking with this product. It works for me and mine. I wouldn't purchase 7-10 6 lb bags of this product at a time if my pups weren't exhibiting such remarkable improvements. Their quality of life has definitely improved. Packaging says to allow 4-6 weeks for best results but it took less than 3 weeks for me to begin seeing significant changes in all of my guys and gals. Can't wait to see what 6+ weeks of using this product will produce!Each ALL NATURAL biscuit contains 500 mg glucosamine and is a substantial 'treat'. Biscuits are approx. 3-4\" long and perhaps .75\" high and quite crunchy to promote strong teeth and healthy gums. They are a bit difficult to break other than in halves. After that initial break, they are too tough to break into smaller chunks, thus the need for my abovementioned 'chopper'. Each bag purchased to date has arrived in excellent condition. Out of 14 6-lb bags to date (2 separate orders), only 2 biscuits were broken in half; nothing was crushed or broken into small chunks. Very little residue at bottom of resealable bags. Unfortunately, I did count the biscuits in the first 2 (original order) bags to determine whether or not I would stick with this product pricewise, but I've forgotten now what that count was so I cannot share that at this time. And because I'm back to order more, if I remember, I'll update this review when I count them again. Directions for use: 1/2 wafer/biscuit per 40 lbs body weight twice daily.PLEASE NOTE: Some (not all) of the statements on the reverse of package - thought I'd share before you buy:- Administer during or after the animal has eaten to reduce potential incidence of gastrointestinal upset.- An exam from a vet is recommended prior to using this product.- Keep out of reach of children. In case of accidental overdose, contact a health professional immediately.- Safe use in pregnant animals or animals intended for breeding is not recommended.- Consult with your vet before using this product in animals with clotting disorders, being treated with anticoagulant medications, diabetes, or any metabolic disorder causing hyperglycemia, history of urinary tract stones, and known allergies to shellfish.",
      "helpfulness": "30"
    },
    {
      "date": "August 17, 2025",
      "title": "Hopefully a healthier alternative to ...",
      "score": "4.0 out of 5 stars",
      "text": "... cheaper typical brands. Some reviews I have read say they are too big or hard to chew, but my medium-sized Border Collie demolisheds one in about two minutes (was hoping it would take him longer!). Large bag that can actually last awhile. No way to comment on the benefits of the glucosamine content. My dog is quite young and healthy.",
      "helpfulness": "0"
    },
    {
      "date": "July 10, 2025",
      "title": "Helped my GSD",
      "score": "5.0 out of 5 stars",
      "text": "My German Shepherd is almost 10 years old and 110 pounds. About 6 months ago, it became difficult for her to get into the car. I began giving her this product about 2 months ago. Within a month, she has been able to more easily get up after napping and easily jump into the car. Her back legs no longer shake due to Pain. I will continue buying as long as she’s around",
      "helpfulness": "One"
    },
    {
      "date": "August 31, 2025",
      "title": "Glucosamine biscuits",
      "score": "5.0 out of 5 stars",
      "text": "My large dogs love these and I have seen a difference in their stiffness. This is the only glucosamine I have been able to get my dogs to eat. Also cost.saving compared to small bags of 166 MG",
      "helpfulness": "0"
    },
    {
      "date": "November 26, 2024",
      "title": "Great Treats!",
      "score": "5.0 out of 5 stars",
      "text": "My husband loves giving our pittie these treats. They’re really tasty and helpful when it comes to hip joints that are painful and hard to get move around with. These are the best treats to give a dog whose joints feel achy.",
      "helpfulness": "0"
    }
  ]
}