{
  "product_title": "Bragg Organic Vinaigrette Salad Dressing and Marinade - 12 fl oz - Gluten-Free Dressing with Bragg Apple Cider Vinegar",
  "byline_info": "Visit the Bragg Store",
  "product_description": "",
  "category": [
    "Grocery & Gourmet Food",
    "Pantry Staples",
    "Condiments & Salad Dressings",
    "Salad Dressings",
    "Vinaigrette",
    "Balsamic"
  ],
  "alt_images": [
    "https://m.media-amazon.com/images/I/41mTZIKWgxL.jpg",
    "https://m.media-amazon.com/images/I/51OW3uy7MvL.jpg",
    "https://m.media-amazon.com/images/I/51ceIgtOXIL.jpg",
    "https://m.media-amazon.com/images/I/51h3IqMofDL.jpg",
    "https://m.media-amazon.com/images/I/51l3ThYvuXL.jpg",
    "https://m.media-amazon.com/images/I/51VM00zxy-L.jpg",
    "https://m.media-amazon.com/images/I/41LLwx51U1L.jpg"
  ],
  "product_detail": {
    "Product Dimensions": "2.49 x 2.49 x 8.05 inches; 12 ounces",
    "Item model number": "74305030123",
    "UPC": "731338881695 074305030123",
    "Manufacturer": "Bragg",
    "ASIN": "B000E60TMY",
    "Units": "12 Fluid Ounces",
    "Best Sellers Rank": "#84,695 in Grocery & Gourmet Food (See Top 100 in Grocery & Gourmet Food) #47 in Balsamic Vinaigrette Salad Dressings",
    "#47 in Balsamic Vinaigrette Salad Dressings": "",
    "Customer Reviews": "4.6 4.6 out of 5 stars 986 ratings"
  },
  "important_information": {
    "Ingredients": "Organic Apple Cider Vinegar, Organic Extra Virgin Olive Oil, Purified Water, Organic Honey, OrganicOrganic Apple Cider Vinegar, Organic Extra Virgin Olive Oil, Purified Water, Organic Honey, Organic",
    "Directions": "Shake well before using. Best not refrigerated.Shake well before using. Best not refrigerated.",
    "Legal Disclaimer": "Statements regarding dietary supplements have not been evaluated by the FDA and are not intended to diagnose, treat, cure, or prevent any disease or health condition.Statements regarding dietary supplements have not been evaluated by the FDA and are not intended to diagnose, treat, cure, or prevent any disease or health condition."
  },
  "rating": {
    "score": "4.6 out of 5",
    "dist": {
      "5 star": "79%",
      "4 star": "13%",
      "3 star": "5%",
      "2 star": "1%",
      "1 star": "2%"
    }
  },
  "top_comments": [
    {
      "date": "September 15, 2024",
      "title": "My new fave!",
      "score": "5.0 out of 5 stars",
      "text": "I was looking for a healthier alternative to Italian dressing and went with this. It’s flavorful enough that I love the taste, but subtle enough that I can eat it every day. I only wish it came in a bigger bottle",
      "helpfulness": "5"
    },
    {
      "date": "March 29, 2016",
      "title": "Great commercial salad dressing made with 100% olive oil, Paleo friendly.",
      "score": "5.0 out of 5 stars",
      "text": "I really want to eat good fat now (according to the paleo way of eating) and that means no highly processed vegetable oils. Most commercial salad dressing is made from highly processed vegetable oils. You might want to read about how they're processed and what that does to the oil, and then decide if you want to be ingesting it. I don't, and yet am too lazy/busy to make my own dressing, so I search for commercial dressing that is made with 100% olive oil. This one fits the bill. You can't keep it in the fridge though or it goes solid, but it seems to keep just fine in the pantry. I like the taste, just enough spices, not too much or too little. I keep one at work for lunch salads, and bring it to restaurants in small containers so I don't have to use their vegetable oil dressing. Would be nice if Bragg would package it in one-serving packets to go!",
      "helpfulness": "55"
    },
    {
      "date": "May 27, 2025",
      "title": "Love love",
      "score": "5.0 out of 5 stars",
      "text": "we love all the brags dressings with Dino kale",
      "helpfulness": "0"
    },
    {
      "date": "December 23, 2024",
      "title": "Love it but they keep sending me the wrong item!",
      "score": "4.0 out of 5 stars",
      "text": "Keep receiving Ginger dressing for the 3rd time, does anyone pay attention?  I would really like a refund!",
      "helpfulness": "2"
    },
    {
      "date": "November 3, 2023",
      "title": "Love Braggs!",
      "score": "5.0 out of 5 stars",
      "text": "Healthy and delicious vinegar based salad dressing. Actually had a holistic consultant recommend this.",
      "helpfulness": "5"
    },
    {
      "date": "October 9, 2024",
      "title": "Best Dressing Ever",
      "score": "5.0 out of 5 stars",
      "text": "Excellent dressing!",
      "helpfulness": "3"
    },
    {
      "date": "November 5, 2015",
      "title": "Absolutely delicious!",
      "score": "5.0 out of 5 stars",
      "text": "This is now my go-to default O&V dressing, I thought it might be a bit imbalanced, as many supermarket brands are, but it is a \"smooth\" blend of wonderful ingredients that all taste like they belong on a vegetable salad. (For example, I have always thought that Wishbone's tastes like battery acid and Bernstein's was waaaay too spicey/salty!) You could undoubtedly use this for pasta salads too but, so far, I have just had it on green salads.  Love that everything is organic and that it is very low in sodium with no added salt! In the future, I will buying this by the case, when I can. It will replace my Paul Newman's, which advertises that it is made with olive and EVOO, but which also contains other oils as well! Black mark, Paul Newman! I would definitely recommend that you try this and I bet you won't be disappointed!  :)",
      "helpfulness": "25"
    },
    {
      "date": "July 9, 2024",
      "title": "Yummy in my tummy",
      "score": "5.0 out of 5 stars",
      "text": "Amazing",
      "helpfulness": "One"
    }
  ]
}