{
  "product_title": "igourmet Welsh Red Dragon Cheese (7.5 ounce)",
  "byline_info": "Visit the igourmet Store",
  "product_description": "",
  "category": [
    "Grocery & Gourmet Food",
    "Dairy, Eggs & Plant-Based Alternatives",
    "Packaged Cheese",
    "Cheddar"
  ],
  "alt_images": [
    "https://m.media-amazon.com/images/I/51bNs7TJ7KL.jpg",
    "https://m.media-amazon.com/images/I/5122g0n0pRL.jpg"
  ],
  "product_detail": {
    "Is Discontinued By Manufacturer": "No",
    "Item Weight": "8 ounces",
    "ASIN": "B0000D9N6N",
    "Units": "7.5 Ounce",
    "Customer Reviews": "4.4 4.4 out of 5 stars 44 ratings"
  },
  "important_information": {
    "Legal Disclaimer": "Statements regarding dietary supplements have not been evaluated by the FDA and are not intended to diagnose, treat, cure, or prevent any disease or health condition.Statements regarding dietary supplements have not been evaluated by the FDA and are not intended to diagnose, treat, cure, or prevent any disease or health condition."
  },
  "rating": {
    "score": "4.4 out of 5",
    "dist": {
      "5 star": "78%",
      "4 star": "6%",
      "3 star": "6%",
      "2 star": "4%",
      "1 star": "6%"
    }
  },
  "top_comments": [
    {
      "date": "June 11, 2019",
      "title": "Great mustard flavor",
      "score": "5.0 out of 5 stars",
      "text": "it was one ingredient in my Avocado Toast (open face sandwich. I heated the cheese under the broiler atop other ingredients, then added sliced avocado. The cheese hit the spot! it melted perfectly and the taste was wonderful.",
      "helpfulness": "0"
    },
    {
      "date": "October 20, 2019",
      "title": "Great tasting cheese",
      "score": "5.0 out of 5 stars",
      "text": "Love the taste of this cheese!  Great appetizer too when placed on a cracker with a little mustard added.  Definitely worth buying!",
      "helpfulness": "One"
    },
    {
      "date": "June 19, 2019",
      "title": "Don't buy",
      "score": "1.0 out of 5 stars",
      "text": "The cooling packs that are supposed to keep it cold were melted so the cheese was melted when I got it.",
      "helpfulness": "0"
    },
    {
      "date": "September 9, 2016",
      "title": "My husband and I were introduced to this cheese at ...",
      "score": "5.0 out of 5 stars",
      "text": "My husband and I were introduced to this cheese at a small restaurant in NC. We immediately orders 2 of the 7.5 packs. I wish I had ordered more because 3 days later it was gone. Would order this product weekly if the shipping was less.",
      "helpfulness": "One"
    },
    {
      "date": "March 6, 2020",
      "title": "Needs better shipping method",
      "score": "4.0 out of 5 stars",
      "text": "Was not shipped with proper refrigeration/icing but it was still fresh!",
      "helpfulness": "0"
    },
    {
      "date": "May 17, 2018",
      "title": "Yum",
      "score": "5.0 out of 5 stars",
      "text": "This is the greatest cheese ever. I am not a big mustard fan but once I had this I couldn't go back! Great with some fig jam, olives, nuts.",
      "helpfulness": "3"
    },
    {
      "date": "August 20, 2019",
      "title": "Don’t order in the summer.",
      "score": "2.0 out of 5 stars",
      "text": "I LOVE this cheese, however, it arrived hot and gross. I’m afraid to eat it :( definitely won’t order again :(",
      "helpfulness": "2"
    },
    {
      "date": "November 3, 2017",
      "title": "Four Stars",
      "score": "4.0 out of 5 stars",
      "text": "really good BUT expensive",
      "helpfulness": "0"
    }
  ]
}