{
  "product_title": "Coconut Cream Flavored Peanuts",
  "byline_info": "Brand: SUMLIB",
  "product_description": "",
  "category": [
    "Grocery & Gourmet Food",
    "Pantry Staples",
    "Cooking & Baking",
    "Nuts & Seeds",
    "Peanuts"
  ],
  "alt_images": [
    "https://m.media-amazon.com/images/I/31Whu2EvrUL.jpg"
  ],
  "product_detail": {},
  "important_information": {},
  "rating": {
    "score": "5 out of 5",
    "dist": {
      "5 star": "100%",
      "4 star": "0%",
      "3 star": "0%",
      "2 star": "0%",
      "1 star": "0%"
    }
  },
  "top_comments": [
    {
      "date": "January 1, 2012",
      "title": "Koh Kae Peanuts - Coconut cream flavor",
      "score": "5.0 out of 5 stars",
      "text": "The product description says it all: \"Sweet and crunchy\", \"coated with a coconut-cream candy shell\". It's sort of comparable to \"Beer Nuts\" but with a light coconut-cream flavor to them, not excessively sweet, and no salt/sugar/oil residue all over your fingers like other peanut snacks. I've found these locally at a nearby Asian grocery store (these are imported) for a price that's lower than or comparable to other big name peanut snacks.From their nutrition label:Serving size:  30 grams (1.05 oz)Calories:  160Total Fat:  10 grams (Saturated Fat 3.5 grams, Trans Fats 0)Cholesterol:  0 mgTotal Carbs:  13 gramsDietary Fiber: <1 gramSugars:  3 gramsProtein:  6 gramsLooking at the above numbers, as peanut snacks go, it not terribly bad - just don't eat the entire can at one sitting.",
      "helpfulness": "0"
    }
  ]
}