{
  "product_title": "Two Leaves and a Bud Organic Peppermint Tea Bags, Naturally Caffeine Free, Herbal Whole Leaf Peppermint Tea, 15 Count (Pack of 6)",
  "byline_info": "Visit the Two Leaves and a Bud Store",
  "product_description": "",
  "category": [
    "Grocery & Gourmet Food",
    "Beverages",
    "Tea",
    "Fruit & Herbal Tea",
    "Herbal"
  ],
  "alt_images": [
    "https://m.media-amazon.com/images/I/51XjKk5-RAL.jpg",
    "https://m.media-amazon.com/images/I/51txZOlrmTL.jpg",
    "https://m.media-amazon.com/images/I/31zw5ntSstL.jpg",
    "https://m.media-amazon.com/images/I/41edaxdScfL.jpg",
    "https://m.media-amazon.com/images/I/41bTkbmrEyL.jpg",
    "https://m.media-amazon.com/images/I/41aVyVU+sOL.jpg",
    "https://m.media-amazon.com/images/I/51Gi7+E1L-L.jpg"
  ],
  "product_detail": {
    "Is Discontinued By Manufacturer": "No",
    "Product Dimensions": "3.5 x 3.5 x 5 inches; 1.2 Pounds",
    "Item model number": "T01215",
    "UPC": "894058000903",
    "Manufacturer": "Two Leaves Tea Company",
    "ASIN": "B000FH2Y0M",
    "Units": "90.00 Count",
    "Best Sellers Rank": "#28,149 in Grocery & Gourmet Food (See Top 100 in Grocery & Gourmet Food) #961 in Herbal Tea",
    "#961 in Herbal Tea": "",
    "Customer Reviews": "4.7 4.7 out of 5 stars 327 ratings"
  },
  "important_information": {
    "Safety Information": "This product is labelled to United States standards and may differ from similar products sold elsewhere in its ingredients, labeling and allergen warningsThis product is labelled to United States standards and may differ from similar products sold elsewhere in its ingredients, labeling and allergen warnings",
    "Ingredients": "Organic PeppermintOrganic Peppermint",
    "Directions": "Brewing Instructions: Water Temp - Full Boil, 210 degrees, Steep 3 MinutesBrewing Instructions: Water Temp - Full Boil, 210 degrees, Steep 3 Minutes",
    "Legal Disclaimer": "Statements regarding dietary supplements have not been evaluated by the FDA and are not intended to diagnose, treat, cure, or prevent any disease or health condition.Statements regarding dietary supplements have not been evaluated by the FDA and are not intended to diagnose, treat, cure, or prevent any disease or health condition."
  },
  "rating": {
    "score": "4.7 out of 5",
    "dist": {
      "5 star": "82%",
      "4 star": "12%",
      "3 star": "3%",
      "2 star": "2%",
      "1 star": "1%"
    }
  },
  "top_comments": [
    {
      "date": "July 16, 2025",
      "title": "Looks like completely fresh tea leaves!",
      "score": "5.0 out of 5 stars",
      "text": "Love this tea! Looks so fresh, smells nice and tastes great! Had it first at a nice restaurant and was so happy to see I could get on Amazon!",
      "helpfulness": "0"
    },
    {
      "date": "May 21, 2025",
      "title": "Great product",
      "score": "5.0 out of 5 stars",
      "text": "Great",
      "helpfulness": "0"
    },
    {
      "date": "May 3, 2025",
      "title": "Beautiful tea bags",
      "score": "5.0 out of 5 stars",
      "text": "Great tea and very pretty. Would make a great gift.",
      "helpfulness": "0"
    },
    {
      "date": "January 21, 2025",
      "title": "Smooth, soothing flavor",
      "score": "5.0 out of 5 stars",
      "text": "I never been much of a fan of tea, but this changed my mind.Very refreshing and soothing.",
      "helpfulness": "One"
    },
    {
      "date": "January 27, 2025",
      "title": "Best mint!",
      "score": "4.0 out of 5 stars",
      "text": "This tea has the most pleasing mint flavor! It is good on its own or for a special treat add a splash of cream!",
      "helpfulness": "0"
    },
    {
      "date": "November 25, 2024",
      "title": "Damaged box but good product",
      "score": "5.0 out of 5 stars",
      "text": "Like others stated in reviews, the box came open where the perforations are at the bottom. However, the teabags themselves are in perfect condition and taste is fantastic.",
      "helpfulness": "0"
    },
    {
      "date": "February 7, 2025",
      "title": "Great tasting",
      "score": "5.0 out of 5 stars",
      "text": "Great taste.  My favorite tea.  Once you try it, you will love it.",
      "helpfulness": "0"
    },
    {
      "date": "January 4, 2025",
      "title": "Great tea!",
      "score": "5.0 out of 5 stars",
      "text": "Great quality and flavor!",
      "helpfulness": "0"
    }
  ]
}