{
  "product_title": "Let's Do Organic Rolled Style Sugar Cones - Organic Ice Cream Cones, Sugar Cones for Ice Cream, Waffle Cones for Ice Cream - 4.6 Ounce (Pack of 12)",
  "byline_info": "Visit the Let's Do Organic Store",
  "product_description": "Delicious hand holders for ice cream and more. Enjoy the perfect partners for your organic desserts. Let's do. Organic ice cream cones are remarkably like the classic cones we all loved while growing up - only ours are crafted from organic ingredients and free of artificial anything! Fill our cones with sorbets and fresh fruit, or ice cream topped with Sprinkelz. You've just turned an event into a celebration!",
  "category": [],
  "alt_images": [
    "https://m.media-amazon.com/images/I/51CRc1-D4wL.jpg",
    "https://m.media-amazon.com/images/I/51w2g0B1tlL.jpg",
    "https://m.media-amazon.com/images/I/51Xp+zRJ0iL.jpg",
    "https://m.media-amazon.com/images/I/51C-zl9r8EL.jpg",
    "https://m.media-amazon.com/images/I/51Kb4S2m6WL.jpg",
    "https://m.media-amazon.com/images/I/514xmTZ3vUL.jpg",
    "https://m.media-amazon.com/images/I/514LoTZVPcL.jpg"
  ],
  "product_detail": {
    "Is Discontinued By Manufacturer": "No",
    "Package Dimensions": "14.8 x 10.7 x 10 inches; 4.6 ounces",
    "Item model number": "V357",
    "UPC": "043182203579",
    "Manufacturer": "Let's Do Organic",
    "ASIN": "B000F4EU66",
    "Units": "55.2 Ounce",
    "Customer Reviews": "2.5 2.5 out of 5 stars 24 ratings"
  },
  "important_information": {
    "Safety Information": "Allergens: Contains wheat, soy and glutenAllergens: Contains wheat, soy and gluten",
    "Ingredients": "Organic Wheat Flour, Organic Cane Sugar, Organic Expeller-Pressed Palm Oil, Soy Lecithin, Salt.Organic Wheat Flour, Organic Cane Sugar, Organic Expeller-Pressed Palm Oil, Soy Lecithin, Salt.",
    "Legal Disclaimer": "Statements regarding dietary supplements have not been evaluated by the FDA and are not intended to diagnose, treat, cure, or prevent any disease or health condition.Statements regarding dietary supplements have not been evaluated by the FDA and are not intended to diagnose, treat, cure, or prevent any disease or health condition."
  },
  "rating": {
    "score": "2.5 out of 5",
    "dist": {
      "5 star": "13%",
      "4 star": "23%",
      "3 star": "13%",
      "2 star": "8%",
      "1 star": "43%"
    }
  },
  "top_comments": [
    {
      "date": "November 25, 2015",
      "title": "Tasty, just a few are broken.",
      "score": "4.0 out of 5 stars",
      "text": "These taste pretty good. The cones were fresh and crisp, and took an internal coating of hazelnut-chocolate ganache nicely.Some of the cones are a little broken. I suppose there's no way to avoid that. As long as you don't expect every one of them to be perfect, you'll be fine.",
      "helpfulness": "0"
    },
    {
      "date": "September 9, 2015",
      "title": "Need better packaging for shipping",
      "score": "1.0 out of 5 stars",
      "text": "Products were cracked and broken",
      "helpfulness": "0"
    },
    {
      "date": "August 5, 2020",
      "title": "Stale but edible... 9 more boxes to finish",
      "score": "3.0 out of 5 stars",
      "text": "We got these in stale condition. They had a slightly rancid flavor and taste to them. They aren't even expired. Alas, they are still edible and we love ice cream, so we'll just keep eating them. Best to buy it in stores.",
      "helpfulness": "0"
    },
    {
      "date": "July 19, 2015",
      "title": "Tasty!",
      "score": "5.0 out of 5 stars",
      "text": "Very crisp and tasty. Ordered a case and 7 out of 12 boxes had some broken cones. Amazon refunded for this. Great product!",
      "helpfulness": "0"
    },
    {
      "date": "May 19, 2010",
      "title": "stale and most are broken",
      "score": "2.0 out of 5 stars",
      "text": "I'd rather buy these cones from the grocery store for a little more money.  Most of the cones are broken and stale.  There are no expiration dates.  It just says deeded on a sticker.",
      "helpfulness": "5"
    },
    {
      "date": "May 21, 2013",
      "title": "A favorite!",
      "score": "4.0 out of 5 stars",
      "text": "I keep these on hand all summer. Ice cream cones on the front porch is a favorite with my grandkids.Update: The last time I ordered these, many cones in the boxes were broken.",
      "helpfulness": "One"
    },
    {
      "date": "December 11, 2022",
      "title": "Tasted OK but not crunchy",
      "score": "1.0 out of 5 stars",
      "text": "A sugar cone must have a good crispy crunch to it or it's a failure. This wimpy thing is a failure. They should scrap this recipe and start over. I feel sorry for the folks who bought 12 boxes of these. I only had to throw out one.",
      "helpfulness": "0"
    },
    {
      "date": "April 3, 2020",
      "title": "Smells like chemicals, taste is good anyways",
      "score": "3.0 out of 5 stars",
      "text": "I actually bought my box at Whole Foods yesterday... the box says expired September 2020 so it’s technically still “fresh”... but it smells like chemicals... taste is still good but I couldn’t really get over the smell. I thought someone else would mention it and I looked at the ingredients but I can’t figure out why. None of my cones were cracked and packaging was fine.",
      "helpfulness": "0"
    }
  ]
}