{
  "product_title": "Traditional Medicinals Tea, Organic Throat Coat, Supports Throat Health, 96 Tea Bags (6 Pack)",
  "byline_info": "Visit the Traditional Medicinals Store",
  "product_description": "Traditional Medicinals Original Throat Coat Tea",
  "category": [
    "Grocery & Gourmet Food",
    "Beverages",
    "Tea",
    "Fruit & Herbal Tea",
    "Herbal"
  ],
  "alt_images": [
    "https://m.media-amazon.com/images/I/51IxoyQGLrL.jpg",
    "https://m.media-amazon.com/images/I/6165gbs-NSL.jpg",
    "https://m.media-amazon.com/images/I/41Gx-qmk4vL.jpg",
    "https://m.media-amazon.com/images/I/51LyiIQnVhL.jpg",
    "https://m.media-amazon.com/images/I/51e-PWsErTL.jpg",
    "https://m.media-amazon.com/images/I/51NE876sJ9L.jpg",
    "https://m.media-amazon.com/images/I/510LV37H7sL.jpg"
  ],
  "product_detail": {
    "Is Discontinued By Manufacturer": "No",
    "Product Dimensions": "3.3 x 2.8 x 4.4 inches; 6.78 ounces",
    "Item model number": "thomaswi",
    "Manufacturer": "Traditional Medicinals",
    "ASIN": "B0009F3POO",
    "Units": "96 Count",
    "Best Sellers Rank": "#4,505 in Grocery & Gourmet Food (See Top 100 in Grocery & Gourmet Food) #98 in Herbal Tea",
    "#98 in Herbal Tea": "",
    "Customer Reviews": "4.8 4.8 out of 5 stars 8,072 ratings"
  },
  "important_information": {
    "Safety Information": "This product is labelled to United States standards and may differ from similar products sold elsewhere in its ingredients, labeling and allergen warningsThis product is labelled to United States standards and may differ from similar products sold elsewhere in its ingredients, labeling and allergen warnings",
    "Ingredients": "Organic licorice root, Organic slippery elm bark, Organic licorice dry aqueous extract, Organic marshmallow root, Organic wild cherry bark, Organic fennel fruit, Organic cinnamon bark and Organic orange peelOrganic licorice root, Organic slippery elm bark, Organic licorice dry aqueous extract, Organic marshmallow root, Organic wild cherry bark, Organic fennel fruit, Organic cinnamon bark and Organic orange peel",
    "Directions": "POUR 8 oz. freshly boiled water over 1 tea bag. COVER & STEEP for 10-15 min. SQUEEZE tea bag to ensure maximum goodness.POUR 8 oz. freshly boiled water over 1 tea bag. COVER & STEEP for 10-15 min. SQUEEZE tea bag to ensure maximum goodness.",
    "Legal Disclaimer": "Statements regarding dietary supplements have not been evaluated by the FDA and are not intended to diagnose, treat, cure, or prevent any disease or health condition.Statements regarding dietary supplements have not been evaluated by the FDA and are not intended to diagnose, treat, cure, or prevent any disease or health condition."
  },
  "rating": {
    "score": "4.8 out of 5",
    "dist": {
      "5 star": "86%",
      "4 star": "9%",
      "3 star": "3%",
      "2 star": "1%",
      "1 star": "1%"
    }
  },
  "top_comments": [
    {
      "date": "July 2, 2025",
      "title": "Works well for my throat!",
      "score": "5.0 out of 5 stars",
      "text": "This tastes great and soothes my throat. It is strong enough, but not too strong. The only thing is I wish they had more per bag, so I had to buy more.",
      "helpfulness": "One"
    },
    {
      "date": "August 26, 2025",
      "title": "GREAT RELIEF for a sore throat!",
      "score": "5.0 out of 5 stars",
      "text": "GREAT RELIEF for a sore throat and taste good besides!",
      "helpfulness": "0"
    },
    {
      "date": "May 23, 2025",
      "title": "Saves a wrecked throat",
      "score": "5.0 out of 5 stars",
      "text": "Sadly, part of my job involves a great deal of talking. This throat coat tea is a must! I sip on it throughout the day . I ran out and went a few days without it and just sipped water and another tea.  By the end of the day my throat was wrecked. I ordered the 96 bags. I cannot function without this tea. It is also nice room temp or chilled. The best quality throat coat tea on the market, in my opinion.",
      "helpfulness": "One"
    },
    {
      "date": "July 10, 2025",
      "title": "A must have if you get sick!",
      "score": "5.0 out of 5 stars",
      "text": "This tea along with manuka honey are a life saver when you’re sick. The directions on the box make the tea taste awful and bitter. I’ve found steeping for 2-3 minutes with 2-3 bags at 190f for 12-16oz is perfect and adding a tablespoon on manuka honey makes a great tasting tea that soothes the most painful throats. The medical benefits are incredible for relieving pain instantly.",
      "helpfulness": "3"
    },
    {
      "date": "December 4, 2024",
      "title": "Soothing & Delicious Even When You’re Not Sick",
      "score": "5.0 out of 5 stars",
      "text": "Throat Coat tea is a game changer for sore or scratchy throats. The taste has a subtle sweetness with a hint of licorice that’s genuinely enjoyable so much so that I’d drink it even when I’m not sick. It provides instant soothing relief and after just a couple of cups my throat feels significantly better. This tea has become a must have in my pantry for both its flavor and effectiveness. Highly recommend!",
      "helpfulness": "7"
    },
    {
      "date": "August 7, 2025",
      "title": "LOVE THIS BUT THEY DID A STORY ON THE TV NEWS ABOUT MICROPLASTICS AND SPECIFICALLY MENTIONED TEABAGS",
      "score": "4.0 out of 5 stars",
      "text": "I LOVE THIS TEA!!! BUT...I am really concerned. I was not a tea drinker until about 4 years ago after trying this. A drink that was sweet without calories or sugar substitutes-amazing!!!  I drink about 4 cups a day.  But now with all the talk of micro-plastics, I'm concerned. Very concerned. On the news they specifically mentioned TEA BAGS! I asked \"Rufus\"? (the robot  that answers Amazon questions) about the product and he said the teabags are made of paper and don't have that much plastic. But it still bothers me. If I drank this here and there I wouldn't care but I drink a lot of this tea-I also just leave the tea bag in my cup the whole time. I have it just sitting there while I'm doing my hobby or watch TV or whatever. I usually make a cup of tea and cover the cup to keep it hot and let it sit there with the bag in it so it will be as strong as possible and cool down while I finish the cup I am currently drinking. I never take the teabag out.Do any of you put the tea that's in the bag into one of those metal tea things? I hate the thought! I am too lazy to do it 4 or more times per day. It seems like it would be such a PITA and how do I know that the tea itself is not full of microplastics already from just sitting in the teabag in the box for however long it's been there?I really don't know anything about tea. I just know that I like this and have become addicted to it. Does anyone have any thoughts on the microplastic situation? I wish this was sold loose or the company would come out with some special tea bag that was 100% free of plastics. Does anybody know anything about the safety of this tea? I am sick and tired of all the crap they do to our food and medicine. I never used to think about it but it's gotten really bad. You can't eat or drink anything without it being altered in someway.",
      "helpfulness": "3"
    },
    {
      "date": "June 13, 2025",
      "title": "Good tea I liked it",
      "score": "5.0 out of 5 stars",
      "text": "OK I really like this. Oh yeah actually this was good. I had it when I had the flu. It was tasty. Yeah I recommend this tea. I like this product line. I use the smooth move. Also, that’s a good one, but this was really good also well yeah",
      "helpfulness": "2"
    },
    {
      "date": "March 23, 2025",
      "title": "Soothing and Tasty",
      "score": "5.0 out of 5 stars",
      "text": "What a calming brew. Feels good going down throat and in tummy. Flavor is like a bright mildly sweet licorice. No sweetener needed, though perfect with maple syrup.",
      "helpfulness": "0"
    }
  ]
}