{
  "product_title": "Lotus Biscoff, Caramelized Biscuit Cookies, non GMO + Vegan - 8.8 Ounce (Pack of 10)",
  "byline_info": "Visit the Biscoff Store",
  "product_description": "How can a small cookie taste so great? The story of Lotus Biscoff starts in 1932 in a local bakery in Lembeke, a Belgian town. The unique recipe was brought to perfection with carefully selected natural ingredients. Today, Lotus Bakeries is still family-owned and based in its home town. And from there, the tasteful cookie continues to conquer the world. Its secret? Its unique flavor, iconic shape and crunchy bite. For many, it’s their cup of coffee’s best companion. For other, it’s an irresistible treat on its own. How do you like it best?",
  "category": [
    "Grocery & Gourmet Food",
    "Breads & Bakery",
    "Cookies"
  ],
  "alt_images": [
    "https://m.media-amazon.com/images/I/519n+KiKxFL.jpg",
    "https://m.media-amazon.com/images/I/51ncDSubGuL.jpg",
    "https://m.media-amazon.com/images/I/51VolWzAYgL.jpg",
    "https://m.media-amazon.com/images/I/41TEYmmxnGL.jpg",
    "https://m.media-amazon.com/images/I/41aaZCPBwSL.jpg",
    "https://m.media-amazon.com/images/I/41I567ZyItL.jpg",
    "https://m.media-amazon.com/images/I/516660+EbGL.jpg"
  ],
  "product_detail": {
    "Is Discontinued By Manufacturer": "No",
    "Product Dimensions": "9.3 x 7.1 x 6.1 inches; 5.5 Pounds",
    "Item model number": "50629",
    "Manufacturer": "Anna's Ginger Cookies",
    "ASIN": "B01N9SWUOU",
    "Units": "8.8 Ounce",
    "Best Sellers Rank": "#1,942 in Grocery & Gourmet Food (See Top 100 in Grocery & Gourmet Food) #71 in Grocery Cookies",
    "#71 in Grocery Cookies": "",
    "Customer Reviews": "4.7 4.7 out of 5 stars 5,302 ratings"
  },
  "important_information": {
    "Safety Information": "This product is labelled to United States standards and may differ from similar products sold elsewhere in its ingredients, labeling and allergen warningsThis product is labelled to United States standards and may differ from similar products sold elsewhere in its ingredients, labeling and allergen warnings",
    "Ingredients": "Wheat Flour, Sugar, Vegetable Oils (Contains one or more of soy bean oil, sunflower oil, canola oil, palm oil), Brown Sugar Syrup, Sodium Bicarbonate (Leavening), Soy Flour, Salt, Cinnamon. Contain Wheat and Soy.Wheat Flour, Sugar, Vegetable Oils (Contains one or more of soy bean oil, sunflower oil, canola oil, palm oil), Brown Sugar Syrup, Sodium Bicarbonate (Leavening), Soy Flour, Salt, Cinnamon. Contain Wheat and Soy.",
    "Legal Disclaimer": "Statements regarding dietary supplements have not been evaluated by the FDA and are not intended to diagnose, treat, cure, or prevent any disease or health condition.Statements regarding dietary supplements have not been evaluated by the FDA and are not intended to diagnose, treat, cure, or prevent any disease or health condition."
  },
  "rating": {
    "score": "4.7 out of 5",
    "dist": {
      "5 star": "87%",
      "4 star": "8%",
      "3 star": "2%",
      "2 star": "1%",
      "1 star": "2%"
    }
  },
  "top_comments": [
    {
      "date": "July 20, 2025",
      "title": "Recommended for all ages",
      "score": "5.0 out of 5 stars",
      "text": "Great with coffee or tea.  Mild, tantalizing flavor that hits the spot.  Satisfying in a way that makes it possible (OK maybe not really easy) to rseist eating the whole pack all at once.  Yummy!",
      "helpfulness": "2"
    },
    {
      "date": "August 27, 2025",
      "title": "Love em",
      "score": "5.0 out of 5 stars",
      "text": "Amazing flavor and quality. Crunchiness on top. Thanks!",
      "helpfulness": "One"
    },
    {
      "date": "August 1, 2025",
      "title": "These things are addicting.",
      "score": "5.0 out of 5 stars",
      "text": "These things are addicting.  They are sooo good. Very crunchy and have a great taste.  I bought in bulk proves my point.",
      "helpfulness": "2"
    },
    {
      "date": "August 9, 2025",
      "title": "Great cookie biscuits!",
      "score": "5.0 out of 5 stars",
      "text": "Great cookie biscuits, nice molasis taste and crunchy.",
      "helpfulness": "0"
    },
    {
      "date": "August 10, 2025",
      "title": "Sooooo yummy",
      "score": "5.0 out of 5 stars",
      "text": "These cookies are so good! I made a brownie dessert with these cookies crumbled on top and it was beyond delicious!!",
      "helpfulness": "0"
    },
    {
      "date": "August 28, 2025",
      "title": "One taste and you won't forget",
      "score": "4.0 out of 5 stars",
      "text": "Great for a snack and has a great taste",
      "helpfulness": "One"
    },
    {
      "date": "June 25, 2025",
      "title": "Crisp, Crunchy, Cinnamon cookie",
      "score": "5.0 out of 5 stars",
      "text": "Great price on a Great Product .  My husband is addicted to these cookies after having them on a flight recently.  This order satisfies his cinnamon cookie urge nightly!  Crisp, crunchy, perfect to dip in my tea, they are a staple in our house and being able to buy 10 packages at a time works for our family.  My grandchildren love these as a snack.",
      "helpfulness": "2"
    },
    {
      "date": "September 10, 2025",
      "title": "Not just for airplanes!",
      "score": "5.0 out of 5 stars",
      "text": "My husband loves these. They’re a great travel cookie-crisp, no mess, and delicious.",
      "helpfulness": "0"
    }
  ]
}