{
  "product_title": "Walden Farms Alfredo Pasta Sauce Calorie Free",
  "byline_info": "Visit the Walden Farms Store",
  "product_description": "",
  "category": [
    "Grocery & Gourmet Food",
    "Pantry Staples",
    "Sauces, Gravies & Marinades",
    "Sauces",
    "Italian",
    "Alfredo"
  ],
  "alt_images": [
    "https://m.media-amazon.com/images/I/51jKVfLxfFL.jpg",
    "https://m.media-amazon.com/images/I/51S8ZuHMFKL.jpg",
    "https://m.media-amazon.com/images/I/81jrYKgjmcL.jpg"
  ],
  "product_detail": {
    "Is Discontinued By Manufacturer": "No",
    "Product Dimensions": "1 x 1 x 1 inches; 11.99 ounces",
    "Item model number": "FID6134",
    "Department": "All Ages, Unisex",
    "UPC": "723120189201 742128450984 072457880887",
    "Manufacturer": "Walden Farms, Inc.",
    "ASIN": "B004R73CM0",
    "Units": "11.9 Ounce",
    "Best Sellers Rank": "#142,231 in Grocery & Gourmet Food (See Top 100 in Grocery & Gourmet Food) #41 in Alfredo Sauces",
    "#41 in Alfredo Sauces": "",
    "Customer Reviews": "3.3 3.3 out of 5 stars 634 ratings"
  },
  "important_information": {
    "Ingredients": "Purified Water, Sour Cream Flavor (non Dairy), Romano and Parmesan Flavors (non Dairy), Vegetable Fiber, Natural Flavors, Natural Spices, Sea Salt, Black Pepper, Cayenne Pepper, Butter Flavor (non Dairy), Garlic, Onion, Rosemary, Beta Carotene, Food Color, Xanthan Gum, Sodium Benzoate (to preserve Freshness) Sucralose, Sunflower Lecithin.*Contains Trace Calories.Purified Water, Sour Cream Flavor (non Dairy), Romano and Parmesan Flavors (non Dairy), Vegetable Fiber, Natural Flavors, Natural Spices, Sea Salt, Black Pepper, Cayenne Pepper, Butter Flavor (non Dairy), Garlic, Onion, Rosemary, Beta Carotene, Food Color, Xanthan Gum, Sodium Benzoate (to preserve Freshness) Sucralose, Sunflower Lecithin.*Contains Trace Calories.",
    "Directions": "Refrigerate after opening.Refrigerate after opening.",
    "Legal Disclaimer": "Statements regarding dietary supplements have not been evaluated by the FDA and are not intended to diagnose, treat, cure, or prevent any disease or health condition.Statements regarding dietary supplements have not been evaluated by the FDA and are not intended to diagnose, treat, cure, or prevent any disease or health condition."
  },
  "rating": {
    "score": "3.3 out of 5",
    "dist": {
      "5 star": "42%",
      "4 star": "10%",
      "3 star": "13%",
      "2 star": "10%",
      "1 star": "25%"
    }
  },
  "top_comments": [
    {
      "date": "September 2, 2025",
      "title": "Keto Lovers must have",
      "score": "5.0 out of 5 stars",
      "text": "Great tasting product for Keto people",
      "helpfulness": "0"
    },
    {
      "date": "May 15, 2023",
      "title": "Manufactured to be a health hazard, not a sauce",
      "score": "1.0 out of 5 stars",
      "text": "I bought two products at the same time. The garlic herb, and the alfredo sauces. The garlic herb was unsealed, and had the unpopped cap to prove it, but the alfredo sauce? They (the manufacturer, not the seller, to clarify for Amazon's review review process) didn't even *try* to jar it right. The jarring process used by the manufacturer (again Amazon, I'm referring to the lack of quality of the product, let me leave this review) doesn't involve sealing the jar. They literally just screwed a cap on a jar. Is it good? Is it bad? Who knows! Actually I do, I tasted a bit. It tasted like slightly spoiled alfredo sauce that was cut with sawdust. Not, at all, worth the money, let alone the food poisoning.",
      "helpfulness": "2"
    },
    {
      "date": "February 14, 2024",
      "title": "Surprisingly delicious",
      "score": "5.0 out of 5 stars",
      "text": "This is really good yes very thin I added 2 spoons of corn starch and thickens right up I also added 1/3 cup shredded mozzarella and some Parmesan cheese figured I had plenty room for adding since it’s 0 everything and then I divide an entire pot into 5 containers for my lunch so very low calorie. I made it with chick pea pasta and ground turkey this is my new favorite.",
      "helpfulness": "3"
    },
    {
      "date": "September 10, 2013",
      "title": "Strange, but not bad.",
      "score": "3.0 out of 5 stars",
      "text": "It's got a little cheesy/buttery flavor, but predominantly tastes of pepper.  Naturally, it's not Olive Garden alfredo sauce.  If that's what you expect, well... get real.  But it's a nice thing to add for a strict dieter.",
      "helpfulness": "3"
    },
    {
      "date": "June 6, 2014",
      "title": "Did not taste good.",
      "score": "2.0 out of 5 stars",
      "text": "Probably not a bad product but I really did not like the taste.  I didn't have high expectations to begin with given that it has zero calories but thought it might be a good substitute for sauce.  It was worth trying but not a good substitute for alfredo sauce.  If you are really watching every calorie you might be willing to put up with the different taste.",
      "helpfulness": "0"
    },
    {
      "date": "October 10, 2024",
      "title": "Good but watery",
      "score": "4.0 out of 5 stars",
      "text": "I rely on this product a lot these days.  I think it is the best of their marinades.  It is not strongly flavored and has no texture, and that is the reason I gave it 4 stars.  Real tomato products are better, but they have enough carbs to be quite problematic on a keto diet.  So far it is the best keto tomato sauce substitute I can find, but someone will beat it soon.",
      "helpfulness": "0"
    },
    {
      "date": "September 17, 2023",
      "title": "Gross",
      "score": "1.0 out of 5 stars",
      "text": "I tried this bc the reviews weren’t horrible. The main ingredient is water, followed by salt. 1 serving is 24% of your suggested daily salt intake. I didn’t have high expectations for a 0 calorie product, but this wasn’t edible. I made my usual plant based noodles + chicken + spinach. I threw it out after one bite. Maybe others that eat a lot of sodium would have other opinions, but this wasn’t good for me.",
      "helpfulness": "2"
    },
    {
      "date": "July 15, 2023",
      "title": "Great alternative when doing keto",
      "score": "5.0 out of 5 stars",
      "text": "I like it and will buy again. It is very runny but I added a cheese blend of Asiago, Parmesan and Romano (Belgioioso salad blend -0-carbs from Sams Club) and it was a great add for my zucchini chicken Alfredo.",
      "helpfulness": "One"
    }
  ]
}