{
  "product_title": "Loma Linda Tender Bits, 19-Ounce Cans (Pack of 12)",
  "byline_info": "Visit the Loma Linda Store",
  "product_description": "Product Description   Loma Linda Tender Bits are a healthy and savory favorite. Packed with full-flavored sustainable plant-based protein and all the deliciousness of traditional beef tips. Tender Bits can be marinated or used in stews, casseroles, or chili. Dedicated to only the finest ingredients, blended with the greatest of care, to bring you our tasty Tender Bits. Explore all of our traditional flavors with your friends and family. Loma Linda pioneers plant-based proteins with bold, inspiring flavors and beloved traditional recipes to help people live healthier and longer lives. Our mission is to promote sustainability for people of all backgrounds and for the environment. Join us today and enjoy all of our delicious recipes.   Amazon.com   Loma Linda Tender BitsMeat-Free Scallop-Shaped Rounds of Vegetable ProteinMade with vegetable protein, Loma Linda Tender Bits is a perfect meat-free alternative for your favorite casseroles, stews, soups, and pot pies. Tender Bits can also be breaded and fried or cooked up with a stir fry. Made with wheat gluten and soy proteins, Loma Linda Tender Bits is a great meat substitute. Vegetarian and VeganDietary exchange: 1.5 lean meat. 1/2 starch per servingLow saturated fat and 0 trans fatCholesterol free13 grams of protein per servingB Complex Vitamins: B6, B12, and thiamin, niacin, and riboflavin3 grams of dietary fiberKosher dairy Worthington & Loma Linda Worthington & Loma Linda are a leading brand of vegetarian foods that maintain robust flavor without meat product. Worthington & Loma Linda vegetarian foods are low in cholesterol and lower in fat, especially saturated fat, than their meat counterparts. Coming in easy to prepare formats that can be served directly from your pantry or right out of the freezer, these delicious, meatless alternatives are perfect for quick and nutritious meals. Try Loma Linda Tender Bits in this delicious recipe:  Mandarin Spinach Salad with Tender Bits Preparation Time: 30 minutes Total Time: 30 minutes Servings: 6INGREDIENTS: 1 cup Loma Linda Tender Bits1 can (6 ounces) orange juice concentrate undiluted6 cups washed torn spinach1/2 cup chopped celery1/4 cup chopped green onions1 can (11 ounces) mandarin oranges drained1/2 cup unsalted cashews1/2 cup sweet and sour salad dressing DIRECTONS: In a small bowl, combine LOMA LINDA Tender Bits and orange juice; allow to marinate at least 30 minutes.In a large bowl, combine spinach, celery, green onions, mandarin orangesand cashews.Drain Tender Bits and add to salad mixture. Toss gently with sweet andsour dressing.   \n  About the Brand   For more than 65 years, Worthington and Loma Linda have created new and innovative products for consumers looking for vegetarian options. Worthington Foods began as Special Foods in 1939, founded by psychiatrist Dr. George Harding. Dr. Harding was committed to providing health for the body and mind with an emphasis on nutrition and vegetarianism. The first products were the meat alternatives Proast (dark meat) and Numete (light meat). Special Foods grew throughout the years and saw a jump in production due to a shortage of meat during WWII. In 1945, Special Foods changed its name to Worthington.  In the decades to follow, Worthington Foods led the way to new vegetarian products. During the 1950s, Worthington increased in size due to acquisitions and new product developments, such as Soyamel and Veja-Link, the world's first vegetarian hot dog. In the 1960s, Worthington experienced two major breakthroughs. First, using spun soy fiber to create a meat-like texture helped to bring new vegetarian products to market. Second, Worthington was the first to bring frozen vegetarian food into supermarkets. In the 1970s, under new ownership by Miles Laboratories, Worthington introduced Morningstar Farms products. In 1982, the original founders bought back the business and, soon after, Dale Twomley became CEO, taking the company public in 1992. You now find these products under the Kellogg's family of brands.About Kellogg's Consumers around the world are enjoying Kellogg products--one of which, Kelloggs Corn Flakes, has been part of a healthy, delicious morning for a century. The company that makes breakfast and snacks for millions began with only 44 employees in Battle Creek, Michigan, in 1906. Today, Kellogg Company employs more than 25,000 people, manufactures in 17 countries, and sells its products in more than 180 countries. Over the past 100 years, innovation and a commitment to being the best in the categories in which they compete have guided the company. From being the first company to offer premiums in its cereal boxes to being the first to fortify its cereals, Kellogg has historically been a leader in industry, innovation, and marketing. The company's founder, W.K. Kellogg, had a strong commitment to nutrition, health, and quality. His vision continues to drive improvement in Kellogg's products and processes, with the goal of providing great-tasting, nutritious products that meet the most rigorous quality standards. The companys brands include Kelloggs, Keebler, Pop-Tarts, Eggo, Cheez-It, Nutri-Grain, Rice Krispies, Murray, Austin, Morningstar Farms, Famous Amos, Carrs, and Kashi, among others.   From the Manufacturer   Kellogg's Loma Linda Tender Bits are a delicious and nutritious alternative to chicken or turkey cutlets. Made with wheat gluten and soy protein, Tender Bits are 100 percent vegan. Try them breaded and fried or marinate them in your favorite vinaigrette for a flavorful addition to salads. Kellogg's Loma Linda Tender Bits make it easy to enjoy tasty and nutritious vegetarian meals.   See more",
  "category": [],
  "alt_images": [
    "https://m.media-amazon.com/images/I/51qly31CphL.jpg",
    "https://m.media-amazon.com/images/I/51WmGnz3LjL.jpg",
    "https://m.media-amazon.com/images/I/51VRix9bhRL.jpg",
    "https://m.media-amazon.com/images/I/51BEe45+J4L.jpg",
    "https://m.media-amazon.com/images/I/51kc5xldTAL.jpg",
    "https://m.media-amazon.com/images/I/51aw9naDYfL.jpg",
    "https://m.media-amazon.com/images/I/5184MiX5bDL.jpg"
  ],
  "product_detail": {
    "Package Dimensions": "14.2 x 10.4 x 4.7 inches; 1.19 Pounds",
    "UPC": "028989021007",
    "Manufacturer": "Loma Linda",
    "ASIN": "B000AY9SR2",
    "Units": "228 Count",
    "Customer Reviews": "4.3 4.3 out of 5 stars 76 ratings"
  },
  "important_information": {
    "Safety Information": "Allergic Consumers: This product contains wheat and soy ingredients.Allergic Consumers: This product contains wheat and soy ingredients.",
    "Directions": "Tender Bits can be breaded and fried for an easy vegetarian entr?e, or used in stews, casseroles or loaves. Use your favorite marinade and serve chilled in saladsTender Bits can be breaded and fried for an easy vegetarian entr?e, or used in stews, casseroles or loaves. Use your favorite marinade and serve chilled in salads",
    "Legal Disclaimer": "Statements regarding dietary supplements have not been evaluated by the FDA and are not intended to diagnose, treat, cure, or prevent any disease or health condition.Statements regarding dietary supplements have not been evaluated by the FDA and are not intended to diagnose, treat, cure, or prevent any disease or health condition."
  },
  "rating": {
    "score": "4.3 out of 5",
    "dist": {
      "5 star": "71%",
      "4 star": "8%",
      "3 star": "8%",
      "2 star": "7%",
      "1 star": "6%"
    }
  },
  "top_comments": [
    {
      "date": "February 25, 2009",
      "title": "Um, Um, Good",
      "score": "5.0 out of 5 stars",
      "text": "I am not a vegatarian.  I tried these based on the reviews. I wanted something that was low in fat/carbs/other bad stuff.  I need to lose weight and I love other soy products.  So, gave it a try.  This has become my favorite Loma Linda product.  I add them to everything where I need meat or more substance.  I use in stews, pizza toppings if sliced thin, chili, spaghetti, even small tidbits in a salad.  They take on the flavor of the sauce they are in, but better than tofu because the texture is firmer. If texture is hard to get over you might not like them, but if that isn't an issue, this is a great product with so many ways to use it.  Great chicken substitute if you are in a rush.  Microwaves well.  I love them.",
      "helpfulness": "4"
    },
    {
      "date": "July 8, 2006",
      "title": "Horrible!",
      "score": "1.0 out of 5 stars",
      "text": "If you've ever eaten real meat, or you are currently a meat eater trying to go veggie, this is not the product for you.Putting aside that this stuff doesn't taste like chicken (forgivable because it isn't chicken); it does taste like a cross between cardboard box and dog food.  It's a sort of brownish color, a terrible texture (like when you cook chicken and there's a bit of cooked blood--imagine someone sculpting a patty out of that).I coated and fried mine.  It was so awful that none of us could eat it and we ended up going out for dinner.",
      "helpfulness": "2"
    },
    {
      "date": "November 10, 2008",
      "title": "Not like meat...",
      "score": "2.0 out of 5 stars",
      "text": "Good flavor but strange texture. Some people compare this to meat, I wouldn't. Tender Bits are in a category of their own. Buy one at the store, not the whole case.",
      "helpfulness": "One"
    },
    {
      "date": "February 3, 2014",
      "title": "Thought these would be tasty, but they're just bland",
      "score": "3.0 out of 5 stars",
      "text": "I thought these would be flavorful, but they are really bland. Which is OK if you don't mind \"doctoring\" them up a bit with spices or marinade. And they might work well in a casserole or other dish, but not as a stand-alone entree. I gave them 3 stars because they do have lots of protein and are easy to cook. I would recommend these only for using in dishes and casseroles.",
      "helpfulness": "0"
    },
    {
      "date": "May 14, 2012",
      "title": "loma linda tender bits",
      "score": "4.0 out of 5 stars",
      "text": "Very nice product.My kids loves it.It has very nice texture. Being vegeterian i like this product very much. But I wish it has less sodium.After saute itbecome very salty. Other vise this is the best vegeterian alternate. Thanks.",
      "helpfulness": "0"
    },
    {
      "date": "February 27, 2008",
      "title": "Gentle Vegetarian Staple",
      "score": "5.0 out of 5 stars",
      "text": "I was going to call my review, \"I Love These,\" but someone had already done that! I eat them from the can when I'm cooking with them. I cut them up for stir frys and soups, and I slice them for sandwiches. They're good instead of chicken in a sandwich, but they are small and can fall out. How about a tortilla with avocado spread on it and some lettuce, wrapped around some Tender Bits, whole or sliced? Add pepper and/or onion! Although I am a strict vegetarian, I have a sensitive digestive system, and I turn to Tender Bits when my system is irritated. I have been eating these by the case for years and am glad to find them on Amazon!Update: After being diagnosed with a small breast cancer, I learned that soy protein concentrate, a main ingredient in Tender Bits, is a controversial ingredient. To put it simply, foods with this ingredient are \"processed food\" and should be eaten in the amounts one would eat any processed meat or other food. Vegetarians should be careful about eating too much processed vegetarian foods. Soy has an important relationship to estrogen, which means that vegetarian women and especially those who have had estrogen-positive breast cancer should learn more about it.I have not had any Tender Bits in many months, but I keep a can on hand for special occasions!",
      "helpfulness": "5"
    },
    {
      "date": "January 19, 2012",
      "title": "Amazing",
      "score": "5.0 out of 5 stars",
      "text": "I had very low expectations and resisted ordering these for a while, given that there was no way to test them out through Amazon short of ordering a case, and none of my local supermarkets carried them.  Finally, I caved into curiosity, and was it ever worth the wait.  These are just incredibly delicious.  I find myself eating them straight from the can, but they're much better when fried up with a little sriracha and soy sauce.  The five-star reviews are no accident.Don't expect a perfect chicken replica, like you can get in some vegetarian restaurants.  These have the consistency and flavor of a chicken dumpling, although they're pretty versatile.  Cannot recommend highly enough.",
      "helpfulness": "5"
    },
    {
      "date": "September 7, 2012",
      "title": "OK, but not as good as other Loma LInda products",
      "score": "3.0 out of 5 stars",
      "text": "I would rate this product as just OK, but not as good as other Loma LInda products. I love the Salisbury Steak and the Big Franks, but this one is a big disappointing. It has no chicken flavor, but is useful as a protein substitute and tastes very bland and OK. I would also like the same amount in a case, but in smaller cans.",
      "helpfulness": "0"
    }
  ]
}