{
  "product_title": "Spry Fresh Natural Xylitol Chewing Gum Dental Defense System - Aspartame-Free, Sugar-Free, Non-GMO, Gluten-Free (Fresh Fruit, 100 Count - Pack of 1)",
  "byline_info": "Visit the Spry Store",
  "product_description": "",
  "category": [
    "Grocery & Gourmet Food",
    "Snacks & Sweets",
    "Candy & Chocolate",
    "Chewing & Bubble Gum"
  ],
  "alt_images": [
    "https://m.media-amazon.com/images/I/31DErAUi22L.jpg",
    "https://m.media-amazon.com/images/I/411JR8rdIlL.jpg",
    "https://m.media-amazon.com/images/I/411nqHp-f1L.jpg",
    "https://m.media-amazon.com/images/I/41y-WuR5xiL.jpg",
    "https://m.media-amazon.com/images/I/41Jm2pI5wgL.jpg",
    "https://m.media-amazon.com/images/I/41926m3DN-L.jpg"
  ],
  "product_detail": {
    "Is Discontinued By Manufacturer": "No",
    "Product Dimensions": "2.75 x 2.75 x 2.38 inches; 1.76 ounces",
    "Item model number": "GFF100",
    "Department": "men, women, unisex-adult",
    "UPC": "700596000131",
    "Manufacturer": "Spry",
    "ASIN": "B005P0HC92",
    "Units": "100.0 Count",
    "Best Sellers Rank": "#820 in Grocery & Gourmet Food (See Top 100 in Grocery & Gourmet Food) #19 in Chewing Gum",
    "#19 in Chewing Gum": "",
    "Customer Reviews": "4.4 4.4 out of 5 stars 16,236 ratings"
  },
  "important_information": {
    "Safety Information": "700596000131700596000131",
    "Indications": "Xylitol Helps Reduce Mouth Bourne Bacteria That Cause Cavities After MealtimeXylitol Helps Reduce Mouth Bourne Bacteria That Cause Cavities After Mealtime",
    "Ingredients": "Xylitol, Gum Base, Natural Flavors, Vegetable Glycerin, Gum Arabic, Sunflower Lecithin, Calcium Carbonate, Carnauba Wax, SteviaXylitol, Gum Base, Natural Flavors, Vegetable Glycerin, Gum Arabic, Sunflower Lecithin, Calcium Carbonate, Carnauba Wax, Stevia",
    "Directions": "For best results enjoy 1-2 mints after every meal and snack.For best results enjoy 1-2 mints after every meal and snack.",
    "Legal Disclaimer": "Statements regarding dietary supplements have not been evaluated by the FDA and are not intended to diagnose, treat, cure, or prevent any disease or health condition.Statements regarding dietary supplements have not been evaluated by the FDA and are not intended to diagnose, treat, cure, or prevent any disease or health condition."
  },
  "rating": {
    "score": "4.4 out of 5",
    "dist": {
      "5 star": "73%",
      "4 star": "11%",
      "3 star": "7%",
      "2 star": "3%",
      "1 star": "6%"
    }
  },
  "top_comments": [
    {
      "date": "August 15, 2025",
      "title": "Good choice!",
      "score": "5.0 out of 5 stars",
      "text": "I like this gum a lot. For one, it is a great way to protect your teeth from cavaties, but it also freshens my breath for a long time. Xylitol is the way to go for tasty gum that is low in sugar content!",
      "helpfulness": "3"
    },
    {
      "date": "August 17, 2025",
      "title": "Using on carnivore diet",
      "score": "5.0 out of 5 stars",
      "text": "I’m currently on a carnivore diet. I can’t do sugar, so I have tried other brands of sugar free gum and they don’t last, have a weird consistency, or just plain taste bad. Had someone recommend Spry to me, and now I’m on my second jar! It’s just like normal gum (that’s what I want). It also keeps me in ketosis and tastes great. The jar is an added bonus, always stays fresh.",
      "helpfulness": "One"
    },
    {
      "date": "October 10, 2017",
      "title": "Great Flavor, Holds Up Better then Other Xylitol Gums We've tried...",
      "score": "5.0 out of 5 stars",
      "text": "I bought this gum for myself, because I'm trying to work with my son on chewing gum to provide him with a societally acceptable way of oral stemming, and I was blowing through more of his fruit flavored gum that way, and I really prefer mint anyways.  We need a gum with xylitol only, because with one of our son's medical conditions, Sotos Syndrome, aspartame can cause seizures.  And because he gets into and tries to chew on everything, I prefer to make sure nobody has any products with aspartame in the house.So, I've tried one other brand of mint flavored xylitol gum off of Amazon, and that one was made by Epic dental.  I'm going to tell you this stuff by Spry is WAY, way better.  Way better.  The Epic one had a very harsh, strong taste even to me, and I've got to tell you I used to blow through boxes of Altoids like they were nothin' back when sugar and I were still on more regular speaking terms.  The flavor on the spry is definitely very pleasant, and it lasts longer then the Epic dental one did. Typically what I have found is that xylitol gum tends to loose it's flavor quickly.  This one does better then the other brands I have tried and the texture stays good...some brands go mushy and mooshy.  So, will it last as long as trident?  No, the main burst of full flavor is gone in about 10 minutes or so, but there is a bit of a minty after taste that lingers for about half an hour.  And that is definitely superior to our experience with Epic, and even with Zellies.  And we like the Zellies, the flavor just doesn't last as long as Spry's does.Now, a quick note on Xylitol.  I don't have tons of time to read through all of the studies on this, but in general it appears that it can inhibit the growth of the bacteria that causes cavities.  Which, given that I just had some cavities filled today...probably isn't a bad thing ;)  And it may not be a bad thing for you either.  There was some criticism by researchers over seas about the quality of the xylitol studies, but...pretty much everybody including those people agree it's better for your teeth then gums or mints  with sugar.So in our house, I'm saying this is a 5 star product.  I actually *really* like it a whole lot and totally plan on buying more in the future...",
      "helpfulness": "66"
    },
    {
      "date": "August 13, 2025",
      "title": "good taste, but flavor does not last long",
      "score": "4.0 out of 5 stars",
      "text": "Xylitol free which is great but the gum taste and consistency does not last long.  Overall would likely purchase again. Claims about improved tooth health, cannot be independently verified by this consumer...",
      "helpfulness": "One"
    },
    {
      "date": "August 11, 2025",
      "title": "Recommended by my dentist",
      "score": "5.0 out of 5 stars",
      "text": "This brand of gum was recommended to me by my dentist to help keep your mouth clean post meal when you can’t brush your teeth. The xylitol has been said to help keep the mouth moist and the teeth from decay. The gum is not hard to chew and stays flavorful for a good amount of time.",
      "helpfulness": "4"
    },
    {
      "date": "September 1, 2025",
      "title": "Fantastic Flavor...  I chew it and am a former smoker... Give up Smoking, Chew this Chewing Gum.",
      "score": "5.0 out of 5 stars",
      "text": "Always fresh and on time.  Great Gum .",
      "helpfulness": "0"
    },
    {
      "date": "February 7, 2024",
      "title": "Not The Best But Not The Worst",
      "score": "3.0 out of 5 stars",
      "text": "I can't really decide how I feel about the gum yet so I'm just going to leave a neutral review with my experience.The gum sizes are a little too small for my liking so I generally take 2 at a time. So for me there is 50 servings per container which is a fairly good deal and lasts quite a while.The flavor is really good, not too strong and not too weak and great bold cinnamon flavor. The downfall is that it doesn't last very long which is probably in the fact that it's not flavored by a bunch of artificial junk. So kind of a trade off.It's pretty hard when you first start chewing on it but relaxes after a few minutes.It does have a strange aftertaste and oral feeling after you spit the gum out but after a while you get used to it and it's not that bad. I think it's just the type of sweetener.Overall the gum is very different from traditional in store gum. Flavor doesn't last quite as long, has a different aftertaste and material is a little different. The trade off is the ingredients are much healthier for your teeth and my mouth actually feels cleaner at the end of the day. I don't have a sugar plaque feeling on my teeth. I think that's why I have trouble deciding if I like it or not. Unhealthy but flavorful or healthy and not as flavorful.",
      "helpfulness": "8"
    },
    {
      "date": "July 28, 2025",
      "title": "Freshens breath.",
      "score": "5.0 out of 5 stars",
      "text": "This gum is pleasant for cleansing oral cavity while traveling.  The flavor could stay longer.",
      "helpfulness": "One"
    }
  ]
}