{
  "product_title": "RiceSelect Whole Wheat Orzo Rice-Shaped Pasta, Non-GMO, Vegan, 26.5-Ounce Jars, 4-Count",
  "byline_info": "Visit the RiceSelect Store",
  "product_description": "Product Description   Get creative and bring your spontaneous brilliance to the kitchen to create an unforgettable meal with RiceSelect Whole Wheat Orzo! Our RiceSelect Whole Wheat Orzo is the perfect pantry staple for delicious and filling meals. Made with 100% enriched durum semolina whole wheat, this small pasta resembles large grains of rice, giving it great versatility when cooking. With a cook time of 15 minutes, this pasta can be eaten alone or with Mediterranean-style salads, stirred into soups, or tossed with grilled vegetables. Get inspired for your next meal with our Lemon & Artichoke Baked Orzo or our One-Pot Chicken & Orzo. For your convenience, our RiceSelect Whole Wheat Orzo is Non-GMO Project Verified, Certified Kosher by Star K, and packaged in a pack of 4 - 26.5-oz 100% recyclable BPA-Free jars. RiceSelect is a registered trademark of Riviana Foods Inc.   From the Manufacturer   RiceSelect Whole Wheat Orzo is the perfect pantry staple for delicious and filling meals. Made with 100% enriched durum semolina whole wheat, this small pasta resembles large grains of rice giving it great versatility when cooking. With a cook time of 15 minutes, this pasta can be eaten alone or with Mediterranean-style salads, stirred into soups, or tossed with grilled vegetables. For your convenience, the RiceSelect Whole Wheat Orzo is non-GMO certified and packaged in four 26.5-ounce jars. From our seed to your plate, our dedication to quality can be seen and tasted. Enjoy all our conventional and organic rice products and mixes. Rethink rice!",
  "category": [
    "Grocery & Gourmet Food",
    "Pantry Staples",
    "Pasta & Noodles",
    "Pasta",
    "Orzo"
  ],
  "alt_images": [
    "https://m.media-amazon.com/images/I/51KwR2Qmp4L.jpg",
    "https://m.media-amazon.com/images/I/51BElCUkmHL.jpg",
    "https://m.media-amazon.com/images/I/51RjMsOqXBL.jpg",
    "https://m.media-amazon.com/images/I/61emtt1TPzL.jpg",
    "https://m.media-amazon.com/images/I/61kwSvUJt-L.jpg"
  ],
  "product_detail": {
    "Is Discontinued By Manufacturer": "No",
    "Product Dimensions": "4 x 4 x 6 inches; 7.88 ounces",
    "Item model number": "905640",
    "Manufacturer": "RiceSelect",
    "ASIN": "B000EGZ99M",
    "Units": "106.0 Ounce",
    "Best Sellers Rank": "#220,425 in Grocery & Gourmet Food (See Top 100 in Grocery & Gourmet Food) #51 in Orzo Pasta",
    "#51 in Orzo Pasta": "",
    "Customer Reviews": "4.8 4.8 out of 5 stars 181 ratings"
  },
  "important_information": {
    "Safety Information": "Packed in a plant that handles nuts & wheat products.This product is labelled to United States standards and may differ from similar products sold elsewhere in its ingredients, labeling and allergen warningsPacked in a plant that handles nuts & wheat products.This product is labelled to United States standards and may differ from similar products sold elsewhere in its ingredients, labeling and allergen warnings",
    "Ingredients": "Orzo Whole Wheat PastaOrzo Whole Wheat Pasta",
    "Directions": "Cooking Instructions: Bring 2 to 6 quarts water to rapid boil. Add 1 teaspoon salt (optional) and desired amount of pasta and bring to second boil. Cook, stirring occasionally, until al dente (firm to the bite) approximately 8-10 minutes. Drain and serve. 2 oz (1/3 cup) raw serving yields 1 cup cooked whole wheat orzo.Cooking Instructions: Bring 2 to 6 quarts water to rapid boil. Add 1 teaspoon salt (optional) and desired amount of pasta and bring to second boil. Cook, stirring occasionally, until al dente (firm to the bite) approximately 8-10 minutes. Drain and serve. 2 oz (1/3 cup) raw serving yields 1 cup cooked whole wheat orzo.",
    "Legal Disclaimer": "Statements regarding dietary supplements have not been evaluated by the FDA and are not intended to diagnose, treat, cure, or prevent any disease or health condition.Statements regarding dietary supplements have not been evaluated by the FDA and are not intended to diagnose, treat, cure, or prevent any disease or health condition."
  },
  "rating": {
    "score": "4.8 out of 5",
    "dist": {
      "5 star": "85%",
      "4 star": "11%",
      "3 star": "3%",
      "2 star": "1%",
      "1 star": "0%"
    }
  },
  "top_comments": [
    {
      "date": "March 23, 2010",
      "title": "Fantastic!",
      "score": "5.0 out of 5 stars",
      "text": "This Orzo is absolutely great.  This is the first time I have eaten it and it blends beautifully with vegetables.  I love salads and this is the way I used the Orzo.ORZO SALAD1/2 CUP ORZORED AND GREEN PEPPER- amount you wantONION- amount you wantCELERY-amount you wantYELLOW SQUASH-amount you wantBLACK BEANS- DRAINED AND WASHEDWHITE SHOEPEG CORN- DRAINED AND WASHED5 TLBS. RED WINE VINEGAR3 TLBS. OF OLIVE OIL1 PACKET OF SPLENDASALT AND PEPPER TO TASTEBRING ENOUGH WATER TO BOIL THAT WILL COVER THE ORZO ABOUT 1 AND 1/2 INCH OVER THE TOP.  ADD THE ORZO TO THE BOILING WATER AND SALT TO TASTE.  BOIL FOR 8 TO 10 MINUTES-DO NOT OVERCOOK.  CHOP THE VEGGIES AND ADD THE CORN AND BLACK BEANS.  DRAIN THE ORZO, RUN COLD WATER OVER THE PASTA AND ADD TO THE VEGGIES.MIX THE VINEGAR, OLIVE OIL AND ONE PACKET OF SPLENDA TOGETHER- SALT AND PEPPER TO TASTE- DRIZZLE OVER THE VEGGIES AND ORZO-MIX WELL.WILL KEEP WELL 5 TO 6 DAYS IN THE REF.TIP:  YOU CAN SUBSITUTE ANY VEGETABLE YOU PREFER AS PEAS, CAULIFLOWER, BROCCOLI, CARROT, ETC.",
      "helpfulness": "5"
    },
    {
      "date": "August 29, 2021",
      "title": "Great price and quality",
      "score": "5.0 out of 5 stars",
      "text": "I use whole wheat pasta in a lot of recipes. The quality of this pasta is as good, if not better, then any of the others I have tried. Purchasing this brand in the store was more expensive then buying it in the quantity package that this is offered. I also like having it in the plastic container it comes in when having to store it. No to mention that the container is actually great to repurpose for boxed rices, beans, peas, etc..",
      "helpfulness": "4"
    },
    {
      "date": "December 6, 2009",
      "title": "Perfect pasta, healthy choice",
      "score": "5.0 out of 5 stars",
      "text": "This orzo is absolutely delicious, with a firm bite and an astounding 9 g of fiber in every serving (and when it comes to pasta, that's what you should be looking for on the package). This is the healthiest and most delicious choice I've found in whole grain pastas, bar none. The orzo shape is great for cold salads and hot dishes alike -- I really like making a hot caprese-style pasta dish with this stuff. I don't buy anything else ... and you can't beat Amazon's price for the 4-pack, particularly if you select the automatic shipment option (I get a new pack every 3 months).",
      "helpfulness": "13"
    },
    {
      "date": "August 25, 2010",
      "title": "RiceSelect Orzo Whole Wheat Pasta",
      "score": "4.0 out of 5 stars",
      "text": "I've been using the product in dishes that call for white rice or a rice mix.  My daughter liked both of them really well. In the second receipe I didn't have the seasoning quite like it should have been but both recipes I tried were good.  I will work on the seasoning.  I liked the idea of having something that cooked so quickly, was whole wheat, organic, etc.",
      "helpfulness": "0"
    },
    {
      "date": "May 6, 2014",
      "title": "Rice Select Whole Wheat  Orzo  Pasta",
      "score": "5.0 out of 5 stars",
      "text": "This  pasta is so  wonderful. It has a high fiber content and cooks really quickly. It has a great flavor.It  will be great for summer to have as a sald. Apparently, this is also GOM free, as the lid has a non gmo project verified  sticker.I also like this  company\"s whole wheat cous cous..I have also had the whole wheat pearl cous cous which I also like as they mix  rosemary extract  in  it which makes it taste good.",
      "helpfulness": "2"
    },
    {
      "date": "December 14, 2008",
      "title": "Great food",
      "score": "5.0 out of 5 stars",
      "text": "We've been looking all over for a wheat orzo and decided to try this. It has worked very well in all our orzo recipes, hot and cold, save for one that was just OK. It has a stronger flavor than regular pasta made with bleached flour, so it does best in recipes with bolder flavors. Like most wheat pastas, it needs to be boiled for just the shortest amount of time, so that it remains very firm. We haven't overcooked it yet, so I can't say if it will get mealy and mushy like a lot of wheat pastas do. Highly recommended.",
      "helpfulness": "4"
    },
    {
      "date": "November 10, 2009",
      "title": "ECONOMICAL WAY TO BUY A HARD TO FIND PRODUCT",
      "score": "5.0 out of 5 stars",
      "text": "After searching unsuccessfully in many grocery stores for whole wheat orzo, I was delighted to find this product at Amazon.  Although you have to buy a lot, the shelf life is excellent, and the price is quite reasonable.  I prefer the taste and texture to regular orzo, and the health benefit of whole grains is a plus.  Although the directions tell you to boil and drain it like pasta, I cook it like rice.  Simmer 1 cup orzo in 2 cups liquid stirring occassionally until liquid is absorbed and pasta is tender.",
      "helpfulness": "14"
    },
    {
      "date": "July 30, 2020",
      "title": "Great item",
      "score": "5.0 out of 5 stars",
      "text": "This item is great, I add it to many dishes or make for a side by itself. This is the only place that I can find this orzo. It is zero points on Weight Watchers.",
      "helpfulness": "4"
    }
  ]
}