{
  "product_title": "Endangered Species Dark Chocolate Bar with Cacao Nibs (72% cocoa)",
  "byline_info": "Visit the Endangered Species Chocolate Store",
  "product_description": "To create the very best chocolate, we use ingredients that meet strict standards for quality, fair trade and environmental sustainability.Choose an indulgent chocolate experience that supports farmers, habitats and your health. With cocoa contents in the upper range of the cocoa scale, expect a rich, developed flavor and high levels of healthful antioxidants. Endangered Species Chocolate donates ten percent of net profits annually to protect wildlife and habitats. With over 1.3 million donated to date, premium chocolate adds up to big support for at-risk species.",
  "category": [
    "Grocery & Gourmet Food",
    "Snacks & Sweets",
    "Chocolate Candy",
    "Candy & Chocolate Bars"
  ],
  "alt_images": [
    "https://m.media-amazon.com/images/I/416soSHZezL.jpg",
    "https://m.media-amazon.com/images/I/41JmmBMXenL.jpg",
    "https://m.media-amazon.com/images/I/41198U3yWWL.jpg",
    "https://m.media-amazon.com/images/I/31TooMrQ+NL.jpg",
    "https://m.media-amazon.com/images/I/31YlbrtZU9L.jpg",
    "https://m.media-amazon.com/images/I/41g3+tB8JoL.jpg",
    "https://m.media-amazon.com/images/I/51gXEqIEWvL.jpg"
  ],
  "product_detail": {
    "Is Discontinued By Manufacturer": "No",
    "Product Dimensions": "3 x 1 x 6 inches; 2.25 Pounds",
    "Item model number": "4655969",
    "UPC": "778554655969",
    "Manufacturer": "Endangered Species Chocolate",
    "ASIN": "B000EUD4ZO",
    "Units": "12 Count",
    "Best Sellers Rank": "#70,182 in Grocery & Gourmet Food (See Top 100 in Grocery & Gourmet Food) #977 in Candy & Chocolate Bars",
    "#977 in Candy & Chocolate Bars": "",
    "Customer Reviews": "4.4 4.4 out of 5 stars 1,123 ratings"
  },
  "important_information": {
    "Safety Information": "Contains soy. Produced on equipment that also processes product containing milk, peanuts and tree nuts.Contains soy. Produced on equipment that also processes product containing milk, peanuts and tree nuts.",
    "Ingredients": "Bittersweet Chocolate (Chocolate Liquor, Cane Sugar, Cocoa Butter, Soy Lecithin, Vanilla), Cacao Nibs.Bittersweet Chocolate (Chocolate Liquor, Cane Sugar, Cocoa Butter, Soy Lecithin, Vanilla), Cacao Nibs.",
    "Directions": "Store in a cool, dry place. Enjoy slowly to appreciate the rich flavor.Store in a cool, dry place. Enjoy slowly to appreciate the rich flavor.",
    "Legal Disclaimer": "Statements regarding dietary supplements have not been evaluated by the FDA and are not intended to diagnose, treat, cure, or prevent any disease or health condition.Statements regarding dietary supplements have not been evaluated by the FDA and are not intended to diagnose, treat, cure, or prevent any disease or health condition."
  },
  "rating": {
    "score": "4.4 out of 5",
    "dist": {
      "5 star": "75%",
      "4 star": "10%",
      "3 star": "6%",
      "2 star": "2%",
      "1 star": "7%"
    }
  },
  "top_comments": [
    {
      "date": "July 28, 2025",
      "title": "Dark Chocolate",
      "score": "5.0 out of 5 stars",
      "text": "High quality, good-tasting dark chocolate.  The best.  Not much of a coffee flavor.  Not gritty like chocolate covered coffee beans.  Fair trade is important to me.  Pricey and worth it.",
      "helpfulness": "0"
    },
    {
      "date": "January 10, 2025",
      "title": "Excellent chocolate bars",
      "score": "5.0 out of 5 stars",
      "text": "These are my favorite Milk Chocolate bars so far! They're  NOT overly sweet, they are just perfect. It's rich and smooth, and very satisfying. The Milk Chocolate one is my most favorite, and I would absolutely buy it again if it became available on Amazon. The ONLY 2 things I wish they would change: 1. Plaase make it organic 2. Please remove seed oils (seed oils are really bad for you). Other than that, this chocolate is my favorite. I will by as soon as it's available here on Amazon again :)",
      "helpfulness": "3"
    },
    {
      "date": "March 19, 2025",
      "title": "I L♡VE THESE!",
      "score": "5.0 out of 5 stars",
      "text": "Endangered Species Dark Chocolate Bar with Raspberries (72% cocoa)I'm hooked! Excellent quality and taste.",
      "helpfulness": "0"
    },
    {
      "date": "July 17, 2024",
      "title": "Best milk chocolate ever",
      "score": "5.0 out of 5 stars",
      "text": "This is hands-down, my favorite milk chocolate of any brand I’ve tried and that includes Godiva and the expensive varieties!!. My favorite is the milk chocolate salted caramel bar but everywhere I’ve been lately, It’s on clearance and now it doesn’t seem to be available. I hope it is not discontinued. It’s my favorite! Anyway I highly recommend any of their milk chocolate as it is rich chocolate but not so intense as dark , and yet not too sweet like so many others.",
      "helpfulness": "2"
    },
    {
      "date": "November 24, 2015",
      "title": "Delicious!",
      "score": "4.0 out of 5 stars",
      "text": "I'm obsessed with this chocolate!  I'm normally not a dark chocolate person, but in an attempt to be healthy I bought this (it was listed as #2 or 3 as one of the best fat burning dark chocolates, plus it's only 72%, so it's not too intense- just slightly bitter), and it's delicious!  I usually eat three squares a day which equals 84 calories, it takes care of my chocolate cravings without breaking my calorie bank.  The bar, however, is strange - it has three squares going across and five going down - so I'm not sure how you'd necessarily go about eating anything other than multiples of three without it becoming a hassle (or even half the bar, which is a serving size).  Also, they're meant to be refrigerated, which also makes them a tad difficult to break up without using a serrated knife and causing a bit of a mess.  That being said, I would never stray from this chocolate because of that, definitely worth the hassle!",
      "helpfulness": "4"
    },
    {
      "date": "March 13, 2014",
      "title": "Dark Chocolate Chocoholics Rejoice!!",
      "score": "5.0 out of 5 stars",
      "text": "Let me start by saying if you're one of those chocoholics that like the sweet n sugary taste of milk chocolate, this is not for you - unless you want to take a very memorable trip to the Darkside! : )I had the immense pleasure of tasting this chocolate because someone gave me a bar for my birthday.  I shared the coveted birthday bar with my hubby and that was it...he was hooked.  We searched the store it was purchased at time and time again, and although there were other types of this brand of chocolate...the \"Rhino\" spot was always empty on the shelf.  We looked at other stores in our area and still, no luck on the elusive rhino bar...then I decided to look online and WOWZERS, there it was!  My mouth was watering for that semi-sweet,  not too \"dry\" taste with the little flecks of hazelnut just at the sight of it.  I ordered a case of 12 bars for my hubby for Valentine's Day as a surprise for him and he was like a kid in a candy store...(almost literally).It's got a great \"not too dry\" feel on your tongue, and the flavor is phenomenal.  It pairs very nicely with red wines as an after dinner treat or on it's own as you sit down to watch a movie. If you like dark chocolate and aren't allergic to hazelnuts, I'd definitely say this bar is for you.Now that I know I can purchase it at Amazon, the only problem I have is getting hubby to share his Valentine's bounty!!",
      "helpfulness": "3"
    },
    {
      "date": "March 15, 2025",
      "title": "Don't waste your money.",
      "score": "1.0 out of 5 stars",
      "text": "I don't like it. It tastes funny. I don't understand all the great reviews it got, which is why I bought it. If I could have bought just 1 bar to try it, I would have, but I believed all the great reviews and didn't think they all could be wrong, but they are.",
      "helpfulness": "One"
    },
    {
      "date": "December 26, 2024",
      "title": "Delicious",
      "score": "5.0 out of 5 stars",
      "text": "Excellent taste and texture",
      "helpfulness": "One"
    }
  ]
}