{
  "product_title": "Stash Tea - Premium Fusion Red, White & Blueberry Tea - 18 Tea Bags",
  "byline_info": "Visit the Stash Store",
  "product_description": "Front label panel: STASH PREMIUM fusion red white & blueberry tea 18 tea bags net wt. 0.9 ounces (26 grams) Instructions: To savor the full flavor of our teas bring fresh water to a rolling boil. Pour hot water directly over the tea bag in a pre-heated pot or cup. Brew 3-5 minutes or to desired taste. One tea bag makes 8 ounces of hot tea. For iced tea brew double strength. Ingredients: Rooibos white tea hibiscus blueberry powder raspberry leaves blueberry flavor and citric acid. Supplemental Facts: A symphony of flavors combines to make this tea a favorite for those who enjoy a complete blend. Antioxidant-rich rooibos also known as red tea is slightly sweet and full-bodied. The addition of delicate white tea and 100% natural blueberry flavor creates a truly pleasant tea delightful for day-long sipping.",
  "category": [
    "Grocery & Gourmet Food",
    "Beverages",
    "Tea",
    "Tea Samplers"
  ],
  "alt_images": [
    "https://m.media-amazon.com/images/I/51jGEHTAFTL.jpg",
    "https://m.media-amazon.com/images/I/51QTcEMzzoL.jpg",
    "https://m.media-amazon.com/images/I/51t-0yBQMUL.jpg",
    "https://m.media-amazon.com/images/I/5116+VmGi5L.jpg",
    "https://m.media-amazon.com/images/I/51ud3fHkMZL.jpg",
    "https://m.media-amazon.com/images/I/51hvv+-uNeL.jpg",
    "https://m.media-amazon.com/images/I/21Zx6x3eXkL.jpg"
  ],
  "product_detail": {
    "Product Dimensions": "5.2 x 3.2 x 2.8 inches; 3.2 ounces",
    "Item model number": "077652082647",
    "UPC": "077652082647",
    "Manufacturer": "Stash Tea Company",
    "ASIN": "B000BOZ6K4",
    "Units": "1.00 Count",
    "Customer Reviews": "4.6 4.6 out of 5 stars 4 ratings"
  },
  "important_information": {
    "Legal Disclaimer": "Statements regarding dietary supplements have not been evaluated by the FDA and are not intended to diagnose, treat, cure, or prevent any disease or health condition.Statements regarding dietary supplements have not been evaluated by the FDA and are not intended to diagnose, treat, cure, or prevent any disease or health condition."
  },
  "rating": {
    "score": "4.6 out of 5",
    "dist": {
      "5 star": "56%",
      "4 star": "44%",
      "3 star": "0%",
      "2 star": "0%",
      "1 star": "0%"
    }
  },
  "top_comments": [
    {
      "date": "October 15, 2012",
      "title": "Delicious Tea",
      "score": "5.0 out of 5 stars",
      "text": "We serve tea at our coffee bar at church and this tea is all the rage.  I personally am not a fruity tea drinker, but I enjoy this as well.  I just ordered more because, of all the varieties I purchased this one is almost gone already!",
      "helpfulness": "0"
    },
    {
      "date": "March 11, 2015",
      "title": "Blueberry flavored tea with questionable caffeine content",
      "score": "4.0 out of 5 stars",
      "text": "This is a decent tea, with blueberry flavor. It's a good enough tea, but I find that I never drink it because I'm unsure of the caffeine content.",
      "helpfulness": "0"
    },
    {
      "date": "March 25, 2015",
      "title": "Fresh out of the package",
      "score": "5.0 out of 5 stars",
      "text": "Tastes pretty good. Will buy it again.",
      "helpfulness": "0"
    },
    {
      "date": "October 6, 2007",
      "title": "Soft, Subtle Blend",
      "score": "5.0 out of 5 stars",
      "text": "*****Stash's Fusion Red & White Tea has a fragrant bouquet, and an unusual taste that comes from the blend of red tea and white tea. The red tea taste is more dominant, the white tea taste subtle. I have to say that I like the red and white blend more than the red alone. I still probably prefer white tea more, but this blend is lovely, and lower in caffeine (the red tea has no caffeine, the white tea a bit). This tea contains only South African rooibos (another word for red tea) and white tea.The package says that it contains a hint of sweetness, and I'd agree, although the taste is very hard to describe (if you've had red tea before then you understand). The package also says that this tea is full of \"potent antioxidants\", which of course is very healthy.I would highly recommend Stash's Fusion Red & White Tea unless you do not care for rooibos or white tea; otherwise you will enjoy this.Recommended.*****",
      "helpfulness": "3"
    }
  ]
}