{
  "product_title": "Thai Pavilion Sweet & Tangy Citrus Stir-Fry, 7.05-Ounce Boxes (Pack of 6)",
  "byline_info": "Brand: Thai Pavilion",
  "product_description": "All natural. Authentic. Imported. This stir-fry sauce provides a wonderful balance of sweet, hot and tangy citrus flavors imparted by the kaffir lime leaves. The kaffir lime looks like a common lime but with a knobby skin. Its fresh leaves add a wonderfully pungent lemony-lime flavor and are used in many dishes. This sauce is medium hot in spiciness and perfect for seafood, chicken, tofu, beef and pork. Our delicate stir-fry rice noodles are easy to use, and ideal in texture and flavor when prepared in a wok or skillet with stir-fry sauce, vegetables and meat, chicken, or seafood. Enjoy Thai food at home with authentic Thai Pavilion all-natural ingredients. When you serve our dishes, no one will ever guess they were so easy to prepare. Serve 2-4 in only 10-15 minutes. Product of Thailand.",
  "category": [
    "Grocery & Gourmet Food",
    "Pantry Staples",
    "Canned, Jarred & Packaged Foods",
    "Packaged Meals & Side Dishes",
    "Pasta & Noodle Dishes",
    "Noodle"
  ],
  "alt_images": [
    "https://m.media-amazon.com/images/I/61CTCZdKARL.jpg",
    "https://m.media-amazon.com/images/I/41RSL3HMKSL.jpg",
    "https://m.media-amazon.com/images/I/51gEHhtx7qL.jpg",
    "https://m.media-amazon.com/images/I/41Zrt7p1HiL.jpg",
    "https://m.media-amazon.com/images/I/41Qd-ZpR86L.jpg",
    "https://m.media-amazon.com/images/I/41PzvtwLqML.jpg",
    "https://m.media-amazon.com/images/I/51hBESV2eRL.jpg"
  ],
  "product_detail": {
    "Package Dimensions": "10.7 x 7.2 x 5.7 inches; 4 Pounds",
    "Item model number": "82152",
    "UPC": "734492821521",
    "Manufacturer": "Thai Pavilion",
    "ASIN": "B000FAMUVM",
    "Units": "42.3 Ounce",
    "Customer Reviews": "4.8 4.8 out of 5 stars 11 ratings"
  },
  "important_information": {
    "Safety Information": "Manufactured in a facility that uses peanuts.Manufactured in a facility that uses peanuts.",
    "Ingredients": "Stir-fry Rice Noodle IngredientsStir-fry Rice Noodle Ingredients",
    "Directions": "Suggested Ingredients: 8 large, peeled and deveined shrimp (approx. 1/4 lb); 8 medium, cleaned scallops (approx. 1/4 lb); 3/4 cup snow peas; 3/4 cup julienne or thinly sliced carrots (or canned baby corn); 3/4 cup sliced shiitake mushrooms (or mushroom of your choice); 1 tbs vegetable oil. Variations: Substitute shrimp and scallops with 1/2 lb of thinly sliced chicken, beef, pork or cubed, firm tofu. 1. In a medium saucepan, boil 3 cups of water. 2. Turn off heat and soak noodles for 3 minutes until soft (do not over-soak). 3. Rinse in cold water in a strainer, drain and set aside. 4. Heat 1 tablespoon of vegetable oil in a large wok, skillet or frying pan on High heat. 5. Add shrimp and scallops and stir until opaque (approx. 2 minutes). 6. Add entire contents of the sauce pouch and stir until shrimp and scallops are coated. 7. Add all vegetables and stir for 1 minute. 8. Add noodles and briskly stir until ingredient are well combined and the shrimp and scallops are cooked. Serve immediately.Suggested Ingredients: 8 large, peeled and deveined shrimp (approx. 1/4 lb); 8 medium, cleaned scallops (approx. 1/4 lb); 3/4 cup snow peas; 3/4 cup julienne or thinly sliced carrots (or canned baby corn); 3/4 cup sliced shiitake mushrooms (or mushroom of your choice); 1 tbs vegetable oil. Variations: Substitute shrimp and scallops with 1/2 lb of thinly sliced chicken, beef, pork or cubed, firm tofu. 1. In a medium saucepan, boil 3 cups of water. 2. Turn off heat and soak noodles for 3 minutes until soft (do not over-soak). 3. Rinse in cold water in a strainer, drain and set aside. 4. Heat 1 tablespoon of vegetable oil in a large wok, skillet or frying pan on High heat. 5. Add shrimp and scallops and stir until opaque (approx. 2 minutes). 6. Add entire contents of the sauce pouch and stir until shrimp and scallops are coated. 7. Add all vegetables and stir for 1 minute. 8. Add noodles and briskly stir until ingredient are well combined and the shrimp and scallops are cooked. Serve immediately.",
    "Legal Disclaimer": "Statements regarding dietary supplements have not been evaluated by the FDA and are not intended to diagnose, treat, cure, or prevent any disease or health condition.Statements regarding dietary supplements have not been evaluated by the FDA and are not intended to diagnose, treat, cure, or prevent any disease or health condition."
  },
  "rating": {
    "score": "4.8 out of 5",
    "dist": {
      "5 star": "76%",
      "4 star": "24%",
      "3 star": "0%",
      "2 star": "0%",
      "1 star": "0%"
    }
  },
  "top_comments": [
    {
      "date": "August 23, 2010",
      "title": "Good with shrimp or chicken ...",
      "score": "5.0 out of 5 stars",
      "text": "This is a very easy, tasty meal for two.  It has a significant amount of \"heat,\" so if you don't like \"spicy,\" you probably want to skip this.  For me, it was just about perfect.It comes with rice noodles and stir-fry sauce.  You add your own veggies and meat.  My favorite combination is shrimp, carrots, red bell pepper, and either snow peas or just some frozen green peas (OK, I KNOW that's not \"authentically\" Asian, but it tastes good ... ).  You soak the noodles for 3 minutes in hot water, stir fry the protein (shrimp, chicken, whatever) in the sauce for a minute or two, add the veggies and stir for another minute or two, then mix in the softened noodles.  Divide onto two plates, and you're ready to eat.This isn't too salty -- some Asian sauces taste like soy sauce with a hint of other flavorings, but not this one.  It's full of citrus flavor (mostly orange), slightly sweet, with that punch of heat.Will buy again!",
      "helpfulness": "One"
    },
    {
      "date": "June 13, 2007",
      "title": "Good product....",
      "score": "4.0 out of 5 stars",
      "text": "These noodles are tasty, my family and I like them. I add sauteed vegetables and tofu for a full meal. The taste is spicy but we like it that way. The citrus flavor is better than the peanut which is too bland I think. I'll reorder it when we are out...",
      "helpfulness": "One"
    },
    {
      "date": "July 14, 2013",
      "title": "Hard to find in-store, get it online before it's gone!",
      "score": "5.0 out of 5 stars",
      "text": "I originally found this product at the Publix supermarket in Tallahassee, Florida, and absolutely love it.  It is not available anywhere in-store in Washington state, so I purchased it online.  It comes as a six-pack, but it is worth it.  The sauce packet is actually quite generous, and kinda thick too, so you'll want to throw in chicken, shrimp, vegetables, whatever.  Or, if you're like me, and tend to do things one-at-a-time, you can use just half the packet, save the rest for something else, and still have a great noodle-only dish.  With just noodles, I still throw in chopped green onion and cilantro, but save those for the tail end so that you still get the flavor of those delicacies.",
      "helpfulness": "0"
    },
    {
      "date": "September 8, 2012",
      "title": "Thai noodles",
      "score": "4.0 out of 5 stars",
      "text": "They taste almost as good as a restaurant and I am going to order again but the Pad Thai to me was the best",
      "helpfulness": "0"
    },
    {
      "date": "April 6, 2013",
      "title": "Great Thai food, easy to make",
      "score": "5.0 out of 5 stars",
      "text": "The base mix is wonderful by itself, but it's easy to mix and match ingredients to make easy, flavorful meals.  I'm currently in my pepper and onion stage: brown some chicken breasts, green/red peppers and mushrooms, and add to the Sweet and Tangy Citrus Stir-Fry.  Add a few hot chiles if you want to punch it up a bit.",
      "helpfulness": "0"
    },
    {
      "date": "November 6, 2006",
      "title": "Tasty",
      "score": "4.0 out of 5 stars",
      "text": "This product is of good quality.  The sauce is thick and somewhat spicy.  I made it with pre-cooked shrimp for a quick meal.  It would be equally good with tofu or chicken.  It is just 2 servings at best but you can always add more noodles of your own.",
      "helpfulness": "7"
    },
    {
      "date": "January 25, 2014",
      "title": "Love it",
      "score": "5.0 out of 5 stars",
      "text": "Thai Pavilion is very delicious!!!  I add it to a mixture of stir fried vegetables and shrimp or chicken for a fast one-pot meal which never fails to please.",
      "helpfulness": "0"
    },
    {
      "date": "April 19, 2011",
      "title": "This was a celiacs dream. Delish!!!",
      "score": "5.0 out of 5 stars",
      "text": "For us who are Gluten free, finding good dishes without having to go totally from scratch is a bit of a challenge.  I found these on sale and bought it to try. Wow was I impressed!! Not sure what smell the other reviewer was talking about, it smells great and is perfect in it's spicyness.  I will definately be making this again.By the way, I added water chestnuts for crunch and it was a nice add in. I did'nt at shallots or mushrooms. I used a rotisserie chicken and carrots.",
      "helpfulness": "0"
    }
  ]
}