{
  "product_title": "Chef Paul Blackened Redfish Magic Seasoning Blends | Cajun-Style Spices & Seasonings | Gluten-Free, No MSG, Bold Flavor | Perfect for Grilling, Cooking & BBQ | 24 oz/ 680g Canister (Pack of 1)",
  "byline_info": "Visit the Magic Seasoning Blends Store",
  "product_description": "Crafted by Chef Paul Prudhomme, Magic Seasoning Blends Blackened Redfish Magic delivers bold, smoky Louisiana flavors. This blackening seasoning is a blend of salt, paprika, garlic, onion, and spices, perfect for seafood, chicken, and meats. Free from MSG, preservatives, and gluten, it creates a rich crust for grilling, pan-searing, or seasoning BBQ, soups, and tacos. Packed in a 24 oz (680g) resealable container, it’s a must-have for home cooks and grill masters.Chef Paul Blackened Redfish Magic Seasoning FeaturesCrafted by renowned Chef Paul Prudhomme, known for authentic Louisiana cuisine.Versatile seasoning suitable for seafood, meats, vegetables, soups, and sauces.Free from MSG, gluten, and preservatives, catering to health-conscious consumers.Kosher and Halal certified, meeting diverse dietary needs.Adds bold, rich, and smoky flavors perfect for blackened cooking techniques.Enhances dishes with minimal effort, ideal for quick and easy meals.Suitable for grilling, roasting, sautéing, and baking.Delivers restaurant-quality flavors at home.Encourages creativity in the kitchen with a flexible flavor profile.Long shelf life, making it a convenient pantry staple.Who are we: Founded by Chef Paul Prudhomme, Magic Seasoning Blends brings the bold, authentic flavors of Louisiana cuisine to kitchens worldwide. Known for its expertly crafted Cajun and Creole seasonings, the brand uses high-quality ingredients with no MSG or preservatives. Whether you're grilling, roasting, or pan-searing, Magic Seasoning Blends makes it easy to create rich, flavorful dishes with every meal.",
  "category": [
    "Grocery & Gourmet Food",
    "Pantry Staples",
    "Herbs, Spices & Seasonings",
    "Mixed Spices & Seasonings",
    "Seafood Seasoning"
  ],
  "alt_images": [
    "https://m.media-amazon.com/images/I/41TFTwWSbmL.jpg",
    "https://m.media-amazon.com/images/I/51SSn4yov0L.jpg",
    "https://m.media-amazon.com/images/I/41ux3-+2LdL.jpg",
    "https://m.media-amazon.com/images/I/51iszEsODwL.jpg",
    "https://m.media-amazon.com/images/I/412J9AdOCXL.jpg",
    "https://m.media-amazon.com/images/I/51yio9iCSBL.jpg",
    "https://m.media-amazon.com/images/I/51rBopzQ5kL.jpg"
  ],
  "product_detail": {
    "Is Discontinued By Manufacturer": "No",
    "Product Dimensions": "4.13 x 4.09 x 6.06 inches; 1.5 Pounds",
    "Item model number": "TS0417-A700ML-M418",
    "UPC": "767563411116 047997123091 047997423092",
    "Manufacturer": "Magic Seasoning Blends",
    "ASIN": "B005KRON6A",
    "Units": "1.00 Count",
    "Best Sellers Rank": "#7,415 in Grocery & Gourmet Food (See Top 100 in Grocery & Gourmet Food) #9 in Seafood Seasonings",
    "#9 in Seafood Seasonings": "",
    "Customer Reviews": "4.8 4.8 out of 5 stars 7,389 ratings"
  },
  "important_information": {
    "Ingredients": "Salt, spices, paprika, garlic, onion, tri-calcium phosphate (Anti-caking agent)Salt, spices, paprika, garlic, onion, tri-calcium phosphate (Anti-caking agent)",
    "Legal Disclaimer": "Statements regarding dietary supplements have not been evaluated by the FDA and are not intended to diagnose, treat, cure, or prevent any disease or health condition.Statements regarding dietary supplements have not been evaluated by the FDA and are not intended to diagnose, treat, cure, or prevent any disease or health condition."
  },
  "rating": {
    "score": "4.8 out of 5",
    "dist": {
      "5 star": "90%",
      "4 star": "7%",
      "3 star": "2%",
      "2 star": "0%",
      "1 star": "1%"
    }
  },
  "top_comments": [
    {
      "date": "July 26, 2025",
      "title": "i would buy it again",
      "score": "5.0 out of 5 stars",
      "text": "Chef Paul’s Blackened Redfish Magic is hands down one of the best Cajun seasonings I’ve ever used. It adds rich, smoky, perfectly balanced flavor to everything from fish and shrimp to chicken, papas, and even pasta. The blend has just the right amount of heat without overpowering the dish. I also appreciate that it’s gluten-free and contains no MSG. The 24 oz canister is generous and lasts a long time. If you enjoy bold, authentic Southern flavor",
      "helpfulness": "0"
    },
    {
      "date": "August 11, 2025",
      "title": "Very tasty on steaks",
      "score": "5.0 out of 5 stars",
      "text": "Found this spice mix years ago and absolutely loved it on beef especially steaks….the stores didn’t sell it anymore so you move on and try others… so I was disappointed with the seasonings I was using and remembered steak magic checked Amazon and there it was 🤗…a very unique flavor experience…..try it this spice mix is amazing",
      "helpfulness": "0"
    },
    {
      "date": "August 14, 2025",
      "title": "Good Seasoning",
      "score": "5.0 out of 5 stars",
      "text": "Very good , my husband used this at one of his old jobs and I remember the food he made with that seasoning! I'm just glad we got it 😍 . Large Amount As Well 😊",
      "helpfulness": "0"
    },
    {
      "date": "September 2, 2025",
      "title": "Love the magic!",
      "score": "5.0 out of 5 stars",
      "text": "I was first introduced to this on a girls trip to Charleston, SC.  We all went out for breakfast and I ordered a side dish of  hash browns and loved the taste of them.  So I bee lined to where the cooks were and asked them what spices they used to make the hash browns taste so good.  They brought our this tub of seasoning and showed me.  I have been hooked ever since.",
      "helpfulness": "0"
    },
    {
      "date": "January 14, 2025",
      "title": "Love this seasoning!",
      "score": "5.0 out of 5 stars",
      "text": "Could not be more thrilled with this purchase.  I’ve been using this blackened steak magic for years on chicken, haven’t been able to find it in any grocery store.  Found this giant can of it on Amazon for a fraction of the cost, I usually pay about $5.50 for 1.8 oz.  I was worried that what I was buying might be expired but it’s got an expiration date after 2027!  I will split it up with my two kids.  This is really the only blackened spice to get, I’ve tried a lot and they all fail.",
      "helpfulness": "One"
    },
    {
      "date": "August 25, 2025",
      "title": "You will be hooked",
      "score": "5.0 out of 5 stars",
      "text": "Fresh order just like I purchased it at a grocery store. Talking about great flavor 10 out of 10",
      "helpfulness": "One"
    },
    {
      "date": "August 7, 2025",
      "title": "Simply the best",
      "score": "5.0 out of 5 stars",
      "text": "This seasoning is fantastic if you like a Cajun feel to fish and chicken. I have used it for years, but my local grocery store never had it in stock. It is excellent on salmon. Give it a try and it won’t disappoint.",
      "helpfulness": "One"
    },
    {
      "date": "August 20, 2025",
      "title": "Love love but high salt",
      "score": "4.0 out of 5 stars",
      "text": "Delish with pan fried butter and cod. Gave a star off for so much salt added but I’m a salter and no high blood pressure. Will look for low salt in this spice going forward",
      "helpfulness": "0"
    }
  ]
}