{
  "product_title": "Hard Ouzo Candy, 300g by Krinos",
  "byline_info": "Brand: Krinos",
  "product_description": "Krinos Ouzo Hard Candy, a beloved Greek treat, captures the essence of traditional Ouzo liqueur in delightful, globe-shaped, clear drops. Each bite-sized piece bursts with tangy black licorice flavor, balanced with just the right sweetness. Enjoy them as a refreshing pick-me-up or a palate cleanser after meals. Individually wrapped, they're perfect for parties and gifts. Keep them handy and store in a cool, dry place once you've tasted their unique flavor.",
  "category": [
    "Grocery & Gourmet Food",
    "Snacks & Sweets",
    "Candy & Chocolate",
    "Hard Candy"
  ],
  "alt_images": [
    "https://m.media-amazon.com/images/I/21VRayJo-hL.jpg"
  ],
  "product_detail": {
    "Package Dimensions": "11.6 x 7.3 x 7.1 inches; 4.35 Pounds",
    "UPC": "075013260512",
    "Manufacturer": "Krinos",
    "ASIN": "B000BTDL88",
    "Units": "6 Count",
    "Customer Reviews": "4.3 4.3 out of 5 stars 13 ratings"
  },
  "important_information": {
    "Ingredients": "Sugar, Ouzo FlavorSugar, Ouzo Flavor",
    "Directions": "Consume individually. Suitable for all ages. Be mindful of the small size to avoid choking.Consume individually. Suitable for all ages. Be mindful of the small size to avoid choking.",
    "Legal Disclaimer": "Statements regarding dietary supplements have not been evaluated by the FDA and are not intended to diagnose, treat, cure, or prevent any disease or health condition.Statements regarding dietary supplements have not been evaluated by the FDA and are not intended to diagnose, treat, cure, or prevent any disease or health condition."
  },
  "rating": {
    "score": "4.3 out of 5",
    "dist": {
      "5 star": "34%",
      "4 star": "66%",
      "3 star": "0%",
      "2 star": "0%",
      "1 star": "0%"
    }
  },
  "top_comments": [
    {
      "date": "December 23, 2011",
      "title": "Very tasty",
      "score": "5.0 out of 5 stars",
      "text": "For fans of black licorice and Ouzo/Oghi, this candy is for you. Very natural tasting and a nice and interesting change from the usual mint. My grandmother got a pack and quickly needed me to buy 6 more, as we haven't been able to find a store that carries it in town",
      "helpfulness": "0"
    },
    {
      "date": "December 29, 2012",
      "title": "Yummy",
      "score": "5.0 out of 5 stars",
      "text": "Tasted these at a restaurant where we had dinner.  I love the licorice flavor so I went online to see if I could purchase this candy.  The service was outstanding I received my order faster than you can imagine.",
      "helpfulness": "0"
    },
    {
      "date": "May 7, 2014",
      "title": "Great candies",
      "score": "5.0 out of 5 stars",
      "text": "Ouzo flavored candies that I first tasted in a  restaurant in Canada. Loved them immediately, could;t find them anywhere else but here on amazon.  If you like the taste of ouzo you'll love these.",
      "helpfulness": "0"
    },
    {
      "date": "March 20, 2017",
      "title": "6 pack is the best value",
      "score": "5.0 out of 5 stars",
      "text": "Good product. Strong black licorice flavor from the ouzo.",
      "helpfulness": "0"
    },
    {
      "date": "July 2, 2017",
      "title": "Great candies.",
      "score": "5.0 out of 5 stars",
      "text": "Great Candies. I give them away as gifts. Recommended.",
      "helpfulness": "0"
    },
    {
      "date": "September 26, 2010",
      "title": "Greek Candy",
      "score": "5.0 out of 5 stars",
      "text": "I like this candy very much and purchase it on a regular basis to keep in the candy dish on my desk.  It is well like by everyone.  Some people return to my office for a \"visit\" just to take a few.  Thank you.",
      "helpfulness": "0"
    },
    {
      "date": "March 20, 2015",
      "title": "Very Satisfied",
      "score": "5.0 out of 5 stars",
      "text": "Really good.",
      "helpfulness": "0"
    },
    {
      "date": "October 1, 2014",
      "title": "Delicious!",
      "score": "5.0 out of 5 stars",
      "text": "Loved the Ouzo flavored Krinos candy.  I will order more again.",
      "helpfulness": "0"
    }
  ]
}