{
  "product_title": "Jell-O Cook & Serve Pudding & Pie Filling, Butterscotch, 3.5-Ounce Boxes (Pack of 24)",
  "byline_info": "Brand: Jell-O",
  "product_description": "About the Brand   In 1897, Pearl Wait adapted an 1845 patent for a gelatin dessert, and his wife, May Davis Wait, named the new product Jell-O brand gelatin. Decades later, in 1899, Orator Francis Woodward bought the rights to Jell-O brand gelatin from Mr. Wait for $450. Three years later, Woodward launched the advertising campaign, \"America's most favorite Dessert\" for Jell-O. Today, Jell-O, which now includes pudding and other desserts, is a member of the Kraft family of brands. About Kraft Kraft has come a long way since 29-year-old James L. Kraft moved from Ontario, canada, to Chicago and started selling cheese to grocers from a horse-drawn wagon. In fact, the story dates back further, since for more than 200 years, many companies have united to make Kraft Foods what it is today. It started before the Revolution--in Dorchester, Massachusetts--when, in 1765, a local physician, Dr. James Baker, went into partnership with a young Irish chocolate-maker, John Hannon. It was America's first chocolate mill, where, in 1780, they made a blend of quality chocolate called Baker's chocolate. Baker's chocolate was the first of a long list of companies that have joined Kraft Foods, Inc., in making good food for busy families.  In 1988, Kraft became part of Philip Morris Companies Inc., and a year later Philip Morris Companies combined Kraft and General Foods Corp. to form Kraft General Foods, the largest food company in the U.S. Some of the most popular and well-known brands in the Kraft family include Maxwell House, Yuban, Oscar Mayer, Breakstone, Grape-Nuts, Jell-O, Post, Minute Rice, Cheez Whiz, Cracker Barrell, Tang, Cool Whip, Shake 'N Bake, Stove Top, General Foods International Coffees, and many, many more.   From the Manufacturer   Creamy, cool, and satisfying, it's no wonder Jell-O Pudding has been an American family favorite for more than 63 years. Jell-O Butterscotch Bake and Serve Pudding and Pie Filling is not only delicious but also high in calcium. Everyone loves the flavor of this creamy pudding. In fact, 64 percent of moms say Jell-O Pudding is a favorite snack for kids. When you could go for something rich, smooth, and delicious, turn to Jell-O Butterscotch Bake and Serve Pudding and Pie Filling.",
  "category": [
    "Grocery & Gourmet Food",
    "Pantry Staples",
    "Cooking & Baking",
    "Pudding & Gelatin",
    "Pudding Mixes"
  ],
  "alt_images": [
    "https://m.media-amazon.com/images/I/51RHe-XwFsL.jpg",
    "https://m.media-amazon.com/images/I/41qU4jSRjXL.jpg",
    "https://m.media-amazon.com/images/I/31h4trVBOGL.jpg",
    "https://m.media-amazon.com/images/I/41nQct-MOcL.jpg",
    "https://m.media-amazon.com/images/I/41AHm6YefCL.jpg",
    "https://m.media-amazon.com/images/I/51LvCW0z-uL.jpg",
    "https://m.media-amazon.com/images/I/51zhh-GK4EL.jpg"
  ],
  "product_detail": {
    "Is Discontinued By Manufacturer": "No",
    "Product Dimensions": "4.72 x 2.76 x 1.06 inches; 6.35 Pounds",
    "Item model number": "10043000206536",
    "Manufacturer": "Sun Maid",
    "ASIN": "B000E1BLOY",
    "Units": "84 Ounce",
    "Best Sellers Rank": "#504,088 in Grocery & Gourmet Food (See Top 100 in Grocery & Gourmet Food) #815 in Pudding Mixes",
    "#815 in Pudding Mixes": "",
    "Customer Reviews": "4.6 4.6 out of 5 stars 69 ratings"
  },
  "important_information": {
    "Safety Information": "The product is labelled to United States standards and may differ from similar products sold elsewhere in its ingredients, labeling and allergen warningsThe product is labelled to United States standards and may differ from similar products sold elsewhere in its ingredients, labeling and allergen warnings",
    "Ingredients": "SUGAR, DEXTROSE, CORNSTARCH, MODIFIED CORNSTARCH, CONTAINS LESS THAN 2% OF NATURAL AND ARTIFICIAL FLAVOR, SALT, POLYSORBATE 60, CALCIUM CARRAGEENAN, YELLOW 5, RED 40, BLUE 1.SUGAR, DEXTROSE, CORNSTARCH, MODIFIED CORNSTARCH, CONTAINS LESS THAN 2% OF NATURAL AND ARTIFICIAL FLAVOR, SALT, POLYSORBATE 60, CALCIUM CARRAGEENAN, YELLOW 5, RED 40, BLUE 1.",
    "Directions": "You will need 2 cups of milk. Stir mix into milk in medium saucepan. Bring to boil on medium heat, stirring constantly. Serve warm or chilled. Pudding thickens as it cools. Makes 4 (1/2-cup) servings.You will need 2 cups of milk. Stir mix into milk in medium saucepan. Bring to boil on medium heat, stirring constantly. Serve warm or chilled. Pudding thickens as it cools. Makes 4 (1/2-cup) servings.",
    "Legal Disclaimer": "Statements regarding dietary supplements have not been evaluated by the FDA and are not intended to diagnose, treat, cure, or prevent any disease or health condition.Statements regarding dietary supplements have not been evaluated by the FDA and are not intended to diagnose, treat, cure, or prevent any disease or health condition."
  },
  "rating": {
    "score": "4.6 out of 5",
    "dist": {
      "5 star": "89%",
      "4 star": "3%",
      "3 star": "0%",
      "2 star": "0%",
      "1 star": "8%"
    }
  },
  "top_comments": [
    {
      "date": "January 4, 2021",
      "title": "Exactly  what I expected",
      "score": "5.0 out of 5 stars",
      "text": "Cook and Serve butterscotch pudding has been a favorite of mine since childhood. The texture is thicker than the instant kind, and the flavor is so good. For some reason, butterscotch pudding mix has been impossible to get from local grocery stores this past year. This is one of my favorite quick and easy comfort foods, and I have been missing it. I wouldn’t usually buy this much pudding at once, but I figured it is shelf stable and I’d use it eventually. Price was actually a few cents cheaper per box than what one of my local grocery stores charges. The expiration date is a year out, so plenty of time to use these up. It is packaged in a convenient, slim box like what would be used on a store shelf, which is also handy at home to use to keep the pudding stored neatly without taking any more space than needed. If you need pudding mix and don’t mind buying in bulk, this will be a good purchase.",
      "helpfulness": "0"
    },
    {
      "date": "September 12, 2009",
      "title": "Butterscotch pudding",
      "score": "5.0 out of 5 stars",
      "text": "I grew up with puddings that you had to cook.  \"Instant\" had not been invented, yet.  My husband knows I love butterscotch pudding, but could only find the instant kind.  I looked online and found the \"cookable\" kind, so ordered it. It is not a big deal to cook it. By doing so, that \"instant\" taste that comes with uncooked is not there. I think that it would have been even better had I used whole milk, but being \"seniors\" who need to watch the calories, this is as good as it gets(I used fat free milk). Buying 24 boxes at a time is not a problem - it comes in a \"display\" box, which is good for storage.",
      "helpfulness": "2"
    },
    {
      "date": "January 22, 2011",
      "title": "Yummy Pudding",
      "score": "5.0 out of 5 stars",
      "text": "What can I say except this is the best comfort food ever - the texture is awesome.  I love to eat it warm when the skin forms on top. My mom used to make this for me when I was little and when I couldn't find it at the stores I went online and was very happy to find it again. The instant puddings just do not do it for me. I make it with almond milk since I cannot tolerate dairy anymore and it still is MMMMMM-GOOD. (However,if you can tolerate dairy use milk because it does taste better). Online the minimum order is a whole case and that is ok by me!",
      "helpfulness": "2"
    },
    {
      "date": "January 23, 2010",
      "title": "Thirty Years Without Butterscotch",
      "score": "5.0 out of 5 stars",
      "text": "I was so happy to find the cook and serve butterscotch here on Amazon. I wish they had it in the large size. Each pack uses only 2 cups of milk versus 3 cups for the chocolate or vanilla. It has been a good 30 years since I had the butterscotch pudding. I thought they quit making it as I have never seen it at any of the places I shop. Well, I got a case and it is now nearly finished. Tastes just like it used to. Also got a case of the chocolate but it is not as popular with my bunch. Rock on Amazon!",
      "helpfulness": "2"
    },
    {
      "date": "March 12, 2014",
      "title": "Old Fashioned Butterscotch Pudding",
      "score": "5.0 out of 5 stars",
      "text": "I don't know why this is not in any stores I've checked. It is the same yummy product as its chocolate and vanilla counterparts. I had to buy a small case of it, and now we have enough to last a while. By the way I've never liked the \"instant\" version of these puddings. It's well worth the extra minutes of standing and stirring at the stove. It's a delicious treat that reminds me of childhood desserts.",
      "helpfulness": "One"
    },
    {
      "date": "November 14, 2021",
      "title": "Expires Dec 2021",
      "score": "1.0 out of 5 stars",
      "text": "A waste of money for a product that expires in under 3 weeks. I should know better. I was ordering to send up to my family in Canada who have a problem finding this at the grocery store.",
      "helpfulness": "0"
    },
    {
      "date": "January 14, 2013",
      "title": "Butterscotch rules!",
      "score": "5.0 out of 5 stars",
      "text": "I love Jello Cook & Serve pudding.  I love the vanilla, chocolate, chocolate fudge and most of all, the butterscotch.  Why don't they make it the 4.6 oz box like the others?  It's a total mystery to me.  I don't know how anyone eats instant pudding.  I understand the convenience when you have children, but the memories created by the Cook & Serve version in my family, seem so much more valuable.  Enjoy!",
      "helpfulness": "0"
    },
    {
      "date": "December 2, 2013",
      "title": "Difficult to impossible to find in stores.",
      "score": "5.0 out of 5 stars",
      "text": "This is a critical ingredient in Monkey Bread.  Monkey Bread is a critical ingredient in the pursuit of happiness, ergo, I need to have this available in my pantry at all times.  Rather than drive around from store to store, I figured I'd just buy a case.  This way, if the rumor I heard about it being discontinued, I'm good for a couple dozen fixes!",
      "helpfulness": "0"
    }
  ]
}