{
  "product_title": "Fiore di Sale – Flower Salt Gucciardo – Trapani, Sicily - 7 oz",
  "byline_info": "Visit the Gustiamo Store",
  "product_description": "",
  "category": [
    "Grocery & Gourmet Food",
    "Pantry Staples",
    "Herbs, Spices & Seasonings",
    "Salt & Salt Substitutes",
    "Salt",
    "Sea Salt"
  ],
  "alt_images": [
    "https://m.media-amazon.com/images/I/51YwSJsLMVL.jpg",
    "https://m.media-amazon.com/images/I/31kg5j17sVL.jpg",
    "https://m.media-amazon.com/images/I/414DK0SaPRS.jpg",
    "https://m.media-amazon.com/images/I/41GKzBZ0NyS.jpg",
    "https://m.media-amazon.com/images/I/51KErkh91iS.jpg",
    "https://m.media-amazon.com/images/I/51RpvIJx8BL.jpg"
  ],
  "product_detail": {
    "Is Discontinued By Manufacturer": "No",
    "Item Weight": "7 ounces",
    "Manufacturer": "Vincenzo Gucciardo",
    "ASIN": "B00080VUWE",
    "Units": "7 Ounce",
    "Best Sellers Rank": "#134,613 in Grocery & Gourmet Food (See Top 100 in Grocery & Gourmet Food) #888 in Sea Salts",
    "#888 in Sea Salts": "",
    "Customer Reviews": "5.0 5.0 out of 5 stars 17 ratings"
  },
  "important_information": {
    "Ingredients": "Sea SaltSea Salt",
    "Directions": "Sprinkle sparingly on roasted potatoes, salads, grilled meat or fish, and fresh sliced tomatoes to enhance flavors. Use a small quantity to salt dishes.Sprinkle sparingly on roasted potatoes, salads, grilled meat or fish, and fresh sliced tomatoes to enhance flavors. Use a small quantity to salt dishes.",
    "Legal Disclaimer": "Statements regarding dietary supplements have not been evaluated by the FDA and are not intended to diagnose, treat, cure, or prevent any disease or health condition.Statements regarding dietary supplements have not been evaluated by the FDA and are not intended to diagnose, treat, cure, or prevent any disease or health condition."
  },
  "rating": {
    "score": "5 out of 5",
    "dist": {
      "5 star": "100%",
      "4 star": "0%",
      "3 star": "0%",
      "2 star": "0%",
      "1 star": "0%"
    }
  },
  "top_comments": [
    {
      "date": "July 10, 2025",
      "title": "A Taste of Sicily",
      "score": "5.0 out of 5 stars",
      "text": "My very favorite salt which I discovered on a trip to Sicily -- so happy to find this wonderful and helpful resource in Gustiamo. I highly recommend them.",
      "helpfulness": "0"
    },
    {
      "date": "March 15, 2025",
      "title": "Best Sea Salt",
      "score": "5.0 out of 5 stars",
      "text": "Best Sea salt of Italy. We use it here at Uva wine Bar NYC.",
      "helpfulness": "0"
    },
    {
      "date": "July 26, 2024",
      "title": "Real trapanese salt--so good!",
      "score": "5.0 out of 5 stars",
      "text": "Salt from Trapani has a special flavor.  It's like having the sea in your taste buds, and history, too.  I was happy to find this salt.  I was also very glad to read the seller's note about how they want to pay their sources a decent price for their labor.  I'm also pleased to know that the sellers genuinely care about Sicilian food culture and history.  This is an amazing salt, from its flavor to the values surrounding it.  Is it a little pricey?  Yes, it is.  But it is entirely worth it.  And...you use less because the flavor is so pure and true.  I'm glad I found this salt and will certainly purchase again.  Grazie, Gustiamo!",
      "helpfulness": "2"
    },
    {
      "date": "December 20, 2024",
      "title": "Excellent",
      "score": "5.0 out of 5 stars",
      "text": "Received it as a gift. Was so excited to find it on Amazon.  The flavor is amazing",
      "helpfulness": "0"
    },
    {
      "date": "July 16, 2024",
      "title": "Best Salt",
      "score": "5.0 out of 5 stars",
      "text": "I got this salt two years ago in a gift basket and I would rarely use it because I didn’t think they sold it anywhere  and I was so happy to find it on Amazon! Literally the realest tasting salt ever.",
      "helpfulness": "One"
    },
    {
      "date": "February 15, 2024",
      "title": "Wonderful authentic fiore di sale from Trapani ♥️",
      "score": "5.0 out of 5 stars",
      "text": "Wonderful authentic fiore di sale from Trapani ♥️ Grazie mille",
      "helpfulness": "0"
    },
    {
      "date": "January 9, 2023",
      "title": "best tasting salt ever!",
      "score": "5.0 out of 5 stars",
      "text": "My daughter gifted us a bottle of this amazing salt a year ago and I was so excited that I could find it again. hands down this is truly the best!",
      "helpfulness": "One"
    },
    {
      "date": "April 2, 2014",
      "title": "Great",
      "score": "5.0 out of 5 stars",
      "text": "This is one of seven finishing salts we have. We have used this salt on steaks and grilled vegies and find it raises the pleasure of these foods. What a treat these salts are.",
      "helpfulness": "One"
    }
  ]
}