{
  "product_title": "Davidson's Organics, Meyer Lemon, 25-count Tea Bags, Pack of 6",
  "byline_info": "Visit the Davidson's Store",
  "product_description": "Meyer Lemon combines organic dried honey crystals with lemongrass and an all-herbal base of chamomile and South African rooibos. Davidson's Meyer Lemon is a sweet, fruity blend with a lemon finish.",
  "category": [
    "Grocery & Gourmet Food",
    "Beverages",
    "Tea",
    "Fruit & Herbal Tea",
    "Herbal"
  ],
  "alt_images": [
    "https://m.media-amazon.com/images/I/512B7S1p3kL.jpg",
    "https://m.media-amazon.com/images/I/51BtclCVzqL.jpg",
    "https://m.media-amazon.com/images/I/51g1srfmeiL.jpg",
    "https://m.media-amazon.com/images/I/81Y1jfC1sjL.jpg"
  ],
  "product_detail": {
    "Package Dimensions": "9.37 x 7.4 x 6.77 inches; 2.88 ounces",
    "Item model number": "2537",
    "UPC": "022045025374",
    "Manufacturer": "Davidson's Tea",
    "ASIN": "B0001E6DCE",
    "Units": "25 Count",
    "Best Sellers Rank": "#258,159 in Grocery & Gourmet Food (See Top 100 in Grocery & Gourmet Food) #10,078 in Herbal Tea",
    "#10,078 in Herbal Tea": "",
    "Customer Reviews": "3.8 3.8 out of 5 stars 115 ratings"
  },
  "important_information": {
    "Safety Information": "This product is labelled to United States standards and may differ from similar products sold elsewhere in its ingredients, labeling and allergen warningsThis product is labelled to United States standards and may differ from similar products sold elsewhere in its ingredients, labeling and allergen warnings",
    "Ingredients": "Organic dried honey, organic chamomile, organic lemongrass, organic rooibos and organic carob.Organic dried honey, organic chamomile, organic lemongrass, organic rooibos and organic carob.",
    "Directions": "Place 1 tea bag in mug. Add boiling water and steep for a full 5-7 minutes. Make a pot at a time by adding multiple tea bags to your favorite tea-pot--brew for the same time.Place 1 tea bag in mug. Add boiling water and steep for a full 5-7 minutes. Make a pot at a time by adding multiple tea bags to your favorite tea-pot--brew for the same time.",
    "Legal Disclaimer": "Statements regarding dietary supplements have not been evaluated by the FDA and are not intended to diagnose, treat, cure, or prevent any disease or health condition.Statements regarding dietary supplements have not been evaluated by the FDA and are not intended to diagnose, treat, cure, or prevent any disease or health condition."
  },
  "rating": {
    "score": "3.8 out of 5",
    "dist": {
      "5 star": "49%",
      "4 star": "16%",
      "3 star": "18%",
      "2 star": "6%",
      "1 star": "11%"
    }
  },
  "top_comments": [
    {
      "date": "May 1, 2025",
      "title": "Quality",
      "score": "5.0 out of 5 stars",
      "text": "The quality of the product is excellent, I am satisfied with the product, I would buy it again and recommend it.",
      "helpfulness": "0"
    },
    {
      "date": "February 15, 2025",
      "title": "Good tea but not good communication from shippers. Have not gotten it yet and no notification",
      "score": "3.0 out of 5 stars",
      "text": "When will I be getting this order. It's good tea but the shipping not good! Have not received any information on this.Still no information on this order. What is the problem ? Please notify me",
      "helpfulness": "0"
    },
    {
      "date": "January 6, 2022",
      "title": "Lemon tea",
      "score": "5.0 out of 5 stars",
      "text": "It's good. Not exactly what I'm looking for. I want one with a strong lemon flavor. This one the other flavors in the tea are as strong as the lemon flavor. But it's still a good tea",
      "helpfulness": "0"
    },
    {
      "date": "July 8, 2020",
      "title": "Good not great but love this brand",
      "score": "4.0 out of 5 stars",
      "text": "Nice product. So far my least favorite of the Davidson teas of the many I have tried. Love the flavor combo but the lemon could have been more intense. The brand though is outstanding and I would recommend trying.",
      "helpfulness": "0"
    },
    {
      "date": "December 30, 2024",
      "title": "No lemon",
      "score": "1.0 out of 5 stars",
      "text": "There is little lemon flavor. Mostly chamomile taste. Very disappointing. I enjoy Meyer lemon. Yet was advertised as mostly lemon Myers lemon no less. Told by Amazon cannot return.",
      "helpfulness": "0"
    },
    {
      "date": "January 30, 2021",
      "title": "Real lemon taste",
      "score": "5.0 out of 5 stars",
      "text": "I used to drink this often and decided to order again. I really enjoy this tea. Nice lemon flavor without a fake lemon tartness.",
      "helpfulness": "0"
    },
    {
      "date": "January 6, 2022",
      "title": "Not that good compared to other brands",
      "score": "2.0 out of 5 stars",
      "text": "Was just about out of my favorite, Lemon Tea...so I went to order some more. Wasn't paying attention, and ordered this 'Davidson's' brand...saw it after I ordered it, but thought 'hey, how different can it be?' Well, it arrived quickly, but the first cup told the tale. It is a VERY WEAK Lemon tea...using my usual tea cup, same amount of water, I made it just the same as I do my regular 'STASH' brand...but even after letting it steep for an extra minute, it tasted very 'watered down', has a distinctive 'black tea overbite', not as 'lemony'...in no way was it comparable. For roughly the same price, it as a far-inferior product.I won't order this again...if you like citrus teas, avoid this one...look to STASH-brand, it is a FAR BETTER lemon tea! (the STASH is also decaffeinated)",
      "helpfulness": "0"
    },
    {
      "date": "February 6, 2014",
      "title": "Best Lemon Tea",
      "score": "5.0 out of 5 stars",
      "text": "My favorite tea is a lemon tea.  If you like lemon, Davidson's Meyer Lemon Tea is for you.  It is the best I've tasted and believe me I have tasted many of them!  The shipping is slightly high, so it would help to order more than one of their teas at a time.  Great taste!",
      "helpfulness": "One"
    }
  ]
}