{
  "product_title": "Traditional Medicinals Tea, Organic Healthy Cycle, Supports Healthy Menstrual Cycles, 96 Tea Bags (6 Pack)",
  "byline_info": "Visit the Traditional Medicinals Store",
  "product_description": "European and Native American women have been using the silvery leaves of the raspberry bush for thousands of years to support all phases of a woman’s cycle.* Tapping into this ancient wisdom, we recommend drinking it regularly to support your wellness and vitality at any time of the month.",
  "category": [
    "Grocery & Gourmet Food",
    "Beverages",
    "Tea",
    "Fruit & Herbal Tea",
    "Herbal"
  ],
  "alt_images": [
    "https://m.media-amazon.com/images/I/51bUyyAvmCL.jpg",
    "https://m.media-amazon.com/images/I/51hUzB0gnKL.jpg",
    "https://m.media-amazon.com/images/I/51M5VXhFCLL.jpg",
    "https://m.media-amazon.com/images/I/51dAhPu56zL.jpg",
    "https://m.media-amazon.com/images/I/51NE876sJ9L.jpg",
    "https://m.media-amazon.com/images/I/51e-PWsErTL.jpg",
    "https://m.media-amazon.com/images/I/41lkR3R1MrL.jpg"
  ],
  "product_detail": {
    "Is Discontinued By Manufacturer": "No",
    "Product Dimensions": "4.32 x 3.2 x 2.73 inches; 5.1 ounces",
    "Item model number": "TFFT",
    "Manufacturer": "Traditional Medicinals",
    "ASIN": "B000EJNL26",
    "Units": "96.0 Count",
    "Best Sellers Rank": "#110,472 in Grocery & Gourmet Food (See Top 100 in Grocery & Gourmet Food) #4,284 in Herbal Tea",
    "#4,284 in Herbal Tea": "",
    "Customer Reviews": "4.7 4.7 out of 5 stars 703 ratings"
  },
  "important_information": {
    "Safety Information": "Do not use if you are allergic to plants within the daisy (Asteraceae) family, like chamomile, echinacea or blessed thistle. Do not use this product if you are pregnant or breastfeeding, unless directed otherwise by your healthcare practitioner. This product is labelled to United States standards and may differ from similar products sold elsewhere in its ingredients, labeling and allergen warningsDo not use if you are allergic to plants within the daisy (Asteraceae) family, like chamomile, echinacea or blessed thistle. Do not use this product if you are pregnant or breastfeeding, unless directed otherwise by your healthcare practitioner. This product is labelled to United States standards and may differ from similar products sold elsewhere in its ingredients, labeling and allergen warnings",
    "Ingredients": "Raspberry leaf*, licorice root*, stinging nettle leaf*, dandelion herb & root*, spearmint leaf*, rose hip*, lemon verbena leaf*, West Indian lemongrass leaf*, ginger rhizome*, chamomile flower* *Indicates OrganicRaspberry leaf*, licorice root*, stinging nettle leaf*, dandelion herb & root*, spearmint leaf*, rose hip*, lemon verbena leaf*, West Indian lemongrass leaf*, ginger rhizome*, chamomile flower* *Indicates Organic",
    "Directions": "TO ENJOY POUR 8 oz. freshly boiled water over 1 tea bag. COVER cup & STEEP for 10-15 minutes. SQUEEZE tea bag to ensure maximum goodness in your cup. ENJOY 2-3 cups daily.TO ENJOY POUR 8 oz. freshly boiled water over 1 tea bag. COVER cup & STEEP for 10-15 minutes. SQUEEZE tea bag to ensure maximum goodness in your cup. ENJOY 2-3 cups daily.",
    "Legal Disclaimer": "Statements regarding dietary supplements have not been evaluated by the FDA and are not intended to diagnose, treat, cure, or prevent any disease or health condition.Statements regarding dietary supplements have not been evaluated by the FDA and are not intended to diagnose, treat, cure, or prevent any disease or health condition."
  },
  "rating": {
    "score": "4.7 out of 5",
    "dist": {
      "5 star": "83%",
      "4 star": "10%",
      "3 star": "4%",
      "2 star": "0%",
      "1 star": "3%"
    }
  },
  "top_comments": [
    {
      "date": "April 11, 2023",
      "title": "Big improvement!",
      "score": "5.0 out of 5 stars",
      "text": "If you want the quick and dirty review, this stuff cut my very heavy flow in half!So I was getting desperate. I didn't want to go on birth control, but every month felt like I was living in a horror movie for 2 or so days, getting up every few hours at night to empty my cup and making sure I was never far from bathrooms during the day. My period was so heavy, and I was dealing with some iron deficiency and exhaustion.In my searching to find something to help, I came across the Healthy Cycle tea and was skeptical that it would actually do anything. I've enjoyed other traditional medicinals tea and thought it couldn't hurt to try.I didn't see much of a difference the first month. But just got done with my 3rd month of regularly drinking this tea and WOW, the difference is incredible. I can sleep through the night, and am not needing to get to the bathroom every 2 hours. I can go 5 or so hours. It's still \"heavy\" but I'd say the flow has been cut in half and feels so much more normal to me and so much more manageable.I aim to drink at least a cup a day, sometimes I miss a day, and in the days leading up to my period I try and have 2 cups a day, again sometimes I forget. The taste is pretty earthy, with hints of licorice and mint.",
      "helpfulness": "31"
    },
    {
      "date": "March 14, 2023",
      "title": "Best cramp solution",
      "score": "5.0 out of 5 stars",
      "text": "As someone who has extremely painful cramps, I was hesitant but willing to give this a shot based on reviews. So glad I did! My cycle started days after I received this item drank it on my 2nd day, most painful, for the perfect way to put this to the test. The taste was earthy but had a sweet aftertaste. I personally love earthy teas so I didn't add any sweeteners. About 10mins after drinking it helped \"moved things along\". Still had cramps but definitely not as bad. Drank another tea before bed as I usually wake up from painful cramps and surprisingly I slept ALL NIGHT! The next day on my way to work I had another tea and I didn't have cramps all day.I highly recommend this tea, even if you're hesitant. Best decision I've ever made.",
      "helpfulness": "20"
    },
    {
      "date": "March 23, 2020",
      "title": "Works well!",
      "score": "5.0 out of 5 stars",
      "text": "I have pretty bad period cramps, so I wanted something to take along with my regular painkillers, as a sort of backup pain protection. This tea tastes fine - it's completely inoffensive, but I never crave it when I don't need it, you know? Kinda minty, and while I normally hate mint, I can manage fine with the level of mint in this tea just fine. If you're avoiding it because of the mint, I think you should give it a shot anyway.It does wonders on my cramps. I actually take way less painkillers now when I drink this tea, and sometimes I just drink this tea and don't even take painkillers. I wasn't sure if this was a real thing or a snake oil kinda thing, but it's definitely real.My only real complaint is that I can't for the life of me figure out how to open the box. There's no flaps, no openings. Every single side is glued shut. I have to cut the box with scissors just to get at the tea bags.",
      "helpfulness": "6"
    },
    {
      "date": "May 24, 2021",
      "title": "If you have hormonal issues, purchase this now!",
      "score": "5.0 out of 5 stars",
      "text": "I drink this tea once a day, and it has changed my life. I am young, but I had to have a hysterectomy a few years ago. I have not gone into menopause yet, but my hormones have been a mess for a long time. A friend suggested this to me, and I tried it on a whim. I am SO glad I did. It has helped even out my hormones and my irritability. Make sure you drink it at least once a day, this is not a once in a while thing. It is all natural, and it is fabulous. I drink it at night so I don't forget, unless I am having a particularly bad day, and then I go ahead and drink a cup. You can have like 3 cups a day I believe.",
      "helpfulness": "16"
    },
    {
      "date": "December 13, 2015",
      "title": "Miracle or Coincidence ?",
      "score": "4.0 out of 5 stars",
      "text": "I am always on the look out for anything natural that can help me with my PCOS symptoms. Whoever is dealing with the same hormonal chaos  as me, will know the frustration. I don't really believe in miracles like this, but after reading some of the reviews, I just had to try this for myself.The tea itself tastes very good and I never felt the need for any kind of sweetener.I have very long breaks between my periods and was hoping to jump start a cycle with this tea. And guess what? It actually worked! I hadn't had a period in about 6 months, and after two/three days of drinking several cups of this tea per day(about 4-5 cups ), I had a light period for a couple of days.I thought is was absolutely crazy, and really can't imagine that it was a coincidence.However after that success, I have tried it again a few times, but without the results  from before. Drinking daily 5 cups of the same tea is just not very convenient nor exciting, so I haven't really tried it again, so I just enjoy a cup now and then. The tea does make me feel good, even without the hoped for miracle.",
      "helpfulness": "5"
    },
    {
      "date": "September 18, 2021",
      "title": "Always helps right away",
      "score": "5.0 out of 5 stars",
      "text": "I love having this tea around to augment difficult menstrual days... it soothes and balances my mood and energy, which obviously has positive ripple effects. There are not very many high quality menstrual teas (I think many women are not aware of how helpful certain herbs can be) so I am glad that traditional medicinal keeps this product in production. My life would be worse without it --- id have to do the research and find all of the herbs myself ;-)",
      "helpfulness": "4"
    },
    {
      "date": "October 18, 2024",
      "title": "Love this brand of raspberry leaf tea!",
      "score": "5.0 out of 5 stars",
      "text": "Ladies please buy this! It has such great health benefits for your cycle and hormones! It's delicious especially with some honey! Traditional medicinals has a freshness that's unmatched!Since drinking this tea my cycles have been so pleasant! Please jump on this bandwagon! I love it comes in a decently priced bundle. I stay stocked up!",
      "helpfulness": "9"
    }
  ]
}