{
  "product_title": "NuGo Protein Bar, Chocolate Banana, 13g Protein, Gluten Free, 15 Count",
  "byline_info": "Visit the NuGo Store",
  "product_description": "Go bananas for our delicious combination natural banana flavor and creamy, real milk chocolate. NuGo Original Chocolate Banana bars are certified gluten free and loaded with vitamins and minerals. With 13g protein and just 4g of fat, this tasty treat is the perfect way to start your day.",
  "category": [
    "Health & Household",
    "Diet & Sports Nutrition",
    "Nutrition Bars & Drinks",
    "Nutrition Bars",
    "Protein Bars"
  ],
  "alt_images": [
    "https://m.media-amazon.com/images/I/51MR2e5XwxL.jpg",
    "https://m.media-amazon.com/images/I/51eOEXrjmTL.jpg",
    "https://m.media-amazon.com/images/I/51YJ72pONmL.jpg",
    "https://m.media-amazon.com/images/I/51jJucjDu6L.jpg",
    "https://m.media-amazon.com/images/I/41wEk4Kio5L.jpg",
    "https://m.media-amazon.com/images/I/51t8shVjHiL.jpg"
  ],
  "product_detail": {
    "Is Discontinued By Manufacturer": "No",
    "Product Dimensions": "24.06 x 10.18 x 5.87 inches; 1.8 Pounds",
    "Item model number": "ANG-005",
    "Date First Available": "May 1, 2006",
    "Manufacturer": "NuGo",
    "ASIN": "B000EXUB52",
    "Best Sellers Rank": "#5,070 in Health & Household (See Top 100 in Health & Household) #36 in Sports Nutrition Protein Bars #801 in Sales & Deals",
    "#36 in Sports Nutrition Protein Bars": "",
    "#801 in Sales & Deals": "",
    "Customer Reviews": "4.5 4.5 out of 5 stars 2,905 ratings"
  },
  "important_information": {},
  "rating": {
    "score": "4.5 out of 5",
    "dist": {
      "5 star": "77%",
      "4 star": "12%",
      "3 star": "4%",
      "2 star": "3%",
      "1 star": "4%"
    }
  },
  "top_comments": [
    {
      "date": "August 20, 2025",
      "title": "Good value without a ton of unwanted ingredients",
      "score": "5.0 out of 5 stars",
      "text": "I'm on a GLP-1 and always trying to hit those protein goals. I bought these after researching protein bars with low calories but fewest ingredients, because often these bars are filled with a ton of stuff i would normally never put in my body. I also wanted something that would not be hugely expensive like an RxBar. These turned out to hit all of those requirements so i gave them a try. Surprisingly delicious and filling. I tried a few other of their bars and did not like any of them, but these are great. My kids try to steal them from me all of the time, but i've taken to hiding them. They're chewy without being dry, and the chocolate makes it feel very indulgent. They also help me hit my fiber goals for the day - which is an added bonus.",
      "helpfulness": "0"
    },
    {
      "date": "August 20, 2025",
      "title": "Dulce de leche.. *chefs kiss*",
      "score": "5.0 out of 5 stars",
      "text": "Dulce de leche.. *chefs kiss*. Not overly sweet. Flavor is great and helps curb my sweet tooth. Holds me over in between meals if I’m craving something unhealthy.",
      "helpfulness": "One"
    },
    {
      "date": "July 31, 2025",
      "title": "Flavor",
      "score": "5.0 out of 5 stars",
      "text": "Wow hell yeah. The best protein bar out there. Flavor is mouth watering, just a burst of orange in your mouth!",
      "helpfulness": "0"
    },
    {
      "date": "October 16, 2011",
      "title": "LOVE these bars, but still a bit too sweet",
      "score": "4.0 out of 5 stars",
      "text": "I ordered these for their low glycemic value, yet the taste is so sweet that I think they could go much lower and still be delicious, thus eliminating yet more sugar. I also ordered them bc I am gluten-intolerant and while the fallout from eating gluten is not medically urgent, it does cause noticeable swelling of the face and extreme exhaustion akin to taking 2 behadryl at once, as your body gets all jiggy and busy making gluten antibodies that it saps resources of energy.In fact, I have read that 1 in 3 people are gluten intolerant to some degree, yet most are undiagnosed. I have been studying food and nutrition informally -- and as outlet and re-channeling for my OCD tendencies -- for years, and it seems the body is set up such that anything we humans eat too much of, as in daily, meaning both frequency and quantity, has an as-yet-unquantified likelihood of morphing into an allergen, thus endorsing said research findings.A quick pondering of a typical diet in our culture, or a trip to the supermarket as a recently-diagnosed gluten intolerant person, will be evidence enough of the prevalence of gluten in the majority of foods we eat regularly and which compromise \"American Cuisine\". One can even find gluten-free pure vanilla extract and sort sauce, meaning it is like `Savoir Faire'; it is everywhere!So if you feel bloated and exhausted all the time, perhaps a quick blood test will diagnose gluten-intolerance and a change of dietary regimen will make you both look and feel younger? After 6 weeks of being gluten-free many people asked me if I had snuck off to have plastic surgery, so there was an added bonus to getting huge chunks of my life back via the newfound energy sufficient to have a life and thus be out and about, so as to even be accused of sneaking off.I'd have given these 5 stars if they were less sweet, or used stevia, which is simply a  ground up root, inevitably heavy in fiber, native to Peru, and which the FDA once tried to shut down due to pressure from the Big Three in the corn belt, who make gazillions on High Fructose Corn Syrup, which is actually BANNED in all countries but ours (US) and which triggers the hypothalamus such that with every oreo we eat, we feel increased hunger, and thus, we have an obesity problem.Didn't mean to get out my soapbox, but I feel so strongly about HFCS and once I removed it from my diet (it is chemicals, for heaven's sake! You are eating, and feeding your kids, chemicals!) it only supported suspicions of having snuck off for plastic surgery. Which I didn't do. But maybe would, if I could afford it. One can never know what one might do with sudden lottery tickets and societal pressures to be forever young. ;-)",
      "helpfulness": "12"
    },
    {
      "date": "August 29, 2025",
      "title": "Tastes delicious",
      "score": "5.0 out of 5 stars",
      "text": "Best taste ever of any protein bar. Period",
      "helpfulness": "0"
    },
    {
      "date": "August 1, 2025",
      "title": "Love these!!!",
      "score": "5.0 out of 5 stars",
      "text": "Outstanding product and shipped with care. I’ve bought this many times in the past, but this time was the best, by far!",
      "helpfulness": "0"
    },
    {
      "date": "September 10, 2025",
      "title": "STAY FULL!",
      "score": "5.0 out of 5 stars",
      "text": "LOVE!! Taste like the real deal and keeps you FULL. I keep a box at work so I’m always stocked up!",
      "helpfulness": "0"
    },
    {
      "date": "January 23, 2025",
      "title": "Good flavor.",
      "score": "5.0 out of 5 stars",
      "text": "The churro flavor is my favorite, followed by vanilla.  The chocolate is a little chalky, in my opinion.  Churro is sweet without being too sweet and no artificial flavor or after taste. The vanilla is a tad sweeter but not too sweet and a good after taste as well. They go great with coffee",
      "helpfulness": "2"
    }
  ]
}