{
  "product_title": "Grand Edition Gourmet Food and Snacks Gift Basket, Medium (Chocolate Option)",
  "byline_info": "Visit the Art of Appreciation Gift Baskets Store",
  "product_description": "Impress friends, family or valued clients with this elegant gift basket presented in classic in burgundy and gold. Looking for a gift idea that will satisfy a variety of taste buds? This arrangement features a delicious meat and cheese paired with assorted savory and sweet snacks and candy; there will be something for everyone. Each basket is hand crafted with attention to detail, shrink wrapped and tied with a bow for presentation, ready for gift giving. Add a personalized message with your order by selecting gift at check out.Includes: MEDIUM, Serves 2-4: Merlot Wine Cheddar Cheese Spread, Savory Beef Sausage, Chocolate Raspberry Cake, Sweet Buttery Shortbread Cookies, Focaccia Italian Seasoned Crisps, Three Pepper Blend Crackers, Chocolate Dipped Silk Crunch Cookie, Champagne Dill Mustard, Godiva Caramel Filled Chocolates, Medium Gift Basket.Recommended For: Men, Women, Adults, Brothers, Sons, Sisters, Daughters, Business Clients, College Students, Teachers.Events and Occasions: Corporate Event, Celebrations, Birthday Present, Anniversary, Retirement, Thank You, Congratulations. Seasons and Holidays: Christmas, New Years, Valentine’s, Mother’s Day, Father’s Day, Spring, Summer, Winter, Fall.",
  "category": [
    "Grocery & Gourmet Food",
    "Food & Beverage Gifts",
    "Snack Gifts"
  ],
  "alt_images": [
    "https://m.media-amazon.com/images/I/61CLa0LmAqL.jpg",
    "https://m.media-amazon.com/images/I/51jdJoNcPKL.jpg",
    "https://m.media-amazon.com/images/I/31BefbkCdCL.jpg"
  ],
  "product_detail": {
    "Is Discontinued By Manufacturer": "No",
    "Product Dimensions": "12 x 12 x 12 inches; 3 Pounds",
    "Item model number": "AoA1552-Med",
    "UPC": "736211805638",
    "Manufacturer": "Art of Appreciation Gift Baskets",
    "ASIN": "B00065LI0A",
    "Units": "1 Count",
    "Customer Reviews": "3.2 3.2 out of 5 stars 112 ratings"
  },
  "important_information": {
    "Safety Information": "This product is labelled to United States standards and may differ from similar products sold elsewhere in its ingredients, labeling and allergen warningsThis product is labelled to United States standards and may differ from similar products sold elsewhere in its ingredients, labeling and allergen warnings",
    "Ingredients": "Includes: MEDIUM, Serves 2-4: Merlot Cheddar Cheese Spread, Savory Beef Sausage, Chocolate Raspberry Cake, Sweet Butter Cookies, Focaccia Italian Crisps, Three Pepper Blend Crackers, Silk Crunch Cookie, Champagne Dill Mustard, Godiva Chocolate Caramels, Medium Gift Basket.Includes: MEDIUM, Serves 2-4: Merlot Cheddar Cheese Spread, Savory Beef Sausage, Chocolate Raspberry Cake, Sweet Butter Cookies, Focaccia Italian Crisps, Three Pepper Blend Crackers, Silk Crunch Cookie, Champagne Dill Mustard, Godiva Chocolate Caramels, Medium Gift Basket.",
    "Legal Disclaimer": "When will my gift ship? When will my gift be delivered?</b> Please review the shipping rates and policies link for <b>IMPORTANT INFORMATION</b> regarding the shipping and delivery of your order.An original gift arrangement crafted by Art of Appreciation Gift Baskets.  US Trademark #4371601. Amazon and its subsidiaries are the only authorized sellers of authentic Art of Appreciation Gift Basket.  as pictured and described on the Amazon website.When will my gift ship? When will my gift be delivered?</b> Please review the shipping rates and policies link for <b>IMPORTANT INFORMATION</b> regarding the shipping and delivery of your order.An original gift arrangement crafted by Art of Appreciation Gift Baskets.  US Trademark #4371601. Amazon and its subsidiaries are the only authorized sellers of authentic Art of Appreciation Gift Basket.  as pictured and described on the Amazon website.Statements regarding dietary supplements have not been evaluated by the FDA and are not intended to diagnose, treat, cure, or prevent any disease or health condition.Statements regarding dietary supplements have not been evaluated by the FDA and are not intended to diagnose, treat, cure, or prevent any disease or health condition."
  },
  "rating": {
    "score": "3.2 out of 5",
    "dist": {
      "5 star": "29%",
      "4 star": "11%",
      "3 star": "19%",
      "2 star": "30%",
      "1 star": "11%"
    }
  },
  "top_comments": [
    {
      "date": "April 19, 2014",
      "title": "Big price, little product",
      "score": "2.0 out of 5 stars",
      "text": "This was the first time that I purchased this product as a surprise Easter gift for my wife of 45 years. The selection was varied and ranged from cake to candy to nuts. I thought that this would be an impressive present. However, I was both surprised and underwhelmed by how little the proportions were. For example, the chocolate raspberry cake came in a box roughly 7\" x 4\" x 1\". However the cake was less about 35% of the size of the box it came in. For the price of this basket (~$45), the small proportions seemed both meager and, frankly, overpriced. If the rest of this company's products are like this, I'll avoid and certainly not recommend.",
      "helpfulness": "7"
    },
    {
      "date": "January 21, 2015",
      "title": "Lovely!",
      "score": "5.0 out of 5 stars",
      "text": "My sister said the basket was lovely.  I sent it to her in California from Australia.  I had sent a gift via another provider last year and it was extremely disappointing, so we are very happy with this product and service.  Thank you.",
      "helpfulness": "0"
    },
    {
      "date": "December 15, 2014",
      "title": "Would not order from them again.",
      "score": "3.0 out of 5 stars",
      "text": "not at all like the one pictured.  The items are okay, but nothing special. I ordered the large basket. I saw similar ones in a mall kiosk over the weekend for 1/2 the price. The greenery and bow look nothing like this. Mine had no greenery and a tacky small bow. I am ashamed to give this to the gift recipient and will just repurpose for myself.",
      "helpfulness": "2"
    },
    {
      "date": "December 15, 2011",
      "title": "Product arrived stale, desiccated, and stinky...inedible!",
      "score": "1.0 out of 5 stars",
      "text": "We sent this to our close friends of over three decades and they were kind enough to tell us the truth of what arrived.  Here are excerpts:\"I do want to report something I believe you would want to know about though. The recent Christmas basket we received was.... more then disappointing! Except for the crackers...and there was quite a bit of them, the rest was 98% inedible!!The sweets were a joke of over packaging and then non-edible at the end of the opening adventure! The one exception were the two individually wrapped tiny truffles in a box, that were okay.  There was a big package with one chocolate dipped dried out cookie that was also in it's own wrap...also, not to be eaten. The raspberry, chocolate individually wrapped cakes were so dried up/dehydrated it looked like survival food.....And they tasted like pure chemicals and artificial flavors to boot!Which brings me to the \"meat\" section of the basket.....this was by far the worst. The stink of both the lobster and salmon \"spread\" filled the air with what smelled and tasted like fish flavored chemicals. Earl, Bob, and I tasted a small amount just to verify the smell....that was a bad decision on our part....we needed emergency food in our mouth to counteract the bad taste! They even sent the cats running in the other direction. The salami was so white it was scarey!Now I have to say, we actually really did enjoy this basket because we spent the afternoon laughing hysterically over the experience....so thank you for that memory! I imagine, however, that was not your intention....so here I am, the \"brave\" one telling the hard facts of how no matter how much you paid for that basket, you got ripped off!\"",
      "helpfulness": "16"
    },
    {
      "date": "January 5, 2019",
      "title": "It was a Christmas gift that I didn't actually see mysef",
      "score": "4.0 out of 5 stars",
      "text": "The folks I sent it to said it was wonderful and the perfect gift for a group of people.  It also had some things that younger children could enjoy as well.",
      "helpfulness": "0"
    },
    {
      "date": "November 12, 2015",
      "title": "Two Stars",
      "score": "2.0 out of 5 stars",
      "text": "Most of the stuff you could tell have been sitting on a shelf somewhere for a very long time.",
      "helpfulness": "2"
    },
    {
      "date": "May 24, 2010",
      "title": "Sister was suprised:  Great tasting product.",
      "score": "5.0 out of 5 stars",
      "text": "This was a gift for my sister.  It arrived on time and in excellent shape.  Food products were still in good arrangement with no damage.  The food products were good quality.  She was very happy with the gift.",
      "helpfulness": "One"
    },
    {
      "date": "May 13, 2018",
      "title": "Nice presentation but boxes inside deceptive",
      "score": "3.0 out of 5 stars",
      "text": "Nice presentation but boxes inside deceptive. Food inside much less than you would think looking at the boxes. For eg, cake was in a box 9x6 inches. Cake itself was 3x3 inches. Box with fudge in it could hold at least 4 pieces and had only 2. So while it looks like a big package of snacks and food, what you actually get is much smaller.",
      "helpfulness": "0"
    }
  ]
}