{
  "product_title": "Gerber Baby Snacks Puffs, Sweet Potato, 1.48 Ounce (Pack of 6)",
  "byline_info": "Visit the Gerber Store",
  "product_description": "Gerber sweet potato puffs baby snacks are made with wholesome ingredients and strict quality standards just for babies. This baby finger food dissolves easily and is perfect for little hands learning to pick things up, while also encouraging self-feeding and independence. Specially crafted to delight your little one, these sweet potato puffs are a stage 3 baby food and have been designed for babies 8 months and older. Gerber understands the importance of providing nutritious food as your baby grows and develops. That’s why our dedication to quality and nutrition has been and always will be our highest priority. We're committed to being your partner in parenthood with strict quality standards, nutritious food & expert guidance. Gerber Puffs are a trusted choice for countless families.",
  "category": [
    "Baby Products",
    "Feeding",
    "Baby Foods",
    "Snack Foods"
  ],
  "alt_images": [
    "https://m.media-amazon.com/images/I/41JJaygg47L.jpg",
    "https://m.media-amazon.com/images/I/51vCVZtka1L.jpg",
    "https://m.media-amazon.com/images/I/41rdaWxtQmL.jpg",
    "https://m.media-amazon.com/images/I/51XMcejHT6L.jpg",
    "https://m.media-amazon.com/images/I/41IbSJGVfoL.jpg",
    "https://m.media-amazon.com/images/I/41NlwRDtshL.jpg",
    "https://m.media-amazon.com/images/I/51-oMI0LQ3L.jpg"
  ],
  "product_detail": {
    "Is Discontinued By Manufacturer": "No",
    "Package Dimensions": "9.49 x 8.78 x 6.39 inches; 8.96 ounces",
    "Manufacturer recommended age": "9 - 9 months",
    "Item model number": "12077895",
    "UPC": "015000960100",
    "Manufacturer": "Gerber",
    "ASIN": "B000FPGYTQ",
    "Units": "8.88 Ounce",
    "Best Sellers Rank": "#936 in Baby (See Top 100 in Baby) #37 in Baby Snack Foods",
    "#37 in Baby Snack Foods": "",
    "Customer Reviews": "4.8 4.8 out of 5 stars 20,298 ratings"
  },
  "important_information": {
    "Safety Information": "This product is labelled to United States standards and may differ from similar products sold elsewhere in its ingredients, labeling and allergen warningsThis product is labelled to United States standards and may differ from similar products sold elsewhere in its ingredients, labeling and allergen warnings",
    "Ingredients": "INGREDIENTS: RICE FLOUR, WHOLE WHEAT FLOUR, WHEAT STARCH, CANE SUGAR, WHOLE GRAIN OAT FLOUR, DRIED APPLE PUREE, NATURAL SWEET POTATO FLAVOR (INCLUDES DRIED SWEET POTATO), MIXED TOCOPHEROLS (TO MAINTAIN FRESHNESS), SUNFLOWER LECITHIN, ANNATTO EXTRACT COLOR, VITAMIN AND MINERALS: CHOLINE BITARTRATE, IRON (ELECTROLYTIC), VITAMIN E (ALPHA TOCOPHERYL ACETATE), NIACINAMIDE (A B VITAMIN), VITAMIN B6 (PYRIDOXINE HYDROCHLORIDE), VITAMIN B1 (THIAMINE HYDROCHLORIDE).INGREDIENTS: RICE FLOUR, WHOLE WHEAT FLOUR, WHEAT STARCH, CANE SUGAR, WHOLE GRAIN OAT FLOUR, DRIED APPLE PUREE, NATURAL SWEET POTATO FLAVOR (INCLUDES DRIED SWEET POTATO), MIXED TOCOPHEROLS (TO MAINTAIN FRESHNESS), SUNFLOWER LECITHIN, ANNATTO EXTRACT COLOR, VITAMIN AND MINERALS: CHOLINE BITARTRATE, IRON (ELECTROLYTIC), VITAMIN E (ALPHA TOCOPHERYL ACETATE), NIACINAMIDE (A B VITAMIN), VITAMIN B6 (PYRIDOXINE HYDROCHLORIDE), VITAMIN B1 (THIAMINE HYDROCHLORIDE).",
    "Directions": "Ready to eat.Ready to eat.",
    "Legal Disclaimer": "Statements regarding dietary supplements have not been evaluated by the FDA and are not intended to diagnose, treat, cure, or prevent any disease or health condition.Statements regarding dietary supplements have not been evaluated by the FDA and are not intended to diagnose, treat, cure, or prevent any disease or health condition."
  },
  "rating": {
    "score": "4.8 out of 5",
    "dist": {
      "5 star": "90%",
      "4 star": "7%",
      "3 star": "3%",
      "2 star": "0%",
      "1 star": "0%"
    }
  },
  "top_comments": [
    {
      "date": "September 6, 2025",
      "title": "Great product",
      "score": "5.0 out of 5 stars",
      "text": "My child is a picky eater and Gerber puffs never disappoint. I have tried generic products in the past and my picky eater can tell the difference. The taste is superior and has been a staple for my child. Gerber is a trusted brand that has stood the test of time by providing superior products to children everywhere.",
      "helpfulness": "0"
    },
    {
      "date": "August 4, 2024",
      "title": "great product and fast shipping!",
      "score": "5.0 out of 5 stars",
      "text": "such a great deal! you get 8 individual containers, the baby loved them, we used them to teach her to feed herself! they have a light flavor and melt in your mouth! i’d recommend this as a first step in teaching your baby to eat real food (and not just mushy food)",
      "helpfulness": "0"
    },
    {
      "date": "September 4, 2025",
      "title": "Pet faves!",
      "score": "5.0 out of 5 stars",
      "text": "Staple snackies for my 5 mischief of rats. Fill their snackie ball daily with these!",
      "helpfulness": "0"
    },
    {
      "date": "August 16, 2025",
      "title": "Product as show",
      "score": "5.0 out of 5 stars",
      "text": "Just as described.",
      "helpfulness": "0"
    },
    {
      "date": "August 21, 2024",
      "title": "Great Value",
      "score": "5.0 out of 5 stars",
      "text": "My one year old loves these snack puffs. The snacks are not only tasty but also packaged securely, keeping them fresh and easy to handle. They’re a great value for the price and perfect for a quick, healthy snack. Highly recommend for keeping little ones happy and satisfied!",
      "helpfulness": "2"
    },
    {
      "date": "July 2, 2025",
      "title": "Grandson gives them 2 thumbs up",
      "score": "5.0 out of 5 stars",
      "text": "Grandson gives them 2 thumbs up.",
      "helpfulness": "0"
    },
    {
      "date": "June 20, 2025",
      "title": "Tasty and Kid-Friendly Puffcorn Snack with Added Nutrients",
      "score": "4.0 out of 5 stars",
      "text": "Gerber’s Toddler Puffcorn in Tomato Bliss flavor is a great snack option for little ones who are ready for finger foods. The heart-shaped, kernel-free pieces are light and easy to chew, making them suitable for toddlers still getting the hang of solids. The tomato flavor is mild yet flavorful enough to keep kids interested, and the texture is melt-in-the-mouth soft.Parents will appreciate the added zinc and iron to help support a healthy immune system. It’s also conveniently portioned in a 7-pack, perfect for on-the-go snacking or daycare. A smart alternative to traditional puffs, though some may find the flavor a bit strong for very picky eaters. Also, it’s not easy to storage after it opened.",
      "helpfulness": "0"
    },
    {
      "date": "August 25, 2024",
      "title": "My son loves these!",
      "score": "5.0 out of 5 stars",
      "text": "Perfect for on the go or at home. Taste is great (even for the adults who have to taste test for the toddlers). My teenager regularly steals snacks from my toddler because she likes the taste too. A little expensive, but well worth it.",
      "helpfulness": "One"
    }
  ]
}