{
  "product_title": "Blue Buffalo Life Protection Formula Adult Dry Dog Food, Helps Build and Maintain Strong Muscles, Made with Natural Ingredients, Lamb & Brown Rice Recipe, 30-lb. Bag",
  "byline_info": "Visit the Blue Buffalo Store",
  "product_description": "Formulated for the health and well-being of adult dogs, BLUE Life Protection Formula Lamb and Brown Rice dry dog food is made with the finest natural ingredients enhanced with vitamins, minerals, and other nutrients. It’s a high-quality, balanced recipe you can both feel great about. Designed to help your dog thrive, this formula starts with real lamb and contains no chicken (or poultry) by-product meals, no corn, wheat, or soy, and no artificial flavors or preservatives. Like all BLUE dry foods, BLUE Life Protection Formula includes exclusive, antioxidant-rich LifeSource Bits to support a healthy immune system in your adult dog.  Give your dog the balanced nutrition of BLUE Life Protection Formula today. BLUE Life Protection Formula is brought to you by Blue Buffalo, the leader in natural pet food. Blue Buffalo makes premium-quality pet foods featuring real meat, fruit, and vegetables. Love them like family. Feed them like family.",
  "category": [
    "Pet Supplies",
    "Dogs",
    "Food",
    "Dry"
  ],
  "alt_images": [
    "https://m.media-amazon.com/images/I/41Kzgq9GTfL.jpg",
    "https://m.media-amazon.com/images/I/41VdefcctKL.jpg",
    "https://m.media-amazon.com/images/I/41gp30TJwzL.jpg",
    "https://m.media-amazon.com/images/I/31or0Z7MZ1L.jpg",
    "https://m.media-amazon.com/images/I/51+XA1HcNQL.jpg",
    "https://m.media-amazon.com/images/I/51plq4lbCuL.jpg",
    "https://m.media-amazon.com/images/I/818dpFmKOWL.jpg"
  ],
  "product_detail": {
    "Is Discontinued By Manufacturer": "No",
    "Product Dimensions": "25 x 16 x 5 inches; 30.28 Pounds",
    "Manufacturer recommended age": "1 month and up",
    "Item model number": "192",
    "Department": "dog-dry-food",
    "Date First Available": "May 13, 2009",
    "Manufacturer": "Blue Buffalo Company, Ltd",
    "ASIN": "B000XZBXP8",
    "Best Sellers Rank": "#747 in Pet Supplies (See Top 100 in Pet Supplies) #61 in Dry Dog Food",
    "#61 in Dry Dog Food": "",
    "Customer Reviews": "4.6 4.6 out of 5 stars 6,838 ratings"
  },
  "important_information": {},
  "rating": {
    "score": "4.6 out of 5",
    "dist": {
      "5 star": "81%",
      "4 star": "11%",
      "3 star": "4%",
      "2 star": "1%",
      "1 star": "3%"
    }
  },
  "top_comments": [
    {
      "date": "August 26, 2025",
      "title": "Moki loves this food",
      "score": "5.0 out of 5 stars",
      "text": "Moki doesn't do well with Chicken or Beef proteins. I switched him to Lamb and doesn't great. Works well with his stomach and he has a wonderful coat. Keeps his stool firm and manageable. Best part is he enjoys eating it.",
      "helpfulness": "0"
    },
    {
      "date": "March 6, 2025",
      "title": "Title: Quality Nutrition for Your Pup 🐶🍖",
      "score": "5.0 out of 5 stars",
      "text": "Rating: ★★★★★Blue Buffalo Life Protection Formula is a solid choice for pet owners who want high-quality, natural ingredients for their dogs. The lamb and brown rice recipe provides balanced nutrition, helping support muscle development and overall health. It’s free from by-products, corn, wheat, and soy, making it a great option for dogs with sensitive stomachs. Plus, added vitamins, minerals, and antioxidants support immune health and digestion.Pros:✅ High-quality natural ingredients 🥩🍚✅ No artificial preservatives or fillers 🚫✅ Supports muscle development and digestion 💪🐕✅ Contains added vitamins and antioxidants for immune health 🛡️Cons:❌ Higher price compared to standard dog food 💰❌ Some picky eaters may not prefer the taste 🐶😕A premium option for dog owners who want to invest in their pet’s health, but it may not fit every budget or every dog’s taste preference.",
      "helpfulness": "9"
    },
    {
      "date": "October 31, 2023",
      "title": "Blue Buffalo Life Protection Formula - A Canine Culinary Delight!",
      "score": "5.0 out of 5 stars",
      "text": "As a devoted pet parent, I am always on the lookout for the best nutrition for my furry companion, and the Blue Buffalo Life Protection Formula Natural Adult Dry Dog Food has exceeded all my expectations. It's with great pleasure that I share my 5-star review for this exceptional dog food.Natural Ingredients: What sets Blue Buffalo apart is its commitment to using natural, high-quality ingredients. The inclusion of real lamb and brown rice ensures that my dog gets the nourishment he deserves without any artificial additives or fillers.Balanced Nutrition: This formula strikes the perfect balance between protein, carbohydrates, and essential vitamins and minerals. It keeps my dog's energy levels steady and supports his overall health and vitality.Healthy Skin and Coat: One of the noticeable benefits of this dog food is the impact it has on my dog's skin and coat. His fur is shinier and softer, and skin irritations have become a thing of the past. It's clear that Blue Buffalo prioritizes a pet's well-being.Digestive Health: This dog food is gentle on the stomach and promotes healthy digestion. My dog no longer experiences digestive discomfort, and his stools are consistently healthy.Ideal Kibble Size: The kibble size is ideal for my dog's breed. It's not too big or too small, making it easy for him to eat comfortably. It's a small detail that shows Blue Buffalo's attention to detail.No Artificial Preservatives: I appreciate that Blue Buffalo avoids artificial preservatives. It's reassuring to know that my dog's food is as close to nature as possible.Dog's Approval: Perhaps the most telling sign of this dog food's quality is my dog's enthusiasm during mealtime. He absolutely loves the taste, and his excitement for mealtime is a testament to the deliciousness of this formula.the Blue Buffalo Life Protection Formula Natural Adult Dry Dog Food has earned its place as a staple in my dog's diet. Its natural ingredients, balanced nutrition, and positive impact on my dog's overall health and well-being make it a clear 5-star choice. If you're looking for the best for your canine companion, I highly recommend giving this dog food a try. It's a culinary delight that keeps tails wagging and dogs thriving.",
      "helpfulness": "15"
    },
    {
      "date": "June 21, 2025",
      "title": "Better than your average dog food",
      "score": "5.0 out of 5 stars",
      "text": "My dog used to itch and scratch like she had fleas all the time and I knew she did not have fleas because I checked her always and give her her medicine when she has them so I switched dog food for her wanted her to have the best or what I can afford, and this dog food is great with no fillers and all that other junk they put in your cheaper dog food and she has stopped itching and scratching so I think this is some really good dog food it might be a little more expensive but it is worth it because she is part of my family",
      "helpfulness": "3"
    },
    {
      "date": "July 4, 2025",
      "title": "Quality dog food",
      "score": "4.0 out of 5 stars",
      "text": "Dogs like, a little pricey.",
      "helpfulness": "One"
    },
    {
      "date": "May 24, 2025",
      "title": "Win-win",
      "score": "5.0 out of 5 stars",
      "text": "My dogs do not eat anything else. We have been using this brand for 5 to 6 years and we love it and most importantly they love it. Good quality. Great ingredient! The size of the bag is perfect for us. Get the value for the money is definitely there. And on top of it, it's perfect for our dog's health.",
      "helpfulness": "One"
    },
    {
      "date": "September 5, 2025",
      "title": "Chicken free",
      "score": "5.0 out of 5 stars",
      "text": "Great dog food",
      "helpfulness": "0"
    },
    {
      "date": "August 14, 2025",
      "title": "My dog likes it.",
      "score": "5.0 out of 5 stars",
      "text": "Good value",
      "helpfulness": "0"
    }
  ]
}