{
  "product_title": "Porcini Mushrooms - Grade Super A 16 oz.",
  "byline_info": "Brand: ARKINON",
  "product_description": "",
  "category": [
    "Electronics",
    "Headphones, Earbuds & Accessories",
    "Adapters"
  ],
  "alt_images": [
    "https://m.media-amazon.com/images/I/310j52VmWhL.jpg"
  ],
  "product_detail": {
    "Manufacturer": "ARKINON",
    "ASIN": "B0002NVKYK",
    "Customer Reviews": "4.6 4.6 out of 5 stars 4 ratings"
  },
  "important_information": {
    "Legal Disclaimer": "Statements regarding dietary supplements have not been evaluated by the FDA and are not intended to diagnose, treat, cure, or prevent any disease or health condition.Statements regarding dietary supplements have not been evaluated by the FDA and are not intended to diagnose, treat, cure, or prevent any disease or health condition."
  },
  "rating": {
    "score": "4.6 out of 5",
    "dist": {
      "5 star": "62%",
      "4 star": "38%",
      "3 star": "0%",
      "2 star": "0%",
      "1 star": "0%"
    }
  },
  "top_comments": [
    {
      "date": "August 17, 2010",
      "title": "Excellent dried porcinis for the price",
      "score": "4.0 out of 5 stars",
      "text": "I have been ordering these for a couple of years now, and have yet to find a better deal on dried porcinis.  These ones are the \"middle\" grade; I like them enough that I have not been tempted to try the higher grade. As with all other dried porcinis I have tried, both stems and caps are included.  For those of us who can't stroll down to the local store and buy fresh ones (and I expect there are many of you out there), I think these are a good way to go.",
      "helpfulness": "3"
    },
    {
      "date": "January 3, 2013",
      "title": "Hi Quality--More than enough",
      "score": "5.0 out of 5 stars",
      "text": "The quality of the dried porcini mushrooms was first rate and the price was right.  The only caveat I might issue is that 16 oz. of dried porcini is a LOT of mushrooms--more than I bargined for so I wound up freezing about 12 oz for later.  Still, if you are a foodie like me, you can find many uses for them.  One thing I found very useful is to grind them like herbs into a powder to use when making rubs for steaks and other meats--delicious!  Of course, just throwing them into soups, broths, and many sauces is great, too.If you are doing a lot of cooking--this is a great buy.",
      "helpfulness": "0"
    },
    {
      "date": "September 5, 2012",
      "title": "Great Porcini Mushrooms",
      "score": "4.0 out of 5 stars",
      "text": "The package of porcini arrived on time, and were of great quality.Very fresh, large pieces and very aromatic.Thanks for the service",
      "helpfulness": "0"
    },
    {
      "date": "January 10, 2013",
      "title": "great value",
      "score": "5.0 out of 5 stars",
      "text": "The mushroom pieces are large and very aromatic.  Great product at a great price. The product is fresh and well packaged.",
      "helpfulness": "0"
    }
  ]
}