{
  "product_title": "Victorian Lace Gourmet Food and Spa Gift Basket Set with Clock",
  "byline_info": "Visit the Art of Appreciation Gift Baskets Store",
  "product_description": "Product Description   A special gift perfect for any occasion designed to celebrate elegant Victorian style, relaxation and good taste. The unique antiqued style wooden gift chest detailed in hand painted English Roses is inlaid with a real working clock, sure to become a lovely addition to her home's decor. She can relax and enjoy our line of exclusive Art de’ Moi peony scented spa products, sip a cup of tea, nibble on gourmet cookies and more with this great gift arrangement.Peony Floral Bath Gel,Peony Floral Body Lotion,Peony Floral Body Butter,Peony Floral Body Scrub,Exfoliating Bath Poof,Bath Sponge,Primo Dolce Chocolate Truffle Filled CookiesEnglish Breakfast Tea,Keepsake Picture Frame,Decorative Candle,Hand Painted Wooden Gift Chest with Clock.Each gift is hand crafted, shrink wrapped, tied with a bow for presentation and ready for gift giving.Include a personalized message with your order by selecting GIFT during check out.   Amazon.com   Victorian Lace Gourmet Food Gift Basket and Spa SetSend a gift to please all her senses with the \"Victorian Lace Gourmet Food Gift Basket and Spa Set\" from Art of Appreciation. Designed with Victorian style, this gift includes keepsakes she can enjoy for ever along with treats she can luxuriate in right away. The gift begins with a unique, antique-style wooden gift chest detailed in hand painted English Roses and inlaid with a real working clock. Upon opening the lid she'll discover the Peony and Lily scented spa line with cleansing Bath Gel, moisturizing Body Lotion, ultra soothing Body Butter, exfoliating Body Scrub, and two Rose Tealight Candles to light the room. Additional goodies include a Floral Notepad Set, Gourmet Tea Cookies, EnliTEAments Spring Tea, and a keepsake ceramic pretty picture frame to highlight her favorite photos. The \"Victorian Lace Gourmet Food Gift Basket and Spa Set\" includes:Antique style wooden gift chest with inlaid clockKeepsake Ceramic Picture FramePeony and Lily scented spa line with Bath Gel, Body Lotion, Body Butter, and Body ScrubTwo Rose Tealight CandlesFloral Notepad SetGourmet Tea CookiesEnliTEAments Spring TeaThis handcrafted Art of Appreciation original gift basket is ready to give in a closed clock gift box that opens to reveal the contents inside.Please mark GIFT during check out to include a personalized gift message.",
  "category": [],
  "alt_images": [
    "https://m.media-amazon.com/images/I/61T6W7795vL.jpg",
    "https://m.media-amazon.com/images/I/51RSIWZMWqL.jpg",
    "https://m.media-amazon.com/images/I/31o3FrGk5GL.jpg"
  ],
  "product_detail": {
    "Is Discontinued By Manufacturer": "No",
    "Package Dimensions": "13.5 x 10.3 x 6.8 inches; 0.08 ounces",
    "UPC": "736211801937",
    "Manufacturer": "Art of Appreciation Gift Baskets",
    "ASIN": "B000F6X5BK",
    "Units": "1 Count",
    "Customer Reviews": "3.9 3.9 out of 5 stars 65 ratings"
  },
  "important_information": {
    "Safety Information": "This product is labelled to United States standards and may differ from similar products sold elsewhere in its ingredients, labeling and allergen warningsThis product is labelled to United States standards and may differ from similar products sold elsewhere in its ingredients, labeling and allergen warnings",
    "Ingredients": "Includes: Art de’ Moi Peony Floral Bath Gel, Art de’ Moi Peony Floral Body Lotion, Art de’ Moi Peony Floral Body Butter, Art de’ Moi Peony Floral Body Scrub, Exfoliating Bath Poof, Bath Sponge, Primo Dolce Chocolate Truffle Filled Cookies, EnLight-Tea-Ments English Breakfast Tea, Keepsake Picture Frame, Victorian Style Decorative Candle, Hand Painted Wooden Gift Chest with Clock. The spa products featured in this gift are part of the luxurious Art de’ Moi Spa Line, distributed exclusively by Art of Appreciation.Includes: Art de’ Moi Peony Floral Bath Gel, Art de’ Moi Peony Floral Body Lotion, Art de’ Moi Peony Floral Body Butter, Art de’ Moi Peony Floral Body Scrub, Exfoliating Bath Poof, Bath Sponge, Primo Dolce Chocolate Truffle Filled Cookies, EnLight-Tea-Ments English Breakfast Tea, Keepsake Picture Frame, Victorian Style Decorative Candle, Hand Painted Wooden Gift Chest with Clock. The spa products featured in this gift are part of the luxurious Art de’ Moi Spa Line, distributed exclusively by Art of Appreciation.",
    "Legal Disclaimer": "An original gift arrangement crafted by Art of Appreciation Gift Baskets.  US Trademark #4371601. Amazon and its subsidiaries are the only authorized sellers of authentic Art of Appreciation Gift Basket.  as pictured and described on the Amazon website.An original gift arrangement crafted by Art of Appreciation Gift Baskets.  US Trademark #4371601. Amazon and its subsidiaries are the only authorized sellers of authentic Art of Appreciation Gift Basket.  as pictured and described on the Amazon website.Statements regarding dietary supplements have not been evaluated by the FDA and are not intended to diagnose, treat, cure, or prevent any disease or health condition.Statements regarding dietary supplements have not been evaluated by the FDA and are not intended to diagnose, treat, cure, or prevent any disease or health condition."
  },
  "rating": {
    "score": "3.9 out of 5",
    "dist": {
      "5 star": "56%",
      "4 star": "11%",
      "3 star": "15%",
      "2 star": "7%",
      "1 star": "11%"
    }
  },
  "top_comments": [
    {
      "date": "May 25, 2011",
      "title": "Perfect!!",
      "score": "5.0 out of 5 stars",
      "text": "I bought this for my boyfriend's grandmother's 90th birthday. Shipping was Prime, so that was super easy.It arrived nice and protected with a little sheer bow on it too. Of course, I took it off so I could arrange the things inside nicely and put it back on later. The items were nearly identical to the picture, a few minor changes - but nothing in a negative way! (I think the note pads had a different design but the same type of tone, and the biscuits were actually Truffle Cookies.) I LOVED that it came with a little white plastic rose/flower. I thought that would definitely just be in the ad, but it was really a nice touch!The box is beautiful. The painting is so soft and detailed, it really just looks handcrafted and personal. The clock works and looks amazing, just threw in a battery and it was easy to set. I can't rave about this box enough. I actually wouldn't mind having one too! It has a tiny bit of a cracked/distressed look, adding to the vintage/Victorian and personal feel of the whole thing.Unfortunately I wasn't able to see her face when she opened it, but the boyfriend says she LOVED it and wouldn't stop talking about it :) This was such a great gift. It was perfect and I'm so glad I found it!I know some reviewers were worried about the price, and it is kind of a lot for a gift basket, but you have to realize that you get a ton of stuff with it and the box itself absolutely makes it worth it! It's not some cheap wicker basket. It's so personal and thoughtful and definitely going to last a long time.",
      "helpfulness": "0"
    },
    {
      "date": "December 10, 2010",
      "title": "A nice box, but a little pricey!",
      "score": "3.0 out of 5 stars",
      "text": "I purchased this as a gift for someone.  The box is a nice sized box, however, the box itself does not look like the one in the advertised photo. The paint, which is supposedly hand painted, is not as deep in color and detail as in the photo and the roses are not as defined as in the photo.  I expected this gourmet \"food\" gift basket to be that!  There is no food, and since it is a gift basket, I expected the items to be displayed coming out of the box as in the photo to make it attractive looking.  The items inside are packed inside with the box lid closed.  I found this gift was nice, but was a little disappointed in it.  I also thought it was a bit pricey at $60.",
      "helpfulness": "10"
    },
    {
      "date": "May 1, 2014",
      "title": "Very Nice and Simple",
      "score": "5.0 out of 5 stars",
      "text": "I got this for my Mother for the b-day and she loved it. The box is made very nicely and it also has some other little gifts that are not shown in the picture and description. The lotions and wash all have a nice fragrance to them and they're not harsh or overpowering.",
      "helpfulness": "0"
    },
    {
      "date": "May 7, 2012",
      "title": "Do Not Buy! picture is a lot better than the actual product",
      "score": "1.0 out of 5 stars",
      "text": "I purchased this item for my company's Mother's Day raffle based upon pictures and positive reviews. I was running out of time, had no time to shop myself and so Amazon was the solution.  The item arrived damaged, not enough padding in the box, actually there was no padding at all.  The contents arrived all closed in the box too, not nicely displayed as in the picture. The items were cheap dollar store type items, not worth 49 bucks!I initially tried to return the item, only to get a response that this item is not eligible for return!!  After calling Amazon, I learned I could still get a refund, but that they would not accept the product back since it contains some food items.  I'm glad I got the credit back on my credit card, so I was able to get something else for this raffle instead.  My recommendation, go to the local gift shop and check out your purchase directly.  Do not get this item!",
      "helpfulness": "35"
    },
    {
      "date": "September 1, 2010",
      "title": "Birthday Gift",
      "score": "4.0 out of 5 stars",
      "text": "I bought this gift for my cousin who's celebrating her 80th birthday and she seems happy and pleased about it.  I'm kind of disappointed that in these days of age the standard shipping takes 7 full days. I guess i under estimated the standard shipping mail service (thought 4 or 5 days would be enough time)and she didn't receive on the date of her birthday.",
      "helpfulness": "4"
    },
    {
      "date": "December 12, 2011",
      "title": "WHERE'S THE BEEF????",
      "score": "2.0 out of 5 stars",
      "text": "I ordered this for my step MIL because online it looks like a full size gift box, and several of the other reviewers raved about how great it was so I thought I'd give it a try.  The box is a little on the small side but is decent. Once you open the shrink wrapped box to get everything out it looks VERY skimpy.  I paid almost $70 for it, and it looks like it might be worth $20 if that -- and that's only because of the box.  The \"truffles\" and \"english tea\" as well as the \"angel candles\" all look like they're from the dollar store.  I'm VERY disappointed with this product.",
      "helpfulness": "72"
    },
    {
      "date": "October 12, 2010",
      "title": "beautiful!",
      "score": "5.0 out of 5 stars",
      "text": "This was a fantastic gift basket.  The box is a great size and the food packed inside was tasty.  My daughter really likes it.  Oh, and the clock works too.  I would purchase from the company again.  I thought the shipping was rather high, but the quality makes up for it.",
      "helpfulness": "4"
    },
    {
      "date": "July 13, 2012",
      "title": "Perfect Feminine gift",
      "score": "5.0 out of 5 stars",
      "text": "This gift box is perfect for any girly girl on your list, teens to seniors. Petite, dainty and delicate feminine goody box. You will make a hit with this selection. Not for tomboys. Bought for myself, want more for gifts. Nice selection, ready to wrap or gift bag it.",
      "helpfulness": "One"
    }
  ]
}