{
  "product_title": "Concord Foods Original Roasted Potato Seasoning Mix: Elevate Your Potatoes with Spices, Garlic, and Herbs - Simply Mix, Bake, and Serve for Flavorful Potatoes 1.25 Oz",
  "byline_info": "Visit the Concord Foods Store",
  "product_description": "",
  "category": [
    "Grocery & Gourmet Food",
    "Pantry Staples",
    "Canned, Jarred & Packaged Foods",
    "Packaged Meals & Side Dishes",
    "Potatoes & Stuffings",
    "Potato Side Dishes"
  ],
  "alt_images": [
    "https://m.media-amazon.com/images/I/41yAQGYlA6L.jpg",
    "https://m.media-amazon.com/images/I/51THnjzWroL.jpg",
    "https://m.media-amazon.com/images/I/51pY-MireGL.jpg",
    "https://m.media-amazon.com/images/I/51Dw83vmJ9L.jpg",
    "https://m.media-amazon.com/images/I/51bSTYZPm3L.jpg",
    "https://m.media-amazon.com/images/I/51HB3Qio0OL.jpg"
  ],
  "product_detail": {
    "Is Discontinued By Manufacturer": "No",
    "Product Dimensions": "3 x 4 x 0.1 inches; 1.28 ounces",
    "Item model number": "4140900223",
    "UPC": "041409002233",
    "Manufacturer": "Concord Foods",
    "ASIN": "B0005YMUZY",
    "Units": "1.25 Ounce",
    "Best Sellers Rank": "#242,135 in Grocery & Gourmet Food (See Top 100 in Grocery & Gourmet Food) #206 in Packaged Potato Side Dishes",
    "#206 in Packaged Potato Side Dishes": "",
    "Customer Reviews": "4.6 4.6 out of 5 stars 208 ratings"
  },
  "important_information": {
    "Ingredients": "'SALT, DEHYDRATED GARLIC, SPICES, PAPRIKA, SOYBEAN OIL, MALTODEXTRIN (TAPIOCA, CORN), DEXTROSE, AUTOLYZED YEAST EXTRACT, PARSLEY, NATURAL FLAVOR''SALT, DEHYDRATED GARLIC, SPICES, PAPRIKA, SOYBEAN OIL, MALTODEXTRIN (TAPIOCA, CORN), DEXTROSE, AUTOLYZED YEAST EXTRACT, PARSLEY, NATURAL FLAVOR'",
    "Directions": "Mix seasoning with oil, lightly coat potatoes, bake at 400°F (200°C) for 25-30 minutes, and serve.Mix seasoning with oil, lightly coat potatoes, bake at 400°F (200°C) for 25-30 minutes, and serve.",
    "Legal Disclaimer": "Statements regarding dietary supplements have not been evaluated by the FDA and are not intended to diagnose, treat, cure, or prevent any disease or health condition.Statements regarding dietary supplements have not been evaluated by the FDA and are not intended to diagnose, treat, cure, or prevent any disease or health condition."
  },
  "rating": {
    "score": "4.6 out of 5",
    "dist": {
      "5 star": "77%",
      "4 star": "13%",
      "3 star": "4%",
      "2 star": "2%",
      "1 star": "4%"
    }
  },
  "top_comments": [
    {
      "date": "October 22, 2023",
      "title": "Excellent product",
      "score": "5.0 out of 5 stars",
      "text": "Fantastic taste",
      "helpfulness": "0"
    },
    {
      "date": "November 1, 2021",
      "title": "Cost to much for small package",
      "score": "5.0 out of 5 stars",
      "text": "Love mix Cost to much for package No longer sale in stores where I bought for $1.00 per package",
      "helpfulness": "0"
    },
    {
      "date": "August 9, 2018",
      "title": "Potatoes on the BBQ.",
      "score": "5.0 out of 5 stars",
      "text": "We use this seasoning on new small potatoes cut in half and rolled in evoo.  Then  sprinkle with seasoning and roast on the b-b-q The potatoes are placed in an aluminum pan and placed on the back of the BBQ.  About 25 minutes and potatoes are tender and brown.",
      "helpfulness": "One"
    },
    {
      "date": "May 29, 2023",
      "title": "Very good",
      "score": "4.0 out of 5 stars",
      "text": "Very good",
      "helpfulness": "0"
    },
    {
      "date": "November 15, 2020",
      "title": "The really dresses up plain potatoes.",
      "score": "5.0 out of 5 stars",
      "text": "When I serve potatoes for company they ask me what spices I used to make the potatoes taste so good.",
      "helpfulness": "0"
    },
    {
      "date": "October 19, 2020",
      "title": "Great",
      "score": "5.0 out of 5 stars",
      "text": "Looked for this in every grocery store and couldn't find it but it was on amazon!",
      "helpfulness": "0"
    },
    {
      "date": "November 22, 2019",
      "title": "great product",
      "score": "5.0 out of 5 stars",
      "text": "I bought this locally and now can not find, but this a great seasoning for make your own French fries",
      "helpfulness": "0"
    },
    {
      "date": "May 3, 2019",
      "title": "POTATOES",
      "score": "5.0 out of 5 stars",
      "text": "I love this stuff and this is the only place I can find it. Concord Foods, why have you foresaken me????",
      "helpfulness": "3"
    }
  ]
}