{
  "product_title": "Baklawa (Baklava) w/Pistachios, 60 Pieces",
  "byline_info": "Brand: MGDYSS",
  "product_description": "",
  "category": [
    "Grocery & Gourmet Food",
    "Breads & Bakery",
    "Desserts",
    "Baklava"
  ],
  "alt_images": [
    "https://m.media-amazon.com/images/I/3134YQ5TD0L.jpg"
  ],
  "product_detail": {
    "ASIN": "B0002HDM0G",
    "Units": "60.0 Count",
    "Customer Reviews": "4.2 4.2 out of 5 stars 8 ratings"
  },
  "important_information": {
    "Legal Disclaimer": "Statements regarding dietary supplements have not been evaluated by the FDA and are not intended to diagnose, treat, cure, or prevent any disease or health condition.Statements regarding dietary supplements have not been evaluated by the FDA and are not intended to diagnose, treat, cure, or prevent any disease or health condition."
  },
  "rating": {
    "score": "4.2 out of 5",
    "dist": {
      "5 star": "64%",
      "4 star": "22%",
      "3 star": "0%",
      "2 star": "0%",
      "1 star": "14%"
    }
  },
  "top_comments": [
    {
      "date": "March 7, 2008",
      "title": "Low quality . not fresh . excessively oily . worst ever had !!!",
      "score": "1.0 out of 5 stars",
      "text": "After reading the positive reviews I was tempted to try this. Dont consider buying this one or you will regret. It definitely was not fresh and on top of that it did not even taste good. Honestly, just not your moneys worth.",
      "helpfulness": "One"
    },
    {
      "date": "June 30, 2012",
      "title": "Great baklava for holiday parties or as a gift",
      "score": "4.0 out of 5 stars",
      "text": "This baklava is delicious! Had it around Christmas time last year and didn't find the batch to be excessively oily or low quality at all. It has a pinch of ground pistachio on the top which is a nice touch for your taste buds. I'm not a big fan of the sweets so this was perfect for my tastes. My mom even had me order two as holiday gifts (ordered a day after Christmas) and they arrived a week later.",
      "helpfulness": "One"
    },
    {
      "date": "December 12, 2012",
      "title": "LOVEEEEEEEEEEEEEE IT",
      "score": "5.0 out of 5 stars",
      "text": "Really testy treat. This is the first time my brother try Baklava in USA and we used to eat them a lot in the Middle East. He said this one better than the one from Middle East. So FIVE STARS",
      "helpfulness": "One"
    },
    {
      "date": "January 21, 2008",
      "title": "holiday gifts",
      "score": "4.0 out of 5 stars",
      "text": "I was late in ordering my holiday gifts and was told that the gifts might not be delivered before Christmas day. But to my utter surprise, everybody received their gifts before the holiday.I really admire their promptness.",
      "helpfulness": "0"
    },
    {
      "date": "February 25, 2013",
      "title": "Great buy!",
      "score": "5.0 out of 5 stars",
      "text": "Not only is this great tasing....the large box is exactly that.  It's huge.  This is a better value than I could have hoped for.  I'll definitely be buying more.",
      "helpfulness": "0"
    },
    {
      "date": "October 8, 2014",
      "title": "Five Stars",
      "score": "5.0 out of 5 stars",
      "text": "Delicious, flaky pastry",
      "helpfulness": "0"
    },
    {
      "date": "November 15, 2006",
      "title": "Baklava",
      "score": "5.0 out of 5 stars",
      "text": "I've ordered this several times...last year being the first time....it's some great stuff!!!!  One of the best baklava's I've ever had....and I've had many kinds!!!",
      "helpfulness": "4"
    },
    {
      "date": "December 24, 2007",
      "title": "LOVE THE BAKLAWA!",
      "score": "5.0 out of 5 stars",
      "text": "I ORDERED THIS FOR CHRISTMAS. IT ARIVED SUPER FAST, WAS VERY FRESH, AND THE BEST bAKLAWA I HAVE HAD.",
      "helpfulness": "0"
    }
  ]
}