{
  "product_title": "Annie Chun's Pad Thai Rice Noodles And Sauce, 8.1-Ounce Boxes (Pack of 6)",
  "byline_info": "Visit the Annie Chun's Store",
  "product_description": "Product Description   Pad Thai Noodle has a perfect balance of sweet, salty and spicy flavors. And paired with authentic rice noodles, it tastes like you spent hours in the kitchen. This wonderfully flavorful dish goes from stovetop to tabletop in minutes as a light dinner or special side dish. One favorite way to make it as a restaurant-style stir fry with all the trimmings - shrimp or chicken, tofu, eggs, green onions, bean sprouts, crushed peanuts and cilantro.   About the Brand   Annie Chun was born and raised in Seoul, Korea, and came to Northern California as a young adult, where her family owned and operated a top-rated Korean restaurant in San Francisco.  Annie began selling her signature Asian sauces at the Marin County Farmers' Market in the early '90s. It wasn't long before her loyal customers began to encourage her to start her own company and package the products for the retail market. So, in 1992, with $500 and a lot of help from friends and family, she founded Annie Chun's Gourmet Foods. Her goal was to deliver healthy, authentic Asian foods to Western consumers, and to make Asian cooking \"as easy to prepare as spaghetti\" for Americans. Many of her products are based on traditional recipes that have been part of her family for generations.  In 1997 Annie moved beyond Asian sauces, introducing the first line of specialty Asian pastas produced in the United States. Her award-winning products are now distributed throughout North America and in some parts of Europe. Annie lives with her husband and two children in Northern California.    \n  From the Manufacturer   Now it's quick and easy to make Pad Thai at home! This new meal kit includes popular Pad Thai Noodles with Pad Thai Sauce. Keep a stock of Annie's meal kits in your cupboard and you'll always have a delicious and healthy ten-minute meal available. About Annie Chun's Meal Kits As a mother with two young children, I understand today's time-pressured lives, and the great need for nutritious foods. And with my love for great cuisine, I never want to skimp on flavor. My solution? I created my line of meal kits with sauces and noodles. Just grab a meal kit, boil the noodles as directed, add sauce, then toss in sauteed vegetables and tofu or chicken and you're done. Healthy and delicious meals in less than ten minutes. Keep my meal kits in your cupboard, and you'll always have a delicious, quick meal available.   See more",
  "category": [
    "Grocery & Gourmet Food",
    "Pantry Staples",
    "Canned, Jarred & Packaged Foods",
    "Packaged Meals & Side Dishes",
    "Pasta & Noodle Dishes",
    "Noodle"
  ],
  "alt_images": [
    "https://m.media-amazon.com/images/I/51qGJQsdiYL.jpg"
  ],
  "product_detail": {
    "Package Dimensions": "10.5 x 7.9 x 7.1 inches; 3.49 Pounds",
    "Item model number": "765667311646",
    "UPC": "765667311646",
    "Manufacturer": "Annie Chun's",
    "ASIN": "B000E18CWI",
    "Units": "48.6 Ounce",
    "Customer Reviews": "3.5 3.5 out of 5 stars 27 ratings"
  },
  "important_information": {
    "Safety Information": "Product manufactured in a facility that uses peanuts.Product manufactured in a facility that uses peanuts.",
    "Ingredients": "Noodles: Rice flour, water. Sauce: brown sugar, water, tamarind, naturally brewed soy sauce (water, wheat, soybeans, salt), onion and shallot puree (onion, shallot, canola oil, citric acid), fish sauce (anchovy, salt, water), canola oil, tomato paste, rice vinegar, garlic, corn starch, lime juice concentrate, spices, onion powder. Product manufactured in a facility that uses peanuts.Noodles: Rice flour, water. Sauce: brown sugar, water, tamarind, naturally brewed soy sauce (water, wheat, soybeans, salt), onion and shallot puree (onion, shallot, canola oil, citric acid), fish sauce (anchovy, salt, water), canola oil, tomato paste, rice vinegar, garlic, corn starch, lime juice concentrate, spices, onion powder. Product manufactured in a facility that uses peanuts.",
    "Directions": "Stove Top: Bring 2-3 quarts water to a boil. Add noodles; boil 3-4 minutes, until tender. Drain noodles. Add just enough sauce from packet to coat noodles. Add more sauce to taste. Microwave: Place noodles in a 2-quart microwave-safe container with 4 cups water. Heat on high 9-10 minutes depending on microwave strength. Drain noodles. Add just enough sauce from packet to coat noodles. Add more sauce to taste. Store in a cool dry place. Avoid direct sunlight.Stove Top: Bring 2-3 quarts water to a boil. Add noodles; boil 3-4 minutes, until tender. Drain noodles. Add just enough sauce from packet to coat noodles. Add more sauce to taste. Microwave: Place noodles in a 2-quart microwave-safe container with 4 cups water. Heat on high 9-10 minutes depending on microwave strength. Drain noodles. Add just enough sauce from packet to coat noodles. Add more sauce to taste. Store in a cool dry place. Avoid direct sunlight.",
    "Legal Disclaimer": "Statements regarding dietary supplements have not been evaluated by the FDA and are not intended to diagnose, treat, cure, or prevent any disease or health condition.Statements regarding dietary supplements have not been evaluated by the FDA and are not intended to diagnose, treat, cure, or prevent any disease or health condition."
  },
  "rating": {
    "score": "3.5 out of 5",
    "dist": {
      "5 star": "42%",
      "4 star": "15%",
      "3 star": "14%",
      "2 star": "14%",
      "1 star": "15%"
    }
  },
  "top_comments": [
    {
      "date": "December 26, 2010",
      "title": "My Favorite!!",
      "score": "5.0 out of 5 stars",
      "text": "I love this meal!!  I add my own sauted vagetables, and it is simply marvelous.  I'm not big on heavy sauce, so I usually use about 80% of the sauce.  This is one of my favorite meals, and it's fairly quick and easy to prepare.  Amazon's price is also far better than I find in the stores.",
      "helpfulness": "0"
    },
    {
      "date": "June 13, 2016",
      "title": "Did not care for flavor.",
      "score": "1.0 out of 5 stars",
      "text": "I wasn't crazy about the flavor of this or any other Annie Chun foods. They are shelf-stable, and that's about the best thing I can say about them.",
      "helpfulness": "0"
    },
    {
      "date": "October 18, 2008",
      "title": "Not the best",
      "score": "2.0 out of 5 stars",
      "text": "I previously read submitted reviews, and I should have listened.  Especially to the one that stated he didn't get the organic product shown in the picture.  I too did not get the organic product.  I have seen it in the stores, and it has a much lower sodium content per serving.  I haven't been able to find it in a while so I thought I would buy it through Amazon.The product was the old stuff with an expiration date of 6 months from now.  Usually the product in the store carries and expiration date of a year, so that tells you something right away.The noodles are okay.  My family is not that particular, so it's a good side dish on ocassion.  If you are an expert on peanut noodles, this dish is not for you.  It's slightly gummy and thick.",
      "helpfulness": "3"
    },
    {
      "date": "July 5, 2007",
      "title": "Not terribly impressed...",
      "score": "3.0 out of 5 stars",
      "text": "After trying the 6 \"Meal Kits\" contained in this item, I've concluded the following:o The sauce is a tad \"brackish\" and doesn't leave me satisfied; I prefer a smoother, less salty tasteo The name \"meal kit\" is misleading, since one must (as others have noted) add the other 80% of what makes a true Pad Thaio The noodles never seem fully cooked if you merely follow the directions -- rather surprising, since the noodles otherwise look the same as those I buy (for home-made Pad Thai) from the Asian Marketo Home-made Pad Thai is infinitely better, so find a good recipe, and you'll understand that Annie Chun isn't saving you much time (or money) after allHope this helps a potential buyer.  We tried this item sight-unseen (it's not available at our local Whole Foods store), and kinda slogged through all six boxes over the course of a year.  Had we enjoyed them at all, they'd have disappeared quickly!",
      "helpfulness": "18"
    },
    {
      "date": "May 24, 2008",
      "title": "Authentic tasting easy to prepare meal",
      "score": "4.0 out of 5 stars",
      "text": "Originally bought this to be quick lunch but realized it's more of a dinner kit than lunch. Easy to prepare in about 10-15 mins. Very authentic tasting meal kit. Add some veggies to the noodles, this makes it taste just like noodles from Manchuwok or Panda Express. Great product, will buy more.",
      "helpfulness": "8"
    },
    {
      "date": "June 18, 2009",
      "title": "best chinese packaged noodles",
      "score": "5.0 out of 5 stars",
      "text": "This is deluxe packaged healthy noodles and black bean sauce.  Not so greasy as in most Chinese restaurants, and if one adds some veggies and meat, and take into consideration that it's somewhat a healthier food, this is then competitive in taste to restaurant quality black bean noodles.",
      "helpfulness": "0"
    },
    {
      "date": "February 10, 2012",
      "title": "Unsatisfying flavor --- and too much work",
      "score": "2.0 out of 5 stars",
      "text": "I've tried several of these Annie Chun noodle dishes and soups with noodles. I don't find any of them very good as compared with 'real' Asian food. Some aren't too bad when doctored with some soy sauce, hot sauce, or other sauce. And some aren't too bad for ease of preparation.This one isn't easily doctored, nor is it that fast/simple to make. Therefore I don't see any reason to keep in the pantry. If I don't feel like spending 20-30 minutes to make my own Asian food from scratch, I'll stick with better/easier ready-made products to keep on hand.",
      "helpfulness": "One"
    },
    {
      "date": "May 27, 2009",
      "title": "Tasty if not very spicy",
      "score": "3.0 out of 5 stars",
      "text": "I was hoping these noodles would have a little more kick than they did, but aside from being not as hot as I'd like, they're pretty tasty. I ended up adding some crushed red pepper flakes and that helped a bunch. Adding some scallions, mushrooms, and shrimp or chicken turns them into a nice meal. The noodles cook well but are only average in the flavor department. They won't make you feel like you got carry-out from your favorite Chinese place, but they're not awful either.Not the best Chow Mein you can get, but easy to make, and even easier to add your own fresh ingredients to, so all-in-all not a bad quick meal.",
      "helpfulness": "One"
    }
  ]
}