{
  "product_title": "Wasa Crisp’n Light 7 Grains Crispbread, 4.9 oz (Pack of 10), Crackers, Non-GMO Ingredients, 7 Grain Blend, 20 Calories per Slice",
  "byline_info": "Visit the Wasa Store",
  "product_description": "Simplify your snacking the Swedish way. Starting with a few simple ingredients, Wasa Crispbreads deliver a hearty crunch and pair perfectly with your favorite toppings. Much larger than a regular cracker, Wasa Crispbread stands up to any topping for your own culinary creations. They're baked to perfection for a hearty, satisfying crunch - sounds good! Fat free and available in 10 varieties, Wasa Crispbreads are a great substitute for bread or other snack crackers. Anything is Wasa-ble with wholesome, oven-baked crispbreads.",
  "category": [
    "Grocery & Gourmet Food",
    "Snacks & Sweets",
    "Snack Foods",
    "Crackers",
    "Flatbread"
  ],
  "alt_images": [
    "https://m.media-amazon.com/images/I/51BgVXfYh4L.jpg",
    "https://m.media-amazon.com/images/I/51PUeB3OcGL.jpg",
    "https://m.media-amazon.com/images/I/513tlAiEV-L.jpg",
    "https://m.media-amazon.com/images/I/51P5Ibm4-8L.jpg",
    "https://m.media-amazon.com/images/I/41zwaFd38RL.jpg",
    "https://m.media-amazon.com/images/I/51xVY3XjtCL.jpg",
    "https://m.media-amazon.com/images/I/41JfZd+ak3L.jpg"
  ],
  "product_detail": {
    "Is Discontinued By Manufacturer": "Yes",
    "Item model number": "000167",
    "Manufacturer": "Wasa",
    "ASIN": "B000EUJLHE",
    "Units": "49.0 Ounce",
    "Best Sellers Rank": "#6,536 in Grocery & Gourmet Food (See Top 100 in Grocery & Gourmet Food) #10 in Flatbread Crackers",
    "#10 in Flatbread Crackers": "",
    "Customer Reviews": "4.6 4.6 out of 5 stars 3,024 ratings"
  },
  "important_information": {
    "Safety Information": "Contains wheat. May contains traces of milk.This product is labelled to United States standards and may differ from similar products sold elsewhere in its ingredients, labeling and allergen warningsContains wheat. May contains traces of milk.This product is labelled to United States standards and may differ from similar products sold elsewhere in its ingredients, labeling and allergen warnings",
    "Ingredients": "Ingredients: Seven Grain Flour Blend (Wheat, Whole Grain Wheat, Whole Grain Rye, Yellow Corn, Whole Grain Barley, Spelt, Whole Grain Amaranth, Whole Grain Quinoa), Sugar, Apple Extract, Salt, Sunflower oil. *Adds a Trivial Amount of FatIngredients: Seven Grain Flour Blend (Wheat, Whole Grain Wheat, Whole Grain Rye, Yellow Corn, Whole Grain Barley, Spelt, Whole Grain Amaranth, Whole Grain Quinoa), Sugar, Apple Extract, Salt, Sunflower oil. *Adds a Trivial Amount of Fat",
    "Legal Disclaimer": "Statements regarding dietary supplements have not been evaluated by the FDA and are not intended to diagnose, treat, cure, or prevent any disease or health condition.Statements regarding dietary supplements have not been evaluated by the FDA and are not intended to diagnose, treat, cure, or prevent any disease or health condition."
  },
  "rating": {
    "score": "4.6 out of 5",
    "dist": {
      "5 star": "83%",
      "4 star": "7%",
      "3 star": "4%",
      "2 star": "2%",
      "1 star": "4%"
    }
  },
  "top_comments": [
    {
      "date": "November 19, 2023",
      "title": "Wholesome Crunch with Versatile Appeal",
      "score": "5.0 out of 5 stars",
      "text": "Wasa Crispbread, Multi-Grain, 9.7 OunceThe Wasa Multi Grain Crispbread has become a staple in my pantry for its wholesome goodness and versatile uses. This pack of 12 offers a substantial supply for daily snacking or incorporating into various meals.Texture & Taste:The crispbread delivers a satisfying crunch with a robust mix of grains that adds a delightful texture. The blend of rye, oats, barley, and wheat lends a distinct nutty flavor, making it a great canvas for both savory and sweet toppings.Nutritional Value:One of the standout features is its nutritional profile. Low in calories and high in fiber, these crispbreads are a guilt-free option for anyone conscious of their health. The whole grains make for a filling snack that keeps hunger at bay.Versatility:The versatility of these crispbreads is truly remarkable. They serve as a fantastic base for various toppings, from classic cheese and spreads to more adventurous combinations like avocado and smoked salmon. Additionally, they can be crumbled and used as a crunchy coating for meats or as a healthy alternative to breadcrumbs.Packaging & Shelf Life:The packaging ensures the crispbreads remain fresh and crispy for an extended period. However, once opened, it's advisable to store them in an airtight container to maintain their crispness over time.Conclusion:In conclusion, Wasa Multi Grain Crispbread offers a nutritious and flavorful snacking option that complements a healthy lifestyle. Its versatility makes it a kitchen essential, whether as a standalone snack or a creative ingredient in various recipes.Pros:- Nutritious with a good blend of whole grains- Versatile for various toppings and recipes- Long shelf life and sturdy packagingCons:- Can lose some crispiness if not stored properly after openingOverall, this pack of 12 Wasa Multi Grain Crispbread is a value-for-money purchase that I highly recommend for health-conscious individuals seeking a tasty, crunchy, and versatile snack option.",
      "helpfulness": "9"
    },
    {
      "date": "August 1, 2025",
      "title": "low price & quality",
      "score": "5.0 out of 5 stars",
      "text": "Tasty & healthy",
      "helpfulness": "0"
    },
    {
      "date": "August 18, 2025",
      "title": "Nice and crispy",
      "score": "5.0 out of 5 stars",
      "text": "This flatbread, it's nice and crispy, and it goes very well with just about any kind of cheese. I also use it with lunch, meats and peanut butter and jelly. I keep it in the house because it's very good with cheese, and also, in case I run out of bread. You can't just keep bread in the cupboard. And have it last for a long time. But you can with these.",
      "helpfulness": "0"
    },
    {
      "date": "August 16, 2025",
      "title": "Better than toast",
      "score": "5.0 out of 5 stars",
      "text": "Perfect substitute for toast. Crispy and crunchy hold fillings well.",
      "helpfulness": "0"
    },
    {
      "date": "July 21, 2025",
      "title": "Very Good",
      "score": "5.0 out of 5 stars",
      "text": "These Sourdough Bread Crisps arrived fast and unbroken.  Very well packed.  Tastes great with peanut butter, cheese, even make a small sandwich.  They tend to be my go-to snack when I need something to chew.  Vert fresh; and expiration was in 2026 (from 7/2025).",
      "helpfulness": "0"
    },
    {
      "date": "March 4, 2025",
      "title": "Absolutely stupendous!",
      "score": "5.0 out of 5 stars",
      "text": "These are crisp and crunchy, yet they break where my teeth crunch without dumping the rest of the cracker (and topping) in my lap. They're a great lunch or light dinner idea: I've been known to mix a can of tuna with oil into mayo and slather it on the crackers. Or I've smashed a fresh avocado with mayo and, again, slathered. Best of all, this variety of WASA has 3 grams of fiber PER CRACKER! This is right up there with beans and avocados in terms of my fiber needs. I've also found that, if kept in the paper wrapping, they stay crunchy a long time (like about a year in the basement before I could start eating grains again). Seriously...give them a try!",
      "helpfulness": "2"
    },
    {
      "date": "February 7, 2025",
      "title": "Healthy snack",
      "score": "4.0 out of 5 stars",
      "text": "They are airy, crisp and crunchy to eat. Low calorie low carb grain cracker.  It is alittle dry but with jelly, cream cheese, coconut spread or butter it works great.  Now if you put something more liquidy (such as sauerkraut or crumbled in soup it with go soft quickly) which isn’t necessarily a bad thing. I make Ruben’s with them and they are easier to eat softer.  I eat them quick but in soup I imagine they eventually dissolve.  I like them and don’t eat allot of grains because of the carbs but I enjoy these rye crackers at least once a week and be happy to eat them everyday because of the crunch and they make a nice little snack.",
      "helpfulness": "0"
    },
    {
      "date": "July 29, 2025",
      "title": "Great product!",
      "score": "5.0 out of 5 stars",
      "text": "I have had this brand before bought at the grocery but most stores are limited on shelf space and the different flavors are not sold all the time. Quality is good, one of my favorite crackers.  No, problems in the shipment and very quick receiving.  No, broken up crackers.",
      "helpfulness": "0"
    }
  ]
}