{
  "product_title": "Torani Coffee Syrup, Sugar free Almond Roca Flavored Syrup for Drinks 25.4 oz",
  "byline_info": "Visit the Torani Store",
  "product_description": "Torani Sugar Free Syrups are made with the finest ingredients including all-natural flavor, purified water and Splenda Brand Sweetener.",
  "category": [
    "Grocery & Gourmet Food",
    "Beverages",
    "Beverage Syrups & Concentrates",
    "Syrups"
  ],
  "alt_images": [
    "https://m.media-amazon.com/images/I/31obLGOIRsL.jpg",
    "https://m.media-amazon.com/images/I/31P2wFEOZVL.jpg",
    "https://m.media-amazon.com/images/I/21SWOjxDGiL.jpg",
    "https://m.media-amazon.com/images/I/31aEDjKxHpL.jpg",
    "https://m.media-amazon.com/images/I/31wDreKFLXL.jpg"
  ],
  "product_detail": {
    "Is Discontinued By Manufacturer": "No",
    "Product Dimensions": "2.76 x 2.76 x 11.81 inches; 2.6 Pounds",
    "Item model number": "089036321051",
    "UPC": "089036321051",
    "Manufacturer": "TORANI",
    "ASIN": "B00548NOK6",
    "Units": "25.4 Fluid Ounces",
    "Best Sellers Rank": "#34,387 in Grocery & Gourmet Food (See Top 100 in Grocery & Gourmet Food) #405 in Syrups",
    "#405 in Syrups": "",
    "Customer Reviews": "4.4 4.4 out of 5 stars 600 ratings"
  },
  "important_information": {
    "Legal Disclaimer": "Statements regarding dietary supplements have not been evaluated by the FDA and are not intended to diagnose, treat, cure, or prevent any disease or health condition.Statements regarding dietary supplements have not been evaluated by the FDA and are not intended to diagnose, treat, cure, or prevent any disease or health condition."
  },
  "rating": {
    "score": "4.4 out of 5",
    "dist": {
      "5 star": "71%",
      "4 star": "11%",
      "3 star": "10%",
      "2 star": "1%",
      "1 star": "7%"
    }
  },
  "top_comments": [
    {
      "date": "July 14, 2025",
      "title": "Sugar free",
      "score": "5.0 out of 5 stars",
      "text": "Very tasty item.Packaged well; arrived on time and without incident.",
      "helpfulness": "One"
    },
    {
      "date": "August 2, 2025",
      "title": "Great product",
      "score": "5.0 out of 5 stars",
      "text": "Arrived as expected. Packaged well. Very happy with purchase!",
      "helpfulness": "0"
    },
    {
      "date": "March 20, 2025",
      "title": "Great taste and no sugar.",
      "score": "5.0 out of 5 stars",
      "text": "This not only tastes great in coffee, but works well in hot chocolate  and can be mixed with milk or yogurt to have with cereal or oatmeal.  It doesn't need refrigeration and the large bottle lasts a long time.  We have tried several flavors of this brand and have enjoyed every one.  They're a great value for the price.",
      "helpfulness": "2"
    },
    {
      "date": "October 2, 2024",
      "title": "Torani Sugar-free Syrup",
      "score": "4.0 out of 5 stars",
      "text": "I bought the sugar-free version of this syrup.  Good in coffee.",
      "helpfulness": "0"
    },
    {
      "date": "February 26, 2020",
      "title": "Sugar-Free flavors are a must have, especially for Keto!",
      "score": "5.0 out of 5 stars",
      "text": "Glass bottles were packaged well in thick bubble wrap and arrived quickly and unexpired.  I bought 5 flavors, 3 of which arrived so I’ll share my opinion of those.Sugar-Free Almond Roca: 5/5, great nutty flavor and subtle almond hint.  It’s not too sweet and it is a lovely coffee flavoring.  I’ve never had the candy but other reviews say it is very reminiscent in flavor. LOVE!Sugar-Free Almond: 4/5, If you haven’t noticed, I’m a huge almond fan, and this flavor doesn’t disappoint.  It does have a -slight- medicinal flavor if you taste it by itself or if you use too much, but if you don’t overdo it it’s a fantastic coffee flavoring that is both aromatic and sweet, but not too sweet.Sugar-Free Hazelnut: 5/5, This one is a tried and true favorite with a beautiful nutty aroma and flavor.  It has the least “sugar-free” taste and is easily the most popular flavor of SF syrups Torani has to offer.  Can’t go wrong here.Buy the gold pumps, they work great and make you feel like a real at home Barista ;) You may have to use some syrup before inserting the pumps as they can cause the bottles to overflow, a small sacrifice imo.  I also ordered SF Smores and SF Cinnamon Vanilla, and I’ll gladly update you all on my evaluation of the flavors after they arrive!",
      "helpfulness": "30"
    },
    {
      "date": "April 10, 2025",
      "title": "Flavor is ok",
      "score": "3.0 out of 5 stars",
      "text": "Customer service and shipping time was good. The flavor was not as good as I expected.",
      "helpfulness": "0"
    },
    {
      "date": "April 30, 2025",
      "title": "Artificial sweetener flavored",
      "score": "1.0 out of 5 stars",
      "text": "The only flavor is artificial sweetener! I used it twice and tossed it. Yuck!",
      "helpfulness": "0"
    },
    {
      "date": "September 9, 2025",
      "title": "Love it!!!",
      "score": "5.0 out of 5 stars",
      "text": "Love!!! One this flavor syrup is amazing!!!",
      "helpfulness": "0"
    }
  ]
}