{
  "product_title": "Renfro Fine Foods Salsa, Green, 16 Ounce (Pack of 6)",
  "byline_info": "Brand: Renfro Fine Foods",
  "product_description": "Mrs. Renfro Salsa Green - 16 ounce -- 6 per case. A unique salsa verde made with jalapeno peppers hot and tangy excellent on eggs.",
  "category": [
    "Grocery & Gourmet Food",
    "Snacks & Sweets",
    "Snack Foods",
    "Salsas, Dips & Spreads",
    "Salsas"
  ],
  "alt_images": [
    "https://m.media-amazon.com/images/I/51expVP6weL.jpg",
    "https://m.media-amazon.com/images/I/51expVP6weL.jpg"
  ],
  "product_detail": {
    "Package Dimensions": "10.12 x 6.81 x 5.63 inches; 9.84 Pounds",
    "UPC": "041235000632",
    "Manufacturer": "Millbrook Distribution Services Inc.",
    "ASIN": "B0005ZUM9Y",
    "Units": "96 Ounce",
    "Best Sellers Rank": "#455,896 in Grocery & Gourmet Food (See Top 100 in Grocery & Gourmet Food) #1,344 in Snack Food Salsas",
    "#1,344 in Snack Food Salsas": "",
    "Customer Reviews": "5.0 5.0 out of 5 stars 6 ratings"
  },
  "important_information": {
    "Ingredients": "'JALAPENO PEPPERS, WATER, ONIONS, DISTILLED VINEGAR, CORN STARCH, SALT, SPICES, GARLIC.''JALAPENO PEPPERS, WATER, ONIONS, DISTILLED VINEGAR, CORN STARCH, SALT, SPICES, GARLIC.'",
    "Legal Disclaimer": "Statements regarding dietary supplements have not been evaluated by the FDA and are not intended to diagnose, treat, cure, or prevent any disease or health condition.Statements regarding dietary supplements have not been evaluated by the FDA and are not intended to diagnose, treat, cure, or prevent any disease or health condition."
  },
  "rating": {
    "score": "5 out of 5",
    "dist": {
      "5 star": "100%",
      "4 star": "0%",
      "3 star": "0%",
      "2 star": "0%",
      "1 star": "0%"
    }
  },
  "top_comments": [
    {
      "date": "October 5, 2014",
      "title": "Best Salsa you will find",
      "score": "5.0 out of 5 stars",
      "text": "A little dab will do you.. but it is SO good. Buy it and buy as much as you can. It is well worth it. When I buy Mexican from the local drive through and they ask \"Do you want hot sauce with that?\" I always do a bit of a secret smile when I say no thank you.... and think to myself.. I've got the good stuff at home. :-)It goes great on eggs, sandwiches, tacos, burritos, tostadas, you name it. I even put it on pizza.",
      "helpfulness": "0"
    },
    {
      "date": "September 4, 2020",
      "title": "Flavor and heat",
      "score": "5.0 out of 5 stars",
      "text": "Our favorite salsa...great flavor with heat.",
      "helpfulness": "0"
    },
    {
      "date": "July 22, 2013",
      "title": "Best Green Salsa, Ever!",
      "score": "5.0 out of 5 stars",
      "text": "I use this with egg whites, most mornings... just the right heat and zing. They no longer seem to stock Brooklyn stores so I have to get it here... when I can't get it and use other brands, the day is just not quite the same!",
      "helpfulness": "0"
    },
    {
      "date": "February 1, 2006",
      "title": "Best Ever.",
      "score": "5.0 out of 5 stars",
      "text": "I used to buy this at a grocery store that i worked at, back in TX...  Me and my buddies would go through, typically, 2-3 jars a week, just hanging out and watchin movies.  Mrs Renfro's is THE salsa of choice.  I ate a whole jar last night, and might hit another tonight!",
      "helpfulness": "0"
    },
    {
      "date": "July 31, 2005",
      "title": "Woooooooooo!",
      "score": "5.0 out of 5 stars",
      "text": "I love this green salsa. Our local grocery store carries it, and the taste is wonderful. Warning though: Mrs. Renfro will burn your tongue off. This is not a salsa for the meek.  Mrs. Renfro's Gourmet Green Salsa is literally one of the hottest food products I have ever eaten. After about 10 chips the burn kicks in. After 20 chips, you are doing the follow routine: dip chip, eat chip, swallow, drink water, pant, pant, wipe brow, take a few deep breathes, wipe brow, pant, yell \"woooooooo!\", and repeat.Wonderful taste, and a perfect gift for the hot food lover on your gift list.",
      "helpfulness": "0"
    },
    {
      "date": "August 6, 2005",
      "title": "Smokin- from beginning to....",
      "score": "5.0 out of 5 stars",
      "text": "My favorite Salsa if a bit overpriced here. Gives things a kick, but is thick enough to also put on tortilla chips. Mrs Renfro isn't like some of the wussy companies putting out boring, tasteless salsas though its still pretty far from \"gourmet\".I recommend their Nacho cheese sauce as well (way better than the canned crap Campbells or anyone else puts out).I have some really interesting bathroom stories from this stuff.. hehhehee..",
      "helpfulness": "0"
    }
  ]
}