{
  "product_title": "Golden Dragon - Finest Chrysanthemum Pu Erh Tea Leaf Loose Tea - 5.3 Oz",
  "byline_info": "Brand: Golden Dragon",
  "product_description": "a specially selected of buds and young leaves of tea prepared with traditional sanitary method giving the most fragrant flavor.",
  "category": [
    "Grocery & Gourmet Food",
    "Beverages",
    "Tea",
    "Black"
  ],
  "alt_images": [
    "https://m.media-amazon.com/images/I/51hGQNcQzeL.jpg",
    "https://m.media-amazon.com/images/I/513ug674IPL.jpg",
    "https://m.media-amazon.com/images/I/51NjVtKvmVL.jpg",
    "https://m.media-amazon.com/images/I/51s1N+JlKhL.jpg",
    "https://m.media-amazon.com/images/I/51DZw0ktzcL.jpg",
    "https://m.media-amazon.com/images/I/31w8K-q1w3L.jpg",
    "https://m.media-amazon.com/images/I/41lQdDWMloL.jpg"
  ],
  "product_detail": {
    "Is Discontinued By Manufacturer": "No",
    "Package Dimensions": "4.6 x 3.5 x 3.4 inches; 5.3 ounces",
    "ASIN": "B0009TQC90",
    "Units": "5.3 Ounce",
    "Customer Reviews": "3.2 3.2 out of 5 stars 21 ratings"
  },
  "important_information": {
    "Legal Disclaimer": "Statements regarding dietary supplements have not been evaluated by the FDA and are not intended to diagnose, treat, cure, or prevent any disease or health condition.Statements regarding dietary supplements have not been evaluated by the FDA and are not intended to diagnose, treat, cure, or prevent any disease or health condition."
  },
  "rating": {
    "score": "3.2 out of 5",
    "dist": {
      "5 star": "28%",
      "4 star": "10%",
      "3 star": "32%",
      "2 star": "20%",
      "1 star": "10%"
    }
  },
  "top_comments": [
    {
      "date": "January 7, 2012",
      "title": "Not exactly what I had hoped",
      "score": "3.0 out of 5 stars",
      "text": "Being the cough and cold season, I wanted/needed some chrysanthemum tea - a drink that I learned to love while in Penang, Malaysia. The dried flower tisane, available from my local Chinese herbalist, helped to soothe coughing quite effectively but it is a little pricey.Seeing this listing on Amazon for \"finest quality\" quality tea at a reasonable price, I ordered a can for home and at work. The listed product is (apparently) a dark, well-fermented tea that is slightly flavored with a few chrysanthemum blossoms. It has a not particularly great flavor, and is not the product that I was seeking.",
      "helpfulness": "2"
    },
    {
      "date": "January 11, 2013",
      "title": "pleasantly surprised",
      "score": "5.0 out of 5 stars",
      "text": "Somehow I purchased this thinking I was getting Chrysanthemum Tea. I did not. Upon opening the tin I was shocked to see all these black leaves with maybe 4 blossoms in the whole tin. I brewed the tea and hated it. I checked the label, found and searched the term \"Pu Erh Tea\". Hmmmmm....following someone's direction on brewing the tea...for only a short period of time or it tastes nasty (yes, it does) I was converted.... nice! And yes, you can even \"re-dunk\" your tea and get another cup or two...",
      "helpfulness": "2"
    },
    {
      "date": "March 29, 2020",
      "title": "Just a tiny amount of chrysanthemum and the Pu Erh is not of good quality",
      "score": "2.0 out of 5 stars",
      "text": "Once you open the jar you'll see a a couple chrysanthemum leaves laying on top and that's about the amount of chrysanthemum you get. It certainly doesn't have any taste of it at all. The Pu Erh is just so so, not even as good as the free tea you get in Chinese restaurants. I don't recommend it.",
      "helpfulness": "0"
    },
    {
      "date": "December 26, 2010",
      "title": "not so sure",
      "score": "1.0 out of 5 stars",
      "text": "when i opened this, it smelled like fish.  i thought it might be the tin, so i brewed a cup to check.  it reeked of fish even more, then.  had to return....gotta love amazon....",
      "helpfulness": "One"
    },
    {
      "date": "June 13, 2014",
      "title": "Nice",
      "score": "4.0 out of 5 stars",
      "text": "Too little of chrysanthemums otherwise nice. Especially for the price.Pu Erh is typical cheap pu erh. Overall I am satisfied.",
      "helpfulness": "0"
    },
    {
      "date": "January 28, 2021",
      "title": "fragrance like mown grass and horse manure",
      "score": "3.0 out of 5 stars",
      "text": "Before steeped the tea smells fine, pungent, flowery.  Once steeped it's rather disconcerting to note tones of mown grass and horse manure!  Doesn't taste too bad though...Purchased in 2019.  Nice container.",
      "helpfulness": "0"
    },
    {
      "date": "November 20, 2014",
      "title": "Love Golden Dragon's teas",
      "score": "5.0 out of 5 stars",
      "text": "Love Golden Dragon's teas.  Their Pu-ehr tea (Yunnan) tea is lovely.  Just the right amount of smoky flavor.  The 5 oz 0f tea lasts a long time, and the pretty canisters decorate the top of my kitchen cabinets as a bonus!",
      "helpfulness": "2"
    },
    {
      "date": "December 18, 2012",
      "title": "Different",
      "score": "3.0 out of 5 stars",
      "text": "I can taste a little bit of Chrysanthemum, but there is something else in it as well that I don't like it.  It's not horrible, but it's not what I expected from the ones in restaurant.",
      "helpfulness": "0"
    }
  ]
}