{
  "product_title": "Milk Chocolate Rocks 3 pound bag (48 ounces of candy coated chocolate pebbles)",
  "byline_info": "Brand: Escape Concepts",
  "product_description": "These beautiful milk chocolate candy pebbles look like the real thing! They taste great. They make great favors and gifts for themed events, such as golf or garden. They also make great decorations for cakes, cookies, and cupcakes. They range in size from ~.25\" to ~1.5\" These are handmade, therefore no two are exactly alike! There will be lot to lot variations. These are also known as candy rocks, chocolate rocks, chocolate pebbles, rock candy, and rock chocolates, but they are OUR candy pebbles! And they are delicious!",
  "category": [
    "Grocery & Gourmet Food",
    "Snacks & Sweets",
    "Chocolate Candy",
    "Assortment Boxes"
  ],
  "alt_images": [
    "https://m.media-amazon.com/images/I/51FFGYKPgXL.jpg",
    "https://m.media-amazon.com/images/I/51TZwVKwg6L.jpg",
    "https://m.media-amazon.com/images/I/41xTSkJRteL.jpg",
    "https://m.media-amazon.com/images/I/51yZhc0PcCL.jpg",
    "https://m.media-amazon.com/images/I/51vaB2A2L4L.jpg"
  ],
  "product_detail": {
    "Is Discontinued By Manufacturer": "No",
    "Package Dimensions": "8.4 x 5.3 x 3.6 inches; 3 Pounds",
    "Item model number": "3570509",
    "UPC": "767563570509",
    "Manufacturer": "Escape Concepts",
    "ASIN": "B00069IHO6",
    "Units": "48 Ounce",
    "Best Sellers Rank": "#655,844 in Grocery & Gourmet Food (See Top 100 in Grocery & Gourmet Food) #6,660 in Chocolate Candy Assortment Boxes",
    "#6,660 in Chocolate Candy Assortment Boxes": "",
    "Customer Reviews": "4.6 4.6 out of 5 stars 143 ratings"
  },
  "important_information": {
    "Legal Disclaimer": "Statements regarding dietary supplements have not been evaluated by the FDA and are not intended to diagnose, treat, cure, or prevent any disease or health condition.Statements regarding dietary supplements have not been evaluated by the FDA and are not intended to diagnose, treat, cure, or prevent any disease or health condition."
  },
  "rating": {
    "score": "4.6 out of 5",
    "dist": {
      "5 star": "85%",
      "4 star": "5%",
      "3 star": "3%",
      "2 star": "4%",
      "1 star": "3%"
    }
  },
  "top_comments": [
    {
      "date": "June 28, 2013",
      "title": "Your rocks rock!",
      "score": "5.0 out of 5 stars",
      "text": "I bought these to make favors for a wedding rehearsal dinner for my son and his new wife.  She is a geologist and he loves dinosaurs.  So I had a friend of mine make decorated dinosaur cookies, I put some of the candy \"rocks\" in a baggie, tucked the dinosaur in to make it look like he was standing on rocks and sealed it with a fun label with their names and the date of the wedding.  They were adorable.  The candy was delicious with a great texture and they arrived quickly and in good condition.  Thanks for helping me make a really cute favor for our guests.",
      "helpfulness": "One"
    },
    {
      "date": "July 23, 2012",
      "title": "Taste like M&M's",
      "score": "5.0 out of 5 stars",
      "text": "These are great. I ordered these for a nautical themed bridal shower to give away as favors. They look like they shouldn't be edible, just like stones, but they taste great. Exactly like M&Ms to be exact, and who doesn't like M&M's? There were some that were broken in the bottom, the seller shipped in a bag and I think if these were shipped in a box there would be less broken,... but there are 3 pounds of them, so the broken ones are essentially negligible. The centers were slightly melted, but it was hot out and this did not destroy the integrity of the product. Some time inside room temperature or a refrigerator would solve this problem anyway. I would recommend these.",
      "helpfulness": "0"
    },
    {
      "date": "November 17, 2016",
      "title": "The candy is great, but does not come packaged as pictured",
      "score": "2.0 out of 5 stars",
      "text": "The candy is great, but does not come packaged as pictured.  Comes packed in a clear bag which ruined my idea for using it for gift giving.",
      "helpfulness": "One"
    },
    {
      "date": "January 11, 2013",
      "title": "Good tasting",
      "score": "4.0 out of 5 stars",
      "text": "I bought these for goodie bags for a dino themed birthday party. They candy tasted good and was loved by both children and adults. The colors are vibrant and make a great little gift. I live in the south and had them shipped when it was warm out, and they didn't melt during shipping.",
      "helpfulness": "0"
    },
    {
      "date": "October 17, 2012",
      "title": "Very poor quality",
      "score": "1.0 out of 5 stars",
      "text": "I ordered these rocks for my grandson's birthday.  I was charged for a 3lb bag and received a 1lb bag.  Half of the candy was melted together into one large piece.  The rest of it was broken and unattractive.  The candy is very good but the condition was very bad.  This is the first time in 3 years of shopping on Amazon that I have ever had to return anything.  The other reviews are very good because the candy itself is very good.  I was so disappointed.",
      "helpfulness": "2"
    },
    {
      "date": "July 11, 2013",
      "title": "Not quite what I was expecting, but they were okay",
      "score": "3.0 out of 5 stars",
      "text": "The rocks were okay, but not nearly as large or as realistic looking as some I'd bought at Wal-mart before.  I've bought the others about three different times and then they stopped carrying them... I make specialty cakes and I was glad to find the ones here, and they were okay.....just not quite as good as what I'd had before.  I guess the main issue was the size.",
      "helpfulness": "One"
    },
    {
      "date": "December 27, 2015",
      "title": "Good flavor & really look like rocks!",
      "score": "5.0 out of 5 stars",
      "text": "Bought these for a Minecraft themed birthday.  They were a hit with the kids!  If you purchase in the hot summer months, be sure to pull theme from your box ASAP after delivery as they will begin to melt; however, they looked great!  Even some of the adults were wondering if they were \"real\" rocks.  And the flavor of the chocolate was good, not chalky like other products I've tasted in the past.",
      "helpfulness": "0"
    },
    {
      "date": "December 1, 2014",
      "title": "Excellent Taste and Pretty Too!!",
      "score": "5.0 out of 5 stars",
      "text": "Everyone LOVED these. I had people taking baggies home with them and asking where I ordered. Used them as a snack for a dinosaur birthday party and decoration for the cake. They were very tastey. Much better quality than I expected and were pretty to look at. I was pleasantly surprised. Would order again for any occasion.",
      "helpfulness": "0"
    }
  ]
}