{
  "product_title": "Danish Lurpak Butter - Unsalted (8 ounce)",
  "byline_info": "Brand: Lurpak",
  "product_description": "",
  "category": [
    "Grocery & Gourmet Food",
    "Dairy, Eggs & Plant-Based Alternatives",
    "Butter, Margarine & Plant-Based Alternatives",
    "Butter"
  ],
  "alt_images": [
    "https://m.media-amazon.com/images/I/418ydWDCSKL.jpg"
  ],
  "product_detail": {
    "Is Discontinued By Manufacturer": "No",
    "Item Weight": "8 ounces",
    "Manufacturer": "igourmet",
    "ASIN": "B0000TU6P0",
    "Units": "8 Ounce",
    "Best Sellers Rank": "#251,489 in Grocery & Gourmet Food (See Top 100 in Grocery & Gourmet Food) #240 in Butter",
    "#240 in Butter": "",
    "Customer Reviews": "4.0 4.0 out of 5 stars 32 ratings"
  },
  "important_information": {
    "Legal Disclaimer": "Statements regarding dietary supplements have not been evaluated by the FDA and are not intended to diagnose, treat, cure, or prevent any disease or health condition.Statements regarding dietary supplements have not been evaluated by the FDA and are not intended to diagnose, treat, cure, or prevent any disease or health condition."
  },
  "rating": {
    "score": "4 out of 5",
    "dist": {
      "5 star": "64%",
      "4 star": "12%",
      "3 star": "8%",
      "2 star": "0%",
      "1 star": "16%"
    }
  },
  "top_comments": [
    {
      "date": "January 12, 2021",
      "title": "Adds even more flavor!",
      "score": "5.0 out of 5 stars",
      "text": "Made some awesome cookies with this butter!! Made alllll the difference!!!!",
      "helpfulness": "3"
    },
    {
      "date": "November 2, 2018",
      "title": "Expensive, buy it in a supermarket",
      "score": "5.0 out of 5 stars",
      "text": "Best butter ever",
      "helpfulness": "3"
    },
    {
      "date": "July 3, 2010",
      "title": "Received melted",
      "score": "1.0 out of 5 stars",
      "text": "I am sure this is delicious as it had been recommended to me.However, it was completely melted when I received it, thepackage did not state PERISHABLE and the postage was expensive.I would not buy from this particular site again.",
      "helpfulness": "14"
    },
    {
      "date": "November 23, 2019",
      "title": "Can't beat butter.",
      "score": "5.0 out of 5 stars",
      "text": "Love the taste,smoothand creamy. REALLY A NATURAL TASTE . No salt ,even better.,.",
      "helpfulness": "One"
    },
    {
      "date": "December 13, 2021",
      "title": "Delicious but way too expensive!",
      "score": "4.0 out of 5 stars",
      "text": "Just love Lurpak butter, the best! However the price is way too expensive. Will buy it again only if the price goes down!",
      "helpfulness": "One"
    },
    {
      "date": "October 18, 2016",
      "title": "Five Stars",
      "score": "5.0 out of 5 stars",
      "text": "BETTER THAN REGULAR BUTTER",
      "helpfulness": "0"
    },
    {
      "date": "May 19, 2018",
      "title": "Three Stars",
      "score": "3.0 out of 5 stars",
      "text": "Does not beat \"PLUGRAS\" made in the US.  Will not buy it again",
      "helpfulness": "One"
    },
    {
      "date": "August 3, 2016",
      "title": "OK",
      "score": "5.0 out of 5 stars",
      "text": "OK",
      "helpfulness": "0"
    }
  ]
}