{
  "product_title": "Blue Buffalo Life Protection Formula Large Breed Puppy Dry Dog Food with DHA, Vital Nutrients & Antioxidants, Made with Natural Ingredients, Chicken & Brown Rice Recipe, 15-lb. Bag",
  "byline_info": "Visit the Blue Buffalo Store",
  "product_description": "Give your puppy a healthy start with the delicious taste of BLUE Life Protection Formula Large Breed Puppy Dog Food, Chicken & Brown Rice Recipe. This natural dog food is formulated with real chicken as the first ingredient to help your new pup grow and play. The large breed puppy food promotes healthy muscle growth and proper bone development. It's also MADE WITH DHA and ARA, fatty acids found in mother's milk, to help support cognitive and retinal development. And like all Blue Buffalo puppy food recipes, the large breed puppy food contains no chicken (or poultry) by-product meals and no corn, wheat, or soy.",
  "category": [
    "Pet Supplies",
    "Dogs",
    "Food",
    "Dry"
  ],
  "alt_images": [
    "https://m.media-amazon.com/images/I/515JJ9ZDJpL.jpg",
    "https://m.media-amazon.com/images/I/41aZ09jX+yL.jpg",
    "https://m.media-amazon.com/images/I/41g1q1ggR2L.jpg",
    "https://m.media-amazon.com/images/I/31KU7UdedBL.jpg",
    "https://m.media-amazon.com/images/I/51gFB03+icL.jpg",
    "https://m.media-amazon.com/images/I/41Fn-6PGGsL.jpg",
    "https://m.media-amazon.com/images/I/818dpFmKOWL.jpg"
  ],
  "product_detail": {
    "Is Discontinued By Manufacturer": "No",
    "Product Dimensions": "20 x 13.25 x 3.75 inches; 15.16 Pounds",
    "Item model number": "800173",
    "Department": "dog-dry-food",
    "Date First Available": "July 25, 2005",
    "Manufacturer": "Blue Buffalo",
    "ASIN": "B000GZ3B1O",
    "Best Sellers Rank": "#3,445 in Pet Supplies (See Top 100 in Pet Supplies) #236 in Dry Dog Food",
    "#236 in Dry Dog Food": "",
    "Customer Reviews": "4.6 4.6 out of 5 stars 4,851 ratings"
  },
  "important_information": {},
  "rating": {
    "score": "4.6 out of 5",
    "dist": {
      "5 star": "82%",
      "4 star": "11%",
      "3 star": "3%",
      "2 star": "1%",
      "1 star": "3%"
    }
  },
  "top_comments": [
    {
      "date": "May 19, 2025",
      "title": "We're a Blue family",
      "score": "5.0 out of 5 stars",
      "text": "There are a LOT of choices out there for dog food, but we're a Blue family through and through. All the dogs love it, (we've used it since they were puppies) and the ingredients and quality are superior to most of the other foods out on the market. The size of the bag is awesome, and the kibble is about the size of a dime, maybe?  Keeps my pets healthy, happy, and looking good. We have it on a subscribe and save (because who doesn't like to save?)",
      "helpfulness": "2"
    },
    {
      "date": "May 13, 2025",
      "title": "Excellent quality food",
      "score": "5.0 out of 5 stars",
      "text": "My dog loves the taste and looks amazing and healthy. Highly recommend.",
      "helpfulness": "One"
    },
    {
      "date": "February 27, 2025",
      "title": "Great",
      "score": "5.0 out of 5 stars",
      "text": "This is the 2nd time we’ve purchased this food for our Pyrenees puppy. He loves the taste and we love that it’s good for his health with clean ingredients! Quality of the kibble seems great. It’s helped our puppy grow strong!",
      "helpfulness": "One"
    },
    {
      "date": "May 7, 2023",
      "title": "Especially Formulated for Large Breed Puppies",
      "score": "5.0 out of 5 stars",
      "text": "First I would like to clarify that even though I gave this puppy food five stars for flavor, I have not personally tasted it. Our puppies love it, and eat it without protest. They do not refuse to eat this, it is served to them every day.We researched brands of dog pet food, and liked the Blue Buffalo and Diamond brands of puppy food. We carefully read labels and compared ingredients and nutritional values.Blue Buffalo won our confidence, the puppies loved the food, we continue to order this brand, Blue Buffalo large Breed Puppy Food. And will since our large breed puppies are slower to mature than smaller breeds. We want them to have their nutritional needs met as they grow and mature.Blue Buffalo Large Breed Puppy Food meets all our requirements and needs for our dogs. We recommend it for all large breed puppies.",
      "helpfulness": "18"
    },
    {
      "date": "September 5, 2025",
      "title": "Blue buffalo",
      "score": "4.0 out of 5 stars",
      "text": "This is good dog food",
      "helpfulness": "0"
    },
    {
      "date": "July 31, 2025",
      "title": "Best product",
      "score": "5.0 out of 5 stars",
      "text": "My puppy love the food.",
      "helpfulness": "One"
    },
    {
      "date": "July 16, 2025",
      "title": "",
      "score": "5.0 out of 5 stars",
      "text": "Excelente producto para cachorros. Mi golden creció fuerte y saludable. Todos los cachorros deberían tenerla en su dieta 🥰",
      "helpfulness": "One"
    },
    {
      "date": "February 6, 2025",
      "title": "Great Quality Food for Sensitive Stomachs, Worth the Investment for Healthy Growth",
      "score": "5.0 out of 5 stars",
      "text": "This food has great ingredients and provides solid nutritional value. It’s especially good for dogs with sensitive stomachs, and my puppy loves it. I had initially recommended it to others, but over time, it became a bit expensive. Still, it’s worth the investment for the quality it offers. My pup is thriving and growing well with this food, reaching her full potential. I’m happy with the results, even if the cost is higher.",
      "helpfulness": "One"
    }
  ]
}