{
  "product_title": "Ahmad Tea Decaffeinated Evening Tea, 120 Count (Pack of 6)",
  "byline_info": "Visit the Ahmad Tea Store",
  "product_description": "Product Description   Our Evening Tea is a delicate blend of decaffeinated black teas enhanced with a little of our signature bergamot flavoring. Light and balanced, it’s the perfect tea to unwind with in the evenings. To remove the caffeine, a harmless solvent-wash method is used. We favor this technique as it retains the teas’ natural favor, so no character is lost. Ahmad Tea was built upon the quality of teas that it produces and has accepted 22 Great Taste Awards.Ingredients - Black tea, Bergamot flavoringOrigin - Kenya *Subject to change due to seasonal variations.Brew Time - Infuse for 5-7 minutes. Serve naturally or with a splash of milk.   About the Brand   Ahmad Tea of London draws upon knowledge and experience gained from three generations of family activity in all areas of the tea trade, from plantations to blending and packaging. The name of Ahmad Tea is synonymous with the very finest teas. Our expert tea tasters have sampled teas from many gardens around the world in search of suitable tea leaves to make the perfect cup. After careful selection, traditional methods of hand plucking ensure that the tea arrives in perfect condition, with the freshness and flavour intact. The leaves are then meticulously blended to meet our high standards of quality and consistency. Teas can only be used after the Director of Tea Tasting has personally tasted each blend and approved it for production. The result is an excellent cup of tea, with impeccable liquor, colour, aroma and flavour. The company was established with the belief that our reputation must be founded on the quality of our teas. The commitment to quality remains today. It is reflected in the image, branding and packaging of the entire Ahmad Tea product range and has led to sales in more than forty-five countries, spanning across five continents. Ahmad Tea is based in Hampshire, England, with a US office in Deer Park, Texas.",
  "category": [
    "Grocery & Gourmet Food",
    "Beverages",
    "Tea",
    "Black"
  ],
  "alt_images": [
    "https://m.media-amazon.com/images/I/416ZCILDl4L.jpg",
    "https://m.media-amazon.com/images/I/41q+2iHpTlL.jpg",
    "https://m.media-amazon.com/images/I/419FD4mUE1L.jpg",
    "https://m.media-amazon.com/images/I/41qIHwR2cjL.jpg"
  ],
  "product_detail": {
    "Product Dimensions": "8.74 x 6.69 x 5.51 inches; 8.4 ounces",
    "Item model number": "847",
    "UPC": "054881208475",
    "Manufacturer": "Ahmad Tea",
    "ASIN": "B000ES5GLQ",
    "Units": "120 Count",
    "Best Sellers Rank": "#26,049 in Grocery & Gourmet Food (See Top 100 in Grocery & Gourmet Food) #266 in Black Tea",
    "#266 in Black Tea": "",
    "Customer Reviews": "4.6 4.6 out of 5 stars 763 ratings"
  },
  "important_information": {
    "Safety Information": "This product is labelled to United States standards and may differ from similar products sold elsewhere in its ingredients, labeling and allergen warningsThis product is labelled to United States standards and may differ from similar products sold elsewhere in its ingredients, labeling and allergen warnings",
    "Ingredients": "Black tea, Bergamot flavoringBlack tea, Bergamot flavoring",
    "Directions": "Infuse 1 tea bag in hot water (212°F or 100°C) for 5-7 minutes.Infuse 1 tea bag in hot water (212°F or 100°C) for 5-7 minutes.",
    "Legal Disclaimer": "Statements regarding dietary supplements have not been evaluated by the FDA and are not intended to diagnose, treat, cure, or prevent any disease or health condition.Statements regarding dietary supplements have not been evaluated by the FDA and are not intended to diagnose, treat, cure, or prevent any disease or health condition."
  },
  "rating": {
    "score": "4.6 out of 5",
    "dist": {
      "5 star": "84%",
      "4 star": "7%",
      "3 star": "4%",
      "2 star": "1%",
      "1 star": "4%"
    }
  },
  "top_comments": [
    {
      "date": "April 9, 2025",
      "title": "Gave up coffee. This is BETTER!",
      "score": "5.0 out of 5 stars",
      "text": "As a diehard coffee drinker of 35 years I never thought I’d see the day that I would be giving tra a phenomenal rating. I started developing very painful acid reflux from coffee and had to switch to tea. I did a lot of research on which black teas have a high amount of caffeine. Assam & Darjeeling came up as two of them. I ordered this tea based on its reviews as well as the Darjeeling. I had also tried Earl Grey extra bold, but the Bergamont oil tasted soapy to me. And I am not one of those people that think cilantro tastes soapy. Anyway, the Darjeeling made my tongue really dry / uncomfortable and it wasn’t bold enough for me. I have been drinking this Assam afternoon tea every day for two weeks now and I absolutely love the flavor! I’m using two teabags in 16 ounces of water,  a tablespoon of honey and a couple of tablespoons of half-and-half. I was drinking a half a cup of half-and-half in my coffee and happy to be cutting back on that for calories and heart health.  I genuinely look forward to drinking this tea… whenever I take my first sip, I am blown away by how much I enjoy the flavor. I always thought tea drinkers were another species; I didn’t understand them at all. But now I have joined the tea tribe 😊",
      "helpfulness": "0"
    },
    {
      "date": "June 12, 2025",
      "title": "Good decaf black",
      "score": "5.0 out of 5 stars",
      "text": "My go to decaf black tea. Drink a cup every evening. Smooth and not bitter, but still strong black tea in decaf",
      "helpfulness": "0"
    },
    {
      "date": "July 8, 2025",
      "title": "Great product great price great value buy this tea",
      "score": "5.0 out of 5 stars",
      "text": "This is a great tea. The aroma is awesome. You can smell that it's very fresh and of good quality. The value for the money when purchasing this tea from Amazon is really good.",
      "helpfulness": "0"
    },
    {
      "date": "October 5, 2024",
      "title": "Another great tea from Ahmad",
      "score": "5.0 out of 5 stars",
      "text": "I've only met one Ahmad tea I didn't care for, (cardamom), this tea is not that.  It is just a really nicely flavored decaf tea that is great for sipping while the evening winds down.  I take mine with milk and a touch of stevia, but it's delicious on its own if you like straight tea, my hubby says.",
      "helpfulness": "0"
    },
    {
      "date": "April 2, 2025",
      "title": "BEST TEA@",
      "score": "5.0 out of 5 stars",
      "text": "Best black tea you'll ever have.",
      "helpfulness": "0"
    },
    {
      "date": "April 9, 2025",
      "title": "Great flavor",
      "score": "5.0 out of 5 stars",
      "text": "Love the flavor of this tea.  I needed a decaf and found this.  Going to try more of their teas.  Like the foil pack for traveling with my own tea too.",
      "helpfulness": "0"
    },
    {
      "date": "June 1, 2025",
      "title": "Tea bags leak ground tea",
      "score": "4.0 out of 5 stars",
      "text": "Delicious tea. Great for evening sipping. BUT the tea bags are flimsy and we often find a lot of ground tea at the bottom of our cups. Buy it if you don't mind that annoyance.",
      "helpfulness": "0"
    },
    {
      "date": "April 3, 2025",
      "title": "Delicious",
      "score": "5.0 out of 5 stars",
      "text": "I normally drink the cheap tea from the grocery store (100 bags for around $5), but I decided to splurge and treat myself. This is now one of my favorite black teas. Absolutely delicious",
      "helpfulness": "0"
    }
  ]
}