{
  "product_title": "OliveNation Premium Madagascar Vanilla Beans - 1/2 lb (50-60 beans) by OliveNation",
  "byline_info": "Visit the OLIVENATION Store",
  "product_description": "",
  "category": [
    "Grocery & Gourmet Food",
    "Pantry Staples",
    "Herbs, Spices & Seasonings",
    "Single Herbs & Spices",
    "Vanilla Beans"
  ],
  "alt_images": [
    "https://m.media-amazon.com/images/I/51l7QUTGTSL.jpg",
    "https://m.media-amazon.com/images/I/41m5JaOHksL.jpg"
  ],
  "product_detail": {
    "Package Dimensions": "9.45 x 5.12 x 1.18 inches; 8 ounces",
    "UPC": "842441124965",
    "ASIN": "B00U9WBSVE",
    "Customer Reviews": "4.2 4.2 out of 5 stars 382 ratings"
  },
  "important_information": {
    "Legal Disclaimer": "Statements regarding dietary supplements have not been evaluated by the FDA and are not intended to diagnose, treat, cure, or prevent any disease or health condition.Statements regarding dietary supplements have not been evaluated by the FDA and are not intended to diagnose, treat, cure, or prevent any disease or health condition."
  },
  "rating": {
    "score": "4.2 out of 5",
    "dist": {
      "5 star": "71%",
      "4 star": "9%",
      "3 star": "5%",
      "2 star": "5%",
      "1 star": "10%"
    }
  },
  "top_comments": [
    {
      "date": "June 8, 2010",
      "title": "Mmm Vanilla makes my home smell like happiness.",
      "score": "5.0 out of 5 stars",
      "text": "I can't get Vanilla beans where I live (Okinawa Japan) so I had to send away for them... which is always a gamble.  I found these beans and was thrilled by the amount of beans for the price.  The reviews for the most part seemed good... so I ordered.  Oh man! I am so glad I did.  They smell wonderful.  I could even smell the aromatic little gems through the plastic wrap.  I have not yet used them to make my vanilla bean ice cream so I am not sure about the amount of \"flecks\" that seemed to bother one reviewer... but I gotta tell you... as plump, as soft and as fragrant as these beans are I just know they will make great ice cream.  I used them to make my own vanilla extract and my entire house smelled wonderful!  Not sure why some other reviewers didn't find them as aromatic... must be a bum batch.  Sorry that happened to them.  I hope that doesn't happen to me as I will be ordering more and more and more of these.  Anyhow, after using 30 beans to make 10 little jars of vanilla extract I still have quite a few beans left to make tons of other vanilla laced goodies.  Excellent product and I couldn't be more thrilled with them.  :)",
      "helpfulness": "0"
    },
    {
      "date": "January 29, 2014",
      "title": "Moist but no aroma, do not order",
      "score": "1.0 out of 5 stars",
      "text": "When it comes to vanilla, you get what you paid. Yes, the price is good, yes, they are moist and plump, but that is all I can say about pros. Cons: no aroma of good vanilla. There is a very slight vanilla taste when I infuse milk for making vanilla custards.I am now using the vanilla pods to make my own vanilla essence. I just put a bunch of them in a bottle with vodka. I put more than I would normally do, hope this works, as I do not want to throw them away.Once I made vanilla panna cotta with really good vanilla.  It was so good, everyone liked the vanilla taste. After a while I decided to make that panna cotta with the vanilla pods I am reviewing now,. It was such a disappointment. I wasted good cream, my time. I was so disappointed and embarrassed. My guests had to eat pineapple slices instead of vanilla panna cotta I was talking about.Bad, bad, bad.",
      "helpfulness": "6"
    },
    {
      "date": "November 24, 2015",
      "title": "Better quality and less expensive than your local grocer",
      "score": "4.0 out of 5 stars",
      "text": "Overall I am happy with these vanilla beans. I didn’t do an exact count but 8 oz is a ton of beans and will last all but the most busy cook or baker a long long time. They are much better quality than the shriveled up bone dry beans you get individually in a jar at the store. Upon opening the shipping packaging you immediately smell vanilla. I was sad to see that they are smaller, a bit drier, and not as plump as the last package I ordered several years ago. Even with that being the case they are much better than what you get at a standard retail outlet.Pros: Better quality than the individual beans often found at grocery storesStrong smooth vanilla smell and tasteCons: Quality and size of beans seams to vary from shipment to shipment.",
      "helpfulness": "One"
    },
    {
      "date": "September 2, 2013",
      "title": "Moldy",
      "score": "2.0 out of 5 stars",
      "text": "I didn't use the beans right away but didn't really inspect them either.  All I noted was that the package was properly vacuum sealed, so I put them in the pantry for storage for about 2 months before use.  This is a perfectly normal and acceptable practice for vanilla beans.When I went to use them I saw the tips of many of the beans on one end had a white substance and I wasn't sure why.  I know it's not \"frost\" or vanillin crystals because I know what that looks like.  I don't know if they were like that upon arrival or if it happened while being stored.So I used a few, discarding the tips, and the beans had great fragrance and flavor.  I put the remainder of the beans back in a sealed bag but within days of opening the package the white was half an inch up the entire cluster of beans.  I had to throw them all away.I use a lot of vanilla, so I've purchased vanilla beans from stores many times and they have a great shelf life; I've never purchased beans that molded, even upon storing them for much longer periods than this.  Fresh beans should last in the original vacuum sealed packaging for a good 6 months when kept cool and dry.I've checked with other chefs and searched around -- this seems to happen when the beans are packaged with a large amount of water still in the bean which is most common when the beans are sold by weight instead of piece.  Some speculate this may be due to attempts to sell something at a \"1/2\" pound weight with much of the weight derived from water.  It would explain the very low price.I did not rate this a 1 star because as a buyer I assume responsibility as well for not properly inspecting upon arrival or contacting the company immediately upon an issue.  Also I did not practice good common sense with \"too good to be true\" pricing.  I guess I got what I paid for.Buyer beware.  Inspect immediately upon arrival and plan to use right away.",
      "helpfulness": "13"
    },
    {
      "date": "June 14, 2013",
      "title": "Good aroma, nicely packaged, became moldy within a month",
      "score": "3.0 out of 5 stars",
      "text": "These are pre-slit down the middle, so some of the interior may have been harvested.  That's too bad, but the overall function of these beans is still excellent, and they're definitely still heavy with good content.  If they did take any, it wasn't much.  I've gotten beans with those same slits from several other manufacturers, so it's certainly common practice.  Might even be a good thing -- I don't know.  I've used them to make a few bottles of vanilla, and flavor some sugar.  I'm currently mixing mine 50/30/20 with Uganda gold and PNG Tahentis.  That seems to give a nicely balanced flavor, better than any of them on their own.  Steeped in Bacardi gold 40%.EDIT: kept in the shipping package, in a cool dark place, these were covered in mold within a month.  I've had other batches of beans kept in the same environment last for 4-5 months without any problem.",
      "helpfulness": "2"
    }
  ]
}