{
  "product_title": "Amy's Soup, Vegan No Chicken Noodle Soup, With Organic Noodles, Vegetables and Tofu, Canned Soup, 14.1 Oz (12 Pack)",
  "byline_info": "Visit the Amy's Store",
  "product_description": "Amy's No Chicken Noodle Soup is our meatless version of the classic comfort soup. Our low fat (6g) No Chicken Noodle Soup is made from scratch with organic tofu, carrots, celery, leeks, onions, noodles and spices. Like all of our soups, we start from scratch stirring in spices and vegetables, then simmering slowly for hours until the flavor is perfect for a home-cooked taste. Amy's No Chicken Noodle Soup is made from non-GMO ingredients and is dairy free, lactose free, tree nut free, and suitable for vegan and kosher diets. Since 1987, we at Amy’s Kitchen have produced delicious, convenient foods for people who are sometimes too busy to cook. Amy’s is a family-run business, and we supervise every aspect of our business and take pride in customer satisfaction. All the fruits, vegetables and grains we use are grown without the use of insecticides, GMOs and other harmful chemicals. We prepare these ingredients with the same careful attention in our kitchen as you would in your own home for high-quality, home-style vegetarian and vegan meals. No meat, fish, shellfish, poultry, eggs or peanuts are ever used in any Amy's products. Even though you're heating up our meals in your home, we want each bite to taste like you're a guest in ours.",
  "category": [
    "Grocery & Gourmet Food",
    "Pantry Staples",
    "Soups, Stocks & Broths",
    "Vegetable Soups"
  ],
  "alt_images": [
    "https://m.media-amazon.com/images/I/41QEQnll2ML.jpg",
    "https://m.media-amazon.com/images/I/51TusuISXLL.jpg",
    "https://m.media-amazon.com/images/I/41jRj4rtRpL.jpg",
    "https://m.media-amazon.com/images/I/51p0Xf-x8wL.jpg",
    "https://m.media-amazon.com/images/I/51tpLQ7W-KL.jpg",
    "https://m.media-amazon.com/images/I/41TJgkpoWoL.jpg",
    "https://m.media-amazon.com/images/I/61-o1OTbhAL.jpg"
  ],
  "product_detail": {
    "Is Discontinued By Manufacturer": "No",
    "Product Dimensions": "2.87 x 2.87 x 4.44 inches; 10.8 Pounds",
    "Item model number": "042272005031",
    "Manufacturer": "Amy's Kitchen",
    "ASIN": "B000G1EO14",
    "Units": "169.2 Ounce",
    "Best Sellers Rank": "#51,947 in Grocery & Gourmet Food (See Top 100 in Grocery & Gourmet Food) #173 in Packaged Vegetable Soups",
    "#173 in Packaged Vegetable Soups": "",
    "Customer Reviews": "4.4 4.4 out of 5 stars 673 ratings"
  },
  "important_information": {
    "Safety Information": "Contains wheat and soy. Individuals with Food Allergies: This product is manufactured in a facility that processes foods containing wheat, milk, soy, tree nuts and seeds. Amy's Kitchen does not use any peanuts, fish, shellfish or eggs.This product is labelled to United States standards and may differ from similar products sold elsewhere in its ingredients, labeling and allergen warningsContains wheat and soy. Individuals with Food Allergies: This product is manufactured in a facility that processes foods containing wheat, milk, soy, tree nuts and seeds. Amy's Kitchen does not use any peanuts, fish, shellfish or eggs.This product is labelled to United States standards and may differ from similar products sold elsewhere in its ingredients, labeling and allergen warnings",
    "Ingredients": "Filtered Water, Organic Onions*, Organic Carrots*, Organic Celery*, Organic Tofu* (Filtered Water, Organic Soybeans*, Magnesium Chloride), Organic Pasta* (Organic Durum Wheat Semolina Flour*, Water), Organic Leeks*, Hydrolyzed Corn and Soy Protein, Organic High Oleic Safflower and/or Sunflower Oil*, Organic Spices*, Yeast Extract (*Verified By QAI).Filtered Water, Organic Onions*, Organic Carrots*, Organic Celery*, Organic Tofu* (Filtered Water, Organic Soybeans*, Magnesium Chloride), Organic Pasta* (Organic Durum Wheat Semolina Flour*, Water), Organic Leeks*, Hydrolyzed Corn and Soy Protein, Organic High Oleic Safflower and/or Sunflower Oil*, Organic Spices*, Yeast Extract (*Verified By QAI).",
    "Directions": "Heat and serve. Please do not overcook. Do not add water.Heat and serve. Please do not overcook. Do not add water.",
    "Legal Disclaimer": "Statements regarding dietary supplements have not been evaluated by the FDA and are not intended to diagnose, treat, cure, or prevent any disease or health condition.Statements regarding dietary supplements have not been evaluated by the FDA and are not intended to diagnose, treat, cure, or prevent any disease or health condition."
  },
  "rating": {
    "score": "4.4 out of 5",
    "dist": {
      "5 star": "72%",
      "4 star": "12%",
      "3 star": "5%",
      "2 star": "4%",
      "1 star": "7%"
    }
  },
  "top_comments": [
    {
      "date": "June 9, 2010",
      "title": "Fantastic alternative for veg(etari)ans, oniony flavor",
      "score": "5.0 out of 5 stars",
      "text": "Yes, it's on the salty side (most soups are), and yes, it's quite oniony.One thing I've always missed from my pre-veg days is chicken noodle soup. This soup overall isn't exactly like the real thing (no chicken broth taste, after all), but the fake chicken chunks are so realistic in taste and texture that the first time I tried it, I had to check the ingredients to make sure it wasn't actually chicken. The noodles are the texture I would expect, just like in a can of condensed chicken noodle soup. The broth is more oniony than I would prefer, but I assume it's made that way to make up for the lack of chicken broth... and I would rather have an oniony broth than one that was too watery or too spicy/herby.This soup immediately became one of my favorites. I mix crumbled Ritz crackers into it and, despite being a slow eater, I always end up scarfing it down in five minutes and wishing it wasn't gone already. So I'm really surprised that a few people here say it's so disgusting they had to spit it out. I'm not sure why that would be the case... unless they really hate onions, or they have a very low tolerance for vegetarian knockoff products.So basically I think this is a fantastic soup and I'm really grateful that there's a product that fills the void of the nostalgic Campbell's chicken noodle soup from my early days. But if you're not a vegetarian or you hate onions or you don't like salty stuff, you might want to buy a single can in a local health food store to try this out before you commit to a whole case of it.",
      "helpfulness": "32"
    },
    {
      "date": "April 24, 2019",
      "title": "Best canned soup ever - and vegan!",
      "score": "5.0 out of 5 stars",
      "text": "The best tasting canned soup our family has ever tasted. Love that it’s vegan and has lots of healthy ingredients — only negative is the sodium content, but that’s the case with most canned soups.The price is a little high, but you get what you for — this soup is so thick that you can add about 1/2 can of extra liquid if desired.We usually add some water and/or wine plus nutritional yeast and garlic powder, and a tad of smoked paprika. This enhances the flavor, lowers sodium content and increases the value.Love Amy’s Soups.One negative: about half the time we order the 12 pack all or most of the cans are severely dented. However, this shipping issue seems to have improved lately and customer service is great about replacing dented cans.If you’re looking for the perfect, hearty, savory and vegan soup — look no further, it doesn’t get better than this!",
      "helpfulness": "41"
    },
    {
      "date": "October 30, 2024",
      "title": "Good soup.",
      "score": "5.0 out of 5 stars",
      "text": "I eat these like candy in Halloween so stocking up is crucial.  They seem fresh, no broken or dented cans and tastes great!",
      "helpfulness": "One"
    },
    {
      "date": "March 21, 2021",
      "title": "Worth buying a whole case during cold weather and sick weeks",
      "score": "4.0 out of 5 stars",
      "text": "I enjoy this soup quite a bit, but rated it 4/5 stars because I honestly wish it didn’t have so many onions. They felt like “filler” to me. I’d appreciate more noodle and protein, but that is pat for the course I think for most canned soups. You always want more of the good stuff! It’s been great with some nice crusty ciabatta!With chronic illness, sometimes it helps to just have a can I can open and pop into a bowl and microwave, so the convenience somewhat overshadows the bulk of onion. After about two thirds of the case I did find myself growing tired of them though. I’ll probably appreciate my last few cans from this case next time I am ill though!",
      "helpfulness": "3"
    },
    {
      "date": "May 17, 2025",
      "title": "One of my family's favorite canned soups.",
      "score": "5.0 out of 5 stars",
      "text": "I have shared this with many different friends and extended family members, who are not vegetarian, and they were impressed to find out that it wasn't the real thing. Several are die-hard carnivores that have sworn that they couldn't like anything vegetarian. I definitely find it to be a comfort food.",
      "helpfulness": "2"
    },
    {
      "date": "July 1, 2014",
      "title": "Great for vegans/vegetarians staying in hotels",
      "score": "5.0 out of 5 stars",
      "text": "Had a case of this soup shipped to the hotel my husband was staying in when he was out of town for a few weeks. His room had a microwave, so it worked out great! This soup has veggies, noodles, broth, and little bits of fake chicken in it. Very tasty and satisfying. I also ordered a can opener from Amazon to be shipped to him at the same time. Would definitely do this again for extended stays in hotels.",
      "helpfulness": "0"
    },
    {
      "date": "November 30, 2014",
      "title": "Tomato-Sugar soup. but, liking the Chicken a lot more.",
      "score": "1.0 out of 5 stars",
      "text": "UPDATE:was going to add a star or two, but for now having tried the Cream of Tomato - no. ugh.I've actually started to like the Chicken enough that I ordered more - several times.The Thai Coconut (when rarely in stock) is just lovely. but terribly overpriced. (6 cans for the price of most other 12-can cases)The Porcini Bisque is decadent and heavily meaty.but... lately I wanted to make grilled cheese and ended up with? a case of Amy's Tomato Candy. why does it need 13g sugar? it's like the \"sauce\" that comes in Spaghetti-o's.ORIGINAL REVIEW:(this is for the not-chicken low fat variety)I know the FDA has some obscene requirement for certain canned foods to be processed at 250dF.I don't know if this is one of them, but the contents aren't very appetizing:- carrots and other unrecognizable vegetables instantly turn to tasteless mush- noodles are beyond overcooked- ton of sodium (ok this part not unexpected)- tastes of \"chicken\" (I guess this is a good thing? I mean, it doesn't taste of, like, decent broth / mirepoix or anything, but at least it does have some random chicken/salt/something flavor)- the bits of soy are probably the best part. good texture, plenty of them. you might almost think it was shreds of chicken breast (except it's nicely palatable unlike some dry overcooked white chicken meat)",
      "helpfulness": "3"
    },
    {
      "date": "September 24, 2024",
      "title": "Amy's Soup",
      "score": "5.0 out of 5 stars",
      "text": "Shipped quickly, and arrived in great shape.  Love the product.  A happy customer!",
      "helpfulness": "0"
    }
  ]
}