{
  "product_title": "Bigelow Tea Decaffeinated Spiced Chai Black Tea, Decaf Tea with Spiced Chai, 20 Count Box (Pack of 6), 120 Total Tea Bags",
  "byline_info": "Visit the Bigelow Tea Store",
  "product_description": "Product Description   It’s not easy to create a delicious cup of chai tea. It took us years to develop our recipe not too much spice, just the right amount that holds up beautifully with a little milk and sweetener. One cup and you’ll discover the perfect balance between our rich bold decaffeinated black tea and flavorful exotic spices.   About the Brand   The Bigelow Tea Story Beginning the moment our founder, Ruth Campbell Bigelow created \"Constant Comment\" Tea in her kitchen in 1945, our family has focused on just one thing trying to make the finest teas possible. Over the years we have introduced many new flavors as well as concepts in tea. Today we offer a selection of deliciously different blends of teas and green teas, a wide variety of herbal teas and teas flavored with real fruit juice. Today Bigelow Tea is the number one specialty tea company in the United States. And to think it all began with the first legendary black tea flavored with golden orange rind and sweet spice \"Constant Comment\"Tea. Bigelow takes immense pride in providing the tea drinking community with the best tea at a great value. We only use hand- picked teas, real spices, flavors and herbs. The flavors and blends we have created are second to none. Some of our teas contain up to twenty different ingredients! And because tea is a leaf that can dry out we take steps to protect it. To keep the teas fresh, we seal our tea bags in protective packets. We simply have to protect those delightful flavors. That's why a cup of Bigelow Tea is aromatic and delicious; a true indulgence for the senses.",
  "category": [
    "Grocery & Gourmet Food",
    "Beverages",
    "Tea",
    "Tea Samplers"
  ],
  "alt_images": [
    "https://m.media-amazon.com/images/I/51l7NCi4dvL.jpg",
    "https://m.media-amazon.com/images/I/510FpCK7mSL.jpg",
    "https://m.media-amazon.com/images/I/515ff3MqWOL.jpg",
    "https://m.media-amazon.com/images/I/51WnC38Bj2L.jpg",
    "https://m.media-amazon.com/images/I/41XwgRRLBWL.jpg",
    "https://m.media-amazon.com/images/I/51ge486uZwL.jpg"
  ],
  "product_detail": {
    "Is Discontinued By Manufacturer": "No",
    "Product Dimensions": "10 x 6 x 6 inches; 1.25 Pounds",
    "Item model number": "072310042612",
    "Department": "Grocery & Gourmet Food",
    "Manufacturer": "R.C. Bigelow, Inc",
    "ASIN": "B000GG5J1I",
    "Units": "120 Count",
    "Best Sellers Rank": "#2,353 in Grocery & Gourmet Food (See Top 100 in Grocery & Gourmet Food) #18 in Tea Samplers",
    "#18 in Tea Samplers": "",
    "Customer Reviews": "4.7 4.7 out of 5 stars 13,678 ratings"
  },
  "important_information": {
    "Safety Information": "This product is labelled to United States standards and may differ from similar products sold elsewhere in its ingredients, labeling and allergen warningsThis product is labelled to United States standards and may differ from similar products sold elsewhere in its ingredients, labeling and allergen warnings",
    "Ingredients": "Decaffeinated black tea, spices, natural flavors (soy lecithin)Decaffeinated black tea, spices, natural flavors (soy lecithin)",
    "Directions": "Quick Method: Pour boiling water over one tea bag in a 6 - 8 oz cup or mug. Allow to steep 2 - 4 minutes. Add a dollop of milk and sweeten to taste. For iced Chai, prepare product hot with milk and sweetener - then pour over ice. Authentic method: For each 8 oz cup, place one tea bag in a saucepan with 3/4 cup of water (6 fl oz) and 1/4 cup of milk (2 fl oz). Bring to a rolling boil, lower heat and simmer 2 - 4 minutes. Pour into cup(s) and sweeten with sugar or honey. Traditional Indian Chai is served quite sweet.Quick Method: Pour boiling water over one tea bag in a 6 - 8 oz cup or mug. Allow to steep 2 - 4 minutes. Add a dollop of milk and sweeten to taste. For iced Chai, prepare product hot with milk and sweetener - then pour over ice. Authentic method: For each 8 oz cup, place one tea bag in a saucepan with 3/4 cup of water (6 fl oz) and 1/4 cup of milk (2 fl oz). Bring to a rolling boil, lower heat and simmer 2 - 4 minutes. Pour into cup(s) and sweeten with sugar or honey. Traditional Indian Chai is served quite sweet.",
    "Legal Disclaimer": "Statements regarding dietary supplements have not been evaluated by the FDA and are not intended to diagnose, treat, cure, or prevent any disease or health condition.Statements regarding dietary supplements have not been evaluated by the FDA and are not intended to diagnose, treat, cure, or prevent any disease or health condition."
  },
  "rating": {
    "score": "4.7 out of 5",
    "dist": {
      "5 star": "86%",
      "4 star": "8%",
      "3 star": "3%",
      "2 star": "1%",
      "1 star": "2%"
    }
  },
  "top_comments": [
    {
      "date": "August 8, 2025",
      "title": "Tastes great and good price.",
      "score": "5.0 out of 5 stars",
      "text": "Great tea-  buy it all the time at the store, so the price was right and I picked up a few.",
      "helpfulness": "0"
    },
    {
      "date": "September 3, 2025",
      "title": "Love it",
      "score": "5.0 out of 5 stars",
      "text": "Love his tea. It tastes so good",
      "helpfulness": "0"
    },
    {
      "date": "July 31, 2025",
      "title": "Good for those watching caffeine intake",
      "score": "5.0 out of 5 stars",
      "text": "This is a delicious, smooth tea and I love the low caffeine. It's not too strong or overpowering, and the light vanilla smell adds to the experience.",
      "helpfulness": "0"
    },
    {
      "date": "July 29, 2025",
      "title": "Delicious smell delicious taste.",
      "score": "5.0 out of 5 stars",
      "text": "This is one of the best spiced tea you can get. I love the smell and I love the taste.",
      "helpfulness": "0"
    },
    {
      "date": "August 9, 2025",
      "title": "Delicious",
      "score": "5.0 out of 5 stars",
      "text": "Great iced tea!!",
      "helpfulness": "0"
    },
    {
      "date": "March 22, 2025",
      "title": "Really good flavored tea",
      "score": "4.0 out of 5 stars",
      "text": "Love this tea!Great flavor",
      "helpfulness": "One"
    },
    {
      "date": "August 4, 2023",
      "title": "A Flavorful and Soothing Chai Experience - Bigelow Decaf Spiced Chai Tea Bags!",
      "score": "5.0 out of 5 stars",
      "text": "I recently discovered the Bigelow Decaf Spiced Chai Tea Bags, and they have quickly become my go-to choice for a comforting and flavorful tea experience. As a chai lover who also prefers decaffeinated options, this product checks all the right boxes for me!First and foremost, the aroma of the chai tea is simply heavenly. The moment I steep the tea bag in hot water, the room fills with a delightful blend of warm spices, including cinnamon, cardamom, cloves, and ginger. It's like a cozy hug in a cup, perfect for starting my day or unwinding in the evening.The taste is equally impressive. Despite being decaffeinated, the Bigelow Decaf Spiced Chai Tea does not compromise on flavor. The rich and robust chai blend comes through beautifully, with just the right balance of sweetness and spiciness. Each sip offers a symphony of flavors that truly indulge my taste buds.The convenience of tea bags cannot be overstated. The individually wrapped tea bags make it easy to enjoy a fresh cup of chai anytime, anywhere. Whether I'm at home, work, or on the go, I can always count on having a comforting cup of chai within arm's reach.Furthermore, I appreciate the quality of the tea bags. They are sturdy and don't tear easily during steeping, ensuring that all the flavors are infused into the hot water without any mess. The tea bags also allow for a consistent and uniform steeping experience, resulting in a consistently flavorful cup of chai every time.Being decaffeinated, this chai tea is perfect for evening sips or for those who prefer to limit their caffeine intake. It allows me to enjoy the soothing and relaxing qualities of chai without worrying about sleep disruptions or jitters.The package of 20 tea bags provides excellent value for the price. It ensures that I have enough chai to last me for several weeks, making it a cost-effective choice for regular tea drinkers like me.In conclusion, the Bigelow Decaf Spiced Chai Tea Bags have earned a permanent spot in my tea collection. The delightful aroma, flavorful taste, and decaffeinated goodness make them a true winner in my book. If you're a chai enthusiast looking for a decaf option that doesn't compromise on taste, these tea bags are an excellent choice. Enjoy the comforting embrace of this exquisite chai blend and indulge in a relaxing tea experience that will warm your heart and soul!",
      "helpfulness": "15"
    },
    {
      "date": "August 9, 2025",
      "title": "Good product",
      "score": "5.0 out of 5 stars",
      "text": "Taste great",
      "helpfulness": "0"
    }
  ]
}