{
  "product_title": "Glutino Gluten Free Pantry Yankee Cornbread Mix, 12-Ounce Boxes (Pack of 6)",
  "byline_info": "Visit the glutino Store",
  "product_description": "Product Description   A light, delicious cornbread or muffin with no sugar, this mix is perfect for our diabetic customers as well as cornbread aficionados. Add cheese, chilies, and spices for a Tex-Mex flavor or transform into fluffy corncakes. Perfect for breakfast, snacks or with soups and salads.   About the Brand   The Gluten-Free Pantry was founded by professional chef and food writer Beth Hillson, who, along with her son, is gluten-free. Beth developed the formulas for the mixes so that she and her son could enjoy delicious food. Today she shares those mixes with a much larger family as people all over the world have come to know and love these fine products. Beth and her staff taste and test every batch of our products to make sure they meet the company's high standards.   \n  From the Manufacturer   Create a great complement for chili, soup, or salad with Gluten-Free Pantry Yankee Cornbread Mix. Made with simple ingredients like corn meal and rice flour, the mix contains no wheat, gluten, trans fat, or cholesterol. This light, delicious cornbread has no sugar, perfect for diabetic customers. Easy-to-follow recipe instructions make baking a snap, and the result is sure to be a hit with family and friends. For a delicious alternative, add cheese, chilies, and spices for a Tex-Mex flavor. One package of this versatile mix makes 10 muffins, 16 corncakes, or one pan of cornbread. Made in Canada, Gluten-Free Pantry products are specially formulated for those with dietary restrictions.   See more",
  "category": [
    "Grocery & Gourmet Food",
    "Pantry Staples",
    "Cooking & Baking",
    "Baking Mixes",
    "Cornbread"
  ],
  "alt_images": [
    "https://m.media-amazon.com/images/I/41Q0Rev4ZvL.jpg",
    "https://m.media-amazon.com/images/I/51nNDugy8dL.jpg",
    "https://m.media-amazon.com/images/I/51HOvsADwwL.jpg",
    "https://m.media-amazon.com/images/I/31Zbwl+xhpL.jpg",
    "https://m.media-amazon.com/images/I/41n-Jz49OXL.jpg",
    "https://m.media-amazon.com/images/I/41s6-SDpxAL.jpg",
    "https://m.media-amazon.com/images/I/517w5OCl8nL.jpg"
  ],
  "product_detail": {
    "Is Discontinued By Manufacturer": "No",
    "Package Dimensions": "10 x 7.9 x 7.7 inches; 12 ounces",
    "Item model number": "126003M",
    "UPC": "737880961052",
    "Manufacturer": "Pinnacle Foods",
    "ASIN": "B000EVE3Y4",
    "Units": "72 Ounce",
    "Best Sellers Rank": "#538,197 in Grocery & Gourmet Food (See Top 100 in Grocery & Gourmet Food) #151 in Cornbread Mixes",
    "#151 in Cornbread Mixes": "",
    "Customer Reviews": "4.3 4.3 out of 5 stars 94 ratings"
  },
  "important_information": {
    "Ingredients": "Corn Meal, White Rice Flour, Baking Powder (Corn), Salt.Corn Meal, White Rice Flour, Baking Powder (Corn), Salt.",
    "Directions": "For Cornbread You'll Need: Entire bag Yankee Cornbread and Muffin Mix; 1/4 cup sugar; 1-1/3 cups low-fat buttermilk; 1 egg lightly beaten; 6 tbsp. melted butter. Preheat oven to 425 degrees. Lightly grease an 8 x 8 inch pan. Combine mix, sugar and salt. Add wet ingredients and mix to moisten. Pour into pan and bake 25 minutes or until top is golden. Serve warm. For Muffins: Spoon batter into 12 greased muffin tins. Bake 15 to 17 minutes.For Cornbread You'll Need: Entire bag Yankee Cornbread and Muffin Mix; 1/4 cup sugar; 1-1/3 cups low-fat buttermilk; 1 egg lightly beaten; 6 tbsp. melted butter. Preheat oven to 425 degrees. Lightly grease an 8 x 8 inch pan. Combine mix, sugar and salt. Add wet ingredients and mix to moisten. Pour into pan and bake 25 minutes or until top is golden. Serve warm. For Muffins: Spoon batter into 12 greased muffin tins. Bake 15 to 17 minutes.",
    "Legal Disclaimer": "Statements regarding dietary supplements have not been evaluated by the FDA and are not intended to diagnose, treat, cure, or prevent any disease or health condition.Statements regarding dietary supplements have not been evaluated by the FDA and are not intended to diagnose, treat, cure, or prevent any disease or health condition."
  },
  "rating": {
    "score": "4.3 out of 5",
    "dist": {
      "5 star": "74%",
      "4 star": "8%",
      "3 star": "3%",
      "2 star": "10%",
      "1 star": "5%"
    }
  },
  "top_comments": [
    {
      "date": "December 6, 2011",
      "title": "Great Taste!  25.3 grams of carbs per muffin",
      "score": "5.0 out of 5 stars",
      "text": "I've tried a from-scratch gluten-free cornbread recipe before, and it was too close to cornmeal mush for us to consider it cornbread.  I ordered this cornbread mix from The Gluten-Free Pantry on a whim, and the whole family is delighted with it.  It tastes great and has the consistency of \"real\" cornbread.I mentioned the carb count because my son was recently diagnosed with Type I Diabetes. Until we get more used to estimating carbs in home-made foods, a mix helps us be more exact about carbs per portion. One box of this Yankee Cornbread Mix makes 12 medium-size muffins of 25.3 grams of carbs, each.We do not have to eat gluten-free, but I've always found that a gluten free muffin always makes me feel less full, less like the muffin has congealed into a ball in my stomach. So we go gluten-free at times.You add sugar, milk, egg and melted butter to the mix. It calls for buttermilk, but I make it with whole milk and it still tastes great. Ingredients in the mix are corn meal, white rice flour, baking powder (corn), and salt. The label states it also contains soy, but I can't find any ingredient with soy (such as soy lecithin) on the box's labeling. It could be that it is manufactured with machines that also process soy products, so, just to be safe, they mention the soy.This is an excellent product and I highly recommend it. But it is expensive, considering that you have to add most of the recipe to the mix. You are paying for the convenience of not having to sift your own corn meal and rice flower.Happy Reader",
      "helpfulness": "3"
    },
    {
      "date": "June 15, 2020",
      "title": "Almost like regular cornbread!",
      "score": "5.0 out of 5 stars",
      "text": "This is the BEST cornbread mix I have found since going gluten free!  I'll be ordering again!I make Mexican Cornbread with this:  besides an egg and some milk, I add 1 whole stick of melted butter and 1 can of drained Mexi-Corn to the mix, bake in an iron skillet as usual, and oh-my-goodness, it's GOOD!",
      "helpfulness": "0"
    },
    {
      "date": "December 7, 2011",
      "title": "Finally cornbread!",
      "score": "5.0 out of 5 stars",
      "text": "Corn bread is one staple I have missed since becoming gluten free.  I used to use a cheap little box, as my mom did.  This mix comes  very close in flavor and texture and works wonderfully.  It is pricey, but not insanely so.  Makes good Southern corn bread or, with additional sweetener of your choice, a good New England cake type.  I don't feel deprived anymore.",
      "helpfulness": "One"
    },
    {
      "date": "October 1, 2008",
      "title": "Tasty and Simple",
      "score": "4.0 out of 5 stars",
      "text": "If you need to cook gluten-free then you know how hard it is to find good, simple products that do not taste \"gluten-free\".  I am not gluten-intolerent but my family is.  I don't like most gluten free products (I just smile and eat) but this one is really good. The mix has good flavor and texture, is simple to make, and makes dad a hero on \"chili\" night.  Much better than the Bob's Red Mill.  Only knocked one star off because I hate paying the higher price for gluten-free stuff.",
      "helpfulness": "0"
    },
    {
      "date": "April 12, 2021",
      "title": "Not sweet",
      "score": "5.0 out of 5 stars",
      "text": "This my favorite gluten free cornbread mix.  It is not sweet and the texture is nice.  If you want sweet you can add your own sweetener.",
      "helpfulness": "0"
    },
    {
      "date": "October 29, 2021",
      "title": "Good gluten-free cornbread",
      "score": "5.0 out of 5 stars",
      "text": "The texture is like cornbread should be, just a little crumbly.  And its not too sweet.",
      "helpfulness": "0"
    },
    {
      "date": "February 1, 2016",
      "title": "tastes like paste.",
      "score": "1.0 out of 5 stars",
      "text": "very dry, tastes like paste.",
      "helpfulness": "0"
    },
    {
      "date": "February 11, 2012",
      "title": "Makes a decent cornbread",
      "score": "4.0 out of 5 stars",
      "text": "This mix works nicely.  It is easy to prepare.  Bakes up pretty much like a jiffy mix which is what we used before going gluten free.  We do find that it is missing some of the corn flavor though.",
      "helpfulness": "One"
    }
  ]
}