{
  "product_title": "Ras El Hanout 2.0 Oz - Zamouri Spices",
  "byline_info": "Brand: Zamouri Spices",
  "product_description": "As featured in The Oprah Magazine Cookbook and O, The Oprah Magazine. This is NOT a simple version of Ras el Hanout found in cookbooks; this is AUTHENTIC! In Moroccan language, Ras el Hanout literally means head of the store or the best spice mixture a merchant has to offer. (also known as ras al hanout or ras el hanouth, raz al hanout or Moroccan Seasoning) Ras el Hanout is a spice blend that Zamouri Spices is proud to present as its best and most unique mix that any adventurous palate would love to experience. The secret of this mix and its recipe is passed down through generations. Native to Morocco, every spice vendor in the region has its own recipe. Zamouri's, too, has its original blend used only in the remote region of Zamour (North Africa Atlas Mountains) for a thousand years. Ingredients from over 30 different herbs and spices include: Grains of Paradise, Lavender, turmeric, ajawan seeds, kalajeera, ginger, galangal, oris root, rose buds, monk's pepper, cinnamon and more! (Sorry, no spanish fly. It is illegal in the USA) This blend is claimed to have aphrodisiac properties. Used mostly during cold seasons by locals, but it is essential in B'Stilla (Almond Chicken Pie) and nearly every Moroccan tagine recipe, especially Chicken Tagines. You can add a pinch or tsp to your favorite soup or stew or rub it into meats before cooking.",
  "category": [
    "Grocery & Gourmet Food",
    "Pantry Staples",
    "Herbs, Spices & Seasonings",
    "Mixed Spices & Seasonings",
    "Meat Seasoning"
  ],
  "alt_images": [
    "https://m.media-amazon.com/images/I/41UqaA1C+tL.jpg",
    "https://m.media-amazon.com/images/I/41W3mC9O3zL.jpg",
    "https://m.media-amazon.com/images/I/41GREbzk9uL.jpg",
    "https://m.media-amazon.com/images/I/41ZfNDtSEfL.jpg",
    "https://m.media-amazon.com/images/I/41WdcTHm2+L.jpg",
    "https://m.media-amazon.com/images/I/41+emLloGUL.jpg",
    "https://m.media-amazon.com/images/I/313I4sD8z0L.jpg"
  ],
  "product_detail": {
    "Is Discontinued By Manufacturer": "No",
    "Package Dimensions": "4.1 x 1.8 x 1.73 inches; 1.98 ounces",
    "Manufacturer": "Zamouri Spices an Elbertai Company LLC",
    "ASIN": "B000FVCVS8",
    "Units": "2 Ounce",
    "Best Sellers Rank": "#193,677 in Grocery & Gourmet Food (See Top 100 in Grocery & Gourmet Food) #2,508 in Meat Seasonings",
    "#2,508 in Meat Seasonings": "",
    "Customer Reviews": "4.6 4.6 out of 5 stars 772 ratings"
  },
  "important_information": {
    "Ingredients": "Ingredients from over 30 different herbs and spices include: Grains of Paradise, Lavender, turmeric, ajawan seeds, kalajeera, ginger, galangal, oris root, rose buds, monk's pepper, cinnamon and more! (Sorry, no spanish fly. It is illegal in the USA)Ingredients from over 30 different herbs and spices include: Grains of Paradise, Lavender, turmeric, ajawan seeds, kalajeera, ginger, galangal, oris root, rose buds, monk's pepper, cinnamon and more! (Sorry, no spanish fly. It is illegal in the USA)",
    "Legal Disclaimer": "Statements regarding dietary supplements have not been evaluated by the FDA and are not intended to diagnose, treat, cure, or prevent any disease or health condition.Statements regarding dietary supplements have not been evaluated by the FDA and are not intended to diagnose, treat, cure, or prevent any disease or health condition."
  },
  "rating": {
    "score": "4.6 out of 5",
    "dist": {
      "5 star": "79%",
      "4 star": "11%",
      "3 star": "6%",
      "2 star": "1%",
      "1 star": "3%"
    }
  },
  "top_comments": [
    {
      "date": "April 16, 2025",
      "title": "Fantastic mix of spices",
      "score": "5.0 out of 5 stars",
      "text": "The formula of spices is perfect, I hope they don't change it. The smell of this particular combination is excellent and was fresh when I opened the bottle. I do a lot of grilling and barbecue, and was looking for something new when I came across this particular mix. It did not disappoint.",
      "helpfulness": "0"
    },
    {
      "date": "June 17, 2019",
      "title": "Amazing Compay",
      "score": "5.0 out of 5 stars",
      "text": "I love Zamori spices and always find their products to be fresh and delicious. I can close my eyes and their spices and Amlou takes me back to Morocco in my mind and heart.  I have ordered from them several times and I just want to shout out that they are truly one of the best companies I have ever dealt with.  Their deliveries are super fast but it is their customer care that makes them stand out.  I love their hand written notes but even better, when something is down, like the postage calculator, I was sent the order anyway with a hand written note saying that since it was an overseas military address, Mary was sending it free of charge as a Thank you for your service.  My husband is an Active Duty Marine and it is truly an honor to have received this from Zamori Spices.  Thank you Mary, we truly appreciate your sincerity and your genuine kindness.  I was a loyal fan before but I am even more so now.",
      "helpfulness": "17"
    },
    {
      "date": "September 22, 2019",
      "title": "The real thing!",
      "score": "5.0 out of 5 stars",
      "text": "Ras al hanout is great seasoning.  Just do a Web search on \"how to use ras al hanout\" for ideas how to use it.But you have to be careful where you buy it.  There's no specific recipe for it--each purveyor blends it according to a private recipe.  I saw ras al hanout in my local gourmet store, and their version had just nine ingredients.  This one has more than thirty ingredients!Give it a sniff, and you'll be transported to Morocco, and their richly flavored dishes.  This is the best ras al hanout I've found, and it's just an Amazon order--just a day or two--away.  Use it as a rub for meats that you're cooking, sprinkle it on scrambled eggs--you'll find a lot of uses for it.",
      "helpfulness": "11"
    },
    {
      "date": "March 31, 2023",
      "title": "Tasty, Authentic Moroccan Spice Blend",
      "score": "5.0 out of 5 stars",
      "text": "I’ve been happy with this Ras El Haunout. It’s the first one I’ve purchased. Maybe there are better ones. Certainly some are cheaper. Adds a nice authentic Moroccan flavor to dishes when I don’t feel like creating my own spice mix. Has over a dozen ingredients. After using this 2 oz. bottle (plastic BTW, would prefer glass) quite a few times still have half the container left.",
      "helpfulness": "One"
    },
    {
      "date": "October 30, 2023",
      "title": "Product ingredients don't match description",
      "score": "4.0 out of 5 stars",
      "text": "As another reviewer commented, I also received the Ras el Hanout with different ingredients on my bottle than what was advertised here.  They advertise \"Ingredients from over 30 different herbs and spices include: Grains of Paradise, Lavender, turmeric, ajawan seeds, kalajeera, ginger, galangal, oris root, rose buds, monk's pepper, cinnamon and more!\" but that's not what I got.  However, the ingredients on my bottle only list \"Spices including turmeric and paprika, salt, dehydrated garlic.\"  I wanted a spice with over 30 different herbs and spices in it so I'm not sure if this has over 30 different spices in it or not but they should change this advertisement to reflect the ingredients label of the bottle they ship to you.  As for taste, it's quite delicious regardless of what it says on the label.",
      "helpfulness": "One"
    },
    {
      "date": "April 18, 2013",
      "title": "Delicious version of Ras El Hanout",
      "score": "5.0 out of 5 stars",
      "text": "This wonderful spice blend is great for cooking Moroccan food. I've been using The Food of Morocco by Paula Wolfert and it called for this spice. You can rub it on meats, use it to flavor wonderful-long simmering lamb or beef tagines or put it on couscous.Wolfert says Ras El Hanout can be made from anywhere between 19 and 26 or even more spices. Some are not safe to ingest on their own, so you need to either buy a pre-made blend or use a simpler recipe with safer spices; she offers too options. But I wanted the original, so I bought this!This version tastes very similar to the authentic version I purchased in Casablanca in the medina, but the description says it lacks Spanish Fly beetle powder, which is a supposed aphrodisiac and illegal in the U.S. Bummer. But buying it in Morocco may not get you the beetle either: Some Web reports say it has also been illegal in Morocco since the 1990s. In any case, Zamouri Spices' version tastes like the version I ate in Morocco and is absolutely delicious.",
      "helpfulness": "25"
    },
    {
      "date": "December 9, 2013",
      "title": "Flavorful",
      "score": "5.0 out of 5 stars",
      "text": "I ordered this product along with Zamouri Spices Harissa powder. After being sorely disappointed by the Zamouri harissa powder, I approached the Ras el hanout  with lowered expectations. When I opened the bottle, I noted that the mix isn't very fragrant, and this led me to wonder if it was old and if it therefore would be insipid. When used in cooking, however, the flavors in the mix opened up and worked wonderfully in the tagine that I made. With some such spice blends, one notes that bolder spices like cinnamon and clove overpower everything else. In this however, the stronger flavors work subtly, highlighting the lavender and rose that are also in the mix. As the five stars suggest, the product was better than I assumed, and it fully met my expectations of what a good store-bought Ras el hanout should be.",
      "helpfulness": "8"
    },
    {
      "date": "January 23, 2023",
      "title": "Not the best, not the worst",
      "score": "3.0 out of 5 stars",
      "text": "Ras al-Hanout more or less, translates to means 'best of the house' or, put another way, it's traditionally a blend of the finest spices a store has to offer. Ras al-Hanout should also be highly aromatic and provide a gentle heat to any dish. It's best used in Tagine dishes but can also be used on almost anything that needs a little lift. I typically use it on chicken as an alternative to paprika for example. So how 'authentic' is this blend? Well, if this is the 'best of their house' I'm likely to pass it by. It's OK, but perhaps because I've sought this spice blend in the Souks of Marrakech, I've been a little spoilt. IMHO, it needs more lift. Adding a touch of ginger helps, but I really need to go back to Morocco and next time, buy a bucketful.",
      "helpfulness": "2"
    }
  ]
}