{
  "product_title": "Water Process Decaf, Kona Hawaiian Coffee Blend, 8 Oz Whole Bean",
  "byline_info": "",
  "product_description": "",
  "category": [
    "Grocery & Gourmet Food",
    "Beverages",
    "Coffee",
    "Whole Coffee Beans",
    "Roasted Coffee Beans"
  ],
  "alt_images": [
    "https://m.media-amazon.com/images/I/519leky7brL.jpg",
    "https://m.media-amazon.com/images/I/51rFkApKlhL.jpg",
    "https://m.media-amazon.com/images/I/41SUEGg5LoL.jpg",
    "https://m.media-amazon.com/images/I/61U4l6uEe-L.jpg",
    "https://m.media-amazon.com/images/I/51zJuI41YBL.jpg",
    "https://m.media-amazon.com/images/I/51JD9l0LzBL.jpg",
    "https://m.media-amazon.com/images/I/51ue9oGZtDL.jpg"
  ],
  "product_detail": {
    "Package Dimensions": "9 x 3.5 x 2.2 inches; 3.2 ounces",
    "ASIN": "B0000TNS82",
    "Units": "8 Ounce",
    "Customer Reviews": "3.3 3.3 out of 5 stars 9 ratings"
  },
  "important_information": {
    "Legal Disclaimer": "Statements regarding dietary supplements have not been evaluated by the FDA and are not intended to diagnose, treat, cure, or prevent any disease or health condition.Statements regarding dietary supplements have not been evaluated by the FDA and are not intended to diagnose, treat, cure, or prevent any disease or health condition."
  },
  "rating": {
    "score": "3.3 out of 5",
    "dist": {
      "5 star": "37%",
      "4 star": "11%",
      "3 star": "15%",
      "2 star": "26%",
      "1 star": "11%"
    }
  },
  "top_comments": [
    {
      "date": "December 25, 2011",
      "title": "So-so",
      "score": "1.0 out of 5 stars",
      "text": "The best thing about this expensive decaf is the shiny, purple packaging.  The flavor is nothing special, certainly not as good as my favorite decafs from Durango Coffee, which cost about half as much.  Save your money.",
      "helpfulness": "3"
    },
    {
      "date": "May 27, 2011",
      "title": "Disappointing",
      "score": "2.0 out of 5 stars",
      "text": "I was looking for a really good special treat coffee - something very dark, but not bitter.  Since I'm limited to decaf only once or twice a week, I want to be sure that what I'm drinking is special.  This really wasn't it.  So far, I've been happiest with Kicking Horse and Starbuck's Sumatra decaf, neither of which, unfortunately, is organic.  My search continues.",
      "helpfulness": "3"
    },
    {
      "date": "November 28, 2012",
      "title": "will not purchase again",
      "score": "3.0 out of 5 stars",
      "text": "it was a rather weak blend and way too pricey for 8oz of  coffee.  Unhappy with my purchase. will not purchase again",
      "helpfulness": "2"
    },
    {
      "date": "July 11, 2011",
      "title": "Great coffee",
      "score": "4.0 out of 5 stars",
      "text": "Great coffee.  The swiss water method is the way to go and is much easier on your body.  I like to add a teaspoon of sugar in the ground coffee before I brew it (cuts the acidity).  Mmmh.",
      "helpfulness": "One"
    },
    {
      "date": "December 4, 2010",
      "title": "Delectible",
      "score": "5.0 out of 5 stars",
      "text": "I fell in love with Kona coffee while in Hawaii years ago and have only been able to find 10% Kona coffee. For me coffee is a delicacy and I try to keep my caffeine consumption down. I have mixed this 1/2 and 1/2 with regular Kona coffee Hawaii Roasters medium roast Hawaii Roasters 100% Kona Coffee, Medium Roast, Whole Bean, 16-Ounce Bag  and also combined the above with Columbian to get a 50-50 mix (This is expensive coffee)and it is terrific. Not being a coffee connoisseur I don't know how one would describe it, but it has a mellow flavor that is fairly light bodied.I would buy it again.",
      "helpfulness": "2"
    },
    {
      "date": "February 18, 2012",
      "title": "nothing special",
      "score": "3.0 out of 5 stars",
      "text": "Just tasted like coffee, nothing special. I have never had Kona and thought it would be incredible since Kona is so expensive.",
      "helpfulness": "0"
    },
    {
      "date": "May 3, 2015",
      "title": "Nothing Special",
      "score": "2.0 out of 5 stars",
      "text": "Was not very thrilled about this product. I've had much better Kona than this. Seemed just a bit off in taste for my liking.",
      "helpfulness": "0"
    },
    {
      "date": "April 13, 2014",
      "title": "WONDERFUL COFFEE",
      "score": "5.0 out of 5 stars",
      "text": "the best coffee ever.  everyone loves it  you should try it  is heavenly.  worth the money you wont go back to your reg",
      "helpfulness": "0"
    }
  ]
}