{
  "product_title": "Karo Pancake Syrup, 16-Ounce, 6 pack",
  "byline_info": "Brand: KARO",
  "product_description": "Packaging may vary6 - 16 ounce bottles (total of 96-ounces) Karo Pancake SyrupThis thick, golden syrup with the famous Karo sweetness makes any breakfast special, but can also lend a unique maple flavor to pecan pie and baked goods. Kosher: Parve; Fat-free.",
  "category": [
    "Grocery & Gourmet Food",
    "Pantry Staples",
    "Cooking & Baking",
    "Baking Syrups, Sugars & Sweeteners",
    "Simple Syrup"
  ],
  "alt_images": [
    "https://m.media-amazon.com/images/I/31VGmcUQm1L.jpg",
    "https://m.media-amazon.com/images/I/41DyR6MijhL.jpg",
    "https://m.media-amazon.com/images/I/41yiPmMSWcL.jpg",
    "https://m.media-amazon.com/images/I/413kiMU4XVL.jpg"
  ],
  "product_detail": {
    "Is Discontinued By Manufacturer": "No",
    "Package Dimensions": "8.94 x 7.52 x 5.59 inches; 1 Pounds",
    "UPC": "767563177531",
    "Manufacturer": "Karo",
    "ASIN": "B0007SNZP2",
    "Units": "96 Fluid Ounces",
    "Best Sellers Rank": "#30,890 in Grocery & Gourmet Food (See Top 100 in Grocery & Gourmet Food) #43 in Simple Syrups",
    "#43 in Simple Syrups": "",
    "Customer Reviews": "4.8 4.8 out of 5 stars 2,080 ratings"
  },
  "important_information": {
    "Legal Disclaimer": "Statements regarding dietary supplements have not been evaluated by the FDA and are not intended to diagnose, treat, cure, or prevent any disease or health condition.Statements regarding dietary supplements have not been evaluated by the FDA and are not intended to diagnose, treat, cure, or prevent any disease or health condition."
  },
  "rating": {
    "score": "4.8 out of 5",
    "dist": {
      "5 star": "92%",
      "4 star": "5%",
      "3 star": "1%",
      "2 star": "0%",
      "1 star": "2%"
    }
  },
  "top_comments": [
    {
      "date": "March 10, 2025",
      "title": "The BEST Syrup in the World",
      "score": "5.0 out of 5 stars",
      "text": "We grew up on Karo syrup on our pancakes and French toast. We live in Virginia and the 4 stores we shop in does not carry it. My grandson loves the syrup from McDonald's.  We tried every kind of syrup down here and it was not like McDonald's.  So I was hankering for some Karo syrup and I bought the 4 bottle package. I gave my grandson a bottle and told him to try it. It might be what McDonald's gets in those little tubs. And he tried it and loved it. He had me order him a 4 bottle package. So Karo syrup is a WIN-WIN for our family.",
      "helpfulness": "2"
    },
    {
      "date": "January 30, 2024",
      "title": "Good stuff!",
      "score": "5.0 out of 5 stars",
      "text": "I have been on a waffle making binge and needed (wanted) some thicker syrup.  I had bought some of the Karo pancake syrup in Mexico on vacation and really enjoyed it.  I looked for it at all our local stores once back in the Central Texas area, but had no luck finding it.  If all else fails, try Amazon.  These days there's not much you can't find on Amazon.  Sometimes the price  is a bit higher than I would like to pay, but if I want the product badly enough, I order it.  The 6 bottles arrived well sealed and tasty.  Maybe soon I will be able to find it locally.  If not and I keep making waffles, I'll be ordering again.",
      "helpfulness": "One"
    },
    {
      "date": "October 25, 2024",
      "title": "Unable to get this in my grocery store",
      "score": "5.0 out of 5 stars",
      "text": "I was so glad to see that I could get Karo Pancake Syrup through Amazon, since the grocery store I usually buy it from discontinued it long ago. Once you pour this syrup on your pancakes/ waffles you won't ever go back to the regular syrup because it is thicker and of course richer as compared to the watery, diluted syrup on grocery shelves.",
      "helpfulness": "4"
    },
    {
      "date": "July 18, 2025",
      "title": "They do away with all the good stuff",
      "score": "5.0 out of 5 stars",
      "text": "They need to bring it back. I grew up with this and will miss it when it's gone.",
      "helpfulness": "0"
    },
    {
      "date": "June 19, 2024",
      "title": "no longer in stores",
      "score": "5.0 out of 5 stars",
      "text": "Bought this through Amazon as I can no longer find this syrup in store (the light and dark Kart are, but not the pancake).  This is the ultimate pancake syrup: taste (others are sugary but not too flavorful), consistency (most others are thin/runny; this will actually stay on the pancake) and cost (tasty alternative to tru maple syrup).",
      "helpfulness": "0"
    },
    {
      "date": "May 27, 2025",
      "title": "Great Deal",
      "score": "5.0 out of 5 stars",
      "text": "Great deal on Karo pancake syrup which my wife loves. It’s. Good value for the package.",
      "helpfulness": "0"
    },
    {
      "date": "August 21, 2024",
      "title": "Wonderful pancake syrup",
      "score": "5.0 out of 5 stars",
      "text": "This product is really great , used it for many years .Found it here on Amazon , can't find it at the grocery stors any more .Gave some to family members , only needed a few bottles .",
      "helpfulness": "0"
    },
    {
      "date": "October 4, 2024",
      "title": "wish it was still sold in stores",
      "score": "5.0 out of 5 stars",
      "text": "This is a nostalgic purchase for meIt's my mother's favorite syrup and mine as wellThis syrup has a unique taste for me that others haven't compared to. Others are too sweet.Karo deciding to pull this version from the stores, so disappointing, is what made me go looking for a substitute.now I just order them in bulk hoping they don't discontinue this version and one day hoping to see it in stores again.",
      "helpfulness": "5"
    }
  ]
}