{
  "product_title": "Crunchies Freeze-Dried Fruit Snack, Tropical Fruit, 1.5-Ounce Pouches (Pack of 6)",
  "byline_info": "Visit the Crunchies Store",
  "product_description": "Product Description   Crunchies Freeze-Dried Tropical Fruit is a 100 percent real mix of great-tasting mango, pineapple, banana, and oranges. The only thing taken out of the fruit through Crunchies' patented freeze-drying process is water. No additives, no preservatives. That means no added sugar, no oil, no sulphur. They're wheat-free, gluten-free, and GMO-free, but rich in fiber and nutrients. Less water equals more flavor and a satisfying crunch that both kids and adults love. All this and only 90 calories per 3/4 cup! It's truly nature's ultimate snack food, and comes in a convenient resealable bag that's great for kids lunches, hiking, school, work, or any in-between meal snack on-the-go. You can also add them to pancakes, cereal, yogurt, or ice cream. Veggies can be eaten as a snack or sprinkled over your salads, soups and side dishes for added vitamins and nutrients! Crunchies Food Company was established in response to the rapid and overwhelming demand for good-tasting and truly healthy natural snacks on the market. The Company sought to develop a line of pure foods that would blend the tasty fun of potato chips, but but still be completely free of the preservatives, added sugars, trans fats and excessive sodium that are so prevalent among many snack food products. The result was an innovative breakthrough in blending great taste with important nutrition: Crunchies® freeze-dried fruits and vegetables which have proven hugely appealing to everyone from school children to seniors and from health-concious parents to busy executives.   About the Brand   Founded in 1993, Crunchies Food Company began with a mission: to create a line of foods that was not only unique and innovative, but also healthy and great tasting. The company also wanted to ensure that whatever foods they used were grown and handled in a way that was good for the environment, too. From the very beginning, every part of the company's process, including the packaging, literature, food-stuffs, employees, and the commitment to give back to the community, had to reflect the company's overarching philosophy. Starting with reduced fat granolas with dried cherries and low-fat pancake mixes with orange zest and cardamom, and branching out into trail mixes made with unique organic and conventional fruits, Crunchies Food Company soon made a name for itself in California. But it wasn't until they discovered the uniqueness and healthfulness of freeze-dried fruits and vegetables that they really began to plan for a national expansion. Presently, Crunchies has made their way into some 700 stores nationwide and have been acknowledged by the likes of Bon Appetite, Fitness Magazine, Sports Illustrated for Women, and over a dozen other periodicals. They were also honored by their peers with an award for having one of the most innovative businesses in Central California.   \n  From the Manufacturer   Crunchies Freeze-Dried Tropical Fruit is a 100 percent real mix of great-tasting mango, pineapple, banana, and oranges. The only thing taken out of the fruit through Crunchies' patented freeze-drying process is water. No additives, no preservatives. That means no added sugar, no oil, no sulphur. They're wheat-free, gluten-free, and GMO-free, but rich in fiber and nutrients. Less water equals more flavor and a satisfying crunch that both kids and adults love. All this and only 100 calories per 3/4 cup! It's truly nature's ultimate snack food, and comes in a convenient resealable bag that's great for kids lunches, hiking, school, work, or any in-between meal snack on-the-go. You can also add them to pancakes, cereal, yogurt, or ice cream.   See more",
  "category": [
    "Grocery & Gourmet Food",
    "Snacks & Sweets",
    "Snack Foods",
    "Fruit Snacks"
  ],
  "alt_images": [
    "https://m.media-amazon.com/images/I/61C96s-ysUL.jpg",
    "https://m.media-amazon.com/images/I/51D8wk1kGkL.jpg",
    "https://m.media-amazon.com/images/I/51yjnMFBnZL.jpg"
  ],
  "product_detail": {
    "Package Dimensions": "9.4 x 8.4 x 5.9 inches; 8.96 ounces",
    "UPC": "734020310114",
    "Manufacturer": "Crunchies",
    "ASIN": "B000EDGB7E",
    "Units": "9.0 Ounce",
    "Customer Reviews": "3.5 3.5 out of 5 stars 30 ratings"
  },
  "important_information": {
    "Ingredients": "Mango,Pineapple,Banana,Oranges, Blueberries and StrawberriesMango,Pineapple,Banana,Oranges, Blueberries and Strawberries",
    "Directions": "Store in cool dry area, keep sealed and keep out of direct sunlight.Store in cool dry area, keep sealed and keep out of direct sunlight.",
    "Legal Disclaimer": "Actual product packaging and materials may contain more and different information than what is shown on our website. We recommend that you do not rely solely on the information presented and that you always read labels, warnings, and directions before using or consuming a product.Actual product packaging and materials may contain more and different information than what is shown on our website. We recommend that you do not rely solely on the information presented and that you always read labels, warnings, and directions before using or consuming a product.Statements regarding dietary supplements have not been evaluated by the FDA and are not intended to diagnose, treat, cure, or prevent any disease or health condition.Statements regarding dietary supplements have not been evaluated by the FDA and are not intended to diagnose, treat, cure, or prevent any disease or health condition."
  },
  "rating": {
    "score": "3.5 out of 5",
    "dist": {
      "5 star": "37%",
      "4 star": "12%",
      "3 star": "28%",
      "2 star": "11%",
      "1 star": "12%"
    }
  },
  "top_comments": [
    {
      "date": "March 11, 2011",
      "title": "Awesome healthy snack!",
      "score": "5.0 out of 5 stars",
      "text": "I like these so much I enrolled in the Subscribe & Save over a year ago.  It is not the cheapest snack, but I save money by ordering these in bulk through Amazon rather than buying these from my local grocery store.  There are no artificial ingredients or added sugars; this is just fruit.  Yet, this is a great portable snack that will not go bad sitting in your car, or your child's backpack.  I usually keep a supply in my car to satisfy my huger while driving home from work.I completely disagree with the serving size listed on the package.  It claims five servings per bag.  But, if you're eating these as a snack, you'll only get one serving out of a package, maybe two servings if it's for a child.  If you're using this on top of cereal or yogurt, then of course it will last much longer.  When the bag is empty, you'll find a bunch of fruit powder left at the bottom.  Don't throw it away, this makes a great topping for yogurt.This snack is not for everyone.  My kids and I love them, but my husband can't stand them.  These are not the consistency of other dried fruits, like raisins.  These are crunchy, just as the name implies.  You can happily crunch them like potato chips, or to make them last longer, eat one at a time, and let them slowly dissolve in your mouth, like a sugar cube.  Sweet without the guilt.",
      "helpfulness": "0"
    },
    {
      "date": "May 10, 2015",
      "title": "Tasty and crunchy...but odd and pricey.",
      "score": "3.0 out of 5 stars",
      "text": "The flavor is good, and they are indeed crunchy.  The texture is somewhat off-putting, like brittle Styrofoam.  It's a bit to get used to, and with the high price, I don't think it's worth it. Unless you are going to be packing it on a long hike where weight is a legitimate issue--for which this would be ideal--I'd  pass.",
      "helpfulness": "0"
    },
    {
      "date": "May 19, 2014",
      "title": "Tropical fruit not so good!!",
      "score": "1.0 out of 5 stars",
      "text": "Didn't care for the tropical fruit. Won't be ordering it again, real hard and bulky, flavor was not on the mark",
      "helpfulness": "0"
    },
    {
      "date": "September 28, 2014",
      "title": "Not Worth It",
      "score": "2.0 out of 5 stars",
      "text": "Mangoes were good. Bananas were terrible. Strawberries were good. Pineapple was ok. Oranges were good, but also as easy to find as the pork is in a can of pork and beans.",
      "helpfulness": "0"
    },
    {
      "date": "October 28, 2012",
      "title": "Cinnamon apple is really delicious",
      "score": "4.0 out of 5 stars",
      "text": "I bought a box of the tropical fruit to put on top of my cereal or oatmeal and they tasted very good.  I do agree that they create a lot of crumbs/powder though.  I also found out I can purchase these at Walmart for a comparable price.  I tried the Cinnamon apple and they are delicious, just the right combo of sweet and tart.",
      "helpfulness": "0"
    },
    {
      "date": "January 19, 2014",
      "title": "Delicious & healthy",
      "score": "5.0 out of 5 stars",
      "text": "Crunches is a great company with exceptional freeze-dried fruit. The tropical fruit assortment is delicious. No two packages are exactly the same. Sometimes more of one fruit than another. Makes every package fun to open. Great quality!",
      "helpfulness": "0"
    },
    {
      "date": "April 13, 2014",
      "title": "Good taste but the tropical fruit was mostly strawberries",
      "score": "3.0 out of 5 stars",
      "text": "Tried these out, so I could take tropical fruit to the office as a snack.  I liked the two pieces of mango and the strawberries, but it was all strawberries and just the two pieces of mango and nothing else.  I'll try taking cans instead.",
      "helpfulness": "0"
    },
    {
      "date": "March 8, 2014",
      "title": "Fun and healthy snack",
      "score": "5.0 out of 5 stars",
      "text": "The best price and the best quality. The healthiest snack you can be addictive without any guilt. Enjoy eating and enjoy being healthy!",
      "helpfulness": "0"
    }
  ]
}