{
  "product_title": "The Gluten-Free Pantry Double Chocolate Brownie Mix - 6 pk",
  "byline_info": "Visit the glutino Store",
  "product_description": "Product description   Features include: Case of six 16-ounce packages of brownie mix (total of 96 ounces)Decadent chocolate brownie mix made with Dutch cocoa, rice flour, and chocolate chipsGluten-free, wheat-free; certified kosher (KVH-D)Flavorful mix with easy-to-follow recipe instructionsSpecially formulated for those with dietary restrictions; made in Canada   About the Brand   The Gluten-Free Pantry was founded by professional chef and food writer Beth Hillson, who, along with her son, is gluten-free. Beth developed the formulas for the mixes so that she and her son could enjoy delicious food. Today she shares those mixes with a much larger family as people all over the world have come to know and love these fine products. Beth and her staff taste and test every batch of our products to make sure they meet the company's high standards.   \n  From the Manufacturer   Create a memorable dessert with Gluten-Free Pantry Chocolate Truffle Brownie Mix. These moist and decadent brownies are made with Dutch cocoa, rice flour, and chocolate chips. The mix contains no wheat or gluten, and is certified kosher (KVH-D). Easy-to-follow recipe instructions make baking a snap, and the result is sure to be a hit with family and friends. Each package makes a single 9-by-13-inch pan of fudge brownies; a low-fat recipe is also included. Made in Canada, Gluten-Free Pantry products are specially formulated for those with dietary restrictions.   See more",
  "category": [
    "Grocery & Gourmet Food",
    "Pantry Staples",
    "Cooking & Baking",
    "Baking Mixes",
    "Brownies"
  ],
  "alt_images": [
    "https://m.media-amazon.com/images/I/51HANgcbYAL.jpg",
    "https://m.media-amazon.com/images/I/41Se+UWzuqL.jpg",
    "https://m.media-amazon.com/images/I/4171RAU4nZL.jpg",
    "https://m.media-amazon.com/images/I/31WFU-ruWaL.jpg",
    "https://m.media-amazon.com/images/I/41eBMtCX-9L.jpg",
    "https://m.media-amazon.com/images/I/41ajW724nHL.jpg",
    "https://m.media-amazon.com/images/I/41j6P77TEqL.jpg"
  ],
  "product_detail": {
    "Package Dimensions": "7.32 x 4.84 x 1.93 inches; 1 Pounds",
    "UPC": "737880061301",
    "Manufacturer": "Amazon Health & Nutrition",
    "ASIN": "B000EVIDUY",
    "Units": "96 Fluid Ounces",
    "Best Sellers Rank": "#442,197 in Grocery & Gourmet Food (See Top 100 in Grocery & Gourmet Food) #266 in Brownie Mixes",
    "#266 in Brownie Mixes": "",
    "Customer Reviews": "3.8 3.8 out of 5 stars 122 ratings"
  },
  "important_information": {
    "Ingredients": "'SUGAR, CHOCOLATE CHIPS (SUGAR, CHOCOLATE LIQUOR, COCOA BUTTER, SOY LECITHIN, VANILLA EXTRACT), COCOA POWDER PROCESSED WITH ALKALI, POTATO STARCH, WHITE RICE FLOUR, CORN STARCH, SALT, XANTHAN GUM.''SUGAR, CHOCOLATE CHIPS (SUGAR, CHOCOLATE LIQUOR, COCOA BUTTER, SOY LECITHIN, VANILLA EXTRACT), COCOA POWDER PROCESSED WITH ALKALI, POTATO STARCH, WHITE RICE FLOUR, CORN STARCH, SALT, XANTHAN GUM.'",
    "Legal Disclaimer": "Statements regarding dietary supplements have not been evaluated by the FDA and are not intended to diagnose, treat, cure, or prevent any disease or health condition.Statements regarding dietary supplements have not been evaluated by the FDA and are not intended to diagnose, treat, cure, or prevent any disease or health condition."
  },
  "rating": {
    "score": "3.8 out of 5",
    "dist": {
      "5 star": "53%",
      "4 star": "14%",
      "3 star": "11%",
      "2 star": "12%",
      "1 star": "10%"
    }
  },
  "top_comments": [
    {
      "date": "May 1, 2014",
      "title": "They're like real brownies!",
      "score": "5.0 out of 5 stars",
      "text": "If you've been gluten-free for anytime at all you know that baking is one of those things that just doesn't quite work out usually. I've tried doing it from scratch but it has been a disaster on so many levels I don't care to count (for you though? I will...cookies that never quite solidify, bread that looks (and kind of tastes) like a brick (even though I will swear to my friends that you TOTALLY can't tell it's gluten-free just to save face), etc., etc.). I bought this boxed mix while having a severe baked goods and chocolate withdrawal attack. I cannot say enough about them. These are AMAZING. I didn't add nuts (because I hate ruining something totally unhealthy with even an ounce of something that has a nutritional redemption factor like nuts) but they are like the bomb-diggity (if people still say that, I don't know). They are soft and chewy and I could eat an entire pan with or without ice cream (and I might have, don't judge). There are even little chocolate chunks in them that are like extra special surprises when you bite into one...ah-mazing. Strongly recommend...buy them. Now. You won't be sorry you did!",
      "helpfulness": "One"
    },
    {
      "date": "April 28, 2011",
      "title": "NIRVANA!",
      "score": "5.0 out of 5 stars",
      "text": "After using the Gluten Free Pantry Favorite Sandwich Bread mix for some time (and loving it), I decided to check out other Gluten Free Pantry mixes.  I have been using the Betty Crocker Brownie Mix for over a year and have had mixed (no pun intended) and often disappointing results.  Well, I am SO glad that I gave this one a try!  The brownies are chocolate-y and just the right consistency when baked for the amount of time recommended on the package (I never knew with the Betty Crocker brownies...sometimes they were done, sometimes they weren't).  I don't have to add extra chocolate chips to this mix to get the richness I want in a chocolate brownie.  Another plus is that this mix works just as well with substitutions (I use canola oil instead of butter).  I even baked one batch using applesauce and yogurt instead of oil (moist, fat, brownies were the result).  I like that I can \"de-fat\" them if I want to do so!  I've tried almost every GF brownie mix on the planet and this one is the BEST!  One strange recommendation in the directions is that you freeze the brownies for an hour for best results.  Since I am always in a hurry when I bake these, I haven't done that as yet, but, it hasn't seemed to be a problem!",
      "helpfulness": "0"
    },
    {
      "date": "October 1, 2008",
      "title": "Very Tasty, Very Simple",
      "score": "4.0 out of 5 stars",
      "text": "Don't want to over-hype this mix but it is very tasty and very simple.  We have two active kids in sports and other activities.  One of our biggest gluten-free challenges has been pot-lucks, team dinners, picnics... Lots of tasty things to eat, but nothing my kids can eat.  We've started baking up a batch of these to take with us.  Everybody gets something now.  Highly recommended.",
      "helpfulness": "0"
    },
    {
      "date": "April 4, 2010",
      "title": "Disappointing",
      "score": "2.0 out of 5 stars",
      "text": "I bought the six pack case and after baking the first two boxes I am confident that I won't be purchasing this again. If you are looking for chocolate decadence, you won't find it here. The next box I will try with regular oil not melted butter/margarine as directed. Maybe then I'll get that chewy, gooey richness that this products claims. There is a strange aftertaste, not one that I wish to linger. Betty Crocker G/F brownie mix is by far a better tasting brownie and less expensive. My vote is G/F with Betty C!",
      "helpfulness": "0"
    },
    {
      "date": "August 2, 2016",
      "title": "Not a fan. They taste bitter.",
      "score": "1.0 out of 5 stars",
      "text": "Not a fan.  They taste bitter.",
      "helpfulness": "One"
    },
    {
      "date": "February 24, 2009",
      "title": "Good chocolate fix for GF eaters",
      "score": "3.0 out of 5 stars",
      "text": "I followed the recipe exactly. After freezing them, I have to admit, I used a butter knife to try to cut it and I BROKE the KNIFE!  Ha!  Nonetheless, they were yummy!",
      "helpfulness": "One"
    },
    {
      "date": "November 12, 2009",
      "title": "Took Top Honors",
      "score": "5.0 out of 5 stars",
      "text": "We have been baking these brownies for several years as I have a gluten-free son who is the pickiest of eaters.  If there was a change to the recipe when the company was acquired by Glutino, it did not affect its taste to our family!These are fudgey and chewy not at all dry or cake-like.  We tried freezing them to make them last longer, but they are just as good if not better frozen.  We cut ours after baking and freeze them already cut in a zip-lock bag.A few years ago, an organic living magazine did a taste-test on all brownies and these placed first.  Incidentally, Gluten-Free's chocolate cake mix which used to be called Danielle's decadent cake mix also took first place and it makes the best chocolate cupcakes I have ever eaten!  Try topping them with Pamela's dark chocolate frosting mix. The best!  NO ONE will ever suspect either mix is gluten-free.",
      "helpfulness": "0"
    },
    {
      "date": "November 20, 2021",
      "title": "The best, most natural tasting brownie mix sure to be a hit for vegans and nonvegans.",
      "score": "5.0 out of 5 stars",
      "text": "Though I am a “from scratch” baker, I like the ease of a good mix. I have to be dairy free now, but I remember the taste dairy brings to my baked goods. My goal is always to have my foods taste great for all those eating. Glutino’s brownie mix is rich and decadent, it does not taste “vegan” at all.",
      "helpfulness": "0"
    }
  ]
}