{
  "product_title": "Hi-Tor Neo Diet For Cats 24/5.5-oz cans",
  "byline_info": "Brand: Triumph",
  "product_description": "The Hi-Tor Neo Diet is specifically formulated for cats requiring a low protein, restricted phosphorus diet to assist in management of renal disease. This formula is highly palatable in order to ensure adequate consumption and caloric intake.",
  "category": [
    "Pet Supplies",
    "Cats",
    "Food",
    "Wet",
    "Canned"
  ],
  "alt_images": [
    "https://m.media-amazon.com/images/I/41CmBntFT9L.jpg"
  ],
  "product_detail": {
    "Is Discontinued By Manufacturer": "No",
    "Product Dimensions": "3 x 10 x 14 inches; 9 Pounds",
    "Item model number": "478",
    "Department": "cat-wet-food",
    "Date First Available": "September 13, 2006",
    "Manufacturer": "Monster Pets",
    "ASIN": "B0000CEPDP",
    "Customer Reviews": "3.8 3.8 out of 5 stars 434 ratings"
  },
  "important_information": {},
  "rating": {
    "score": "3.8 out of 5",
    "dist": {
      "5 star": "48%",
      "4 star": "14%",
      "3 star": "21%",
      "2 star": "6%",
      "1 star": "11%"
    }
  },
  "top_comments": [
    {
      "date": "June 18, 2017",
      "title": "Excellent product and a 💕💕💕💕thank you to the reviewers here !💕💕💕💕",
      "score": "5.0 out of 5 stars",
      "text": "🐈🐈🐈🐈🐱a review from Mrs. L🐱🐈🐈🐈🐈First of all, I think of all of the products I have ever purchased from Amazon, the reviews of this cat food for cats with kidney disease were the most important for me to read. 💐💕💐Thank you to everyone who expressed their honest opinion about this product. 💐💕💐 The reviews really helped me with a difficult decision to switch to this product which was different than the product my vet originally recommended when my poor cat went into kidney failure. 💕Thank you thank you thank you. 💕 I firmly believe this product, which my cat loved and tolerated better than another product, which needed vet paperwork to purchase . . . Helped my cat to live an extra year.When my cat went into kidney failure, my vet indicated that she had a poor prognosis and probably only had another 6 months or so to live. She recommended a specialized diet for poor renal function. My cat never liked this particular brand of food, but I was resolved to use this food in hopes of helping my cat. It was also incredibly expensive.  At times, it was also difficult to order.One day, I attempted to reorder this brand my vet recommended, but it was going to take an extraordinary amount of time to arrive and required a vet prescription.  After reading the reviews here on Amazon, of Hi-Tor Neo Diet for Cats, I ordered a case of it. I called my vet to tell her that I had to order a different brand of cat food and she said that this was a good choice and was a good product. Oooookay!My cat loved it. She ate it with gusto up until the last week before she died. I really felt that the Hi-Tor brand gave my cat extra months to live. I think it also made her happy eating it. Sixteen years ago, we found her abandoned in the woods. A tiny, fluffy little tuxedo kitten. She was extremely malnourished and starved for food and attention.  She was so tiny when we found her, we thought she was about 8 weeks old. When we took her to the vet, we found out she was probably 5 months old. It broke our hearts to see her so neglected and bedraggled. When she ate kitten food, she growled and choked the food down as fast as she could. Throughout her life, she always had a special relationship with food. Eating was a big deal for her. So, when she enjoyed the Hi-Tor food, we were grateful for the product for more reasons than its benefits for her failing kidneys. And, we really do think it helped her to live longer. 💕💐💕💐💕Great cat food. It really did what it was supposed to do for our little cat!",
      "helpfulness": "73"
    },
    {
      "date": "June 10, 2017",
      "title": "Was Worth a Try....",
      "score": "3.0 out of 5 stars",
      "text": "I've been using this product for about 9 months, and have had to take my cat off of it. In the beginning, it seemed to help, but after 3 months, she began to have issues using the bathroom (#2) and had another UTI (not related to the cat food). It was very hard to watch her struggling to defecate or only some of it would come out and she would drag her butt across the floor throughout the house, trying to get the rest out. This was just as frustrating for her as it was for me to have to watch it and then clean up the aftermath. She had very hard stools, and there were times here I actually had to give her an enema to help get them out. Suspecting the food, I put her on regular canned cat food, and she had soft stools again, more energy, and seemed happier. She was diagnosed as having possible kidney issues based on creatinine and BUN testing, and was having trouble with the offerings of the Science Diet products.She lost weight, she seemed a little too lethargic for me, but did make fewer trips to the water dish. The food probably helped correct something the vets *thought* was an issue, but this was not a product that had any sustaining value for my cat. She has been weaned off of this product and onto a mixture of kibble and non-dietary canned cat food. She has gained 2 lbs. back, has been more active, and has done things I haven't seen her do in almost 2 years. I will be taking her to the vet to be re-evaluated, but no more Hi-Tor NEO for her at this point. As with any product, results may marry. Other cats with different conditions may greatly benefit from this product. Thanks!",
      "helpfulness": "11"
    },
    {
      "date": "March 27, 2019",
      "title": "Elderly cat loves it!",
      "score": "4.0 out of 5 stars",
      "text": "We have a 20 year old female cat who was diagnosed with kidney disease a couple of years ago.  Prior to that, she also had issues with UTI infections.  Because of these two things, we looked for a food that was low in magnesium for the urinary benefits and low in phosphorus for her kidneys.  We settled on Dave's canned food and Purina One dry food.She never had another UTI, but still had a lot of constipation issues and was losing a lot of weight while not eating much of the Dave's.  We ended up back in the emergency vet for a severe bout of constipation.  It was at that point that we decided to switch her to Neo and cut out the dry food entirely.She is doing marvelously with the Neo and eats 3x as much of it as she did the Dave's.  No more constipation and she's gaining weight.  It's also less expensive.  Unfortunately, all of our pets ended up with special needs, so we have to balance their care with the expense.  So K/D was not an option. After thorough research, Neo seemed like the best route.I have given 4 stars instead of 5 because this product may not be ideal for everyone.  It's not the BEST thing a cat with renal disease/failure can be on.  And it's high in fat for cats who may have weight issues.  Our cat was underweight and  doesn't eat much in a sitting, so this is not a concern for us.  All of this considered, it was far more important for us to find a low phosphorus and magnesium wet food that our cat will happily eat as her sole diet and this brand has filled that need.",
      "helpfulness": "7"
    }
  ]
}