{
  "product_title": "RiceSelect Texmati Brown Rice, Long Grain American Basmati, 32 oz Jars (Pack of 4)",
  "byline_info": "Visit the RiceSelect Store",
  "product_description": "Product Description   Texmati Light Brown Rice is the quicker-cooking alternative to traditional brown rice. It cooks like white rice, yet tastes like brown, and appeals to the nutrition-conscious consumer. Quick cooking and all natural, this versatile grain tastes great on its own, or as an alternative to recipes using either white or brown rice.Texmati Light Brown Rice is great in stir-fry, soup, and rice salads. Whether it’s the main course or a lovable side dish, RiceSelect Light Brown Rice is sure to be enjoyed. RiceSelect Texmati Light Brown rice is Star-K Kosher Certified.   From the Manufacturer   RiceSelect Texmati Light Brown Basmati Rice is the perfect addition to any meal. Our delicious Light Brown Rice combines the qualities of basmati with that of traditional American long-grain rice. Characterized by its long milled grains, Texmati Light Brown Rice swells in both length and width once cooked, creating light and fluffy rice. In addition to its beautiful appearance and texture, Texmati has a delightful aroma of popcorn and a delectable nutty flavor. With a cook time of 20 minutes, this versatile grain tastes great served on its own or in dishes that are enhanced by its fluffy texture and exotic aroma. Made with no additives, our all-natural light brown rice provides a tasty alternative to traditional brown rice. For your convenience, the RiceSelect Texmati Light Brown Basmati Rice is packaged in four 32-ounce jars. From our seed to your plate, our dedication to quality can be seen and tasted. Enjoy all our conventional and organic rice products and mixes. Rethink rice!",
  "category": [
    "Grocery & Gourmet Food",
    "Pantry Staples",
    "Dried Grains & Rice",
    "Brown"
  ],
  "alt_images": [
    "https://m.media-amazon.com/images/I/41Fv1CNwCkL.jpg"
  ],
  "product_detail": {
    "Is Discontinued By Manufacturer": "No",
    "Product Dimensions": "8.56 x 8.56 x 7 inches; 9.25 ounces",
    "Item model number": "905631",
    "UPC": "074401252467",
    "Manufacturer": "RiceSelect",
    "ASIN": "B000EH0RTS",
    "Units": "128 Ounce",
    "Customer Reviews": "3.4 3.4 out of 5 stars 70 ratings"
  },
  "important_information": {
    "Safety Information": "Packed in a plant that handles nuts & wheat products.The product is labelled to United States standards and may differ from similar products sold elsewhere in its ingredients, labeling and allergen warningsPacked in a plant that handles nuts & wheat products.The product is labelled to United States standards and may differ from similar products sold elsewhere in its ingredients, labeling and allergen warnings",
    "Ingredients": "Texmati Rice.Texmati Rice.",
    "Directions": "1 Cup Texmati Light Brown; 2 Cups Water; 1/4 Teaspoon Salt (optional); 1 Teaspoon Butter (optional). 1. Combine all ingredients in a 2-1/2 qt. saucepan. 2. Bring to a boil; stir once. 3. Cover with a tight fitting lid or foil; reduce heat and simmer for 20 minutes. 4. Remove from heat and let stand (covered) for 5-10 minutes longer. Yields about 3 cups cooked rice.1 Cup Texmati Light Brown; 2 Cups Water; 1/4 Teaspoon Salt (optional); 1 Teaspoon Butter (optional). 1. Combine all ingredients in a 2-1/2 qt. saucepan. 2. Bring to a boil; stir once. 3. Cover with a tight fitting lid or foil; reduce heat and simmer for 20 minutes. 4. Remove from heat and let stand (covered) for 5-10 minutes longer. Yields about 3 cups cooked rice.",
    "Legal Disclaimer": "Statements regarding dietary supplements have not been evaluated by the FDA and are not intended to diagnose, treat, cure, or prevent any disease or health condition.Statements regarding dietary supplements have not been evaluated by the FDA and are not intended to diagnose, treat, cure, or prevent any disease or health condition."
  },
  "rating": {
    "score": "3.4 out of 5",
    "dist": {
      "5 star": "50%",
      "4 star": "9%",
      "3 star": "5%",
      "2 star": "6%",
      "1 star": "30%"
    }
  },
  "top_comments": [
    {
      "date": "January 19, 2020",
      "title": "So delicious",
      "score": "5.0 out of 5 stars",
      "text": "My husband and I are OBSESSED with this rice. The “light brown” rice is amazing and the best of both worlds, it has more health benefits than white rice but isn’t as dense as brown rice. We have this rice with our dinner more often than I’d like to admit. The quick 20 min cook time is also super nice.",
      "helpfulness": "0"
    },
    {
      "date": "April 3, 2013",
      "title": "This is white rice!",
      "score": "1.0 out of 5 stars",
      "text": "This is sold as light brown rice it is not at all brown. It is definitely white rice! If it has been marketed properly it would've been fine we expected something else.",
      "helpfulness": "2"
    },
    {
      "date": "May 26, 2014",
      "title": "Excellent Rice Products from Rice Select",
      "score": "4.0 out of 5 stars",
      "text": "Excellent quality rice... I have been a fan of every Rice Select product so far.  This was my first online purchase though, through Amazon.  This particular offering of \"Light Brown Rice\" was apparently not available in stores in my area.  So, based on prior positive impressions of Rice Select, I was confident that I would also like this product; packaged as a 4 pack.  It might be a little more rice than I would like to store in the pantry at any one time...but I know I'll use it all eventually.  I like the convenience of having this rice cook quickly, yet retain some characteristics of a brown rice; nutty flavor, fiber...and good, slightly healther alternative to plain white rice.",
      "helpfulness": "5"
    },
    {
      "date": "October 15, 2017",
      "title": "Well, it's rice, but texture is lacking",
      "score": "2.0 out of 5 stars",
      "text": "I use both American long grain and Japanese-style short grain rice, typically in a rice cooker. So I'm used to either a firm, dry kernel or a soft, sticky one, depending. This rice is some kind of hybrid and partially milled, i.e., not white or brown. However it's produced, the texture of this Texmati rice when cooked reminds me of Vietnamese \"broken\" rice, which is kind of crumbly. Since this brand is premium-priced compared to other rice staples, I'm pretty disappointed, and wouldn't purchase again.",
      "helpfulness": "4"
    },
    {
      "date": "November 18, 2009",
      "title": "Tasted Okay",
      "score": "3.0 out of 5 stars",
      "text": "It is very much like white rice that is why the fiber content is very low.  This rice would be great for someone to ease in to eating real brown rice.  I prefer real brown rice because it's chewy and nutty.  The price is not that great, I can get organic brown rice at a local health food store for $1.99/LB and I don't have to buy a large quanity.",
      "helpfulness": "2"
    },
    {
      "date": "April 21, 2011",
      "title": "Long time, finally found!",
      "score": "5.0 out of 5 stars",
      "text": "This is one of the best tasting rice varieties I ever tried. It was available locally (central Maryland) in the past, but I had been unable to find it for quite awhile, recently ran out of it, and thought it was discontinued (boo hiss!) I never thought to look at Amazon until today, and thank heavens it is available in the Subscribe and Save program! It is still not cheap, but it is much more affordable than ordering directly from the manufacturer's site.I always wondered exactly what made it \"light\" brown rice, but after reading through the reviews my suspicions are confirmed- this is partially milled, but not totally stripped as is the case with white rice. That is fine with me- I always have lots of veggies in my rice dishes, so if some of the fiber is taken out with partial milling, I can live with it. The flavor really is better than white, and the texture is not nearly as \"tough\" as brown.",
      "helpfulness": "8"
    },
    {
      "date": "June 12, 2018",
      "title": "Not Good. At all.",
      "score": "1.0 out of 5 stars",
      "text": "Awful unless you like flavorless rice with no texture hatsoever. I have and continue (for now) to use Rice Select products but I found this misleading and unfortunately I have 3-3/4 containers of it left. I cook a LOT of rice in our household but not this one again. I suppose the lesson here is beware 'value packs', I wish I could find even one good thing to say about it but, I cannot.",
      "helpfulness": "One"
    },
    {
      "date": "September 14, 2013",
      "title": "If you don't like brown rice but wish you did...",
      "score": "5.0 out of 5 stars",
      "text": "or if you're trying to get your family to eat brown rice, but they don't like it, then this is the rice for you. It has way more flavor, fiber and nutrients than white rice, but you wouldn't notice that it wasn't white unless you compared them side-by-side. It has a nutty flavor and a great aroma while cooking. There is just no reason to buy white rice if you have this hard-to-find product. But be forewarned...if you like real brown rice, you WILL be disappointed. Personally, my family and I LOVE it, and have it at least three times a week.",
      "helpfulness": "3"
    }
  ]
}