{
  "product_title": "Arnold Hamburger Buns, 14 oz",
  "byline_info": "Brand: Arnold Hamburger Buns, 14 oz",
  "product_description": "Arnold Hamburger Buns, 14 oz",
  "category": [
    "Grocery & Gourmet Food",
    "Breads & Bakery",
    "Breads",
    "Rolls & Buns",
    "Hamburger Buns"
  ],
  "alt_images": [
    "https://m.media-amazon.com/images/I/51MRJGXP79L.jpg"
  ],
  "product_detail": {
    "Item Weight": "4 Pounds",
    "ASIN": "B0005Z6EUU",
    "Units": "14 Fluid Ounces",
    "Customer Reviews": "4.6 4.6 out of 5 stars 17 ratings"
  },
  "important_information": {
    "Legal Disclaimer": "Statements regarding dietary supplements have not been evaluated by the FDA and are not intended to diagnose, treat, cure, or prevent any disease or health condition.Statements regarding dietary supplements have not been evaluated by the FDA and are not intended to diagnose, treat, cure, or prevent any disease or health condition."
  },
  "rating": {
    "score": "4.6 out of 5",
    "dist": {
      "5 star": "70%",
      "4 star": "21%",
      "3 star": "9%",
      "2 star": "0%",
      "1 star": "0%"
    }
  },
  "top_comments": [
    {
      "date": "February 22, 2021",
      "title": "soft",
      "score": "5.0 out of 5 stars",
      "text": "The rolls were super soft and stayed that way for over a week,",
      "helpfulness": "0"
    },
    {
      "date": "February 27, 2014",
      "title": "Delivery and freshness issue",
      "score": "3.0 out of 5 stars",
      "text": "This review has nothing to do with Arnolds Hamburger Buns, but rather with the seller.  I've been ordering Arnolds Hamburger Buns for more than a year (6-8 packages at a time) from this particular seller.  I thought the last two orders took much longer in shipping time--my last order was placed 01/23/14 and arrived 02/03/14.  More importantly, in the last two orders, the buns were not as fresh as they should have been.  Usually when they arrive, they are SO fresh, I have to lay them out flat in the freezer so they don't squash and flatten each other.  Perhaps the seller might want to pay particular attention to this issue in my future orders.",
      "helpfulness": "4"
    },
    {
      "date": "March 10, 2022",
      "title": "This is very expensive for hamburger buns.",
      "score": "5.0 out of 5 stars",
      "text": "It’s way too expensive.",
      "helpfulness": "One"
    },
    {
      "date": "September 20, 2010",
      "title": "Very fresh and tasty",
      "score": "5.0 out of 5 stars",
      "text": "Very fresh and tasty SOFT buns that go well with my Omaha steak burger patties.They store well.",
      "helpfulness": "3"
    }
  ]
}