{
  "product_title": "Libby's 100% Pure Canned Pumpkin",
  "byline_info": "Visit the Libby's Store",
  "product_description": "Libby's 100% Pure Canned Pumpkin lets you enjoy delicious pumpkin flavor in all your favorite recipes. Libby's all natural pumpkin puree offers a good source of fiber and contains no GMO ingredients or preservatives. While it is used in our famous LIBBY'S Pumpkin Pie, you can also make delicious pancakes, smoothies, soups, pastas, pumpkin spice lattes, and more sweet and savory recipes. This pure pumpkin puree is easy to add to dessert mixes and batters. Each can contains 29 ounces of pumpkin puree for two 9-inch pumpkin pies. Using nutritious 100% pumpkin instead of eggs, oil and butter is a delicious way to feel good and enjoy the recipes you love. Store Libby's canned pumpkin puree in a cool, dry place. SGS verified the Nestle process for manufacturing this product with no GMO ingredients .",
  "category": [
    "Grocery & Gourmet Food",
    "Pantry Staples",
    "Canned, Jarred & Packaged Foods",
    "Vegetables"
  ],
  "alt_images": [
    "https://m.media-amazon.com/images/I/519MfN0gGwL.jpg",
    "https://m.media-amazon.com/images/I/71FfnTxhQjL.jpg"
  ],
  "product_detail": {
    "Product Dimensions": "3.9 x 4 x 4.5 inches; 2 Pounds",
    "Item model number": "039000045124",
    "UPC": "039000045124 039000045209",
    "Manufacturer": "Nestle",
    "ASIN": "B000Q5G7T2",
    "Units": "29.0 Ounce",
    "Best Sellers Rank": "#97,795 in Grocery & Gourmet Food (See Top 100 in Grocery & Gourmet Food) #926 in Canned & Jarred Vegetables",
    "#926 in Canned & Jarred Vegetables": "",
    "Customer Reviews": "4.6 4.6 out of 5 stars 164 ratings"
  },
  "important_information": {
    "Safety Information": "The product is labelled to United States standards and may differ from similar products sold elsewhere in its ingredients, labeling and allergen warningsThe product is labelled to United States standards and may differ from similar products sold elsewhere in its ingredients, labeling and allergen warnings",
    "Ingredients": "PumpkinPumpkin",
    "Legal Disclaimer": "Statements regarding dietary supplements have not been evaluated by the FDA and are not intended to diagnose, treat, cure, or prevent any disease or health condition.Statements regarding dietary supplements have not been evaluated by the FDA and are not intended to diagnose, treat, cure, or prevent any disease or health condition."
  },
  "rating": {
    "score": "4.6 out of 5",
    "dist": {
      "5 star": "84%",
      "4 star": "5%",
      "3 star": "3%",
      "2 star": "3%",
      "1 star": "5%"
    }
  },
  "top_comments": [
    {
      "date": "October 31, 2023",
      "title": "Pure pumpkin puree",
      "score": "5.0 out of 5 stars",
      "text": "As always, it is the best pick.I had leftovers after using them for baking and mixed into the salad, which I liked it.",
      "helpfulness": "0"
    },
    {
      "date": "October 11, 2023",
      "title": "Perfect.",
      "score": "5.0 out of 5 stars",
      "text": "Perfect pumpkin puree.",
      "helpfulness": "0"
    },
    {
      "date": "October 11, 2023",
      "title": "Libby's on the Label!",
      "score": "5.0 out of 5 stars",
      "text": "Best. Pumpkin pie filler. Ever. Period!As with most of the grocery items on Amazon, this is cheaper in stores!",
      "helpfulness": "0"
    },
    {
      "date": "July 27, 2017",
      "title": "Five Stars",
      "score": "5.0 out of 5 stars",
      "text": "Wonderful product for making pumpkin bread, pumpkin muffins and helping our golden retriever digest her meals.",
      "helpfulness": "0"
    },
    {
      "date": "December 27, 2017",
      "title": "Stocked up essential",
      "score": "5.0 out of 5 stars",
      "text": "I use this when my dog gets sick and mix in slowly. Any dog owner knows the drill.But this stuff was on a good sale on Amazon so I stocked up!",
      "helpfulness": "0"
    },
    {
      "date": "November 11, 2017",
      "title": "Yummy",
      "score": "5.0 out of 5 stars",
      "text": "Best brand  out there.  Third generation customer.  Will try it in a dessert other than pie.",
      "helpfulness": "One"
    },
    {
      "date": "October 25, 2018",
      "title": "Love pumpkin pie.",
      "score": "5.0 out of 5 stars",
      "text": "Love pumpkin pie. So easy to make.",
      "helpfulness": "One"
    },
    {
      "date": "October 4, 2020",
      "title": "Overpriced for a damage product",
      "score": "1.0 out of 5 stars",
      "text": "Can was dented. Disappointed with purchase.Item over priced!@",
      "helpfulness": "0"
    }
  ]
}