{
  "product_title": "Mott's 100% Original Apple Juice, 64 fl oz bottle",
  "byline_info": "Visit the Mott's Store",
  "product_description": "Nothing satisfies quite like Mott’s Apple Juice. Packed with ripe apple flavor, Mott’s Original is 100% fruit juice and delivers 2 servings of fruit* in each 8 fl oz cup. There’s plenty to enjoy and share in this 64 fl oz bottle, perfect for after school or mealtime refreshment. It is an excellent source of vitamin C, with no added sugar and a delicious taste the entire family will love. Treat your family to the classic taste of Mott’s 100% Apple Juice. *2 fruit servings per 8 fl oz 1 serving = ½ cup per current USDA Dietary Guidelines.",
  "category": [
    "Grocery & Gourmet Food",
    "Beverages",
    "Bottled Beverages, Water & Drink Mixes",
    "Juices",
    "Fruit Juice"
  ],
  "alt_images": [
    "https://m.media-amazon.com/images/I/41VCw81JkOS.jpg",
    "https://m.media-amazon.com/images/I/41OvgDIdNpL.jpg",
    "https://m.media-amazon.com/images/I/41WKKPKupUL.jpg",
    "https://m.media-amazon.com/images/I/519RsCxoDnS.jpg",
    "https://m.media-amazon.com/images/I/51aNZpAuHHL.jpg",
    "https://m.media-amazon.com/images/I/41kboXz+gHS.jpg",
    "https://m.media-amazon.com/images/I/412DltMkFNL.jpg"
  ],
  "product_detail": {
    "Is Discontinued By Manufacturer": "No",
    "Product Dimensions": "9.6 x 4.6 x 4.6 inches; 4 Pounds",
    "Item model number": "107406",
    "Department": "Food and Beverage",
    "UPC": "014800000344",
    "Manufacturer": "Mott's",
    "ASIN": "B00CJ8I4UY",
    "Units": "64 Fluid Ounces",
    "Best Sellers Rank": "#2,098 in Grocery & Gourmet Food (See Top 100 in Grocery & Gourmet Food) #35 in Fruit Juice Beverages",
    "#35 in Fruit Juice Beverages": "",
    "Customer Reviews": "4.8 4.8 out of 5 stars 22,547 ratings"
  },
  "important_information": {
    "Safety Information": "Store in the refrigerator after opening.Store in the refrigerator after opening.",
    "Ingredients": "'WATER, APPLE JUICE CONCENTRATE, ASCORBIC ACID (VITAMIN C).''WATER, APPLE JUICE CONCENTRATE, ASCORBIC ACID (VITAMIN C).'",
    "Directions": "Serve chilled and enjoy!Serve chilled and enjoy!",
    "Legal Disclaimer": "Some states impose a bottle deposit fee on certain beverages shipped to those states, and Amazon may not be able to ship these beverages to all locations.Some states impose a bottle deposit fee on certain beverages shipped to those states, and Amazon may not be able to ship these beverages to all locations.Statements regarding dietary supplements have not been evaluated by the FDA and are not intended to diagnose, treat, cure, or prevent any disease or health condition.Statements regarding dietary supplements have not been evaluated by the FDA and are not intended to diagnose, treat, cure, or prevent any disease or health condition."
  },
  "rating": {
    "score": "4.8 out of 5",
    "dist": {
      "5 star": "88%",
      "4 star": "9%",
      "3 star": "2%",
      "2 star": "0%",
      "1 star": "1%"
    }
  },
  "top_comments": [
    {
      "date": "August 7, 2025",
      "title": "Mott’s Apple with Whites Grape Juice",
      "score": "5.0 out of 5 stars",
      "text": "My grandson’s favorite juice. It’s so difficult to get him to eat fruits and vegetables so I feel he is at least somewhat getting good quality of fruit.The size is perfect, the taste is pleasant and refreshing. The bottle is sturdy and easy to use without leaking. Easily packs in his lunch box.Value is good for the quantity.",
      "helpfulness": "3"
    },
    {
      "date": "September 9, 2025",
      "title": "Great refresher.",
      "score": "5.0 out of 5 stars",
      "text": "My grandson loves this drink when he comes over. Makes him feel special.Product stands by its quality and ingredients. I wish they have it with less sugar.",
      "helpfulness": "0"
    },
    {
      "date": "June 28, 2025",
      "title": "Great Product for the Money",
      "score": "5.0 out of 5 stars",
      "text": "My toddler loves this juice. The quality is great, and they taste good too. Size is perfect for putting in his sippy cup. Great value for the money.",
      "helpfulness": "2"
    },
    {
      "date": "August 20, 2025",
      "title": "Great Value",
      "score": "5.0 out of 5 stars",
      "text": "My Son loved these and finished them off in a month. Great taste and great value",
      "helpfulness": "0"
    },
    {
      "date": "August 24, 2025",
      "title": "Cheapest I have found and still taste wonderful",
      "score": "5.0 out of 5 stars",
      "text": "Wonderful",
      "helpfulness": "0"
    },
    {
      "date": "August 16, 2025",
      "title": "Tasty",
      "score": "4.0 out of 5 stars",
      "text": "Really good apple juice but the ounces look like they shrunk.",
      "helpfulness": "0"
    },
    {
      "date": "August 29, 2025",
      "title": "works perfectly",
      "score": "5.0 out of 5 stars",
      "text": "delicious and helpful with hypoglycemic episodes.  Going to keep in stock at home and in my vehicle",
      "helpfulness": "One"
    },
    {
      "date": "August 4, 2025",
      "title": "My favorite juice drink - 100% apple cherry juice.",
      "score": "5.0 out of 5 stars",
      "text": "Love this juice but it is becoming hard to find and that worries me. . .maybe too good and consequently too popular?!? Good value buy!",
      "helpfulness": "0"
    }
  ]
}