{
  "product_title": "5 Hour Energy Drink",
  "byline_info": "Brand: Living Essentials",
  "product_description": "5-Hour Energy Drinks provides a boost of energy and mental alertness that lasts for hours with no crash. That's because 5-Hour Energy is packed with B-Vitamins, enzymes and amino acids. It contains zero sugar, zero net carbs, and just enough caffeine to get the ball rolling. 5-Hour Energy Drinks go where you go. Instead of a big can, it comes in a little 2-ounce bottle you can carry anywhere and drink anytime. It fits neatly into pockets, purses, lockers, desk drawers or backpacks. For maximum energy drink the whole bottle at one time. For moderate energy, drink half the bottle or less then screw the cap back on the save the rest for later.",
  "category": [
    "Grocery & Gourmet Food",
    "Beverages",
    "Bottled Beverages, Water & Drink Mixes",
    "Energy Drinks"
  ],
  "alt_images": [
    "https://m.media-amazon.com/images/I/41-Yv6MTqDL.jpg"
  ],
  "product_detail": {
    "Package Dimensions": "4.8 x 3.6 x 2.9 inches; 10.4 ounces",
    "Date First Available": "October 25, 2006",
    "Manufacturer": "Living Essentials",
    "ASIN": "B000CBQJ6Q",
    "Customer Reviews": "3.7 3.7 out of 5 stars 6 ratings"
  },
  "important_information": {},
  "rating": {
    "score": "3.7 out of 5",
    "dist": {
      "5 star": "47%",
      "4 star": "0%",
      "3 star": "40%",
      "2 star": "0%",
      "1 star": "13%"
    }
  },
  "top_comments": [
    {
      "date": "May 30, 2008",
      "title": "Ridiculous price",
      "score": "1.0 out of 5 stars",
      "text": "The advertised regular price of $99.99 is ridiculous.  5 hour energy drinks are widely available for $2.00 each.  Don't buy from sellers who inflate prices and charge ridiculous amounts.  You can get a case of 12 for $20 right here on Amazon.",
      "helpfulness": "12"
    },
    {
      "date": "May 11, 2010",
      "title": "Good price -- not clean...?",
      "score": "3.0 out of 5 stars",
      "text": "This is a great price, but every time I've bought these through Amazon, the bottles frequently have dark... \"stuff\" on the threads of the bottle when you open it.  I've never seen this when buying them from the local drugstore, so I worry that these are either old or maybe not authentic?Can't say for sure of course.  They do have the desired effect, so I'm not complaining too much.  It's kind of gross sometimes though.",
      "helpfulness": "0"
    },
    {
      "date": "June 15, 2008",
      "title": "It  Works!",
      "score": "5.0 out of 5 stars",
      "text": "Finally, a product that gives you that extra boost you need for anything from travel delays to the overdue stack of paperwork. You feel the effects instantly with more energy and a higher concentration level.  It stays with you and does not leave you feeling dopey or spent when it wears off.",
      "helpfulness": "One"
    },
    {
      "date": "March 29, 2010",
      "title": "great product",
      "score": "5.0 out of 5 stars",
      "text": "well u get the energy u really want for the 5 hours and it really boast u a bit but that u will be calm again and need to rest.. not bad great product",
      "helpfulness": "0"
    },
    {
      "date": "November 20, 2005",
      "title": "Safe, and EFFECTIVE",
      "score": "5.0 out of 5 stars",
      "text": "I recently gave up my major 20 year Diet Coke addiction.  I did it for a number of reasons.  I typically wake VERY early to hit the gym before work & needed something to help me wake up at 4:30 AM.  This product is GREAT.  No over-stimulation as it only has the caffeine equivalent of 1 cup of jo. It is also SUGAR FREE and has 0 Net Carbs!! I do feel the energy quickly & it lasts the 5 hours it claims.  The berry flavor is pleasant, but tart so I drink some water as a \"chaser\" (no pun intended).  I drink water the rest of the day & only use 1 in the morning unless I have a \"late\" meeting scheduled.",
      "helpfulness": "3"
    },
    {
      "date": "January 5, 2006",
      "title": "Number one energy",
      "score": "5.0 out of 5 stars",
      "text": "This is the best energy product I have ever used. It starts working right away and keeps you going for a long time.",
      "helpfulness": "One"
    }
  ]
}