{
  "product_title": "Raw Milk Sharp Cheddar White Wax Wheel",
  "byline_info": "Brand: Amish Gourmet",
  "product_description": "",
  "category": [],
  "alt_images": [
    "https://m.media-amazon.com/images/I/613z3QSiXJL.jpg"
  ],
  "product_detail": {
    "UPC": "764881120423",
    "Manufacturer": "Amish Gourmet",
    "ASIN": "B000199ZY2",
    "Customer Reviews": "2.2 2.2 out of 5 stars 4 ratings"
  },
  "important_information": {
    "Ingredients": "Salt, Enzymes, and Cultures.Salt, Enzymes, and Cultures.",
    "Legal Disclaimer": "Statements regarding dietary supplements have not been evaluated by the FDA and are not intended to diagnose, treat, cure, or prevent any disease or health condition.Statements regarding dietary supplements have not been evaluated by the FDA and are not intended to diagnose, treat, cure, or prevent any disease or health condition."
  },
  "rating": {
    "score": "2.2 out of 5",
    "dist": {
      "5 star": "13%",
      "4 star": "25%",
      "3 star": "0%",
      "2 star": "0%",
      "1 star": "62%"
    }
  },
  "top_comments": [
    {
      "date": "February 7, 2012",
      "title": "Deceptive item title",
      "score": "1.0 out of 5 stars",
      "text": "The title says that this is raw cheese, yet the ingredients begin with pasteurized milk. Pasteurized is not raw. This is clearly an attempt to deceive consumers into purchasing a product that is not of the quality that is being claimed.",
      "helpfulness": "11"
    },
    {
      "date": "October 12, 2010",
      "title": "sharp cheese",
      "score": "4.0 out of 5 stars",
      "text": "Good sharp cheddar. Liked the fact that it can packaged as two separate pieces..easier to keep in the fridge for longer periods of time.",
      "helpfulness": "2"
    },
    {
      "date": "November 11, 2004",
      "title": "for the mature educated palette",
      "score": "5.0 out of 5 stars",
      "text": "This cheese is very different. It has a unique flavor all it's own. I loved from the moment I tasted it.I buy it for gifts of all occasions.Certainly, a must try.",
      "helpfulness": "8"
    },
    {
      "date": "February 7, 2012",
      "title": "might be deliscious BUT CLEARLY misslabeled",
      "score": "1.0 out of 5 stars",
      "text": "Pasteurized MIlk is not RAW milk. I have no opinion on the taste of this product, but I stay clear of companies who try to defraud me by mislabeling their products",
      "helpfulness": "7"
    }
  ]
}