{
  "product_title": "Bone Suckin' Sauce Sweet Southern Spicy BBQ Sauce - 18 oz in Glass Bottle, For Ribs, Chicken, Pork, Beef - Gluten-Free, Non-GMO, Kosher, Spicy Barbecue Sauce Sweetened with Cane Sugar & Molasses, 1 Pc",
  "byline_info": "Visit the Bone Suckin' Store",
  "product_description": "",
  "category": [
    "Grocery & Gourmet Food",
    "Pantry Staples",
    "Sauces, Gravies & Marinades",
    "Sauces",
    "Barbecue"
  ],
  "alt_images": [
    "https://m.media-amazon.com/images/I/41rzY-b4MlL.jpg",
    "https://m.media-amazon.com/images/I/41+vSt0LHVL.jpg",
    "https://m.media-amazon.com/images/I/31gKSoMT5DL.jpg",
    "https://m.media-amazon.com/images/I/41bgdqcdHiL.jpg",
    "https://m.media-amazon.com/images/I/31Y1rxyrkyL.jpg",
    "https://m.media-amazon.com/images/I/41HYelFWAbL.jpg",
    "https://m.media-amazon.com/images/I/41s+3sRtVSL.jpg"
  ],
  "product_detail": {
    "Item Weight": "1.13 Pounds",
    "ASIN": "B0000DG5B6",
    "Units": "80.0 Fluid Ounces",
    "Best Sellers Rank": "#420,155 in Grocery & Gourmet Food (See Top 100 in Grocery & Gourmet Food) #2,924 in Barbecue Sauces",
    "#2,924 in Barbecue Sauces": "",
    "Customer Reviews": "3.0 3.0 out of 5 stars 3 ratings"
  },
  "important_information": {
    "Legal Disclaimer": "Statements regarding dietary supplements have not been evaluated by the FDA and are not intended to diagnose, treat, cure, or prevent any disease or health condition.Statements regarding dietary supplements have not been evaluated by the FDA and are not intended to diagnose, treat, cure, or prevent any disease or health condition."
  },
  "rating": {
    "score": "3 out of 5",
    "dist": {
      "5 star": "51%",
      "4 star": "0%",
      "3 star": "0%",
      "2 star": "0%",
      "1 star": "49%"
    }
  },
  "top_comments": [
    {
      "date": "November 10, 2003",
      "title": "Excellent Sauce!",
      "score": "5.0 out of 5 stars",
      "text": "This sauce is excellent, and indeed spicy.  The brand also makes a mild version, in addition to other wonderful products like Rib Rub.  Made in North Carolina.  My husband doesn't like the sweeter type BBQ sauces - this brand he loves.",
      "helpfulness": "0"
    },
    {
      "date": "February 22, 2025",
      "title": "Awfull",
      "score": "1.0 out of 5 stars",
      "text": "Worst tasting b bque sauce I've ever tasted. Bitter with a aftertaste. Won't buy again.",
      "helpfulness": "0"
    }
  ]
}