{
  "product_title": "JFC Salmon Fumi Furikake Rice Seasoning, 1.7 Ounce",
  "byline_info": "Brand: JFC",
  "product_description": "JFC Salmon Fumi Furikake Rice Seasoning, 1.7 Ounce",
  "category": [
    "Grocery & Gourmet Food",
    "Pantry Staples",
    "Herbs, Spices & Seasonings",
    "Mixed Spices & Seasonings",
    "Meat Seasoning"
  ],
  "alt_images": [
    "https://m.media-amazon.com/images/I/41JEVZn2zPL.jpg",
    "https://m.media-amazon.com/images/I/41JEVZn2zPL.jpg",
    "https://m.media-amazon.com/images/I/410LoPGHWnL.jpg",
    "https://m.media-amazon.com/images/I/41DQVBaZENL.jpg",
    "https://m.media-amazon.com/images/I/410LoPGHWnL.jpg",
    "https://m.media-amazon.com/images/I/41DQVBaZENL.jpg"
  ],
  "product_detail": {
    "Is Discontinued By Manufacturer": "No",
    "Product Dimensions": "4.02 x 2.28 x 2.01 inches; 1.7 ounces",
    "Item model number": "0000JF 41464",
    "Date First Available": "October 28, 2004",
    "Manufacturer": "JFC International Inc.",
    "ASIN": "B073FR8NSK",
    "Best Sellers Rank": "#11,846 in Grocery & Gourmet Food (See Top 100 in Grocery & Gourmet Food) #69 in Meat Seasonings",
    "#69 in Meat Seasonings": "",
    "Customer Reviews": "4.6 4.6 out of 5 stars 2,276 ratings"
  },
  "important_information": {},
  "rating": {
    "score": "4.6 out of 5",
    "dist": {
      "5 star": "82%",
      "4 star": "9%",
      "3 star": "4%",
      "2 star": "1%",
      "1 star": "4%"
    }
  },
  "top_comments": [
    {
      "date": "May 20, 2025",
      "title": "Better than peanut butter sandwiches!",
      "score": "5.0 out of 5 stars",
      "text": "We love this brand of furikake and my kids love making onigiris for their lunches with it.  It provides a great flavor to the rice and works well as a great alternative to sandwiches.  The quality is ALWAYS great, and we save the glasses for breakfast fruit drinks when they are empty. Thanks for the furikake!",
      "helpfulness": "0"
    },
    {
      "date": "July 22, 2025",
      "title": "Delicious seasoning. Will purchase often.",
      "score": "5.0 out of 5 stars",
      "text": "Delicious. Have purchased twice.",
      "helpfulness": "0"
    },
    {
      "date": "June 12, 2025",
      "title": "Good furikake",
      "score": "5.0 out of 5 stars",
      "text": "ive never been failed by this brand",
      "helpfulness": "0"
    },
    {
      "date": "June 18, 2025",
      "title": "This is the best",
      "score": "5.0 out of 5 stars",
      "text": "Of the 4 flavors this is my favorite.",
      "helpfulness": "0"
    },
    {
      "date": "November 23, 2024",
      "title": "delicious, but expensive",
      "score": "4.0 out of 5 stars",
      "text": "delicious, but expensive",
      "helpfulness": "One"
    },
    {
      "date": "February 25, 2025",
      "title": "Very good flavor",
      "score": "5.0 out of 5 stars",
      "text": "Very good flavor. Excellent on rice and will give your ramen noodles that extra umami kick that it needs.",
      "helpfulness": "3"
    },
    {
      "date": "March 30, 2025",
      "title": "extremely versatile spice",
      "score": "5.0 out of 5 stars",
      "text": "i have at least three different furikake, and this is a favorite - i put it in the pot with shiitake and kombu when i make my sushi rice, sprinkle on salad, spinach, mussels...",
      "helpfulness": "4"
    },
    {
      "date": "February 20, 2025",
      "title": "Very tasty",
      "score": "5.0 out of 5 stars",
      "text": "It tastes very good! It tastes like grilled salmon with a pinch of blackened seasoning on it, in addition to a roasted seaweed taste and a slight nut taste due to the sesame seeds.",
      "helpfulness": "4"
    }
  ]
}