{
  "product_title": "Reese Hot Deviled Chili Pepper Stuffed Olive, 3-Ounce Jars (Pack of 6)",
  "byline_info": "Visit the Reese Store",
  "product_description": "Reese Hot Deviled Olives come with a devilishly spicy chili pepper stuffed inside. They are an exotic treat to offer served with cheese and crackers. World Finer Foods is the America's most trusted name in gourmet specialty ingredients for almost a century and every product must meet its unrelenting standards for taste, quality and affordability.",
  "category": [
    "Grocery & Gourmet Food",
    "Pantry Staples",
    "Olives, Pickles & Relishes",
    "Olives"
  ],
  "alt_images": [
    "https://m.media-amazon.com/images/I/51x0VDyYdYL.jpg",
    "https://m.media-amazon.com/images/I/51hem7jJxhL.jpg",
    "https://m.media-amazon.com/images/I/51tiTDuQ-RL.jpg",
    "https://m.media-amazon.com/images/I/51M6BI5JR+L.jpg",
    "https://m.media-amazon.com/images/I/51iI0Fxj-PL.jpg",
    "https://m.media-amazon.com/images/I/51-DDqAztmL.jpg",
    "https://m.media-amazon.com/images/I/51nyV1rXw3L.jpg"
  ],
  "product_detail": {
    "Package Dimensions": "8.3 x 6.6 x 4.3 inches; 4.2 Pounds",
    "UPC": "070670004257",
    "Manufacturer": "Reese",
    "ASIN": "B000FEFEG6",
    "Units": "18.0 Ounce",
    "Customer Reviews": "4.8 4.8 out of 5 stars 18 ratings"
  },
  "important_information": {
    "Legal Disclaimer": "Statements regarding dietary supplements have not been evaluated by the FDA and are not intended to diagnose, treat, cure, or prevent any disease or health condition.Statements regarding dietary supplements have not been evaluated by the FDA and are not intended to diagnose, treat, cure, or prevent any disease or health condition."
  },
  "rating": {
    "score": "4.8 out of 5",
    "dist": {
      "5 star": "79%",
      "4 star": "21%",
      "3 star": "0%",
      "2 star": "0%",
      "1 star": "0%"
    }
  },
  "top_comments": [
    {
      "date": "February 18, 2015",
      "title": "so far these are the best spicy olives I've tried",
      "score": "5.0 out of 5 stars",
      "text": "nice and spicy not hot though and hard to get out of the bottle using fingers I bought these to take on horseback rides I never have forks with me so the first few were broken so far these are the best spicy olives I've tried",
      "helpfulness": "0"
    },
    {
      "date": "May 20, 2007",
      "title": "Hot, but not TOO hot!",
      "score": "4.0 out of 5 stars",
      "text": "The chili pepper spices up this olive nicely. On a \"hot scale\" of 1 to 10 this pepper stuffed olive is probably a 6 in hotness. Good product.",
      "helpfulness": "One"
    },
    {
      "date": "April 16, 2015",
      "title": "Why has price doubled?",
      "score": "5.0 out of 5 stars",
      "text": "My husband is addicted to these. Swears they cured his ulcer, swollen sinuses & best of all cuts out craving for sugar. Having said this why has the price doubled? A six pack sells in the $32 dollar area. I won't renew my orders here until the price goes back to normal.",
      "helpfulness": "0"
    },
    {
      "date": "January 6, 2011",
      "title": "Hot stuffed olives",
      "score": "5.0 out of 5 stars",
      "text": "My husband just loves Reese's Hot Deviled Chili Pepper Stuffed Olives.  He chops the olives up and puts them on every meal. The ease of having the olives shipped right to our home every other month with the automatic shipment is great.",
      "helpfulness": "0"
    },
    {
      "date": "December 17, 2010",
      "title": "Reeses hot deviled olives",
      "score": "5.0 out of 5 stars",
      "text": "These are the best olives on the market period. Better than any fancy italian brands I've tried in the past. I am addicted to these.Great with alcohol or without. Warning!They are red hot, but the flavor is delicious. A must try for any olive lover!",
      "helpfulness": "0"
    },
    {
      "date": "December 3, 2015",
      "title": "Five Stars",
      "score": "5.0 out of 5 stars",
      "text": "Love these olives.  Superb quality olives.",
      "helpfulness": "0"
    },
    {
      "date": "December 22, 2009",
      "title": "Just the right bite",
      "score": "5.0 out of 5 stars",
      "text": "Delicious, just the right temperature- makes for a much more interesting and tasty martini! Adds zesty flavor to my favorite vodka, and the vodka adds something to the olive as well.",
      "helpfulness": "One"
    },
    {
      "date": "January 25, 2008",
      "title": "Very Good!",
      "score": "5.0 out of 5 stars",
      "text": "These offer a nice kick that doesn't last too long. My husband and I both love them. They are perfect for when you're craving a quick rush of heat,  (great for after shots too).",
      "helpfulness": "One"
    }
  ]
}