{
  "product_title": "Spicy Yellow Rice",
  "byline_info": "Visit the Mahatma Store",
  "product_description": "Certified gluten free. www.mahatmarice.com. how2recycle.info Questions? Comments? Please have the package available when calling. Call 1-800-226-9522 Monday - Friday, 8 am to 4 pm Central Time. Grown in the USA.",
  "category": [
    "Grocery & Gourmet Food",
    "Pantry Staples",
    "Dried Grains & Rice",
    "White"
  ],
  "alt_images": [
    "https://m.media-amazon.com/images/I/41CqCNiBkOL.jpg"
  ],
  "product_detail": {
    "Package Dimensions": "8 x 2.3 x 0.6 inches; 5 ounces",
    "UPC": "017400106355",
    "Manufacturer": "Riviana Foods Inc.",
    "ASIN": "B0001XIZN0",
    "Units": "5 Ounce",
    "Best Sellers Rank": "#371,753 in Grocery & Gourmet Food (See Top 100 in Grocery & Gourmet Food) #797 in Dried White Rice",
    "#797 in Dried White Rice": "",
    "Customer Reviews": "4.0 4.0 out of 5 stars 32 ratings"
  },
  "important_information": {
    "Ingredients": "Enriched Long Grain Rice (Rice, Niacin, Iron [Ferric Orthophosphate], Thiamine [Thiamine Mononitrate], Folic Acid), Spicy Yellow Seasoning (Salt, Maltodextrin, Yeast Extract, Dehydrated Onion and Garlic, Red and Green Bell Peppers, Turmeric, Sugar, Corn Starch, Natural Flavor, Spices, Oleoresin Turmeric, Saffron).Enriched Long Grain Rice (Rice, Niacin, Iron [Ferric Orthophosphate], Thiamine [Thiamine Mononitrate], Folic Acid), Spicy Yellow Seasoning (Salt, Maltodextrin, Yeast Extract, Dehydrated Onion and Garlic, Red and Green Bell Peppers, Turmeric, Sugar, Corn Starch, Natural Flavor, Spices, Oleoresin Turmeric, Saffron).",
    "Legal Disclaimer": "Statements regarding dietary supplements have not been evaluated by the FDA and are not intended to diagnose, treat, cure, or prevent any disease or health condition.Statements regarding dietary supplements have not been evaluated by the FDA and are not intended to diagnose, treat, cure, or prevent any disease or health condition."
  },
  "rating": {
    "score": "4 out of 5",
    "dist": {
      "5 star": "61%",
      "4 star": "12%",
      "3 star": "11%",
      "2 star": "0%",
      "1 star": "16%"
    }
  },
  "top_comments": [
    {
      "date": "October 7, 2009",
      "title": "Best Rice Ever",
      "score": "5.0 out of 5 stars",
      "text": "This is truly the best rice ever, if you like spicy things.  It has all different spices in it and is great with any meal. Just take my word for it --Try it and you will like.It is so hard to find in stores but I have made two different purchases of it from Amazon and they have been prompt with filling the order.",
      "helpfulness": "One"
    },
    {
      "date": "March 27, 2020",
      "title": "Deceitful Picture!",
      "score": "1.0 out of 5 stars",
      "text": "1.0 out of 5 stars Terrible deal. I bought this expecting three bags as anyone would by the picture.  Less than $2 in the store!  Deceitful seller.",
      "helpfulness": "2"
    },
    {
      "date": "November 8, 2014",
      "title": "Good stuff",
      "score": "5.0 out of 5 stars",
      "text": "Good - as always.",
      "helpfulness": "0"
    },
    {
      "date": "June 19, 2009",
      "title": "Very Good!",
      "score": "4.0 out of 5 stars",
      "text": "I used to buy this rice at Publix in Florida, but couldn't find it when I moved to Pittsburgh.  No big deal, I thought I would just find another \"spicy rice\" from another store.  Nope, none to be found!  Lots of saffron and yellow rices, some spicy rice with beans, but I couldn't find any spicy saffron rice on it's own.  This has a good texture, and a wonderful spicy taste - without being \"overly\" spicy.  Now I order enough to qualify for free shipping - and don't have to worry about it going bad.",
      "helpfulness": "2"
    },
    {
      "date": "September 16, 2008",
      "title": "Safron Rice",
      "score": "3.0 out of 5 stars",
      "text": "I was primarily interested in just safron(yellow) rice rather than seasoned rice however this is the closest I could come to the real thing.",
      "helpfulness": "0"
    },
    {
      "date": "January 23, 2014",
      "title": "Have to buy online",
      "score": "5.0 out of 5 stars",
      "text": "Love this rice. I can get the normal rice at the commissary, but the spicy rice isn't available. My husband and I love the stuff.",
      "helpfulness": "0"
    },
    {
      "date": "February 13, 2010",
      "title": "Wow!",
      "score": "5.0 out of 5 stars",
      "text": "This spicy yellow rice is really, really GOOD!  I was surprised, the first time I had it, since my wife accidentally got it when she meant to get just regular yellow rice, but we were both blown away by how good this was.  Mahatma makes great rice products, but this one, along with their long grain and wild rice blend, top the list.  This rice just explodes with flavor in your mouth.  Highly recommended.",
      "helpfulness": "One"
    },
    {
      "date": "March 5, 2021",
      "title": "Rip off",
      "score": "1.0 out of 5 stars",
      "text": "Item was so old the spices had settled to the bottom and turned into a rock.  The rice had begun to deteriorate.  Was bad enough surprise for my own mistake thinking I was buying a 5-pack for $10.  Nope, a 1-pack for $10, so of course it can't be returned.  Was too rotten to bother cooking.",
      "helpfulness": "0"
    }
  ]
}