{
  "product_title": "Amy’s Soup, Cream of Tomato Soup, Gluten Free and Low Fat, Made With Sun-Ripened Tomatoes, Canned Soup, 14.5 Oz (12 Pack)",
  "byline_info": "Visit the Amy's Store",
  "product_description": "Amy’s Organic Cream of Tomato Soup bursts with fresh-from-the-garden flavor. Our chefs start with organic, sun-ripened tomatoes that are slowly simmered then blended with a touch of organic cream. This smooth, creamy soup is perfect on its own or paired with a grilled cheese sandwich. It’s gluten free, soy free, corn free and tree nut free, suitable for vegetarian and kosher diets and naturally low in fat. It’s convenient and easy to prepare—simply heat and serve! Since 1987, we at Amy’s Kitchen have produced delicious, organic, convenient foods for people who are sometimes too busy to cook. Amy’s is a family-run business, and we supervise every aspect of our business and take pride in customer satisfaction. All the fruits, vegetables and grains we use are grown without the use of insecticides, GMOs and other harmful chemicals. We prepare these ingredients with the same careful attention in our kitchen as you would in your own home for high-quality, home-style vegetarian and vegan meals. No meat, fish, shellfish, poultry, eggs or peanuts are ever used in any Amy's products. Even though you're heating up our meals in your home, we want each bite to taste like you're a guest in ours.",
  "category": [
    "Grocery & Gourmet Food",
    "Pantry Staples",
    "Soups, Stocks & Broths",
    "Tomato Soups"
  ],
  "alt_images": [
    "https://m.media-amazon.com/images/I/41vfHAYUN6L.jpg",
    "https://m.media-amazon.com/images/I/61cZWXlEZgL.jpg",
    "https://m.media-amazon.com/images/I/41d7Eb-gSlL.jpg",
    "https://m.media-amazon.com/images/I/51je8D9w+9L.jpg",
    "https://m.media-amazon.com/images/I/41R8m9l8pyL.jpg",
    "https://m.media-amazon.com/images/I/41tXLMo0FKL.jpg",
    "https://m.media-amazon.com/images/I/61-o1OTbhAL.jpg"
  ],
  "product_detail": {
    "Is Discontinued By Manufacturer": "No",
    "Product Dimensions": "2.95 x 2.95 x 4.33 inches; 14.5 ounces",
    "Item model number": "042272005017",
    "Manufacturer": "Amy's Kitchen",
    "ASIN": "B000G1CPRO",
    "Units": "174 Fluid Ounces",
    "Best Sellers Rank": "#33,651 in Grocery & Gourmet Food (See Top 100 in Grocery & Gourmet Food) #22 in Packaged Tomato Soups",
    "#22 in Packaged Tomato Soups": "",
    "Customer Reviews": "4.7 4.7 out of 5 stars 214 ratings"
  },
  "important_information": {
    "Safety Information": "Contain milk. Individuals with Food Allergies: This product is manufactured in a facility that processes foods containing wheat, milk, soy, tree nuts and seeds. Amy's Kitchen does not use any peanuts, fish, shellfish or eggs.The product is labelled to United States standards and may differ from similar products sold elsewhere in its ingredients, labeling and allergen warningsContain milk. Individuals with Food Allergies: This product is manufactured in a facility that processes foods containing wheat, milk, soy, tree nuts and seeds. Amy's Kitchen does not use any peanuts, fish, shellfish or eggs.The product is labelled to United States standards and may differ from similar products sold elsewhere in its ingredients, labeling and allergen warnings",
    "Ingredients": "Organic Tomato Purée, Filtered Water, Organic Cream, Organic Cane Sugar, Organic Onions, Sea Salt, Organic Black Pepper.Organic Tomato Purée, Filtered Water, Organic Cream, Organic Cane Sugar, Organic Onions, Sea Salt, Organic Black Pepper.",
    "Directions": "Heat and serve. Please do not overcook. Do not add water.Heat and serve. Please do not overcook. Do not add water.",
    "Legal Disclaimer": "Statements regarding dietary supplements have not been evaluated by the FDA and are not intended to diagnose, treat, cure, or prevent any disease or health condition.Statements regarding dietary supplements have not been evaluated by the FDA and are not intended to diagnose, treat, cure, or prevent any disease or health condition."
  },
  "rating": {
    "score": "4.7 out of 5",
    "dist": {
      "5 star": "86%",
      "4 star": "8%",
      "3 star": "1%",
      "2 star": "2%",
      "1 star": "3%"
    }
  },
  "top_comments": [
    {
      "date": "August 4, 2025",
      "title": "Great soup",
      "score": "5.0 out of 5 stars",
      "text": "Best tomato soup ever. I’ve only found it here.",
      "helpfulness": "0"
    },
    {
      "date": "February 6, 2025",
      "title": "Best tomato soup ever!",
      "score": "5.0 out of 5 stars",
      "text": "Love the soup - better than any and it’s low fat & sodium is a huge plus. But it’s so expensive - even in bulk.",
      "helpfulness": "0"
    },
    {
      "date": "December 18, 2024",
      "title": "Best tomato soup",
      "score": "5.0 out of 5 stars",
      "text": "This is hard to find except at specialty stores. The price was actually cheaper here than in stores.",
      "helpfulness": "0"
    },
    {
      "date": "February 6, 2012",
      "title": "Delicious!",
      "score": "5.0 out of 5 stars",
      "text": "This is a great soup.  I had tried and liked their full sodium version and really don't taste any difference.  Of course, it is still a lot of sodium, but less than most tomato soups.  It is also quite low calorie at 200 calories per can. It has a very strong, pure, tomato taste.  I don't really taste the cream.  It actually tastes much like marinara sauce.  It would serve as a lovely base for chili or even pasta sauces.  But, I eat it \"as is\" at work for an affordable and low caloried lunch that fills me up!  I am on subscription for this because it is so good. I like it best of all the canned soups at any calorie or sodium level, so it is great that it is almost healthy!",
      "helpfulness": "2"
    },
    {
      "date": "January 19, 2025",
      "title": "Delicious Soup",
      "score": "5.0 out of 5 stars",
      "text": "Great soup full of delicious oreganic contents. Amy’s is the best.",
      "helpfulness": "0"
    },
    {
      "date": "August 23, 2011",
      "title": "A rare exception to canned food hell",
      "score": "5.0 out of 5 stars",
      "text": "First things first: yum!I've been trying to eat more healthful foods, and I've been especially cutting out things like canned junk. But this is pure yummy, healthy goodness in a can! The only real downside is that it is a bit expensive, but I'll take that over cheap \"tomato soup\" any day. This \"light in sodium\" version is already ridiculously tasty, so I'm not sure what more I'd get out of the regular version, other than excess salt. :)I've kinda liked tomato soup in the past, but whatever Amy's put in there has made me simply love it. This stuff is thick and tasty just on its own, or with minimal additives. I like to just add a dash of black pepper myself.",
      "helpfulness": "One"
    },
    {
      "date": "February 18, 2025",
      "title": "Cream of tomato soup",
      "score": "4.0 out of 5 stars",
      "text": "Good base just need to add some more salt and dash of whole organic milk to cut hard tomatoes taste. Then I give it a five star.",
      "helpfulness": "0"
    },
    {
      "date": "October 1, 2023",
      "title": "Delicious!",
      "score": "5.0 out of 5 stars",
      "text": "This is the very best tomato soup I have ever had. The flavor is fantastic: it far-and-away beats the tomato soup in the red-and-white can you may be familiar with.It costs more, but the rich flavor is worth it. Paired with a grilled cheese sandwich it makes a perfect meal for young and old alike.",
      "helpfulness": "One"
    }
  ]
}