{
  "product_title": "Ghirardelli - White Chocolate Flavored Sauce - 89.4 oz - 6 Pack",
  "byline_info": "Visit the Ghirardelli Store",
  "product_description": "",
  "category": [
    "Grocery & Gourmet Food",
    "Pantry Staples",
    "Cooking & Baking",
    "Dessert Syrups & Sauces",
    "Chocolate"
  ],
  "alt_images": [
    "https://m.media-amazon.com/images/I/41y2auLVr8L.jpg"
  ],
  "product_detail": {
    "Package Dimensions": "9.3 x 6.9 x 5.4 inches; 6 ounces",
    "ASIN": "B0000DGGMQ",
    "Units": "536.4 Ounce",
    "Customer Reviews": "5.0 5.0 out of 5 stars 2 ratings"
  },
  "important_information": {
    "Legal Disclaimer": "Statements regarding dietary supplements have not been evaluated by the FDA and are not intended to diagnose, treat, cure, or prevent any disease or health condition.Statements regarding dietary supplements have not been evaluated by the FDA and are not intended to diagnose, treat, cure, or prevent any disease or health condition."
  },
  "rating": {
    "score": "5 out of 5",
    "dist": {
      "5 star": "100%",
      "4 star": "0%",
      "3 star": "0%",
      "2 star": "0%",
      "1 star": "0%"
    }
  },
  "top_comments": [
    {
      "date": "February 6, 2016",
      "title": "Five Stars",
      "score": "5.0 out of 5 stars",
      "text": "Not bad bit to sweet compared to others iv tried",
      "helpfulness": "0"
    }
  ]
}