{
  "product_title": "Jelly Belly 50-Flavor Box - 21 Ounces (over 1 Pound) of Assorted Flavors - Genuine, Official, Straight from the Source",
  "byline_info": "Visit the Jelly Belly Store",
  "product_description": "We've done all the heavy lifting with this fantastic assortment! It includes our largest selection of Jelly Belly flavors together in one beautiful box. We've sorted and compartmentalized them so recipients can immediately go for their favorite flavors or pull together a custom assortment. We even provide a flavor guide on the inside lid to help find each Jelly Belly jelly bean flavor. No wonder it's always one of our most popular items. -A&W Cream Soda -A&W Root Beer -Berry Blue -Blueberry -Bubble Gum -Buttered Popcorn -Cantaloupe -Cappuccino -Caramel Corn -Chili Mango -Chocolate Pudding -Cinnamon -Coconut -Cotton Candy -Crushed Pineapple -Dr Pepper -French Vanilla -Green Apple -Island Punch -Juicy Pear -Kiwi -Lemon Drop -Lemon Lime -Sunkist Lemon -Licorice -Sunkist Lime -Mango -Margarita -Mixed Berry Smoothie -Orange Sherbet -Sunkist Orange -Peach -Sunkist Pink Grapefruit -Piña Colada -Plum -Pomegranate -Raspberry -Red Apple -Sizzling Cinnamon -Sour Cherry -Strawberry Cheesecake -Strawberry Daiquiri -Strawberry Jam -Sunkist Tangerine -Toasted Marshmallow -Top Banana -Tutti-Fruitti -Very Cherry -Watermelon -Wild Blackberry All Jelly Belly jelly beans are OU Kosher, gluten free, peanut free, dairy free, fat free, and vegetarian friendly. Our beans have a 24-month shelf life. Sold by weight, not volume. At Jelly Belly, your satisfaction is our greatest concern. Jelly Belly candies are made with the finest ingredients, using natural ingredients whenever possible. Your candy should reach you with the highest level of freshness and flavor, in packaging that is in excellent condition. If this is not the case, please save any uneaten candy and its packaging, then contact us with your order number to speak with a Jelly Belly representative. Thank you for choosing Jelly Belly!",
  "category": [
    "Grocery & Gourmet Food",
    "Snacks & Sweets",
    "Candy & Chocolate",
    "Jelly Beans"
  ],
  "alt_images": [
    "https://m.media-amazon.com/images/I/51FHrMWS5DL.jpg",
    "https://m.media-amazon.com/images/I/51K-RdZ5BAL.jpg",
    "https://m.media-amazon.com/images/I/41u5rMQ-gWL.jpg",
    "https://m.media-amazon.com/images/I/51czWVE6IdL.jpg",
    "https://m.media-amazon.com/images/I/51Tw+rkNHoL.jpg",
    "https://m.media-amazon.com/images/I/51964MkG3QL.jpg",
    "https://m.media-amazon.com/images/I/51gT4boLJCL.jpg"
  ],
  "product_detail": {
    "Is Discontinued By Manufacturer": "No",
    "Product Dimensions": "14.76 x 11.22 x 1.1 inches; 1.5 Pounds",
    "Item model number": "071567990219",
    "UPC": "071567990219",
    "Manufacturer": "Jelly Belly",
    "ASIN": "B002UUJ590",
    "Units": "21.0 Ounce",
    "Best Sellers Rank": "#1,224 in Grocery & Gourmet Food (See Top 100 in Grocery & Gourmet Food) #2 in Jelly Beans",
    "#2 in Jelly Beans": "",
    "Customer Reviews": "4.4 4.4 out of 5 stars 31,677 ratings"
  },
  "important_information": {
    "Ingredients": "Not availableNot available",
    "Legal Disclaimer": "Statements regarding dietary supplements have not been evaluated by the FDA and are not intended to diagnose, treat, cure, or prevent any disease or health condition.Statements regarding dietary supplements have not been evaluated by the FDA and are not intended to diagnose, treat, cure, or prevent any disease or health condition."
  },
  "rating": {
    "score": "4.4 out of 5",
    "dist": {
      "5 star": "74%",
      "4 star": "11%",
      "3 star": "7%",
      "2 star": "2%",
      "1 star": "6%"
    }
  },
  "top_comments": [
    {
      "date": "August 15, 2025",
      "title": "Delicious",
      "score": "5.0 out of 5 stars",
      "text": "These are sugar free but they’re absolutely delicious..amazing flavors. They make a good snack…I highly recommend them…",
      "helpfulness": "One"
    },
    {
      "date": "August 19, 2025",
      "title": "Tasty",
      "score": "5.0 out of 5 stars",
      "text": "These are tasty. I luv the different flavors and pop of surprise eating each jellybeans.  Simply must try!!!",
      "helpfulness": "One"
    },
    {
      "date": "August 31, 2025",
      "title": "Fun, good variety, fast shipping!",
      "score": "5.0 out of 5 stars",
      "text": "This came well packaged, and on time. The fun packaging and jelly bean variety made this a good gift idea!",
      "helpfulness": "One"
    },
    {
      "date": "September 3, 2025",
      "title": "Jelly Belly Gourmet Jelly Beans",
      "score": "5.0 out of 5 stars",
      "text": "I absolutely love the buttered popcorn flavor.  I order 4 -1 pound bags at a time",
      "helpfulness": "One"
    },
    {
      "date": "October 17, 2013",
      "title": "Fun and absolutely disgusting...LOVE IT!",
      "score": "4.0 out of 5 stars",
      "text": "As I said in the title, I love this product. The reason I gave it only 4/5 stars is because afterwards it tastes like a dog just crapped in my mouth and the taste lingered for several hours. However, this is a super fun challenge for you and your friends. I am planning on doing the \"jelly bean challenge\" at my birthday party in two weeks. I ordered 3 of these and one of the ones with the spinner. I bought 3 (1 more than I really need) so that I could test it out before the party. I have to say, the good ones are great..the bad ones are AWFUL. But I have to say, the reactions are so freakin hilarious that it is worth all of the cringing and nastiness.Short review on all the bad flavors to give you a foretaste of what you will eat:Stinky socks: I can still taste it.. that gross, spot-on mixture of sweat and 67% polyester is definitely one of the worst. Lawn clippings: I have to say, lawn clippings isn't bad. You may even like it if you're one of those moms who are always trying to sneak veggies into their kids desserts. Because this tastes like spinach. Rotten egg: It does have that horrible barf-like taste. But this is one of those flavors that you can't really describe in any other way then \"yup...that's DEFINITELY what rotten egg tastes like\" Moldy cheese: thankfully, I have been fortunate enough to always get caramel corn, however I'd imagine it tastes much like stinky socks. Toothpaste: Now this is not a bad flavor for me at all. The blue jellybean is the one I save for after I tried a really bad flavor so i could just put it in my mouth and either way it get rid of the bad flavor. I quite like toothpaste!Canned dog food: This one started out fine but after trying again because I wanted chocolate pudding and getting dog food again I was ready to barf. When I gave it to my dad he thought it was dog poop flavored so yeah. Barf: How can I even explain this... barf is terrible. It tasted rather unpleasantly exactly like after you barf and it even has that lingering acidic aftertaste. I spit it out immediately. this is one of those flavors that you are like \"please please please please PLEASE! Be peach!\" Booger: This just tasted like garbage. Not really something you can describe. Let me just say it wasn't in my mouth long enough to really let the flavor set. Skunk spray: This is a very good jellybean..it teaches kids that your tongue will hate you forever if you taste skunk spray. Baby wipes: Not bad, it tastes like the smell of soap. Just smell a babywipe and BAM that's what it tastes like.  So I really hope that ,y review was of some help to you. Thanks! ~ Julia <3 ;D",
      "helpfulness": "146"
    },
    {
      "date": "July 25, 2025",
      "title": "Yummy",
      "score": "5.0 out of 5 stars",
      "text": "A convenient quantity, we'll mixed, fresh and economical. Only downside is the cheap and overly flexible container",
      "helpfulness": "One"
    },
    {
      "date": "September 10, 2025",
      "title": "Wonderful product",
      "score": "5.0 out of 5 stars",
      "text": "prompt shipping",
      "helpfulness": "0"
    },
    {
      "date": "June 23, 2025",
      "title": "Purchase small sample first!",
      "score": "3.0 out of 5 stars",
      "text": "The sugar free Jelly Belly jelly beans are a different animal altogether.  Don't confuse them with their sugar filled brother.  These are at best an acquired texture and taste.  The texture is not at all like a traditional jelly bean which some might find off-putting. Just know it's different...like really different.  The taste...well...the flavors do come through but are somehow more bland.  When coupled with the texture/chewing experience it isn't something I will go back to.  One and done for me doesn't mean you wouldn't find them tolerable and/or enjoyable.  That's why I gave them a 3 in recognition of that fact.  I would recommend purchasing a small package first before you go all in like I did.  That way you invest very little to see if these work for you.  Good luck!",
      "helpfulness": "0"
    }
  ]
}