{
  "product_title": "Zatarain's New Orleans Style Creole Seasoning, 8 oz",
  "byline_info": "Visit the Zatarain's Store",
  "product_description": "Zatarain's Creole Seasoning brings authentic New Orleans-style flavor to your kitchen! This unique blend of spices like red pepper and paprika is perfect to jazz up meats, seafood, salads and eggs, and can be used as an alternative to salt and pepper. And because it's a low cholesterol and low calorie seasoning, you can shake it on pretty much anything without feeling guilty.",
  "category": [
    "Grocery & Gourmet Food",
    "Pantry Staples",
    "Herbs, Spices & Seasonings",
    "Mixed Spices & Seasonings",
    "Cajun Seasoning"
  ],
  "alt_images": [
    "https://m.media-amazon.com/images/I/41loOUI9TAL.jpg",
    "https://m.media-amazon.com/images/I/41NXkfZmgQL.jpg",
    "https://m.media-amazon.com/images/I/51domf47C-L.jpg",
    "https://m.media-amazon.com/images/I/51RwwMkcrmL.jpg",
    "https://m.media-amazon.com/images/I/51F8uwATmJL.jpg",
    "https://m.media-amazon.com/images/I/51xB7o0mJaL.jpg",
    "https://m.media-amazon.com/images/I/51Oj-u9CrIL.jpg"
  ],
  "product_detail": {
    "Is Discontinued By Manufacturer": "No",
    "Product Dimensions": "2.57 x 4.44 x 2.57 inches; 0.01 ounces",
    "Item model number": "Z12101",
    "UPC": "071429121010",
    "Manufacturer": "McCormick & Company, Inc.",
    "ASIN": "B0004LWYOA",
    "Units": "8.0 Ounce",
    "Customer Reviews": "4.6 4.6 out of 5 stars 1,561 ratings"
  },
  "important_information": {
    "Ingredients": "Salt, Spices (Including Chili Pepper, Red Pepper, and Paprika), Dextrose, Garlic, Sugar, Onion, Disodium Inosinate & Guanylate (Flavor Enhancers), Extractives of Paprika, and Natural Flavor.Salt, Spices (Including Chili Pepper, Red Pepper, and Paprika), Dextrose, Garlic, Sugar, Onion, Disodium Inosinate & Guanylate (Flavor Enhancers), Extractives of Paprika, and Natural Flavor.",
    "Legal Disclaimer": "Statements regarding dietary supplements have not been evaluated by the FDA and are not intended to diagnose, treat, cure, or prevent any disease or health condition.Statements regarding dietary supplements have not been evaluated by the FDA and are not intended to diagnose, treat, cure, or prevent any disease or health condition."
  },
  "rating": {
    "score": "4.6 out of 5",
    "dist": {
      "5 star": "80%",
      "4 star": "12%",
      "3 star": "5%",
      "2 star": "1%",
      "1 star": "2%"
    }
  },
  "top_comments": [
    {
      "date": "August 19, 2025",
      "title": "Good flavor booster",
      "score": "5.0 out of 5 stars",
      "text": "If you are looking for a flavor boost this is the one for you. It adds just that extra bit of zing to the dish.",
      "helpfulness": "0"
    },
    {
      "date": "August 22, 2025",
      "title": "Goes on almost anything",
      "score": "5.0 out of 5 stars",
      "text": "Love this seasoning!",
      "helpfulness": "0"
    },
    {
      "date": "March 15, 2025",
      "title": "Use it on chicken and fish",
      "score": "5.0 out of 5 stars",
      "text": "The taste is really good, not much pepper but it is okay.",
      "helpfulness": "0"
    },
    {
      "date": "August 19, 2025",
      "title": "very good",
      "score": "5.0 out of 5 stars",
      "text": "Very good seasoning",
      "helpfulness": "0"
    },
    {
      "date": "March 31, 2025",
      "title": "Great flavor but too much salt",
      "score": "4.0 out of 5 stars",
      "text": "Great flavor, but too much salt. This will not work in a low salt diet.",
      "helpfulness": "0"
    },
    {
      "date": "June 28, 2025",
      "title": "The best Creole seasoning",
      "score": "5.0 out of 5 stars",
      "text": "My go to Creole spice! Not to heavy on the cayenne pepper like most other brands. Perfect blend of spices.",
      "helpfulness": "0"
    },
    {
      "date": "July 6, 2025",
      "title": "Good seasoning...",
      "score": "5.0 out of 5 stars",
      "text": "Good seasoning.",
      "helpfulness": "0"
    },
    {
      "date": "April 15, 2025",
      "title": "great value",
      "score": "5.0 out of 5 stars",
      "text": "this was great!! 2 for the price of half of one at the store very happy with this purchase :)",
      "helpfulness": "0"
    }
  ]
}