{
  "product_title": "Toasteds Crackers, Toasted Sesame, Ready to Dip Snacks, 48oz Case (6 Count)",
  "byline_info": "Brand: Toasteds",
  "product_description": "Product Description   Keep snack time classic with Kellogg’s Toasteds Toasted Sesame Crackers. Includes 1 case containing 6, 8-ounce boxes of lightly toasted crackers with the nutty flavor of toasted sesame seeds. Ideal for snacking, pairing with dips, cheeses and other tasty ingredients, or serving to friends and family. Toasteds oven-baked crispness is loved by everyone. They’re cholesterol free (2g polyunsaturated fat, 1g monounsaturated fat) and low in saturated fat (4g total fat per serving); Keep a box handy for snacking at home, work, or on the go. Enjoy them on their own between meals. Make them a part of any lunch, dinner, or late-night bite. Incorporate them into your party spread for gatherings of all kinds. Any time is right for the light, toasty texture and flavor of Kellogg’s Toasteds Toasted Sesame Crackers.   Amazon.com   Keebler Sesame Toasted CrackersPerfect for parties, snacking, and as a pantry staple, Keebler Sesame Toasted Crackers bring distinctive flavor to everyday occasions. Each cracker is toasted to perfection for a light, crisp texture embellished with real sesame seeds, and the signature Toasted taste. Whether enjoyed with a simple slice of cheddar or a hearty dip, these crackers are the \"toast\" of any party platter.A Satisfying SnackRegular snacking helps prevent over-eating at mealtime and provides children with needed energy to keep their brains and bodies going throughout the day. Choosing a snack that satisfies hunger and taste in a healthful way is essential to maintaining a good diet. Each five-cracker serving of Keebler Sesame Toasted Crackers contains just 80 calories while providing a naturally satisfying crunch that is loaded with toasty flavor. Keebler Sesame Toasted Crackers contain zero trans fats and are low in saturated fats. Offering a crunch that compliments and a taste that satisfies, Keebler Sesame Toasted Crackers are a great way to enhance a lunch box, satisfy after-school hunger pangs, or fill up healthfully between meals.A Versatile Pantry StapleThanks to their flakey texture and toasty goodness, Keebler Sesame Toasted Crackers can enrich your next party or add to mealtime--especially when incorporated into some of your favorite recipes. The next time you're planning a party or a family picnic, pair Keebler Sesame Toasted Crackers with your favorite finger foods for an elegant presentation. Try Keebler Sesame Toasted Crackers as a toasty crust in a quiches and other savory baked dishes. Or--simply crumble Keebler Sesame Toasted Crackers into your soup and enjoy.About KelloggKellogg Company is a leading producer of cereal and convenience foods--a company you can rely on for great-tasting, high quality foods. Kellogg was founded in 1906, in Battle Creek, Michigan. For more than 100 years, innovation and their commitment to being the best has guided the company. From being the first company to offer premiums in cereal boxes to being the first to fortify the cereals, Kellogg has historically been a leader in industry, innovation, and marketing.The founder, W.K. Kellogg, had a strong commitment to nutrition, health, and quality. His vision continues to drive improvement in the products and processes, with the goal of providing great-tasting, nutritious products that meet the most rigorous quality standards.With more than 100 ready-to-eat cereals around the world, consumers count on Kellogg for great-tasting, convenient, and affordable choices that meet their nutrition needs.Club Crackers offer the taste you can savor. The buttery flavor and flaky texture in each cracker will melt in your mouth. You can try them out with salads and soups, add your favorite toppings, or just enjoy them alone. It contains wheat and soy ingredients and they are light, flaky and buttery.",
  "category": [
    "Grocery & Gourmet Food",
    "Snacks & Sweets",
    "Snack Foods",
    "Crackers",
    "Assortments & Samplers"
  ],
  "alt_images": [
    "https://m.media-amazon.com/images/I/51-qYEziDkL.jpg",
    "https://m.media-amazon.com/images/I/51ifXJF+gbL.jpg",
    "https://m.media-amazon.com/images/I/51zTp2bOGbL.jpg",
    "https://m.media-amazon.com/images/I/414hw4Yt8ZL.jpg",
    "https://m.media-amazon.com/images/I/51G9Mj3pvjL.jpg",
    "https://m.media-amazon.com/images/I/41JJy0dY6sL.jpg",
    "https://m.media-amazon.com/images/I/4157a48tRwL.jpg"
  ],
  "product_detail": {
    "Package Dimensions": "8.82 x 8.07 x 6.69 inches; 3 Pounds",
    "Item model number": "3010011960",
    "UPC": "030100324171",
    "Manufacturer": "Toasteds",
    "ASIN": "B000AY9U52",
    "Units": "48 Ounce",
    "Best Sellers Rank": "#639,837 in Grocery & Gourmet Food (See Top 100 in Grocery & Gourmet Food) #678 in Cracker Assortments",
    "#678 in Cracker Assortments": "",
    "Customer Reviews": "4.5 4.5 out of 5 stars 205 ratings"
  },
  "important_information": {
    "Safety Information": "Contains wheat ingredients.Contains wheat ingredients.",
    "Ingredients": "INGREDIENTS: ENRICHED FLOUR (wheat flour, niacin, reduced iron, vitamin B1 [thiamin mononitrate], vitamin B2 [riboflavin], folic acid), SOYBEAN OIL (with TBHQ for freshness), TOASTED SESAME SEEDS, SUGAR, WHOLE WHEAT. CONTAINS 2% OR LESS OF salt, leavening (baking soda, sodium acid pyrophosphate, monocalcium phosphate), corn syrup, malt extract, yeast, garlic powder, whey, soy lecithin.INGREDIENTS: ENRICHED FLOUR (wheat flour, niacin, reduced iron, vitamin B1 [thiamin mononitrate], vitamin B2 [riboflavin], folic acid), SOYBEAN OIL (with TBHQ for freshness), TOASTED SESAME SEEDS, SUGAR, WHOLE WHEAT. CONTAINS 2% OR LESS OF salt, leavening (baking soda, sodium acid pyrophosphate, monocalcium phosphate), corn syrup, malt extract, yeast, garlic powder, whey, soy lecithin.",
    "Legal Disclaimer": "Statements regarding dietary supplements have not been evaluated by the FDA and are not intended to diagnose, treat, cure, or prevent any disease or health condition.Statements regarding dietary supplements have not been evaluated by the FDA and are not intended to diagnose, treat, cure, or prevent any disease or health condition."
  },
  "rating": {
    "score": "4.5 out of 5",
    "dist": {
      "5 star": "79%",
      "4 star": "6%",
      "3 star": "9%",
      "2 star": "3%",
      "1 star": "3%"
    }
  },
  "top_comments": [
    {
      "date": "March 8, 2023",
      "title": "Delicious but warning about best consumed by date",
      "score": "5.0 out of 5 stars",
      "text": "The nutty taste of the sesame seeds and the texture of the crackers is delicious with cheese. Unfortunately, I bought 5 boxes that all have the best consumed by date as only a month away. Amazon actually gave me my money back which was generous. But you may want to contact the seller about the date best eaten, especially if you are going to order multiple boxes.",
      "helpfulness": "0"
    },
    {
      "date": "January 13, 2021",
      "title": "Yeah! Best crackers ever!",
      "score": "5.0 out of 5 stars",
      "text": "I can’t find these anymore in local grocery stores and they are one of the few things I feel are a necessity at Xmas. What’s the point of making a cheese ball if there’s no sesame toasteds? These were delivered promptly and not expired. What more could I ask?",
      "helpfulness": "0"
    },
    {
      "date": "September 18, 2020",
      "title": "Moms eat Crackers",
      "score": "5.0 out of 5 stars",
      "text": "Mother's crackers are important to her. She only eats these Sesame crackers. When mom gets cranky, I throw some at her with a nice cuppa Tea (she's Aussie, I'm not).Watching prices over time is important. I never just click the button on stuff like this. Keep it in the Save for Later part of your shopping cart and wait for a good price :D",
      "helpfulness": "2"
    },
    {
      "date": "June 1, 2014",
      "title": "Delicious!",
      "score": "5.0 out of 5 stars",
      "text": "I love these crackers, but the local stores no longer carry them. They are the best sesame crackers I have ever had. I expected that 6 boxes would last for awhile, but I couldn't help myself...I went through them in record time. Time to re-order! They do give you an option of having them shipped on a regular basis, but I prefer to order when I get close to the end of the last box. Hopefully I can make the next order last longer!",
      "helpfulness": "One"
    },
    {
      "date": "January 24, 2021",
      "title": "My favorite crackers but one stale batch",
      "score": "3.0 out of 5 stars",
      "text": "I love these crackers, so I've bought this set of 6 boxes three times now. The second time, the crackers were stale. But they were fine the first and third times. This is my absolute favorite cracker, so I'm hoping that was just a hiccup in the Amazon storage process. All the expiration dates were correct for all 3 shipments - i.e., there were no expired crackers in any of the shipments.",
      "helpfulness": "One"
    },
    {
      "date": "September 25, 2021",
      "title": "Good taste",
      "score": "5.0 out of 5 stars",
      "text": "Product arrived quickly and fresh. Good taste and just as expected. Would buy again.",
      "helpfulness": "0"
    },
    {
      "date": "August 29, 2020",
      "title": "Great value",
      "score": "4.0 out of 5 stars",
      "text": "Great product, slightly salty but I will buy again",
      "helpfulness": "0"
    },
    {
      "date": "October 11, 2022",
      "title": "The are great crackers and Amazon had them!!!!!",
      "score": "5.0 out of 5 stars",
      "text": "I love these crackers.  I couldn’t find them in any store.  Amazon came to the rescue!!!!!  Thank you Amazon",
      "helpfulness": "One"
    }
  ]
}