{
  "product_title": "Tetley British Blend Premium Black, 80 Count Tea Bags",
  "byline_info": "Visit the Tetley Store",
  "product_description": "At Tetley, we bring you a warm and comforting world with every cup of our finest blends. We strive towards creating not merely the perfect brew but also a sustainable environment and better lives for our farmers. The journey to your cup begins in tea gardens around the world, where tea is made from the young leaves and unopened buds for the perfect smooth taste. We grow and buy tea from across the world to get that lovely, full bodied flavor that's unique to Tetley. Our experienced buyers work closely with thousands of tea gardens in over 25 countries to select the very best tea. For us, It is about helping create a thriving, global tea industry that is socially fair and environmentally sustainable.",
  "category": [
    "Grocery & Gourmet Food",
    "Beverages",
    "Tea",
    "Black"
  ],
  "alt_images": [
    "https://m.media-amazon.com/images/I/51sx4jfqY7L.jpg",
    "https://m.media-amazon.com/images/I/51E-MZVL8aL.jpg",
    "https://m.media-amazon.com/images/I/51oPrV5+sHL.jpg",
    "https://m.media-amazon.com/images/I/51M9NsQwz1L.jpg",
    "https://m.media-amazon.com/images/I/41RV9Nceg3L.jpg",
    "https://m.media-amazon.com/images/I/51n5UuaNBtL.jpg",
    "https://m.media-amazon.com/images/I/51ARe3uMsbL.jpg"
  ],
  "product_detail": {
    "Is Discontinued By Manufacturer": "No",
    "Product Dimensions": "7.31 x 2.75 x 5.13 inches; 8.47 ounces",
    "Item model number": "5450",
    "UPC": "011156054502",
    "Manufacturer": "Tetley Tea",
    "ASIN": "B0005ZVX1U",
    "Units": "80 Count",
    "Best Sellers Rank": "#258,091 in Grocery & Gourmet Food (See Top 100 in Grocery & Gourmet Food) #2,652 in Black Tea",
    "#2,652 in Black Tea": "",
    "Customer Reviews": "4.4 4.4 out of 5 stars 88 ratings"
  },
  "important_information": {
    "Safety Information": "Contains caffeine. Not recommended for children or pregnant women.Contains caffeine. Not recommended for children or pregnant women.",
    "Ingredients": "Black teaBlack tea",
    "Directions": "How to brew a proper cup of tetley tea. 1. place a tea bag in your favorite cup. 2. bring fresh, cold water to a rolling boil and immediately pour over your tea bag. 3. steep for a full 3 to 5 minutes. 4. remove the tea bag, relax and enjoy (serve it \"natural\" or the english way with milk and sugar)! microwave alternative: in the microwave, place tea bag in water and heat on high for 1 1/2 - 3 minutes, depending on strength of microwave. microwavHow to brew a proper cup of tetley tea. 1. place a tea bag in your favorite cup. 2. bring fresh, cold water to a rolling boil and immediately pour over your tea bag. 3. steep for a full 3 to 5 minutes. 4. remove the tea bag, relax and enjoy (serve it \"natural\" or the english way with milk and sugar)! microwave alternative: in the microwave, place tea bag in water and heat on high for 1 1/2 - 3 minutes, depending on strength of microwave. microwav",
    "Legal Disclaimer": "Statements regarding dietary supplements have not been evaluated by the FDA and are not intended to diagnose, treat, cure, or prevent any disease or health condition.Statements regarding dietary supplements have not been evaluated by the FDA and are not intended to diagnose, treat, cure, or prevent any disease or health condition."
  },
  "rating": {
    "score": "4.4 out of 5",
    "dist": {
      "5 star": "75%",
      "4 star": "8%",
      "3 star": "10%",
      "2 star": "3%",
      "1 star": "4%"
    }
  },
  "top_comments": [
    {
      "date": "September 17, 2024",
      "title": "Tea Lovers",
      "score": "5.0 out of 5 stars",
      "text": "British Blend is what tea should be .... bold and satisfying..",
      "helpfulness": "0"
    },
    {
      "date": "August 1, 2017",
      "title": "My favorite morning cup hands down.",
      "score": "5.0 out of 5 stars",
      "text": "My favorite brand of black tea. This Tetley British Blend is just the right balance of taste and strength. I also enjoy the rounded bag that is perfect in my cup. This tea strikes a good note for me between cost and taste. Personally I also do not like having to unwrap, deal with strings and metal with my tea bags with other brands. What a waste of paper and effort! I can put the bags in a dark airtight container and they keep very well.I have bought this tea now for about seven years and I will continue to do so. I have tried many, many others but I always come back to this Tetley.",
      "helpfulness": "3"
    },
    {
      "date": "January 31, 2013",
      "title": "Robust Tea",
      "score": "5.0 out of 5 stars",
      "text": "I don't like green or black teas, or any of the \"flavored\" teas in general, and I've tried a few.  So, to say the least I am not usually a tea drinker, but this one changed that.  It's not as strong as coffee, but has a nice robust flavor!  I thank my co-worker for introducing it to me.  Very tasty, with or without any sweetener.",
      "helpfulness": "3"
    },
    {
      "date": "August 29, 2016",
      "title": "Best tea for sun tea",
      "score": "5.0 out of 5 stars",
      "text": "Best tea for sun tea.  Just put it in a glass jar, with a lid and put 3 packs in it with water.  Set in sun till as dark as you like.  Pour over cubes and put it in the fridge.We tried other teas, but this was a nice hearty iced tea.",
      "helpfulness": "2"
    },
    {
      "date": "August 20, 2015",
      "title": "Three Stars",
      "score": "3.0 out of 5 stars",
      "text": "Good and convenient",
      "helpfulness": "One"
    },
    {
      "date": "March 7, 2014",
      "title": "amazed",
      "score": "5.0 out of 5 stars",
      "text": "I’m just amazed at what you can buy from a book store, I use Amazon for allot of things product knowledge is number 1, purchasing things next as I’m disabled and don’t get out much. If I wait and combine a few things I get free shipping, no sales tax another biggie I cannot go to town and purchase the same product and have it shipped home. It’s a win win if u ask me…",
      "helpfulness": "0"
    },
    {
      "date": "April 22, 2017",
      "title": "Great tea, took away a star because the tea ...",
      "score": "4.0 out of 5 stars",
      "text": "Great tea, took away a star because the tea package looked very old and worn out. I had to check for the expiry date to make sure it was drinkable.",
      "helpfulness": "0"
    },
    {
      "date": "January 20, 2022",
      "title": "Arrive on time, undamaged",
      "score": "5.0 out of 5 stars",
      "text": "Was my regular tea, I ordered to avoid going in to a store during these covid times.  Love this service!",
      "helpfulness": "0"
    }
  ]
}