{
  "product_title": "Gerber Graduates for Toddlers, Pasta Stars with Chicken & Vegetables, 6-Ounce Tubs (Pack of 12)",
  "byline_info": "Visit the Gerber Store",
  "product_description": "Case of 12 6-ounce tubs total of 72 ounces . Microwave-and-serve chicken stew with noodles for toddler. Soft texture easy to chew and swallow good source of protein. No preservatives no artificial flavors. Can be eaten right from container.",
  "category": [
    "Baby Products",
    "Feeding",
    "Baby Foods",
    "Meals"
  ],
  "alt_images": [
    "https://m.media-amazon.com/images/I/41krOa+Rm+L.jpg",
    "https://m.media-amazon.com/images/I/51bgOeGzYgL.jpg",
    "https://m.media-amazon.com/images/I/51tG-AEPOfL.jpg",
    "https://m.media-amazon.com/images/I/51siSEHyU4L.jpg",
    "https://m.media-amazon.com/images/I/51smg9tnrKL.jpg",
    "https://m.media-amazon.com/images/I/51k8aF0+bAL.jpg",
    "https://m.media-amazon.com/images/I/51PriqLH9JL.jpg"
  ],
  "product_detail": {
    "Package Dimensions": "14.9 x 10.9 x 2.5 inches; 4.5 Pounds",
    "Item model number": "09600341",
    "Manufacturer": "Gerber Graduates",
    "ASIN": "B000FPKX3E",
    "Units": "72.0 Ounce",
    "Customer Reviews": "3.5 3.5 out of 5 stars 7 ratings"
  },
  "important_information": {
    "Ingredients": "Water, Cooked Chicken Ground And Formed (Chicken Meat, Water, Salt, Tapioca Starch, Modified Cornstarch), Peas, Celery, Carrots, Corn, Enriched Egg Noodles (Durum Wheat Flour, Eggs, Niacin, Ferrous Sulfate, Thiamin Mononitrate, Riboflavin, Folic Acid), Modified Cornstarch, Chicken Fat, Dehydrated Onions, Potato Starch, Torula Yeast, Salt, Dried Chicken Broth, Soybean Oil, Garlic Powder, Natural Flavor.Water, Cooked Chicken Ground And Formed (Chicken Meat, Water, Salt, Tapioca Starch, Modified Cornstarch), Peas, Celery, Carrots, Corn, Enriched Egg Noodles (Durum Wheat Flour, Eggs, Niacin, Ferrous Sulfate, Thiamin Mononitrate, Riboflavin, Folic Acid), Modified Cornstarch, Chicken Fat, Dehydrated Onions, Potato Starch, Torula Yeast, Salt, Dried Chicken Broth, Soybean Oil, Garlic Powder, Natural Flavor.",
    "Legal Disclaimer": "Statements regarding dietary supplements have not been evaluated by the FDA and are not intended to diagnose, treat, cure, or prevent any disease or health condition.Statements regarding dietary supplements have not been evaluated by the FDA and are not intended to diagnose, treat, cure, or prevent any disease or health condition."
  },
  "rating": {
    "score": "3.5 out of 5",
    "dist": {
      "5 star": "17%",
      "4 star": "50%",
      "3 star": "17%",
      "2 star": "0%",
      "1 star": "16%"
    }
  },
  "top_comments": [
    {
      "date": "March 1, 2013",
      "title": "Alright",
      "score": "3.0 out of 5 stars",
      "text": "I was remodeling my kitchen and needed fast food for my toddler.  She didn't care so much for this flavor. I tasted it and its tastes like chef boy r de.  I think she is just used to eating fresh food and not canned stuff. I'd buy one can before buying a case if I had to do it all over.",
      "helpfulness": "0"
    },
    {
      "date": "April 30, 2012",
      "title": "Absolutely disgusting",
      "score": "1.0 out of 5 stars",
      "text": "I tried to feed this to my oldest daughter when she was a toddler, she refused it. My second daughter who eats almost anything said \"YUCK!\" when I tried to feed it to her. And I can't blame either one of them. The product looks nothing like the photo on the jar. It's like a gelatinous substance with vegetables mixed in. Terrible! Save your money!",
      "helpfulness": "One"
    },
    {
      "date": "May 27, 2011",
      "title": "Great to have on hand",
      "score": "5.0 out of 5 stars",
      "text": "Since my daughter is 14 months old she pretty much eats what I prepared for meals, however sometimes I don't think what I have made is something she should eat such as steak (too hard to chew).  So I like to have these available for a quick meal to prepare for my daughter.  She likes the taste, simple to prepare, and you have meat and vegetables all in one meal.",
      "helpfulness": "0"
    },
    {
      "date": "February 15, 2012",
      "title": "Favorite out of the Graduate meals",
      "score": "5.0 out of 5 stars",
      "text": "My twins both love this kind of the gerber graduates tubs. Everything in this one is very tender so it is a great one to start with. It gives me some piece of mind that it has pasta, veggies and meat in it because it is hard to get them to eat meat.",
      "helpfulness": "0"
    },
    {
      "date": "December 12, 2011",
      "title": "Wasted money",
      "score": "1.0 out of 5 stars",
      "text": "My daughter screams if I try to feed her these. She honestly says, \"Yuck!\" Next time, I will buy one to try out instead of buying a whole pack of 12.",
      "helpfulness": "0"
    },
    {
      "date": "May 2, 2013",
      "title": "bad batch",
      "score": "1.0 out of 5 stars",
      "text": "When we received this and opened the first tub it was hard and dry inside, as was every subsequent tub we opened. Completely inedible. What a waste.",
      "helpfulness": "0"
    }
  ]
}