{
  "product_title": "Lundberg Family Farms Rice Chips, Fiesta Lime, 6 Ounce (Pack of 12)",
  "byline_info": "Visit the Lundberg Store",
  "product_description": "Committed to producing the finest quality rice and rice products for your family. Since 1937, the Lundberg family has been growing healthy, great tasting rice while respecting and sustaining the earth. Today, the third and fourth generations carry on the family heritage by using eco-positive farming methods that produce wholesome, healthful rice, rice cakes, rice chips, and risottos while improving and protecting the environment for generations to come.",
  "category": [
    "Grocery & Gourmet Food",
    "Snacks & Sweets",
    "Snack Foods",
    "Rice Cakes, Chips & Crackers",
    "Chips"
  ],
  "alt_images": [
    "https://m.media-amazon.com/images/I/51-vl6otFtL.jpg",
    "https://m.media-amazon.com/images/I/518u+0i72UL.jpg",
    "https://m.media-amazon.com/images/I/51zqWauymAL.jpg",
    "https://m.media-amazon.com/images/I/51LLLYZpgIL.jpg",
    "https://m.media-amazon.com/images/I/81IT1jObaML.jpg"
  ],
  "product_detail": {
    "Is Discontinued By Manufacturer": "No",
    "Product Dimensions": "19.7 x 12 x 10.2 inches; 4.63 Pounds",
    "Item model number": "20073416035342",
    "Manufacturer": "Lundberg",
    "ASIN": "B000FW0NIC",
    "Units": "72 Ounce",
    "Best Sellers Rank": "#127,308 in Grocery & Gourmet Food (See Top 100 in Grocery & Gourmet Food) #17 in Rice Chips",
    "#17 in Rice Chips": "",
    "Customer Reviews": "4.0 4.0 out of 5 stars 482 ratings"
  },
  "important_information": {
    "Safety Information": "The product is labelled to United States standards and may differ from similar products sold elsewhere in its ingredients, labeling and allergen warningsThe product is labelled to United States standards and may differ from similar products sold elsewhere in its ingredients, labeling and allergen warnings",
    "Ingredients": "Brown Rice, Brown Rice Flour, Organic Masa Corn Flour, White Rice Flour, High Oleic Expeller-pressed Safflower or Sunflower Oil, Organic Sesame Seeds, Seasonings (Rice Flour, Organic Buttermilk Powder, Salt, Organic Evaporated Cane Juice, Organic Nonfat Milk, Tartaric Acid, Citric Acid, Dried Parsley, Safflower Oil, Organic Lime Oil, and less than 2% Tricalcium Phosphate (Anti-caking Agent).Brown Rice, Brown Rice Flour, Organic Masa Corn Flour, White Rice Flour, High Oleic Expeller-pressed Safflower or Sunflower Oil, Organic Sesame Seeds, Seasonings (Rice Flour, Organic Buttermilk Powder, Salt, Organic Evaporated Cane Juice, Organic Nonfat Milk, Tartaric Acid, Citric Acid, Dried Parsley, Safflower Oil, Organic Lime Oil, and less than 2% Tricalcium Phosphate (Anti-caking Agent).",
    "Directions": "Enjoy 9 chips (28 grams) per serving. Store in a cool, dry place for optimal crispness.Enjoy 9 chips (28 grams) per serving. Store in a cool, dry place for optimal crispness.",
    "Legal Disclaimer": "NOTE: Actual product packaging may sometimes differ from image shown due to packaging updates & improvements by the manufacturer. We DO NOT price match. Tracking information/number provided upon request. We are a drop shipping company and items may come directly from the manufacturer's. We do not ship to PO BOXES.NOTE: Actual product packaging may sometimes differ from image shown due to packaging updates & improvements by the manufacturer. We DO NOT price match. Tracking information/number provided upon request. We are a drop shipping company and items may come directly from the manufacturer's. We do not ship to PO BOXES.Statements regarding dietary supplements have not been evaluated by the FDA and are not intended to diagnose, treat, cure, or prevent any disease or health condition.Statements regarding dietary supplements have not been evaluated by the FDA and are not intended to diagnose, treat, cure, or prevent any disease or health condition."
  },
  "rating": {
    "score": "4 out of 5",
    "dist": {
      "5 star": "62%",
      "4 star": "11%",
      "3 star": "7%",
      "2 star": "4%",
      "1 star": "16%"
    }
  },
  "top_comments": [
    {
      "date": "August 10, 2018",
      "title": "Best chips ever",
      "score": "5.0 out of 5 stars",
      "text": "These are the best chips you can buy.  I am a confessed, not recovering chipoholic.  I consider myself an expert in chippery, chipism and chipology. I don’t Netflix and chill, I Netflix and Chip.  A long time ago I was diagnosed with low blood pressure and my doctor said I should eat a few chips whenever I felt woozy.  That was a very happy day as I was already a lifelong chip guzzler. I have tried every kind of chip there is and these are my number 1 go to chips.The stores near me can’t keep up with my demand so I have been ordering them on line by the case.They’re good with humus, they’re good with salsa they’re good plain and when you eat as many chips as I do, it’s fortuitous that these are one of the healthiest chips you can find as well. All the flavors are good but the lime is numero uno!",
      "helpfulness": "13"
    },
    {
      "date": "February 18, 2023",
      "title": "NIRVANA!",
      "score": "5.0 out of 5 stars",
      "text": "These are the best chips EVER! The taste and texture are so good with a hint of Lime! They are Made from Brown Rice and while I was trying for healthy, I discovered that these ar e just as yummy or more so than any of their corn chip cousins! Great with salsa or hummus or queso! Yummmmmmmmm",
      "helpfulness": "One"
    },
    {
      "date": "August 22, 2024",
      "title": "The chips were crushed!",
      "score": "1.0 out of 5 stars",
      "text": "There was no packing in the box, and the chips were boxed with a book!  So when I received them, the chips were crushed and in crumbles. I was very disappointed.  These are delicious chips that Lundberg makes, but Amazon missed the boat on this packaging BIG TIME!  I probably won't order this product again unless the packaging can be more secured!",
      "helpfulness": "0"
    },
    {
      "date": "October 5, 2023",
      "title": "Wonderful gluten free chip",
      "score": "5.0 out of 5 stars",
      "text": "These chips are great plain, with guac, or cheese, and hold up under meat, cheese, and more when baked as nachos. Nice crunch and don't go stale easily. These are a staple item at my house.",
      "helpfulness": "0"
    },
    {
      "date": "November 8, 2022",
      "title": "Pretty good",
      "score": "4.0 out of 5 stars",
      "text": "Decent snack in a pinch.  Good lime flavor.  A bit pricey for the amount you get.  Liked them but probably not inclined to buy again due to price vs small amount.",
      "helpfulness": "3"
    },
    {
      "date": "July 22, 2018",
      "title": "Healthy, good chips!",
      "score": "5.0 out of 5 stars",
      "text": "LOVE this brand! They have health version of chips that actually tastes good! I used to find bags of these at Big Lots for a better deal but haven’t seen them there for a while now, so this is the next best price. Highly recommend these chips! Regular brands/types (lays/ruffles/etc) are SO unhealthy. These are healthy and delicious! Love that Amazon has a good deal on them since they’re hard to find.",
      "helpfulness": "0"
    },
    {
      "date": "June 7, 2020",
      "title": "Fiesta Lime confetti is delicious",
      "score": "3.0 out of 5 stars",
      "text": "I didn't order Sesame Seaweed. I ordered and received Fiesta Lime. But Amazon will only allow me to edit my 2-year-old review of Sesame Seaweed. So here ya go. I was thrilled that the Fiesta Lime recipe changed to exclude the dairy ingredients. So I ordered 3 bags. They are at least as yummy as the former allergen-filled recipe! However, they arrived in an envelope, which apparently a fully loaded city bus had parked on top of, which is to say: less as chips and more as fiesta lime-flavored confetti. If it doesn't matter to you whether you get confetti or actual chips, I say order soon and often. YUM.",
      "helpfulness": "3"
    },
    {
      "date": "October 5, 2010",
      "title": "These are great chips! Try them!",
      "score": "5.0 out of 5 stars",
      "text": "These are such good chips! Most rice chips are bland or have bad texture. These chips are crunchy and so tasty--a nice thick chip that is great for thick dips like hummus or peanut butter. We bring a bag to our local mediterranean place to use for hummus instead of pita bread (gluten allergy). Seriously, these chips are great. I buy them buy the case because our whole family loves to snack on them. Subscribe and save makes us save even more. I love lundberg products generally (try their gluten free cous cous), but their rice chips are my favorite.",
      "helpfulness": "0"
    }
  ]
}