{
  "product_title": "12 oz. No Parboil Spinach Basil Garlic Lasagna Noodles",
  "byline_info": "Brand: Rossi Pasta",
  "product_description": "",
  "category": [
    "Grocery & Gourmet Food",
    "Pantry Staples",
    "Pasta & Noodles",
    "Pasta",
    "Lasagna"
  ],
  "alt_images": [
    "https://m.media-amazon.com/images/I/412CVY3QW9L.jpg"
  ],
  "product_detail": {
    "Item Weight": "12 ounces",
    "ASIN": "B0002IPXI4",
    "Units": "12 Ounce",
    "Customer Reviews": "4.4 4.4 out of 5 stars 12 ratings"
  },
  "important_information": {
    "Legal Disclaimer": "Statements regarding dietary supplements have not been evaluated by the FDA and are not intended to diagnose, treat, cure, or prevent any disease or health condition.Statements regarding dietary supplements have not been evaluated by the FDA and are not intended to diagnose, treat, cure, or prevent any disease or health condition."
  },
  "rating": {
    "score": "4.4 out of 5",
    "dist": {
      "5 star": "56%",
      "4 star": "32%",
      "3 star": "12%",
      "2 star": "0%",
      "1 star": "0%"
    }
  },
  "top_comments": [
    {
      "date": "January 7, 2015",
      "title": "Love these! They taste wonderful and you don't have ...",
      "score": "5.0 out of 5 stars",
      "text": "Love these! They taste wonderful and you don't have to boil them! Couldn't ask for a better product. The garlic basil is not overwhelming and gives an extra surprise taste.",
      "helpfulness": "3"
    },
    {
      "date": "May 22, 2019",
      "title": "It’s ok",
      "score": "4.0 out of 5 stars",
      "text": "It’s ok",
      "helpfulness": "0"
    },
    {
      "date": "January 31, 2011",
      "title": "Parboil Spinach Lasagna Noodles -- No",
      "score": "3.0 out of 5 stars",
      "text": "I spent a lot of time making my homemade lasagna and decided to use these parboil lasagna noodles.  Turned out terrible.  I'll never invest the time and money to make homemade lasagna and use a parboil nooodle again.  It was awful.  At the end of the day I had to ask myself how lazy I could be not to take the time to cook my lasagna first.  I guess if you're making a throw-together lasagna with cottage cheese, this would be fine.  But I was making my sauce from scratch and using ricotta and other real ingredients.  Took forever to cook, spilled over in the oven (after adding the recommended 3/4 cup of water to my recipe which is another mess I have to confront).  So, no, we couldn't taste the specialness of the spinach noodles because, quite frankly, they weren't really cooked.  I wasted all day cooking my favorite lasagna only to have it ruined by these parboil noodles.  I have purchased other pasta from Rossi that was absolutely delicious but when it comes to lasagna, I say don't be tempted by the \"parboil\" feature.  I'll buy these again but cook before I put them in my lasagna.",
      "helpfulness": "5"
    },
    {
      "date": "June 19, 2013",
      "title": "Repeat buy from last year",
      "score": "5.0 out of 5 stars",
      "text": "I've looked high and low for green noodles, and these are all I've found both on the Internet and in stores.Used it both as a parboil and not.  Nice texture and taste.",
      "helpfulness": "2"
    },
    {
      "date": "June 22, 2009",
      "title": "Great stuff",
      "score": "4.0 out of 5 stars",
      "text": "My husband didn't get it all in the water.  It was good what part he did.",
      "helpfulness": "One"
    },
    {
      "date": "April 10, 2018",
      "title": "Five Stars",
      "score": "5.0 out of 5 stars",
      "text": "Goes beautifully in Marcella Hazan’s Lasagna Verde  al Forno.  A new favorite in my house.",
      "helpfulness": "0"
    },
    {
      "date": "February 4, 2018",
      "title": "... a heavier hand of pepper than expected but was great.",
      "score": "5.0 out of 5 stars",
      "text": "Had a heavier hand of pepper than expected but was great.",
      "helpfulness": "0"
    },
    {
      "date": "September 25, 2017",
      "title": "Five Stars",
      "score": "5.0 out of 5 stars",
      "text": "It tastes so good. My family and I loved it!",
      "helpfulness": "0"
    }
  ]
}