{
  "product_title": "Vigo Hot Spiced Sardines, 4.375-Ounce Cans (Pack of 10)",
  "byline_info": "Visit the Vigo Store",
  "product_description": "Imported. Wild caught. Product of Spain.",
  "category": [
    "Grocery & Gourmet Food",
    "Pantry Staples",
    "Canned, Jarred & Packaged Foods",
    "Meat, Poultry & Seafood",
    "Seafood",
    "Sardines"
  ],
  "alt_images": [
    "https://m.media-amazon.com/images/I/51g7xNBPLmL.jpg",
    "https://m.media-amazon.com/images/I/51dKa6ndO8L.jpg",
    "https://m.media-amazon.com/images/I/31JC9hrudZL.jpg",
    "https://m.media-amazon.com/images/I/51XcGlw6cML.jpg",
    "https://m.media-amazon.com/images/I/51lWmLrySQL.jpg"
  ],
  "product_detail": {
    "Package Dimensions": "9.2 x 5.9 x 2.7 inches; 4.37 ounces",
    "UPC": "071072012079",
    "Manufacturer": "Vigo",
    "ASIN": "B000FDN78Y",
    "Units": "43.75 Ounce",
    "Best Sellers Rank": "#397,168 in Grocery & Gourmet Food (See Top 100 in Grocery & Gourmet Food) #427 in Canned & Packaged Sardines",
    "#427 in Canned & Packaged Sardines": "",
    "Customer Reviews": "2.9 2.9 out of 5 stars 22 ratings"
  },
  "important_information": {
    "Ingredients": "Sardines, Soy and Olive Oil, Cayenne, Carrot, Cucumber, Salt Added.Sardines, Soy and Olive Oil, Cayenne, Carrot, Cucumber, Salt Added.",
    "Directions": "Store in a cool, dry place.Store in a cool, dry place.",
    "Legal Disclaimer": "Statements regarding dietary supplements have not been evaluated by the FDA and are not intended to diagnose, treat, cure, or prevent any disease or health condition.Statements regarding dietary supplements have not been evaluated by the FDA and are not intended to diagnose, treat, cure, or prevent any disease or health condition."
  },
  "rating": {
    "score": "2.9 out of 5",
    "dist": {
      "5 star": "16%",
      "4 star": "24%",
      "3 star": "12%",
      "2 star": "36%",
      "1 star": "12%"
    }
  },
  "top_comments": [
    {
      "date": "September 17, 2013",
      "title": "great sardines",
      "score": "5.0 out of 5 stars",
      "text": "I've been experimenting with different sardines for a few months now.  These are great. Firm texture not mushy or dry, nice and hot.  I will eat all ten of these cans myself.",
      "helpfulness": "0"
    },
    {
      "date": "May 12, 2011",
      "title": "Could kill you!",
      "score": "1.0 out of 5 stars",
      "text": "It's 10 tins in individual yellow cardboard boxes shrink wrapped in plastic. Item arrived with other items all in seemingly good condition. I opened one, ate it, and it seemed fine. Then, looking closer, I saw that a number of boxes were discolored. It seems that they were soaked with oil. I found the worst one, opened it, and the can inside seemed okay with no obvious defects. When I \"oil canned\" it (compressing and releasing it repeatedly), I could hear air hissing in and out. I immediately threw it away, of course! Then later I got to thinking--no shipping damage; other items fine; so it could either have \"burst\" from bacteria growth due to improper cooking, or the canning equipment was defective and no seal was ever achieved. Either way, this could be a one way ticket to the botulism hall of fame (the graveyard). I had already eaten one, and already thrown another away, so I haven't returned them, but beware that you should be very careful before you eat any. Make sure you hear the vacuum release when you open the can. The other eight cans seem fine, and I'm still here to write the review so the ninth one must be okay too! The pickers at Amazon might have caught this if they paid attention, but it wasn't obvious even to me.",
      "helpfulness": "3"
    },
    {
      "date": "December 9, 2006",
      "title": "Second best canned sardines in the states.",
      "score": "4.0 out of 5 stars",
      "text": "I have lived in Spain. I have tried almost every brand of canned sardines in New York. I still like the ones from Spain. This one is pretty good although not as good as those available in Spain. Since I am here I have to settle with this brand. My complaint is that the fish is a little on the dry side.Goya has the best canned sardines in the states.",
      "helpfulness": "6"
    },
    {
      "date": "November 8, 2010",
      "title": "Sardines for sale",
      "score": "2.0 out of 5 stars",
      "text": "I like spicy food and I like sardines, but I don't like these. I simply cannot finish my pack of 10 cans. I like other Vigo sardines and I wouldn't say these are low quality, but something about the mixture of these strong flavors doesn't work for me. I can taste them for hours.",
      "helpfulness": "2"
    },
    {
      "date": "August 18, 2009",
      "title": "Ok for the price",
      "score": "3.0 out of 5 stars",
      "text": "On the whole a good effort that falls a bit short--not very hot and spicy, a bit too much salt, and a rather inconsistent texture of the fish among separate cans.  Ok, but could be better.",
      "helpfulness": "2"
    },
    {
      "date": "November 28, 2013",
      "title": "Great spiced sardines",
      "score": "5.0 out of 5 stars",
      "text": "For me these are the best spiced sardines i have tasted, Opening the can you don't get hit hard with that fishy smell, it's there but not bad, the spice is pretty consistent in terms of heat. I've had about 20 of these can's (not in a sitting but over the course of a year) and have not had one hotter then the other, i did however get a can where there was no pepper. Over all i am happy with the taste and texture of these canned sardines. Not mushy and firm enough to pull out of the can without it falling apart.",
      "helpfulness": "One"
    },
    {
      "date": "July 29, 2012",
      "title": "False advertising!!!",
      "score": "1.0 out of 5 stars",
      "text": "This product is now made in Morocco and not Spain, as falsely claimed by Amazon. Being Moroccan-made, the sardines should probably be sold for $1 a can rather than $2.123.",
      "helpfulness": "2"
    },
    {
      "date": "May 1, 2015",
      "title": "I enjoyed these sardines",
      "score": "4.0 out of 5 stars",
      "text": "I enjoyed these sardines. I tried many brands and types. I saw a post about the seal being broken on a can during shipping. This happened to me, the oil got all over the other cans. I never considered botulism but maybe,...  Not sure what part Amazon played in that scenario. The rest of the cans in my shipment seemed OK and I enjoyed eating them. For the price these sardines are my new favorite.",
      "helpfulness": "0"
    }
  ]
}