{
  "product_title": "Food to Live Fennel Seeds, 1 Pound – Whole, Raw, Non-Irradiated, Non-GMO, Kosher, Vegan, Bulk, Sweet Licorice Flavor, Perfect for Fennel Tea, Cooking, Baking, Indian and Mediterranean Cuisine",
  "byline_info": "Visit the Food to Live Store",
  "product_description": "",
  "category": [
    "Grocery & Gourmet Food",
    "Pantry Staples",
    "Herbs, Spices & Seasonings",
    "Single Herbs & Spices",
    "Fennel Seed"
  ],
  "alt_images": [
    "https://m.media-amazon.com/images/I/512AP8tW7cL.jpg",
    "https://m.media-amazon.com/images/I/41zi7w6h0rL.jpg",
    "https://m.media-amazon.com/images/I/51luc9rgx-L.jpg",
    "https://m.media-amazon.com/images/I/51ri9XPAnLL.jpg",
    "https://m.media-amazon.com/images/I/516aQIDx7LL.jpg",
    "https://m.media-amazon.com/images/I/51j5y7bqt9L.jpg",
    "https://m.media-amazon.com/images/I/A1QyktbwveL.jpg"
  ],
  "product_detail": {
    "Is Discontinued By Manufacturer": "No",
    "Product Dimensions": "2 x 4 x 6 inches; 12 ounces",
    "UPC": "840374817275",
    "Manufacturer": "Food to Live",
    "ASIN": "B00078N976",
    "Units": "16.0 Ounce",
    "Best Sellers Rank": "#72,878 in Grocery & Gourmet Food (See Top 100 in Grocery & Gourmet Food) #48 in Fennel Seed",
    "#48 in Fennel Seed": "",
    "Customer Reviews": "4.5 4.5 out of 5 stars 601 ratings"
  },
  "important_information": {
    "Ingredients": "FENNEL SEEDSFENNEL SEEDS",
    "Legal Disclaimer": "Statements regarding dietary supplements have not been evaluated by the FDA and are not intended to diagnose, treat, cure, or prevent any disease or health condition.Statements regarding dietary supplements have not been evaluated by the FDA and are not intended to diagnose, treat, cure, or prevent any disease or health condition."
  },
  "rating": {
    "score": "4.5 out of 5",
    "dist": {
      "5 star": "75%",
      "4 star": "12%",
      "3 star": "6%",
      "2 star": "3%",
      "1 star": "4%"
    }
  },
  "top_comments": [
    {
      "date": "August 3, 2020",
      "title": "Tons of uses",
      "score": "5.0 out of 5 stars",
      "text": "We have many uses for fennel seeds, and bread baking is one. Fennel seed ground, along with other ingredients make a terrific bread. The seasoned bread is hearty and healthy. Fennel seeds are also great for tea's, aroma baths and many recipes to include desserts.There is a long list of uses, and this fennel seed is top quality. It is very aromatic and flavorful whether whole or ground. Do yourself something good and get some. Start looking up the health benefits as well. These are a terrific value for the price and they get 5 stars.",
      "helpfulness": "4"
    },
    {
      "date": "February 12, 2018",
      "title": "Nice! Get em !",
      "score": "5.0 out of 5 stars",
      "text": "Food to live is by far the best company I have found on Amazon to order from. They always have the best deal and best quality product. I trust them. Every time I'm looking for something of that sort I type in food to live in the search bar to save time sorting through the others. I am always happy when I find that there is a food to live version of a product. These fennel seeds are fresh and good and I use them in my French Press with other herbs to make a wonderful tea. I will soon be using them in making my own bitters such as fennel bitter. They are soothing to the stomach and have then one of the many things that have helped to wean me off of acid reducers",
      "helpfulness": "3"
    },
    {
      "date": "December 14, 2023",
      "title": "I use a LOT of Fennel",
      "score": "5.0 out of 5 stars",
      "text": "I use an INSANE amount of herbs and spices and go through about 1 - 2 lbs of fennel each year making my own Hot Italian Sausage, Italian Dried Salami and Guanciale.I grind several hundred pounds of sausage/salami per year and it had gotten cost prohibitive to purchase spices in those little glass bottles so I now have to buy all of my herbs and spices in bulk in order to not have to take a second mortgage out on my house.I bought this 5 lb bag of fennel in December, 2020 and immediately vacuum sealed half of it in plastic bags and the other half vacuum sealed in Mason jars to see if either method provided better long term storage. Each year, I open up a couple more packages/containers and each time, this fennel is just as good as it was when I purchased it back in 2020. I have a very nice storage location in my basement that is cool and out of sunlight and in a relatively well controlled environment. Neither method of storage seems to be better or worse than the other and I have been very pleased with both storage methods.I have a VERY good vacuum chamber so I get a great seal on my containers and this fennel has held up very, very good for three years. This year I nearly exhausted my supply and I will probably need to purchase again before I make sausage next year and I will definitely purchase Food to Live Fennel again in bulk.",
      "helpfulness": "3"
    },
    {
      "date": "March 11, 2019",
      "title": "Excellent brewed this way, and at low cost",
      "score": "4.0 out of 5 stars",
      "text": "1 star off for no organic certification, otherwise excellent. I know of no study that indicates this is a problem.  I did try making tea using the whole seeds, but it was not outstanding, which was also true for the best selling brand. My standard for this is 1 Tbl per cup of water.  However, once I started grinding them for about 1 second in a coffee grinder, it became too strong, and I do like it strong.  I’m now using 1/2 Tbl per cup: the flavor is better than almost any other, and fully therapeutic.  I use a stainless steel brewing funnel in a large largemouth mason jar, which I dilute a little with cold water to cool it off.  This lasts me more than one day.  The color is a little brownish green, and I do get a little sentiment, but it is so much less expensive than those gourmet tea bags (6 or 7 at a time) and just as good.",
      "helpfulness": "12"
    },
    {
      "date": "January 12, 2017",
      "title": "Nice strong fennel flavor",
      "score": "5.0 out of 5 stars",
      "text": "Nice strong fennel flavor.  Seeds seemed to be fresh. They make great fennel tea after crushing them and putting them in an empty tea filter  bag, also bought on Amazon. I have not used them yet for cooking/baking but I am sure they will do the trick,  They are a great price compared to the $4.85 for 2/3 of an ounces at my local grocery store.",
      "helpfulness": "4"
    },
    {
      "date": "October 30, 2023",
      "title": "good fennel seeds in bulk",
      "score": "5.0 out of 5 stars",
      "text": "Good product, taste fine much cheaper than those little bottles at the store.I didnt notice any foreign substances like weeds stems or bugs.",
      "helpfulness": "One"
    },
    {
      "date": "October 6, 2014",
      "title": "Great deal, can't do better than this!",
      "score": "5.0 out of 5 stars",
      "text": "My husband has Ulcerative Colitis, which is a disease affecting the colon and digestive system. After we could no longer afford medications, we went for home remedies. Fennel has been known for centuries to aid in digestion, so we decided to give 'fennel tea' a try. As of now (Oct 6) my husband has had no need for his old medications for 4 months. But the bad part was that every store near us only had organic fennel for $4. For a tiny bottle of fennel seeds. Those bottles may have been cheaper than the $380/month cost of his medication, but it was still over the top for us. We bought this 1 pound bag of fennel, and it may last us between 6 months and a year, all for $10. Now that's a good deal!!",
      "helpfulness": "23"
    },
    {
      "date": "March 20, 2020",
      "title": "I Must Of Got Caraway'd",
      "score": "3.0 out of 5 stars",
      "text": "I went looking for caraway seeds.  Irish soda bread for St Patrick's day.  Fennel seeds arrived.  I have never bought fennel seeds.  Ever.  I opened them before realizing.  I found a recipe for candied fennel seeds.  yup.so i tried the 'fennel brittle'.  outstanding!  very easy to make.  if you like licorice flavored candy, give it a try.",
      "helpfulness": "5"
    }
  ]
}